ΠΕΡΙΦΕΡΕΙΑ,ΕΚΛΟΓΙΚΟ ΤΜΗΜΑ,ΕΓΓΕΓΡΑΜΜΕΝΟΙ,ΨΗΦΙΣΑΝΤΕΣ,ΑΚΥΡΑ,ΛΕΥΚΑ,ΑΚΥΡΑ & ΛΕΥΚΑ,ΕΓΚΥΡΑ,ΣΥΡΙΖΑ,ΓΑΒΡΗΛΟΣ ΓΕΩΡΓΙΟΣ του Νικολάου,ΓΚΙΟΛΑΣ ΙΩΑΝΝΗΣ του Δημητρίου,ΚΑΡΑΣΤΑΜΑΤΗ ΜΑΡΙΑ του Στέφανου,ΝΙΚΟΛΑΡΑΚΟΣ ΠΑΝΑΓΙΩΤΗΣ του Πέτρου,ΣΚΟΥΡΤΗ ΠΑΡΑΣΚΕΥΗ (ΒΙΒΗ) του Δημητρίου,Νέα Δημοκρατία,ΑΝΔΡΙΑΝΟΣ ΙΩΑΝΝΗΣ του Σωτηρίου,ΠΑΝΑΓΙΩΤΟΠΟΥΛΟΥ ΕΛΕΝΗ του Ευαγγέλου,ΠΡΟΣΙΛΗΣ ΧΡΗΣΤΟΣ του Αντωνίου,ΡΟΜΠΟΤΗΣ ΣΠΥΡΙΔΩΝ του Βασιλείου,ΤΑΝΤΑΡΟΥ-ΚΡΙΓΓΟΥ ΘΕΟΔΟΣΙΑ (ΣΟΝΙΑ) του Δημητρίου,Λαϊκός Σύνδεσμος - Χρυσή Αυγή,ΚΑΛΑΘΑ ΔΙΟΝΥΣΙΑ του Βασιλείου,ΜΟΥΛΟΥ ΚΥΡΙΑΚΗ του Γεωργίου,ΟΥΛΗΣ ΑΝΔΡΕΑΣ του Αθανασίου,ΡΕΝΤΕΤΑΚΟΣ ΓΕΩΡΓΙΟΣ του Πέτρου,ΤΣΙΡΙΚΟΣ ΑΡΙΣΤΕΙΔΗΣ του Μιχαήλ,Κίνημα Αλλαγής,ΚΑΡΟΥΣΗ-ΤΑΣΑΙΝΑ ΣΤΑΜΑΤΙΑ του Παναγιώτη,ΜΑΝΙΑΤΗΣ ΙΩΑΝΝΗΣ του Αναστασίου,ΝΙΚΟΛΑΟΥ ΠΑΡΑΣΚΕΥΗ του Νικολάου,ΠΟΥΛΑΣ ΑΝΔΡΕΑΣ του Θεοδοσίου,ΣΤΕΦΑΝΟΥ ΙΩΑΝΝΗΣ του Μιλτιάδη,Κ.Κ.Ε.,ΑΓΓΕΛΟΥ ΑΝΑΣΤΑΣΙΟΣ του Νικολάου,ΑΝΤΩΝΙΟΥ ΑΝΑΣΤΑΣΙΟΣ του Γεωργίου,ΓΚΟΝΗΣ ΚΩΝΣΤΑΝΤΙΝΟΣ του Γεωργίου,ΚΑΛΑΪΤΖΗ ΜΑΡΙΑΝΘΗ του Αναστασίου,ΜΠΑΒΕΛΗ ΝΑΥΣΙΚΑ του Χρήστου,Ένωση Κεντρώων,ΖΕΡΒΑΣ ΓΕΩΡΓΙΟΣ του Αναστασίου,ΝΙΚΟΛΟΠΟΥΛΟΥ ΣΤΑΥΡΟΥΛΑ του Χαράλαμπου,ΝΤΟΥΒΛΗΣ ΠΑΝΑΓΙΩΤΗΣ του Ζαχαρία,Ο.Κ.Δ.Ε.,ΚΩΝΣΤΑΝΤΙΝΙΔΗΣ ΝΙΚΟΛΑΟΣ του Ιακώβου,ΑΝΤ.ΑΡ.ΣΥ.Α.,ΒΕΡΔΕ ΕΛΕΝΗ του Παναγιώτη,ΝΕΖΟΥ ΓΑΡΥΦΑΛΙΑ του Δημητρίου,ΠΑΠΑΓΕΩΡΓΙΟΥ ΔΗΜΗΤΡΙΟΣ του Αποστόλου,Ελλήνων Συνέλευσις,ΓΙΑΝΝΑΚΑΚΗΣ ΕΥΑΓΓΕΛΟΣ του Μιχαήλ,ΔΑΡΑΣ ΙΩΑΝΝΗΣ του Λουκά,ΚΑΡΑΜΑΝΟΥ ΑΙΚΑΤΕΡΙΝΗ του Αναστασίου,ΚΑΡΑΜΠΗ ΙΩΑΝΝΑ του Δημητρίου,ΚΩΤΣΙΟΠΟΥΛΟΣ ΒΑΣΙΛΕΙΟΣ του Δημητρίου,Ελληνική Λύση - Κ. Βελόπουλος,ΛΥΜΝΙΑΤΗΣ ΣΠΥΡΙΔΩΝ του Νικολάου,ΣΑΛΑΠΑΤΑΣ ΔΗΜΗΤΡΙΟΣ του Λεωνίδα,ΤΣΑΠΡΑΛΗ ΓΕΩΡΓΙΑ του Αθανασίου,Κ.Κ.Ε. (μ-λ),ΜΑΥΡΟΓΙΑΝΝΗΣ ΣΕΡΓΙΟΣ του Ιωάννη,Μ-Λ Κ.Κ.Ε.,ΣΑΛΑΠΑΤΑΣ ΛΕΩΝΙΔΑΣ του Ανδρέα,Ε.ΠΑ.Μ - Α.Κ.Κ.ΕΛ,ΚΑΛΟΓΕΡΟΠΟΥΛΟΣ ΠΕΤΡΟΣ του Παύλου,ΚΑΣΙΔΗ ΑΓΓΕΛΙΚΗ του Ευθυμίου,ΚΟΥΤΡΑ-ΞΥΛΙΝΑ ΜΑΡΙΝΑ του Θεοδώρου,ΠΑΤΡΙΝΟΣ ΧΑΡΑΛΑΜΠΟΣ του Νικολάου,Λαϊκή Ενότητα,ΒΑΣΙΛΕΙΟΥ ΔΗΜΗΤΡΙΟΣ του Σπήλιου,ΚΑΨΟΥΡΟΣ ΓΕΩΡΓΙΟΣ του Λεωνίδα,ΚΥΡΙΑΚΟΥ ΕΥΣΤΑΘΙΑ του Γεωργίου,ΜΙΧΑΛΟΠΟΥΛΟΣ ΙΩΑΝΝΗΣ του Διαμαντή,ΤΖΩΡΤΖΗ ΕΥΓΕΝΙΑ του Νικολάου,ΜέΡΑ25,ΓΕΩΡΓΟΠΟΥΛΟΣ - ΖΟΥΤΑΣ ΔΗΜΗΤΡΙΟΣ του Ανδριανού,ΛΑΜΠΡΟΥ ΔΗΜΗΤΡΙΟΣ του Αναστασίου,ΟΙΚΟΝΟΜΟΠΟΥΛΟΥ ΚΡΙΝΙΩ του Παναγιώτη,Δημιουργία ξανά - Θ. Τζήμερος,ΓΥΑΛΙΣΤΡΑ ΑΛΕΞΑΝΔΡΑ του Διονυσίου,ΚΑΛΥΒΑΣ ΚΥΡΙΑΚΟΣ του Αθανασίου,ΚΟΡΙΛΗΣ ΔΗΜΗΤΡΙΟΣ του Κωνσταντίνου,Πλεύση Ελευθερίας - Ζωή Κωνστ.,ΠΑΝΑΓΙΩΤΑΚΟΠΟΥΛΟΣ ΙΩΑΝΝΗΣ του Περικλή
44 - Αργολίδος,1 E.T. Δήμου Άργους - Μυκηνών,56,11,0,0,0,11,0,0,0,0,0,0,8,3,0,0,0,5,0,0,0,0,0,0,2,0,2,0,0,0,0,0,0,0,0,0,0,0,0,0,0,0,0,0,0,0,0,0,0,0,0,0,1,0,1,0,0,0,0,0,0,0,0,0,0,0,0,0,0,0,0,0,0,0,0,0,0,0,0,0,0
44 - Αργολίδος,2 E.T. Δήμου Άργους - Μυκηνών,93,31,0,0,0,31,6,2,3,0,0,1,16,16,0,0,0,0,1,1,0,0,0,0,8,0,4,0,0,2,0,0,0,0,0,0,0,0,0,0,0,0,0,0,0,0,0,0,0,0,0,0,0,0,0,0,0,0,0,0,0,0,0,0,0,0,0,0,0,0,0,0,0,0,0,0,0,0,0,0,0
44 - Αργολίδος,3 E.T. Δήμου Άργους - Μυκηνών,192,67,1,0,1,66,14,5,0,2,1,2,43,17,8,0,7,8,2,1,0,0,0,1,6,0,5,0,0,1,0,0,0,0,0,0,0,0,0,0,0,0,0,0,0,0,0,0,0,0,0,0,0,0,0,0,0,0,0,0,0,0,0,0,0,0,0,0,0,0,0,1,0,1,0,0,0,0,0,0,0
44 - Αργολίδος,4 E.T. Δήμου Άργους - Μυκηνών,360,73,1,0,1,72,4,0,3,1,0,0,32,15,8,0,1,6,6,0,0,1,0,4,23,0,16,0,5,1,3,0,0,1,0,0,0,0,0,0,0,0,0,0,0,0,0,0,0,0,0,0,1,1,0,0,0,0,0,0,0,0,0,0,0,0,0,0,0,0,0,3,0,0,3,0,0,0,0,0,0
44 - Αργολίδος,5 E.T. Δήμου Άργους - Μυκηνών,335,119,0,3,3,116,29,2,9,2,2,1,51,17,18,0,3,6,1,0,1,0,0,0,21,1,8,4,7,0,2,0,0,1,0,0,4,0,0,0,0,0,0,0,0,0,0,0,0,0,0,0,6,2,2,1,0,0,0,0,1,1,0,0,0,0,0,0,0,0,0,1,0,0,0,0,0,0,0,0,0
44 - Αργολίδος,6 E.T. Δήμου Άργους - Μυκηνών,282,97,1,1,2,95,23,6,2,0,1,4,44,29,7,0,3,5,1,0,0,0,0,0,20,1,3,7,8,1,1,0,0,0,0,1,0,0,0,0,0,0,0,0,0,0,0,0,0,0,0,0,3,0,1,0,0,0,0,0,0,0,0,0,0,0,0,0,0,0,0,2,0,0,1,0,0,0,0,1,1
44 - Αργολίδος,7 E.T. Δήμου Άργους - Μυκηνών,157,78,1,0,1,77,13,1,0,0,2,1,33,5,11,2,0,13,6,1,0,5,0,0,14,0,0,0,12,1,0,0,0,0,0,0,2,0,0,0,0,0,0,0,0,0,0,0,0,0,0,0,4,1,1,2,0,0,0,0,0,0,0,0,0,0,0,0,0,0,0,1,0,0,0,0,0,0,0,4,3
44 - Αργολίδος,8 E.T. Δήμου Άργους - Μυκηνών,510,313,8,1,9,304,89,11,16,3,36,2,107,34,32,1,6,30,16,2,0,6,2,1,43,0,20,1,17,3,9,1,1,1,1,2,3,1,0,0,0,0,4,0,1,0,0,0,0,0,0,0,6,2,1,0,0,0,1,0,2,1,1,0,0,3,0,1,0,0,0,13,4,2,2,2,0,0,0,6,0
44 - Αργολίδος,9 E.T. Δήμου Άργους - Μυκηνών,494,313,8,1,9,304,97,20,14,5,24,6,114,30,42,0,3,28,8,0,1,2,1,0,42,0,19,0,17,5,10,2,0,5,0,3,1,0,1,0,0,0,0,0,0,0,6,1,0,0,0,5,7,2,4,0,0,0,1,0,2,0,0,0,0,0,0,0,0,0,0,9,2,0,2,4,0,1,2,3,3
44 - Αργολίδος,10 E.T. Δήμου Άργους - Μυκηνών,500,315,2,3,5,310,60,17,7,0,16,5,169,46,70,0,4,38,3,1,0,0,0,0,53,2,18,4,19,5,3,0,0,2,0,0,3,0,2,0,0,0,0,0,0,0,1,0,0,0,0,1,6,3,0,2,0,0,1,1,0,0,0,0,0,0,0,0,0,0,0,7,2,0,2,2,1,1,0,2,1
44 - Αργολίδος,11 E.T. Δήμου Άργους - Μυκηνών,495,301,2,3,5,296,80,10,17,3,27,3,129,36,43,1,1,38,8,0,1,4,0,0,35,3,16,1,12,3,14,2,1,2,0,4,0,0,0,0,0,0,0,0,0,0,1,0,0,0,0,1,12,0,10,0,0,0,0,0,0,0,0,0,0,0,0,0,0,0,0,13,5,1,2,1,0,0,0,3,2
44 - Αργολίδος,12 E.T. Δήμου Άργους - Μυκηνών,500,309,1,4,5,304,91,14,14,4,30,2,131,41,43,0,3,34,9,2,1,3,0,0,36,1,17,0,12,4,9,0,0,0,4,2,1,1,0,0,0,0,1,0,0,0,1,0,0,0,0,1,13,6,4,2,0,0,0,0,1,0,0,1,0,0,0,0,0,0,0,6,1,1,1,2,1,1,0,3,1
44 - Αργολίδος,13 E.T. Δήμου Άργους - Μυκηνών,488,300,8,0,8,292,86,24,24,6,17,4,130,34,43,2,5,35,8,1,0,4,0,0,36,0,13,0,18,2,5,1,0,1,0,1,6,2,2,0,0,0,1,0,1,0,1,0,0,0,0,0,8,2,5,1,0,0,0,0,0,0,0,0,0,1,0,0,0,0,0,8,2,2,2,1,1,0,0,1,1
44 - Αργολίδος,14 E.T. Δήμου Άργους - Μυκηνών,474,291,4,2,6,285,98,14,6,5,30,6,111,39,36,0,2,22,5,1,1,2,1,0,26,1,7,1,14,2,9,2,0,2,3,0,7,0,3,0,1,0,0,0,0,0,0,0,0,0,0,0,12,2,6,1,1,0,1,0,0,0,0,0,0,2,0,1,0,1,0,5,1,1,0,1,0,1,0,6,3
44 - Αργολίδος,15 E.T. Δήμου Άργους - Μυκηνών,473,300,4,2,6,294,73,7,14,1,30,3,116,27,45,1,6,31,9,1,0,4,1,1,47,0,27,0,11,7,15,2,1,4,0,0,2,1,1,0,0,0,1,0,0,0,2,0,0,0,1,1,19,3,15,0,0,0,0,0,0,0,0,0,0,0,0,0,0,0,0,8,1,2,2,0,0,0,0,2,1
44 - Αργολίδος,16 E.T. Δήμου Άργους - Μυκηνών,473,297,3,2,5,292,69,14,18,3,28,3,119,36,50,0,2,24,8,1,0,2,1,0,47,0,16,1,9,4,12,2,0,3,0,0,2,0,2,0,0,0,1,0,0,0,2,0,0,2,0,0,10,0,5,1,2,1,0,0,4,2,1,0,0,0,0,0,0,0,0,9,1,1,0,3,1,0,0,4,2
44 - Αργολίδος,17 E.T. Δήμου Άργους - Μυκηνών,471,297,4,2,6,291,81,13,19,4,30,2,133,33,47,1,2,42,4,1,0,0,0,1,33,2,14,0,15,2,8,1,1,1,1,2,4,1,3,0,0,0,0,0,0,0,6,0,0,0,0,0,8,1,0,1,0,0,0,0,2,2,0,0,0,0,0,0,0,0,0,8,2,3,1,1,1,0,0,3,3
44 - Αργολίδος,18 E.T. Δήμου Άργους - Μυκηνών,489,275,3,2,5,270,61,16,18,3,19,0,117,30,56,0,4,21,11,1,0,6,1,0,35,0,18,0,11,5,9,1,0,3,1,0,3,1,2,0,0,0,1,0,0,0,3,1,0,0,0,2,11,3,4,1,0,0,1,1,1,0,0,0,0,0,0,0,0,0,0,7,1,2,0,0,0,0,0,10,7
44 - Αργολίδος,19 E.T. Δήμου Άργους - Μυκηνών,459,289,3,2,5,284,62,5,12,2,21,1,127,28,54,0,3,26,8,1,0,3,0,1,35,0,14,0,18,2,20,2,2,7,0,1,4,2,1,0,0,0,0,0,0,0,4,0,0,0,0,4,11,1,7,0,1,1,0,0,1,1,0,0,0,0,0,0,0,0,0,6,3,0,0,2,0,1,0,3,1
44 - Αργολίδος,20 E.T. Δήμου Άργους - Μυκηνών,441,260,5,5,10,250,82,14,20,1,28,3,99,28,36,1,3,23,9,2,1,3,0,2,31,2,13,1,14,0,4,1,0,2,0,1,3,0,2,0,0,0,0,0,0,0,0,0,0,0,0,0,9,1,5,0,0,0,1,1,1,0,0,0,0,2,0,0,0,1,0,7,2,1,1,0,0,0,0,2,0
44 - Αργολίδος,21 E.T. Δήμου Άργους - Μυκηνών,495,287,6,3,9,278,73,12,19,2,21,4,141,43,59,0,6,23,5,1,0,2,1,0,20,0,12,0,6,2,8,1,0,0,1,2,2,0,2,0,0,0,0,0,0,0,2,0,0,0,0,2,9,2,2,1,1,1,1,0,2,0,0,1,0,0,0,0,0,0,0,9,1,1,1,1,0,0,0,4,2
44 - Αργολίδος,22 E.T. Δήμου Άργους - Μυκηνών,462,282,3,3,6,276,78,11,18,5,25,3,116,43,41,0,0,25,7,0,0,2,3,1,35,2,11,1,16,3,12,2,1,2,1,1,1,0,1,0,0,0,0,0,0,0,1,0,0,0,0,1,7,1,2,2,1,1,0,0,2,0,0,0,0,1,1,0,0,0,0,10,4,1,1,2,0,1,0,3,2
44 - Αργολίδος,23 E.T. Δήμου Άργους - Μυκηνών,415,267,1,1,2,265,78,19,20,2,27,2,109,30,49,0,2,24,9,1,1,5,1,1,31,3,12,3,10,3,6,0,0,2,0,1,3,0,3,0,0,0,1,1,0,0,0,0,0,0,0,0,12,4,5,1,0,0,1,1,0,0,0,0,0,1,0,0,0,0,0,9,4,1,2,3,0,1,1,2,2
44 - Αργολίδος,24 E.T. Δήμου Άργους - Μυκηνών,551,358,3,0,3,355,101,15,22,6,32,6,145,51,43,2,5,33,4,1,1,1,0,0,51,0,22,2,24,2,10,1,0,1,1,2,3,1,0,0,0,0,1,0,0,0,0,0,0,0,0,0,11,4,5,0,0,0,3,0,0,0,0,0,0,0,0,0,0,0,0,18,3,4,6,2,1,0,1,6,4
44 - Αργολίδος,25 E.T. Δήμου Άργους - Μυκηνών,554,315,5,0,5,310,75,5,14,4,32,2,153,43,55,1,4,44,7,0,0,4,1,0,29,0,15,0,11,3,7,2,0,1,0,2,2,1,1,0,0,0,0,0,0,0,1,0,0,0,0,1,9,3,4,1,0,0,0,0,1,0,0,0,0,1,0,0,0,0,0,10,2,0,2,6,2,2,0,9,8
44 - Αργολίδος,26 E.T. Δήμου Άργους - Μυκηνών,548,337,7,0,7,330,98,14,22,0,43,5,146,36,61,1,6,38,7,1,0,3,0,1,38,0,26,0,9,2,3,0,0,0,1,0,1,0,0,0,0,0,1,0,1,0,2,1,0,0,0,1,17,1,8,5,0,0,3,1,0,0,0,0,0,0,0,0,0,0,0,10,5,0,0,2,2,0,0,2,1
44 - Αργολίδος,27 E.T. Δήμου Άργους - Μυκηνών,546,350,4,3,7,343,95,18,21,1,32,5,153,41,57,3,7,41,6,0,0,3,1,0,49,2,20,2,17,7,6,1,0,3,1,1,1,1,0,0,0,0,1,0,0,0,2,0,0,0,0,2,10,0,9,0,0,0,0,0,0,0,0,0,0,1,0,0,0,1,0,11,3,0,2,0,0,0,0,8,6
44 - Αργολίδος,28 E.T. Δήμου Άργους - Μυκηνών,554,320,4,2,6,314,81,16,15,5,16,5,152,52,45,0,6,38,4,0,0,1,1,1,39,1,15,0,16,4,8,1,1,1,0,5,3,1,0,0,0,0,0,0,0,0,2,0,1,0,0,1,5,1,0,0,0,0,1,0,0,0,0,0,0,0,0,0,0,0,0,13,2,0,4,4,0,0,0,2,2
44 - Αργολίδος,29 E.T. Δήμου Άργους - Μυκηνών,555,309,1,2,3,306,82,17,13,2,33,1,139,47,43,0,4,35,8,1,0,5,1,0,37,1,23,0,10,3,4,0,0,0,0,2,0,0,0,0,0,0,0,0,0,0,1,0,1,0,0,0,10,0,4,1,2,1,0,0,1,0,0,0,1,1,0,0,0,0,0,11,0,4,3,4,0,1,0,6,3
44 - Αργολίδος,30 E.T. Δήμου Άργους - Μυκηνών,554,315,8,3,11,304,46,9,11,2,18,1,153,34,66,0,7,41,12,2,0,3,2,2,45,0,25,0,18,1,12,0,0,3,3,3,4,1,2,0,1,1,0,0,0,0,0,0,0,0,0,0,14,6,2,3,0,0,0,0,1,0,0,0,0,0,0,0,0,0,0,9,1,0,1,5,1,4,0,2,2
44 - Αργολίδος,31 E.T. Δήμου Άργους - Μυκηνών,538,316,4,0,4,312,84,11,20,2,24,5,140,44,47,0,8,37,10,1,0,4,0,0,34,0,7,7,12,3,7,0,1,3,0,2,5,1,1,0,0,0,1,0,0,0,1,0,0,0,0,0,13,0,7,2,0,0,0,0,4,2,0,0,0,1,0,0,0,1,0,8,3,1,3,1,0,0,0,3,0
44 - Αργολίδος,32 E.T. Δήμου Άργους - Μυκηνών,536,322,9,1,10,312,89,12,23,2,36,3,131,36,41,3,2,42,5,0,1,1,0,0,47,0,22,0,16,7,9,0,0,2,4,1,3,1,0,1,0,0,0,0,0,0,1,0,1,0,0,0,10,2,4,0,1,1,0,0,3,1,0,1,0,0,0,0,0,0,0,10,2,1,0,2,2,0,0,1,1
44 - Αργολίδος,33 E.T. Δήμου Άργους - Μυκηνών,537,291,2,1,3,288,76,13,24,6,22,7,129,40,33,0,3,44,7,0,0,5,0,1,34,1,17,1,12,3,7,2,0,0,2,0,2,0,2,0,0,0,0,0,0,0,0,0,0,0,0,0,16,5,6,4,0,0,0,0,4,0,1,0,2,1,0,0,0,1,0,6,0,1,4,3,1,1,0,3,3
44 - Αργολίδος,34 E.T. Δήμου Άργους - Μυκηνών,544,332,9,2,11,321,94,12,23,5,37,2,134,36,46,0,10,32,10,0,0,5,0,0,32,0,16,0,14,0,11,1,1,0,0,3,1,0,1,0,0,0,1,0,0,0,0,0,0,0,0,0,14,2,7,1,2,2,0,0,1,1,0,0,0,0,0,0,0,0,0,14,4,1,3,1,0,0,0,6,6
44 - Αργολίδος,35 E.T. Δήμου Άργους - Μυκηνών,547,311,3,2,5,306,76,16,16,5,29,6,148,46,49,0,2,45,6,0,0,2,0,0,45,2,24,2,13,4,4,0,0,0,2,1,3,1,2,0,0,0,2,1,0,0,0,0,0,0,0,0,11,3,5,0,0,0,1,0,0,0,0,0,0,0,0,0,0,0,0,6,2,0,1,1,0,0,1,3,3
44 - Αργολίδος,36 E.T. Δήμου Άργους - Μυκηνών,544,329,4,2,6,323,74,17,21,3,22,2,161,46,62,0,2,40,7,1,0,2,1,0,36,0,15,3,13,0,16,2,1,1,3,3,6,1,3,0,0,0,0,0,0,0,1,0,0,1,0,0,10,0,4,1,1,0,0,0,1,1,0,0,0,1,0,0,0,0,0,6,1,2,0,1,0,0,1,2,2
44 - Αργολίδος,37 E.T. Δήμου Άργους - Μυκηνών,538,294,6,6,12,282,70,13,5,8,19,9,135,43,40,0,12,35,3,0,0,3,0,0,36,0,24,0,8,3,8,1,0,2,1,2,1,0,0,1,0,0,2,0,1,0,0,0,0,0,0,0,12,4,1,2,0,0,3,3,1,0,0,0,0,0,0,0,0,0,0,7,1,2,3,1,0,0,0,3,1
44 - Αργολίδος,38 E.T. Δήμου Άργους - Μυκηνών,552,296,3,2,5,291,79,17,21,0,18,5,123,49,19,1,1,47,9,1,1,5,1,0,29,1,10,3,13,1,7,1,0,0,2,2,4,0,4,0,0,0,2,0,0,0,0,0,0,0,0,0,14,0,7,0,0,0,0,0,0,0,0,0,0,0,0,0,0,0,0,16,4,1,5,2,0,1,0,6,3
44 - Αργολίδος,39 E.T. Δήμου Άργους - Μυκηνών,554,337,6,3,9,328,70,14,16,4,17,3,151,52,45,0,1,40,9,0,1,5,0,1,35,1,13,0,15,1,15,2,2,6,0,2,6,0,4,1,0,0,0,0,0,0,1,0,0,0,0,1,18,5,5,3,0,0,0,0,2,1,0,0,0,0,0,0,0,0,0,13,1,1,3,4,0,1,2,4,3
44 - Αργολίδος,40 E.T. Δήμου Άργους - Μυκηνών,552,339,4,2,6,333,95,22,15,4,33,8,122,33,53,0,1,30,11,2,0,5,0,0,47,0,22,1,19,4,7,0,0,2,1,3,1,0,0,0,0,0,3,0,0,0,1,0,0,0,0,1,15,4,6,3,1,1,0,0,5,0,0,1,0,1,0,0,0,0,0,19,4,2,6,3,0,1,1,2,1
44 - Αργολίδος,41 E.T. Δήμου Άργους - Μυκηνών,559,355,3,2,5,350,88,12,25,4,24,0,143,32,57,0,4,39,12,5,0,4,0,0,50,1,18,2,22,5,10,1,2,2,1,1,7,1,5,0,0,0,1,0,0,0,2,1,1,0,0,0,21,6,6,4,0,0,0,0,2,0,0,1,0,1,0,0,0,0,0,7,0,1,3,3,0,2,0,3,1
44 - Αργολίδος,42 E.T. Δήμου Άργους - Μυκηνών,567,321,5,0,5,316,105,21,24,4,34,6,113,33,34,1,7,32,7,0,0,3,0,1,37,0,18,4,12,2,11,1,0,1,2,5,6,2,2,0,0,0,1,1,0,0,0,0,0,0,0,0,15,2,6,0,0,0,1,1,3,1,0,1,1,1,0,0,0,0,0,9,4,1,0,1,1,0,0,6,3
44 - Αργολίδος,43 E.T. Δήμου Άργους - Μυκηνών,548,337,3,2,5,332,96,18,15,5,35,4,144,45,43,2,3,48,5,0,0,4,1,0,43,0,19,1,17,5,10,0,0,2,0,2,1,0,1,0,0,0,0,0,0,0,3,1,0,0,1,1,12,0,8,2,0,0,1,1,0,0,0,0,0,0,0,0,0,0,0,12,4,4,2,1,0,0,1,4,2
44 - Αργολίδος,44 E.T. Δήμου Άργους - Μυκηνών,556,303,4,2,6,297,79,14,13,5,19,6,133,41,47,0,6,27,7,1,1,1,1,0,36,0,28,1,6,0,6,0,0,1,0,1,4,1,1,0,0,0,2,2,0,0,2,0,0,1,0,1,12,3,6,2,0,0,0,0,1,0,0,0,0,0,0,0,0,0,0,12,3,1,3,1,0,1,0,2,1
44 - Αργολίδος,45 E.T. Δήμου Άργους - Μυκηνών,532,291,3,1,4,287,73,11,12,3,30,2,137,28,58,3,10,30,8,0,1,5,0,1,28,1,15,0,7,3,7,1,0,2,2,1,3,0,1,0,0,0,1,0,0,0,0,0,0,0,0,0,11,7,3,0,0,0,0,0,0,0,0,0,0,0,0,0,0,0,0,15,2,4,4,2,0,0,0,2,2
44 - Αργολίδος,46 E.T. Δήμου Άργους - Μυκηνών,368,239,1,2,3,236,55,12,20,0,10,4,120,40,47,0,6,19,10,1,0,4,3,0,27,0,12,0,12,3,2,0,0,1,0,0,1,1,0,0,0,0,0,0,0,0,0,0,0,0,0,0,6,1,4,0,0,0,0,0,1,0,0,0,0,1,0,0,0,0,0,7,3,2,1,1,0,1,0,5,2
44 - Αργολίδος,47 E.T. Δήμου Άργους - Μυκηνών,384,245,2,4,6,239,65,8,15,4,14,4,97,41,29,1,2,14,3,0,0,2,0,0,45,1,17,0,21,5,9,0,1,4,0,1,2,0,0,0,0,0,0,0,0,0,1,1,0,0,0,0,10,3,4,0,0,0,0,0,0,0,0,0,0,0,0,0,0,0,0,4,1,0,1,1,0,1,0,2,1
44 - Αργολίδος,48 E.T. Δήμου Άργους - Μυκηνών,346,183,0,0,0,183,50,10,11,3,15,3,79,25,15,0,4,30,5,1,0,1,0,0,22,1,11,0,6,4,6,1,0,0,0,1,4,1,3,0,1,1,0,0,0,0,0,0,0,0,0,0,12,6,6,0,0,0,0,0,1,0,0,0,0,0,0,0,0,0,0,2,0,0,0,0,0,0,0,1,0
44 - Αργολίδος,49 E.T. Δήμου Άργους - Μυκηνών,316,156,4,0,4,152,30,3,7,1,13,0,81,19,17,1,6,31,4,0,0,0,0,0,26,4,18,2,1,1,1,0,0,0,0,1,1,0,1,0,0,0,0,0,0,0,1,0,1,0,0,0,6,2,0,2,0,0,0,0,0,0,0,0,0,0,0,0,0,0,0,0,0,0,0,0,0,0,0,2,2
44 - Αργολίδος,50 E.T. Δήμου Άργους - Μυκηνών,410,288,2,5,7,281,57,10,13,2,13,2,147,69,36,1,4,23,3,0,0,3,0,0,43,0,16,0,22,5,5,0,0,1,0,1,3,0,2,0,0,0,0,0,0,0,1,0,1,0,0,0,10,3,4,0,0,0,0,0,0,0,0,0,0,0,0,0,0,0,0,8,0,1,1,2,0,0,0,2,1
44 - Αργολίδος,51 E.T. Δήμου Άργους - Μυκηνών,424,295,1,1,2,293,47,7,15,2,10,1,149,42,35,3,12,45,5,0,2,2,0,0,45,0,15,2,18,9,7,1,1,0,0,1,0,0,0,0,0,0,3,1,2,0,1,0,0,0,0,1,15,7,3,1,0,0,0,0,0,0,0,0,0,0,0,0,0,0,0,15,0,2,2,1,0,0,0,5,3
44 - Αργολίδος,52 E.T. Δήμου Άργους - Μυκηνών,425,293,3,1,4,289,65,12,10,2,22,1,133,55,20,2,1,48,15,0,0,9,0,0,34,1,7,3,18,0,10,0,1,2,3,3,0,0,0,0,0,0,2,1,0,0,1,0,0,0,0,1,12,6,1,1,0,0,2,2,1,0,0,0,0,0,0,0,0,0,0,5,1,2,2,3,0,1,0,6,3
44 - Αργολίδος,53 E.T. Δήμου Άργους - Μυκηνών,326,218,5,1,6,212,48,10,6,1,16,2,92,23,28,1,8,29,11,1,0,6,3,0,35,0,14,0,14,4,8,2,1,1,1,0,1,0,0,0,0,0,0,0,0,0,1,0,0,1,0,0,3,2,0,0,1,1,0,0,1,0,1,0,0,0,0,0,0,0,0,6,2,1,0,2,1,0,0,3,2
44 - Αργολίδος,54 E.T. Δήμου Άργους - Μυκηνών,323,233,2,0,2,231,53,3,15,2,18,2,112,33,35,0,2,32,8,1,1,2,0,0,33,0,11,0,18,2,5,1,0,0,0,1,0,0,0,0,1,1,2,0,0,0,1,0,0,0,0,0,9,0,5,1,0,0,0,0,2,0,0,1,0,0,0,0,0,0,0,5,0,0,0,0,0,0,0,0,0
44 - Αργολίδος,55 E.T. Δήμου Άργους - Μυκηνών,316,225,1,1,2,223,65,5,24,3,26,2,82,13,38,0,4,21,3,0,0,2,0,1,37,0,12,0,19,6,20,5,2,2,0,2,1,0,1,0,0,0,0,0,0,0,1,0,0,0,0,0,5,1,3,0,0,0,0,0,0,0,0,0,0,0,0,0,0,0,0,6,4,0,0,1,0,0,0,2,1
44 - Αργολίδος,56 E.T. Δήμου Άργους - Μυκηνών,472,301,5,2,7,294,64,14,17,2,17,1,131,46,42,1,13,14,10,1,1,7,0,0,61,0,12,14,27,6,2,0,0,0,0,1,1,0,0,0,0,0,1,1,0,0,2,2,0,0,0,0,13,2,6,3,0,0,0,0,1,0,0,0,0,2,0,0,0,1,0,3,1,0,1,0,0,0,0,3,0
44 - Αργολίδος,57 E.T. Δήμου Άργους - Μυκηνών,440,251,6,3,9,242,52,5,11,1,20,1,102,29,46,1,5,14,4,0,0,0,0,1,33,0,5,1,22,4,9,0,0,3,0,3,0,0,0,0,0,0,0,0,0,0,0,0,0,0,0,0,16,5,3,5,0,0,0,0,0,0,0,0,0,0,0,0,0,0,0,17,2,3,4,0,0,1,0,9,2
44 - Αργολίδος,58 E.T. Δήμου Άργους - Μυκηνών,557,191,2,3,5,186,34,10,3,0,7,0,116,53,17,2,1,42,6,0,0,3,1,0,13,0,10,0,2,0,5,0,0,0,0,0,0,0,0,0,0,0,0,0,0,0,0,0,0,0,0,0,8,3,3,2,1,1,0,0,0,0,0,0,0,0,0,0,0,0,0,3,0,1,0,0,0,0,0,0,0
44 - Αργολίδος,59 E.T. Δήμου Άργους - Μυκηνών,551,181,3,0,3,178,35,5,12,3,8,1,88,33,9,0,8,30,7,1,0,4,0,1,31,0,24,1,5,1,6,2,0,1,0,2,4,1,1,0,0,0,2,0,0,0,0,0,0,0,0,0,1,0,1,0,0,0,0,0,1,1,0,0,0,0,0,0,0,0,0,2,1,0,0,0,0,0,0,1,0
44 - Αργολίδος,60 E.T. Δήμου Άργους - Μυκηνών,52,33,0,0,0,33,5,0,2,0,2,0,15,4,3,0,0,8,2,1,0,0,0,0,10,0,5,0,0,4,0,0,0,0,0,0,0,0,0,0,0,0,0,0,0,0,0,0,0,0,0,0,0,0,0,0,0,0,0,0,0,0,0,0,0,0,0,0,0,0,0,0,0,0,0,0,0,0,0,1,1
44 - Αργολίδος,61 E.T. Δήμου Άργους - Μυκηνών,450,304,3,0,3,301,36,11,6,0,6,2,181,61,53,2,2,60,6,1,1,1,1,2,53,2,29,0,10,10,2,0,1,0,0,1,1,1,0,0,0,0,0,0,0,0,2,0,0,0,0,1,6,0,2,2,0,0,0,0,0,0,0,0,0,4,1,0,0,1,0,8,1,3,0,1,1,0,0,1,0
44 - Αργολίδος,62 E.T. Δήμου Άργους - Μυκηνών,466,301,1,1,2,299,52,20,10,3,4,3,141,47,32,2,1,50,19,3,1,5,1,0,43,4,10,0,17,11,6,1,0,2,1,1,3,0,2,0,0,0,0,0,0,0,1,1,0,0,0,0,12,6,3,2,0,0,0,0,3,0,0,0,1,1,1,0,0,0,0,14,2,3,1,2,0,0,0,2,2
44 - Αργολίδος,63 E.T. Δήμου Άργους - Μυκηνών,530,366,2,3,5,361,67,10,13,5,9,4,195,56,37,2,17,71,10,1,1,2,1,0,50,11,21,0,10,4,3,2,0,1,0,0,0,0,0,0,0,0,0,0,0,0,3,0,2,0,0,0,16,8,4,1,0,0,0,0,0,0,0,0,0,1,1,0,0,0,0,10,2,1,2,3,0,0,0,3,0
44 - Αργολίδος,64 E.T. Δήμου Άργους - Μυκηνών,452,306,1,4,5,301,40,7,15,2,4,1,151,61,26,0,5,54,13,2,0,6,2,0,51,7,16,2,23,1,9,1,0,2,0,2,2,1,0,0,0,0,6,1,5,0,2,0,0,0,0,2,12,7,1,3,0,0,0,0,1,0,0,0,0,1,0,0,1,0,0,8,4,0,1,2,0,0,0,3,1
44 - Αργολίδος,65 E.T. Δήμου Άργους - Μυκηνών,464,332,3,2,5,327,61,8,15,5,8,5,159,59,37,0,5,44,10,1,2,3,2,0,42,18,13,0,9,1,5,0,0,1,0,0,1,0,0,0,0,0,2,0,2,0,3,0,2,1,0,0,19,6,1,0,0,0,0,0,1,0,0,0,0,0,0,0,0,0,0,14,0,2,2,6,0,4,1,4,3
44 - Αργολίδος,66 E.T. Δήμου Άργους - Μυκηνών,321,182,2,0,2,180,64,4,23,1,22,0,67,28,17,0,2,19,1,0,0,0,0,0,31,0,10,1,18,1,0,0,0,0,0,0,1,0,0,0,0,0,0,0,0,0,0,0,0,0,0,0,6,1,2,0,0,0,0,0,2,0,0,0,0,0,0,0,0,0,0,5,2,1,1,1,1,0,0,2,1
44 - Αργολίδος,67 E.T. Δήμου Άργους - Μυκηνών,320,160,3,1,4,156,42,5,8,4,12,2,62,22,26,0,1,11,3,0,0,2,0,1,29,0,16,0,10,3,1,0,0,0,0,1,1,1,0,0,0,0,0,0,0,0,1,0,0,0,0,1,3,0,1,2,0,0,0,0,1,0,1,0,0,0,0,0,0,0,0,8,2,2,3,0,0,0,0,5,5
44 - Αργολίδος,68 E.T. Δήμου Άργους - Μυκηνών,471,279,2,3,5,274,56,17,13,1,8,4,162,56,41,0,3,49,2,0,1,1,0,0,35,1,11,0,19,2,6,0,1,3,0,1,0,0,0,0,0,0,0,0,0,0,0,0,0,0,0,0,5,3,1,0,0,0,0,0,0,0,0,0,0,1,1,0,0,0,0,4,0,3,1,1,0,0,0,2,2
44 - Αργολίδος,69 E.T. Δήμου Άργους - Μυκηνών,88,37,0,0,0,37,7,2,1,0,1,2,15,8,0,0,0,7,0,0,0,0,0,0,8,0,3,1,3,0,1,0,0,0,0,1,1,1,0,0,0,0,1,1,0,0,0,0,0,0,0,0,0,0,0,0,0,0,0,0,0,0,0,0,0,0,0,0,0,0,0,3,0,0,2,0,0,0,0,1,0
44 - Αργολίδος,70 E.T. Δήμου Άργους - Μυκηνών,473,326,1,3,4,322,50,18,11,1,1,1,131,23,14,0,10,81,3,0,0,0,0,0,92,1,44,1,35,7,18,0,0,1,14,0,3,0,0,0,0,0,0,0,0,0,0,0,0,0,0,0,9,2,5,0,0,0,0,0,0,0,0,0,0,2,0,2,0,0,0,9,3,2,0,2,0,0,0,3,2
44 - Αργολίδος,71 E.T. Δήμου Άργους - Μυκηνών,492,351,7,1,8,343,81,30,14,3,8,3,154,25,11,1,15,97,4,2,0,0,0,1,70,4,26,0,34,3,15,2,0,0,10,0,2,1,0,0,0,0,0,0,0,0,1,0,0,0,0,1,5,0,4,1,0,0,0,0,1,0,1,0,0,2,0,1,0,1,0,4,2,0,0,2,0,1,0,2,1
44 - Αργολίδος,72 E.T. Δήμου Άργους - Μυκηνών,100,65,0,0,0,65,15,10,3,1,1,0,36,7,4,0,1,22,2,0,1,1,0,0,5,0,4,0,1,0,0,0,0,0,0,0,3,0,2,0,0,0,1,0,0,0,0,0,0,0,0,0,2,0,1,1,0,0,0,0,0,0,0,0,0,1,1,0,0,0,0,0,0,0,0,0,0,0,0,0,0
44 - Αργολίδος,73 E.T. Δήμου Άργους - Μυκηνών,573,369,5,0,5,364,85,27,19,2,20,3,168,41,44,0,15,52,14,0,0,13,0,0,61,6,23,1,18,8,11,0,1,3,4,1,1,0,1,0,0,0,0,0,0,0,0,0,0,0,0,0,9,2,5,0,0,0,0,0,3,1,1,0,0,0,0,0,0,0,0,6,1,1,1,2,0,0,0,4,2
44 - Αργολίδος,74 E.T. Δήμου Άργους - Μυκηνών,156,118,1,0,1,117,12,3,4,0,0,0,82,17,8,0,6,44,4,1,0,2,0,0,12,0,7,0,4,0,2,0,0,1,1,0,0,0,0,0,0,0,0,0,0,0,0,0,0,0,0,0,4,3,1,0,0,0,0,0,0,0,0,0,0,0,0,0,0,0,0,1,0,0,0,0,0,0,0,0,0
44 - Αργολίδος,75 E.T. Δήμου Άργους - Μυκηνών,403,264,2,0,2,262,51,17,21,3,3,1,135,33,16,0,4,75,10,1,2,2,0,0,42,7,15,0,14,6,4,1,0,1,1,0,0,0,0,0,0,0,1,0,0,0,0,0,0,0,0,0,6,1,3,1,1,0,0,0,0,0,0,0,0,2,1,0,0,0,1,5,0,0,1,1,0,0,0,4,3
44 - Αργολίδος,76 E.T. Δήμου Άργους - Μυκηνών,402,272,2,0,2,270,79,11,24,2,15,3,114,29,22,0,2,8,13,0,1,7,0,1,45,10,11,2,21,0,3,0,1,2,0,0,2,1,0,0,0,0,1,0,0,0,0,0,0,0,0,0,6,0,2,0,0,0,0,0,0,0,0,0,0,0,0,0,0,0,0,4,0,1,1,1,0,1,0,2,1
44 - Αργολίδος,77 E.T. Δήμου Άργους - Μυκηνών,288,142,1,1,2,140,45,18,13,1,2,2,60,26,3,1,2,20,5,0,0,3,0,0,16,1,6,0,5,0,0,0,0,0,0,0,0,0,0,0,0,0,0,0,0,0,3,0,0,0,0,3,7,1,4,0,0,0,0,0,3,0,0,0,0,0,0,0,0,0,0,0,0,0,0,0,0,0,0,1,0
44 - Αργολίδος,78 E.T. Δήμου Άργους - Μυκηνών,301,147,2,0,2,145,43,17,8,3,4,4,65,27,5,0,5,26,6,0,1,3,0,0,13,1,5,0,4,0,3,1,0,1,0,0,1,0,1,0,0,0,0,0,0,0,1,0,0,0,0,1,7,2,5,0,0,0,0,0,2,1,0,1,0,1,0,0,1,0,0,2,0,0,0,0,0,0,0,1,1
44 - Αργολίδος,79 E.T. Δήμου Άργους - Μυκηνών,47,33,0,0,0,33,4,2,2,0,0,0,20,13,6,0,0,1,8,0,0,0,0,0,1,2,0,0,3,3,0,0,0,0,0,0,0,0,0,0,0,0,0,0,0,0,0,0,0,0,0,0,0,0,0,0,0,0,0,0,0,0,0,0,0,0,0,0,0,0,0,0,0,0,0,0,0,0,0,0,0
44 - Αργολίδος,80 E.T. Δήμου Άργους - Μυκηνών,305,188,2,0,2,186,43,10,5,4,4,3,95,53,24,0,1,10,4,0,0,1,0,1,18,0,4,2,8,2,2,1,0,0,0,0,1,0,1,0,0,0,0,0,0,0,1,0,0,1,0,0,8,5,2,1,0,0,0,0,4,1,0,1,0,2,0,0,1,0,0,3,0,1,1,1,0,0,0,4,4
44 - Αργολίδος,81 E.T. Δήμου Άργους - Μυκηνών,507,240,0,3,3,237,62,16,19,4,16,0,81,23,42,1,2,10,4,0,0,1,0,1,58,1,25,3,24,4,22,3,0,13,0,4,0,0,0,0,0,0,0,0,0,0,2,0,0,0,0,2,1,1,0,0,1,1,0,0,0,0,0,0,0,1,1,0,0,0,0,3,1,0,1,2,0,1,0,0,0
44 - Αργολίδος,82 E.T. Δήμου Άργους - Μυκηνών,373,211,0,0,0,211,55,24,6,1,11,1,111,30,38,0,7,33,1,1,0,0,0,0,26,0,11,1,8,6,6,0,0,0,0,5,3,1,1,0,0,0,0,0,0,0,2,0,0,0,0,2,2,1,0,0,0,0,0,0,1,1,0,0,0,0,0,0,0,0,0,3,1,1,0,0,0,0,0,1,0
44 - Αργολίδος,83 E.T. Δήμου Άργους - Μυκηνών,279,154,1,2,3,151,50,20,10,2,10,1,71,16,35,0,1,16,2,1,0,0,0,0,15,3,5,0,6,0,1,0,0,0,0,0,0,0,0,0,1,0,0,0,0,0,2,0,0,0,0,2,5,4,0,0,0,0,0,0,0,0,0,0,0,1,0,0,0,1,0,3,1,1,0,0,0,0,0,0,0
44 - Αργολίδος,84 E.T. Δήμου Άργους - Μυκηνών,286,120,0,0,0,120,27,7,3,1,2,0,64,41,14,0,1,6,0,0,0,0,0,0,24,0,6,1,12,3,0,0,0,0,0,0,1,0,1,0,0,0,0,0,0,0,0,0,0,0,0,0,2,2,0,0,0,0,0,0,1,1,0,0,0,0,0,0,0,0,0,1,0,0,1,0,0,0,0,0,0
44 - Αργολίδος,85 E.T. Δήμου Άργους - Μυκηνών,186,96,0,0,0,96,16,2,3,1,4,1,47,29,9,0,1,8,1,0,0,1,0,0,18,3,10,1,2,0,3,0,0,0,0,1,0,0,0,0,0,0,0,0,0,0,0,0,0,0,0,0,8,0,4,2,0,0,0,0,0,0,0,0,0,0,0,0,0,0,0,2,0,2,0,0,0,0,0,1,1
44 - Αργολίδος,86 E.T. Δήμου Άργους - Μυκηνών,524,270,0,2,2,268,54,23,2,2,15,0,158,57,65,0,6,12,4,0,0,1,0,2,25,1,6,0,11,6,9,2,0,1,0,4,1,0,0,0,0,0,0,0,0,0,0,0,0,0,0,0,4,0,3,0,0,0,0,0,0,0,0,0,0,0,0,0,0,0,0,10,2,1,3,0,0,0,0,3,3
44 - Αργολίδος,87 E.T. Δήμου Άργους - Μυκηνών,203,71,0,0,0,71,15,6,0,0,3,2,38,16,4,0,0,16,5,0,0,0,1,4,9,0,2,1,6,0,0,0,0,0,0,0,1,0,0,0,0,0,0,0,0,0,0,0,0,0,0,0,2,0,1,0,0,0,0,0,0,0,0,0,0,0,0,0,0,0,0,0,0,0,0,0,0,0,0,1,0
44 - Αργολίδος,88 E.T. Δήμου Άργους - Μυκηνών,171,122,4,2,6,116,25,15,2,0,2,2,59,19,20,0,2,10,5,0,0,2,0,0,15,0,2,0,9,4,3,1,0,1,0,1,2,1,0,1,0,0,0,0,0,0,0,0,0,0,0,0,1,0,0,0,0,0,0,0,0,0,0,0,0,1,0,0,0,0,0,4,0,1,1,0,0,0,0,1,0
44 - Αργολίδος,89 E.T. Δήμου Άργους - Μυκηνών,299,146,3,1,4,142,32,5,6,0,10,2,63,27,13,0,1,17,2,0,0,1,0,0,33,0,17,0,16,0,5,0,0,4,0,1,0,0,0,0,0,0,0,0,0,0,0,0,0,0,0,0,5,0,3,0,0,0,0,0,0,0,0,0,0,0,0,0,0,0,0,2,0,1,0,0,0,0,0,0,0
44 - Αργολίδος,90 E.T. Δήμου Άργους - Μυκηνών,504,279,2,0,2,277,68,9,22,2,5,3,123,55,29,1,1,21,2,0,0,1,0,0,36,0,6,2,24,1,32,7,0,8,1,12,3,1,1,0,0,0,0,0,0,0,3,1,1,0,0,0,3,2,1,0,0,0,0,0,0,0,0,0,0,0,0,0,0,0,0,4,2,0,0,1,0,0,0,2,0
44 - Αργολίδος,91 E.T. Δήμου Άργους - Μυκηνών,507,263,4,2,6,257,43,8,11,4,3,2,125,67,23,0,1,21,4,1,0,1,0,1,33,0,12,1,14,6,24,10,0,3,2,7,1,1,0,0,0,0,0,0,0,0,2,0,2,0,0,0,10,5,4,0,0,0,0,0,1,0,0,0,0,0,0,0,0,0,0,8,3,1,1,3,0,0,2,3,2
44 - Αργολίδος,92 E.T. Δήμου Άργους - Μυκηνών,320,224,2,1,3,221,39,3,10,2,8,2,120,41,48,1,6,19,7,0,0,4,0,0,37,0,6,0,29,2,6,3,0,1,0,1,0,0,0,0,0,0,1,0,1,0,1,0,1,0,0,0,2,0,0,2,0,0,0,0,1,0,0,0,0,0,0,0,0,0,0,0,0,0,0,2,0,0,0,5,4
44 - Αργολίδος,93 E.T. Δήμου Άργους - Μυκηνών,266,194,1,1,2,192,23,3,7,0,7,0,124,52,44,0,2,23,6,1,0,4,1,0,26,0,5,0,14,6,1,0,1,0,0,0,0,0,0,0,0,0,1,0,0,0,1,0,0,0,0,1,5,0,1,2,0,0,0,0,0,0,0,0,0,0,0,0,0,0,0,5,1,1,1,0,0,0,0,0,0
44 - Αργολίδος,94 E.T. Δήμου Άργους - Μυκηνών,428,273,4,2,6,267,74,20,21,2,12,3,112,42,24,0,12,28,5,0,0,2,0,1,41,0,19,5,9,5,17,0,0,0,0,16,1,1,0,0,1,0,0,0,0,0,0,0,0,0,0,0,9,0,6,0,1,0,0,0,0,0,0,0,0,1,0,0,0,0,1,2,1,0,1,1,1,0,0,2,0
44 - Αργολίδος,95 E.T. Δήμου Άργους - Μυκηνών,484,328,0,2,2,326,71,10,10,3,18,0,138,31,49,1,6,34,10,0,0,6,1,1,67,2,13,4,27,20,3,0,1,1,0,0,3,1,1,0,0,0,3,0,1,1,2,0,0,0,0,1,1,0,0,0,13,10,0,0,1,0,0,0,0,0,0,0,0,0,0,10,0,3,1,2,0,0,1,2,0
44 - Αργολίδος,96 E.T. Δήμου Άργους - Μυκηνών,498,281,3,0,3,278,74,6,21,3,25,2,97,42,10,0,2,32,4,2,0,1,0,0,58,1,18,0,16,21,13,2,4,2,1,0,5,1,0,0,1,0,1,0,1,0,0,0,0,0,0,0,5,1,0,1,0,0,1,0,0,0,0,0,0,1,0,0,0,0,0,14,0,0,1,0,0,0,0,4,1
44 - Αργολίδος,97 E.T. Δήμου Άργους - Μυκηνών,505,283,2,2,4,279,78,3,20,3,37,2,96,42,13,0,0,39,6,0,0,2,1,0,55,1,17,0,17,19,9,0,1,3,0,0,3,2,1,0,0,0,0,0,0,0,0,0,0,0,0,0,12,6,3,1,0,0,0,0,2,0,0,0,0,2,0,0,0,0,0,11,0,0,3,2,0,0,0,3,2
44 - Αργολίδος,98 E.T. Δήμου Άργους - Μυκηνών,429,294,0,1,1,293,94,11,68,1,12,2,90,19,21,2,12,32,6,0,1,1,0,1,42,1,13,1,17,10,22,1,0,2,0,15,0,0,0,0,0,0,2,0,0,0,0,0,0,0,0,0,13,6,3,0,1,0,1,0,6,3,0,0,3,1,0,0,0,0,0,11,2,1,0,3,0,2,1,1,1
44 - Αργολίδος,99 E.T. Δήμου Άργους - Μυκηνών,426,276,4,1,5,271,85,6,44,3,11,3,84,36,15,0,5,20,3,0,0,0,0,0,61,0,23,2,26,9,19,0,0,0,0,15,0,0,0,0,0,0,0,0,0,0,0,0,0,0,0,0,4,3,1,0,0,0,0,0,0,0,0,0,0,1,0,0,0,0,0,12,5,3,0,1,0,1,0,1,1
44 - Αργολίδος,100 E.T. Δήμου Άργους - Μυκηνών,514,310,3,0,3,307,107,20,37,5,16,5,103,36,18,0,9,35,4,0,0,3,0,0,42,1,26,0,12,0,23,2,3,10,1,2,1,1,0,0,0,0,0,0,0,0,0,0,0,0,0,0,2,0,2,0,0,0,1,0,0,0,0,0,0,2,2,0,0,0,0,18,2,3,2,1,0,0,0,3,0
44 - Αργολίδος,101 E.T. Δήμου Άργους - Μυκηνών,482,321,5,3,8,313,112,24,39,5,10,2,81,38,9,0,1,27,8,1,0,5,0,0,61,4,29,0,22,2,29,2,8,9,2,1,0,0,0,0,0,0,2,0,1,0,3,0,2,0,0,1,7,4,1,1,0,0,0,0,1,0,0,1,0,0,0,0,0,0,0,8,0,1,2,0,0,0,0,1,0
44 - Αργολίδος,102 E.T. Δήμου Άργους - Μυκηνών,519,345,6,5,11,334,96,28,21,4,9,6,145,65,25,0,14,36,12,0,1,6,0,2,26,2,12,0,11,1,26,1,3,7,2,3,0,0,0,0,0,0,0,0,0,0,1,0,1,0,0,0,17,7,7,0,0,0,0,0,0,0,0,0,0,2,0,0,0,1,0,5,1,0,1,0,0,0,0,4,2
44 - Αργολίδος,103 E.T. Δήμου Άργους - Μυκηνών,503,291,5,1,6,285,81,16,33,1,8,9,99,38,14,1,6,32,9,0,0,5,2,0,36,3,21,0,11,1,22,2,4,5,3,3,0,0,0,0,0,0,0,0,0,0,1,0,0,1,0,0,16,2,8,1,1,0,0,0,0,0,0,0,0,0,0,0,0,0,0,9,2,3,2,2,1,1,0,9,5
44 - Αργολίδος,104 E.T. Δήμου Άργους - Μυκηνών,518,339,1,2,3,336,90,18,30,2,14,3,131,61,11,0,9,43,13,0,1,7,1,1,43,0,34,1,4,1,21,3,3,7,1,1,2,0,0,1,0,0,0,0,0,0,0,0,0,0,0,0,19,4,6,2,0,0,0,0,1,0,0,0,0,0,0,0,0,0,0,10,0,1,3,2,0,1,0,4,2
44 - Αργολίδος,105 E.T. Δήμου Επιδαύρου,451,285,1,7,8,277,28,13,4,2,2,2,172,107,15,1,15,23,6,0,1,2,1,1,42,0,16,0,4,18,3,0,0,3,0,0,0,0,0,0,0,0,0,0,0,0,0,0,0,0,0,0,17,4,11,0,0,0,0,0,0,0,0,0,0,0,0,0,0,0,0,7,2,2,2,1,0,0,0,1,0
44 - Αργολίδος,106 E.T. Δήμου Επιδαύρου,488,311,5,1,6,305,50,8,21,6,1,5,171,91,19,2,20,24,9,1,0,2,1,2,40,0,9,0,11,16,5,0,0,5,0,0,0,0,0,0,0,0,3,0,1,0,2,0,2,0,0,0,11,2,5,0,0,0,0,0,0,0,0,0,0,0,0,0,0,0,0,9,2,1,2,0,0,0,0,5,1
44 - Αργολίδος,107 E.T. Δήμου Επιδαύρου,516,270,4,0,4,266,58,17,19,1,2,0,90,49,19,0,7,8,7,0,0,4,0,0,77,0,7,1,12,56,3,0,0,1,0,0,2,1,0,0,0,0,2,0,0,0,5,4,0,0,0,1,11,4,0,3,0,0,0,0,2,0,1,1,0,0,0,0,0,0,0,7,1,0,2,1,1,0,0,1,0
44 - Αργολίδος,108 E.T. Δήμου Επιδαύρου,407,216,1,0,1,215,40,11,18,1,0,4,95,56,10,4,4,7,4,1,0,0,0,0,63,0,2,0,1,60,4,0,0,3,0,0,1,0,0,0,0,0,0,0,0,0,0,0,0,0,0,0,2,0,1,0,0,0,0,0,0,0,0,0,0,0,0,0,0,0,0,2,0,0,1,0,0,0,0,4,2
44 - Αργολίδος,109 E.T. Δήμου Επιδαύρου,527,333,0,0,0,333,65,12,21,2,9,2,146,88,14,2,9,19,7,1,2,1,0,0,81,1,9,0,4,66,6,0,1,0,0,0,1,0,0,0,0,0,0,0,0,0,2,1,1,0,0,0,12,3,3,3,1,1,0,0,1,0,0,0,0,1,0,0,0,1,0,4,0,1,1,2,0,0,0,4,1
44 - Αργολίδος,110 E.T. Δήμου Επιδαύρου,535,361,2,2,4,357,62,18,24,6,3,1,152,82,18,2,10,27,5,1,1,0,0,0,99,0,13,0,8,75,11,2,0,4,0,1,3,1,0,0,0,0,1,0,0,1,1,0,0,0,1,0,6,0,5,1,0,0,0,0,1,1,0,0,0,0,0,0,0,0,0,10,1,4,2,5,1,4,0,1,1
44 - Αργολίδος,111 E.T. Δήμου Επιδαύρου,526,317,6,2,8,309,62,18,26,7,5,1,123,69,18,0,10,14,10,1,2,4,2,1,82,2,3,0,3,74,5,0,0,3,0,0,0,0,0,0,0,0,2,1,1,0,0,0,0,0,0,0,10,2,5,2,0,0,1,1,0,0,0,0,0,1,0,1,0,0,0,12,3,3,1,0,0,0,0,1,1
44 - Αργολίδος,112 E.T. Δήμου Επιδαύρου,524,355,7,0,7,348,78,22,19,1,14,2,136,88,5,0,7,18,6,0,0,2,1,1,84,0,8,0,8,65,6,1,2,1,1,0,1,0,0,0,0,0,1,0,0,0,0,0,0,0,0,0,12,1,2,7,0,0,0,0,4,1,1,1,0,0,0,0,0,0,0,12,1,3,4,4,0,3,0,4,1
44 - Αργολίδος,113 E.T. Δήμου Επιδαύρου,536,348,4,0,4,344,81,16,28,5,14,0,130,82,14,1,6,12,5,1,0,1,0,1,83,0,6,0,5,71,10,0,2,1,0,1,2,0,0,0,0,0,1,0,1,0,4,2,2,0,0,0,7,3,1,1,0,0,0,0,1,0,0,0,0,0,0,0,0,0,0,16,2,7,3,0,0,0,0,4,2
44 - Αργολίδος,114 E.T. Δήμου Επιδαύρου,253,186,0,1,1,185,11,2,6,0,0,0,20,10,3,0,2,0,1,0,0,0,0,0,147,0,0,0,1,146,4,0,0,3,0,0,0,0,0,0,0,0,2,0,0,0,0,0,0,0,0,0,0,0,0,0,0,0,0,0,0,0,0,0,0,0,0,0,0,0,0,0,0,0,0,0,0,0,0,0,0
44 - Αργολίδος,115 E.T. Δήμου Επιδαύρου,105,58,0,1,1,57,4,0,1,0,0,1,32,13,10,0,4,2,0,0,0,0,0,0,18,0,1,0,0,17,0,0,0,0,0,0,1,0,0,0,0,0,0,0,0,0,0,0,0,0,0,0,2,0,1,0,0,0,0,0,0,0,0,0,0,0,0,0,0,0,0,0,0,0,0,0,0,0,0,0,0
44 - Αργολίδος,116 E.T. Δήμου Επιδαύρου,531,307,6,1,7,300,74,15,21,19,3,1,143,79,22,2,10,13,2,0,0,1,0,1,42,1,9,0,8,14,9,1,1,3,0,0,2,1,0,1,0,0,2,0,0,1,0,0,0,0,0,0,6,2,1,0,0,0,0,0,0,0,0,0,0,2,2,0,0,0,0,9,1,0,1,2,1,1,0,7,1
44 - Αργολίδος,117 E.T. Δήμου Επιδαύρου,563,359,2,2,4,355,86,11,34,18,2,5,199,95,53,2,21,15,4,1,0,1,0,0,36,0,4,1,10,20,9,3,0,4,0,0,3,1,1,0,0,0,0,0,0,0,1,0,0,0,0,0,9,1,6,1,0,0,0,0,0,0,0,0,0,2,0,1,0,0,0,4,3,0,0,0,0,0,0,2,2
44 - Αργολίδος,118 E.T. Δήμου Επιδαύρου,534,343,8,1,9,334,98,13,25,31,2,1,142,55,60,1,5,8,6,2,0,2,0,0,42,1,7,0,5,26,20,1,0,7,1,2,2,2,0,0,0,0,0,0,0,0,0,0,0,0,0,0,7,2,3,0,0,0,0,0,1,0,0,0,1,0,0,0,0,0,0,14,6,1,2,1,1,0,0,1,0
44 - Αργολίδος,119 E.T. Δήμου Επιδαύρου,525,342,1,1,2,340,42,17,12,1,4,1,233,176,13,1,6,20,8,0,1,6,0,0,33,0,12,0,5,16,5,2,0,1,0,0,0,0,0,0,0,0,0,0,0,0,0,0,0,0,0,0,7,0,3,1,1,0,0,0,0,0,0,0,0,0,0,0,0,0,0,4,0,1,0,2,1,0,0,5,2
44 - Αργολίδος,120 E.T. Δήμου Επιδαύρου,387,221,0,2,2,219,54,10,14,16,2,2,124,107,3,1,1,10,5,0,0,2,0,0,12,0,8,0,2,2,9,2,0,0,0,1,1,0,0,0,0,0,2,0,0,0,0,0,0,0,0,0,6,2,3,1,0,0,0,0,1,0,0,0,1,1,0,0,0,0,0,4,1,0,2,0,0,0,0,0,0
44 - Αργολίδος,121 E.T. Δήμου Επιδαύρου,394,222,2,2,4,218,41,8,10,15,3,2,140,124,2,1,2,8,7,0,1,3,2,0,7,0,3,0,3,1,4,0,0,0,0,1,2,0,0,0,0,0,1,0,0,0,0,0,0,0,0,0,11,5,5,1,0,0,0,0,0,0,0,0,0,0,0,0,0,0,0,3,2,0,1,0,0,0,0,2,1
44 - Αργολίδος,122 E.T. Δήμου Επιδαύρου,383,251,2,0,2,249,60,19,10,22,2,1,148,128,7,1,3,6,7,0,0,6,0,0,10,0,6,1,0,3,7,0,0,2,0,0,2,0,0,0,0,0,1,0,0,0,0,0,0,0,0,0,5,4,0,1,0,0,0,0,0,0,0,0,0,0,0,0,0,0,0,6,1,0,2,0,0,0,0,3,0
44 - Αργολίδος,123 E.T. Δήμου Επιδαύρου,453,224,1,0,1,223,55,18,20,0,1,4,96,39,10,3,9,23,6,0,0,2,1,1,35,0,9,2,9,15,0,0,0,0,0,0,1,0,1,0,0,0,0,0,0,0,14,7,0,0,0,7,6,3,2,0,0,0,0,0,1,0,1,0,0,1,0,0,0,1,0,5,1,0,1,2,0,2,0,1,1
44 - Αργολίδος,124 E.T. Δήμου Επιδαύρου,213,134,1,0,1,133,32,8,13,0,0,0,56,22,11,1,1,15,6,1,0,3,0,1,19,0,6,0,6,7,1,0,0,0,0,0,0,0,0,0,0,0,0,0,0,0,1,0,0,1,0,0,8,0,1,2,0,0,0,0,0,0,0,0,0,0,0,0,0,0,0,1,1,0,0,6,0,5,0,3,2
44 - Αργολίδος,125 E.T. Δήμου Ερμιονίδας,499,324,1,2,3,321,116,16,19,2,1,58,140,67,26,7,6,28,10,2,0,4,3,0,20,0,12,2,0,2,8,1,3,0,1,0,1,0,1,0,0,0,2,1,1,0,0,0,0,0,0,0,5,0,1,3,0,0,0,0,3,3,0,0,0,0,0,0,0,0,0,10,1,4,0,0,0,0,0,6,5
44 - Αργολίδος,126 E.T. Δήμου Ερμιονίδας,523,320,6,1,7,313,90,11,8,2,0,59,128,66,20,7,8,19,16,4,0,1,5,1,25,0,14,1,3,6,12,4,0,3,1,0,5,1,1,0,0,0,0,0,0,0,0,0,0,0,0,0,7,3,4,0,0,0,0,0,3,0,2,0,0,0,0,0,0,0,0,15,6,3,3,1,0,0,0,11,2
44 - Αργολίδος,127 E.T. Δήμου Ερμιονίδας,526,346,6,0,6,340,99,14,15,3,0,46,142,61,19,24,1,23,8,0,0,2,2,0,44,0,22,1,8,9,9,1,0,2,0,2,2,1,0,0,0,0,0,0,0,0,0,0,0,0,0,0,3,0,0,1,0,0,1,0,2,1,0,0,0,1,0,0,1,0,0,19,2,7,6,2,0,0,0,8,7
44 - Αργολίδος,128 E.T. Δήμου Ερμιονίδας,518,332,1,3,4,328,101,9,19,3,3,46,145,62,26,11,3,20,8,0,0,4,0,0,31,1,19,0,5,3,11,0,1,3,0,1,4,0,2,0,0,0,0,0,0,0,1,0,0,0,0,0,6,1,2,1,1,0,0,0,3,0,1,0,1,1,0,0,0,0,1,11,2,2,3,0,0,0,0,5,2
44 - Αργολίδος,129 E.T. Δήμου Ερμιονίδας,534,344,7,4,11,333,113,15,15,0,2,63,127,51,19,15,4,25,7,0,0,4,2,1,26,0,9,0,5,6,17,0,2,7,0,0,1,0,1,0,0,0,1,0,0,1,0,0,0,0,0,0,14,2,4,2,0,0,0,0,1,0,0,0,0,1,0,0,0,0,1,11,2,1,5,5,0,2,0,9,6
44 - Αργολίδος,130 E.T. Δήμου Ερμιονίδας,291,178,1,2,3,175,74,21,30,3,1,18,51,28,2,2,0,16,8,0,0,0,7,1,13,0,5,0,1,7,17,3,1,4,5,1,1,1,0,0,1,1,2,1,0,0,0,0,0,0,0,0,3,0,0,2,0,0,0,0,1,1,0,0,0,1,0,1,0,0,0,2,0,0,1,1,1,0,0,0,0
44 - Αργολίδος,131 E.T. Δήμου Ερμιονίδας,318,192,2,0,2,190,49,6,18,1,4,8,91,51,4,3,3,23,15,3,0,1,11,0,11,0,3,0,1,7,7,1,0,3,0,0,1,0,1,0,0,0,1,0,0,0,0,0,0,0,0,0,6,1,4,1,0,0,0,0,5,3,1,0,0,0,0,0,0,0,0,2,0,2,0,0,0,0,0,2,2
44 - Αργολίδος,132 E.T. Δήμου Ερμιονίδας,345,219,2,2,4,215,32,6,9,2,0,11,137,65,5,13,2,41,3,1,1,0,0,1,10,0,10,0,0,0,6,0,0,1,0,0,2,0,1,0,0,0,0,0,0,0,0,0,0,0,0,0,15,4,6,3,0,0,0,0,1,0,0,1,0,0,0,0,0,0,0,5,1,1,0,3,2,0,0,1,1
44 - Αργολίδος,133 E.T. Δήμου Ερμιονίδας,319,216,0,1,1,215,41,5,6,3,2,15,144,61,6,15,6,43,6,1,0,2,0,1,4,0,2,0,1,1,4,1,0,3,0,0,1,0,0,1,0,0,0,0,0,0,0,0,0,0,0,0,9,4,4,1,0,0,0,0,1,1,0,0,0,0,0,0,0,0,0,3,0,1,0,0,0,0,0,2,1
44 - Αργολίδος,134 E.T. Δήμου Ερμιονίδας,529,327,3,5,8,319,91,18,27,5,1,28,133,48,15,27,8,22,14,2,0,7,3,0,41,1,20,0,6,11,7,1,1,2,1,0,4,1,1,0,0,0,1,0,1,0,1,0,1,0,0,0,10,4,4,1,1,0,0,0,2,0,1,1,0,0,0,0,0,0,0,9,0,0,0,2,0,0,1,3,3
44 - Αργολίδος,135 E.T. Δήμου Ερμιονίδας,543,300,2,0,2,298,82,25,23,4,2,21,124,54,15,15,8,19,24,3,0,4,4,6,25,2,13,0,7,2,16,2,1,7,1,1,3,1,0,0,0,0,0,0,0,0,2,0,1,1,0,0,7,3,1,0,0,0,0,0,1,0,1,0,0,1,1,0,0,0,0,9,2,2,1,0,0,0,0,4,2
44 - Αργολίδος,136 E.T. Δήμου Ερμιονίδας,545,321,2,1,3,318,102,22,24,6,0,22,125,46,15,26,1,20,23,2,2,9,5,2,11,0,6,0,4,1,16,3,1,2,2,2,1,1,0,0,0,0,0,0,0,0,1,0,1,0,0,0,15,9,2,1,0,0,0,0,1,0,0,0,1,3,1,0,0,0,0,9,1,3,0,0,0,0,0,11,7
44 - Αργολίδος,137 E.T. Δήμου Ερμιονίδας,553,304,2,2,4,300,77,13,24,0,1,23,130,58,9,24,3,22,16,1,2,5,4,0,22,0,15,1,2,3,9,0,0,4,2,0,4,1,0,1,0,0,2,0,1,0,0,0,0,0,0,0,19,6,7,0,0,0,0,0,0,0,0,0,0,2,1,0,0,1,0,9,1,4,0,2,0,0,0,8,5
44 - Αργολίδος,138 E.T. Δήμου Ερμιονίδας,456,262,4,0,4,258,55,8,15,1,2,11,128,64,14,18,4,19,16,1,1,9,0,2,12,0,5,0,3,1,6,0,3,0,0,1,5,2,2,0,0,0,0,0,0,0,0,0,0,0,0,0,14,2,7,2,0,0,0,0,5,0,0,1,0,0,0,0,0,0,0,9,0,5,0,3,0,1,0,5,3
44 - Αργολίδος,139 E.T. Δήμου Ερμιονίδας,452,259,3,1,4,255,73,10,26,0,4,19,111,54,8,21,3,19,7,2,1,2,1,0,22,0,17,1,3,1,12,2,0,2,3,2,1,0,0,1,0,0,0,0,0,0,3,1,0,1,0,1,10,4,5,1,0,0,0,0,2,1,1,0,0,2,1,0,0,0,0,8,0,7,1,2,0,0,0,2,1
44 - Αργολίδος,140 E.T. Δήμου Ερμιονίδας,443,242,4,0,4,238,63,9,12,2,0,26,113,46,8,34,6,12,13,1,0,7,0,1,11,0,8,0,3,0,14,0,2,7,0,2,1,0,0,0,0,0,0,0,0,0,0,0,0,0,0,0,9,7,1,0,2,0,1,0,1,0,0,0,1,0,0,0,0,0,0,3,1,1,0,1,0,0,1,6,3
44 - Αργολίδος,141 E.T. Δήμου Ερμιονίδας,452,246,3,0,3,243,66,10,15,3,1,25,106,42,10,27,5,17,7,0,2,4,0,0,24,0,19,0,2,1,7,2,0,0,0,0,1,0,0,0,0,0,1,0,0,0,0,0,1,0,0,0,8,2,4,1,0,0,0,0,2,1,1,0,0,0,0,0,0,0,0,10,2,3,2,1,0,0,0,10,6
44 - Αργολίδος,142 E.T. Δήμου Ερμιονίδας,489,276,0,1,1,275,89,12,21,3,3,29,98,47,5,16,2,19,10,2,1,3,0,1,32,0,13,0,6,9,11,2,1,0,2,0,3,1,1,0,0,0,1,0,0,0,2,0,1,0,0,0,10,2,4,2,0,0,0,0,2,1,0,0,0,1,0,0,0,0,0,12,0,5,2,2,0,0,0,2,0
44 - Αργολίδος,143 E.T. Δήμου Ερμιονίδας,521,319,4,4,8,311,75,27,17,1,0,14,142,68,12,25,6,16,10,3,1,2,0,2,55,2,26,1,19,4,8,2,1,1,1,0,0,0,0,0,0,0,0,0,0,0,1,0,0,0,0,0,7,3,0,1,0,0,0,0,3,0,1,0,0,0,0,0,0,0,0,5,1,3,1,0,0,0,0,5,3
44 - Αργολίδος,144 E.T. Δήμου Ερμιονίδας,538,332,4,1,5,327,73,23,26,1,0,8,138,69,6,26,5,24,18,3,1,7,4,1,68,0,26,1,33,2,10,1,0,0,1,0,2,1,1,0,0,0,0,0,0,0,1,0,1,0,0,0,9,3,1,2,0,0,0,0,2,0,2,0,0,0,0,0,0,0,0,4,1,0,1,0,0,0,0,2,1
44 - Αργολίδος,145 E.T. Δήμου Ερμιονίδας,179,103,2,2,4,99,13,1,5,1,0,3,49,18,8,4,1,16,9,1,1,0,6,0,17,0,3,0,9,5,1,1,0,0,0,0,1,0,1,0,0,0,0,0,0,0,2,0,0,0,0,2,2,2,0,0,0,0,0,0,2,1,1,0,0,0,0,0,0,0,0,1,1,0,0,1,0,1,0,1,1
44 - Αργολίδος,146 E.T. Δήμου Ερμιονίδας,68,55,2,0,2,53,13,4,1,0,1,0,21,7,2,5,1,1,6,0,0,1,2,0,0,0,0,0,0,0,1,1,0,0,0,0,0,0,0,0,0,0,0,0,0,0,0,0,0,0,0,0,8,2,1,1,0,0,0,0,0,0,0,0,0,0,0,0,0,0,0,1,0,1,0,1,1,0,0,2,2
44 - Αργολίδος,147 E.T. Δήμου Ερμιονίδας,366,204,0,4,4,200,42,8,9,4,1,12,71,43,8,6,3,4,6,1,1,2,0,0,26,0,7,1,7,8,9,0,3,1,0,0,0,0,0,0,0,0,1,1,0,0,2,0,1,0,0,0,10,5,0,5,0,0,0,0,1,0,0,1,0,0,0,0,0,0,0,29,0,28,0,2,0,0,1,1,1
44 - Αργολίδος,148 E.T. Δήμου Ερμιονίδας,366,232,2,0,2,230,34,13,9,0,1,7,97,72,5,4,7,5,5,2,0,1,0,1,15,0,6,0,7,2,5,0,1,0,2,2,2,1,0,0,0,0,0,0,0,0,1,0,1,0,0,0,8,2,2,0,0,0,0,0,0,0,0,0,0,0,0,0,0,0,0,54,1,53,0,2,1,1,0,7,7
44 - Αργολίδος,149 E.T. Δήμου Ερμιονίδας,421,234,1,4,5,229,46,9,11,3,2,10,92,52,9,12,3,10,2,0,1,0,0,0,22,0,10,0,7,1,7,1,3,1,0,1,0,0,0,0,0,0,0,0,0,0,0,0,0,0,0,0,8,1,3,2,0,0,0,0,0,0,0,0,0,0,0,0,0,0,0,46,0,44,0,2,0,0,1,4,3
44 - Αργολίδος,150 E.T. Δήμου Ερμιονίδας,512,321,1,10,11,310,80,13,21,1,1,15,152,71,12,13,7,11,13,0,0,7,0,0,14,1,6,0,4,1,6,1,0,0,0,0,1,0,1,0,0,0,0,0,0,0,1,0,0,1,0,0,22,0,3,5,1,0,0,0,1,1,0,0,0,2,0,1,0,0,0,13,5,2,1,0,0,0,0,4,1
44 - Αργολίδος,151 E.T. Δήμου Ερμιονίδας,512,278,4,1,5,273,77,26,13,13,1,16,127,75,8,15,5,11,9,2,0,3,1,0,16,2,9,0,2,1,6,1,1,0,0,2,4,0,1,0,0,0,1,1,0,0,3,1,2,0,0,0,15,3,5,0,0,0,0,0,0,0,0,0,0,1,0,0,0,1,0,7,2,1,1,2,1,0,0,5,4
44 - Αργολίδος,152 E.T. Δήμου Ερμιονίδας,512,307,4,3,7,300,68,15,14,4,3,19,152,67,7,29,11,14,10,0,0,4,4,0,16,3,7,1,2,3,7,0,0,1,0,3,6,2,1,1,1,0,0,0,0,0,9,2,6,0,0,1,10,2,7,0,0,0,0,0,1,1,0,0,0,1,0,1,0,0,0,11,4,1,3,2,0,1,0,6,5
44 - Αργολίδος,153 E.T. Δήμου Ερμιονίδας,395,266,4,1,5,261,83,22,17,2,9,12,75,33,5,7,5,16,4,1,0,1,1,0,41,0,27,0,12,1,18,1,0,4,2,1,2,0,1,0,0,0,1,0,0,0,0,0,0,0,0,0,10,1,1,1,0,0,0,0,2,0,0,1,1,2,1,0,0,0,1,12,1,4,3,1,0,0,0,10,2
44 - Αργολίδος,154 E.T. Δήμου Ναυπλιέων,522,358,3,0,3,355,85,70,10,1,1,2,172,73,26,2,12,30,10,0,0,6,0,2,54,0,9,0,5,39,5,0,1,3,0,0,2,1,1,0,0,0,0,0,0,0,0,0,0,0,0,0,10,1,2,3,0,0,0,0,0,0,0,0,0,0,0,0,0,0,0,11,4,0,1,4,2,0,0,2,1
44 - Αργολίδος,155 E.T. Δήμου Ναυπλιέων,516,326,4,0,4,322,76,59,15,1,0,1,142,62,31,0,13,26,6,1,0,2,1,0,71,0,24,0,11,36,7,1,1,1,1,1,0,0,0,0,0,0,3,0,1,0,1,0,1,0,0,0,3,1,0,2,0,0,0,0,1,0,0,1,0,0,0,0,0,0,0,7,4,2,1,4,1,2,0,1,1
44 - Αργολίδος,156 E.T. Δήμου Ναυπλιέων,522,343,0,1,1,342,84,53,23,1,0,1,123,51,15,0,18,21,5,1,1,1,1,0,92,0,17,0,11,64,5,0,2,0,0,1,3,2,0,0,0,0,2,0,1,0,0,0,0,0,0,0,9,2,4,3,0,0,0,0,1,0,0,1,0,1,1,0,0,0,0,12,3,1,1,2,1,0,0,3,1
44 - Αργολίδος,157 E.T. Δήμου Ναυπλιέων,457,309,5,7,12,297,75,34,27,1,1,3,118,45,18,0,22,17,10,1,0,4,0,3,55,1,17,0,15,21,2,0,0,2,0,0,2,0,1,0,0,0,1,0,0,0,1,0,0,0,0,1,12,0,7,1,0,0,0,0,1,0,0,1,0,1,1,0,0,0,0,10,1,1,1,4,1,3,0,5,2
44 - Αργολίδος,158 E.T. Δήμου Ναυπλιέων,459,303,4,4,8,295,61,28,20,0,0,3,150,59,29,0,30,19,11,2,0,4,0,1,39,0,4,0,9,26,6,1,0,5,0,0,3,0,1,0,0,0,1,0,0,0,1,0,0,0,1,0,7,0,4,0,0,0,0,0,0,0,0,0,0,3,1,0,0,0,0,8,2,2,1,2,0,1,0,3,1
44 - Αργολίδος,159 E.T. Δήμου Ναυπλιέων,152,109,0,0,0,109,33,24,6,1,0,0,34,13,6,0,11,3,1,0,0,0,0,0,28,0,0,0,19,9,3,1,0,0,0,0,0,0,0,0,0,0,1,0,0,0,0,0,0,0,0,0,1,0,0,1,0,0,0,0,0,0,0,0,0,0,0,0,0,0,0,8,2,2,1,0,0,0,0,0,0
44 - Αργολίδος,160 E.T. Δήμου Ναυπλιέων,390,256,1,2,3,253,66,27,27,1,2,1,109,39,31,1,16,14,7,1,1,2,0,1,49,0,13,0,17,18,0,0,0,0,0,0,1,0,0,0,0,0,3,0,2,0,1,0,0,0,0,0,10,1,1,8,0,0,0,0,0,0,0,0,0,0,0,0,0,0,0,3,0,1,1,0,0,0,0,4,2
44 - Αργολίδος,161 E.T. Δήμου Ναυπλιέων,394,261,2,0,2,259,86,48,20,3,3,1,93,30,30,0,11,17,6,0,0,5,0,1,49,0,8,3,14,24,6,0,0,4,0,0,1,1,0,0,0,0,2,0,1,0,1,1,0,0,0,0,8,1,2,3,0,0,0,0,0,0,0,0,0,0,0,0,0,0,0,6,1,0,2,0,0,0,0,1,1
44 - Αργολίδος,162 E.T. Δήμου Ναυπλιέων,218,104,1,1,2,102,29,20,5,1,1,0,40,20,11,0,8,1,8,0,0,4,4,0,11,1,4,0,3,2,3,0,0,0,0,1,1,0,0,0,0,0,0,0,0,0,0,0,0,0,0,0,7,2,0,5,0,0,0,0,0,0,0,0,0,0,0,0,0,0,0,1,0,0,0,1,0,1,0,1,1
44 - Αργολίδος,163 E.T. Δήμου Ναυπλιέων,557,382,1,3,4,378,89,26,35,2,4,0,204,57,42,0,65,21,7,0,0,6,0,0,40,0,6,0,11,20,2,0,0,0,0,0,1,1,0,0,0,0,1,0,0,0,3,0,3,0,0,0,14,4,4,1,0,0,0,0,1,0,0,0,0,1,1,0,0,0,0,9,2,0,2,4,2,0,0,2,1
44 - Αργολίδος,164 E.T. Δήμου Ναυπλιέων,567,358,3,3,6,352,58,24,20,4,3,1,202,66,28,2,70,18,3,0,0,1,0,2,53,0,9,2,14,25,6,0,0,1,0,1,1,1,0,0,0,0,2,0,1,1,0,0,0,0,0,0,11,1,4,2,0,0,0,0,1,0,0,0,0,1,1,0,0,0,0,7,2,0,3,2,0,0,2,5,2
44 - Αργολίδος,165 E.T. Δήμου Ναυπλιέων,441,268,1,0,1,267,69,20,16,5,4,1,107,47,31,1,5,20,8,0,0,2,0,0,36,0,7,0,28,1,12,0,2,5,1,0,0,0,0,0,0,0,0,0,0,0,18,14,0,4,0,0,6,1,2,3,1,1,0,0,0,0,0,0,0,4,1,0,0,3,0,5,0,0,2,0,0,0,0,1,0
44 - Αργολίδος,166 E.T. Δήμου Ναυπλιέων,424,257,2,2,4,253,72,21,19,4,3,4,87,43,14,0,5,18,13,0,0,9,0,2,48,0,13,2,31,2,5,0,0,1,2,0,0,0,0,0,0,0,0,0,0,0,8,6,0,2,0,0,9,2,1,4,0,0,0,0,1,1,0,0,0,1,0,0,1,0,0,3,0,1,2,1,0,1,0,5,2
44 - Αργολίδος,167 E.T. Δήμου Ναυπλιέων,451,279,11,1,12,267,74,25,28,2,1,3,78,39,16,1,3,12,11,0,0,4,0,1,57,0,12,3,32,9,10,4,0,0,0,0,2,0,0,0,0,0,0,0,0,0,8,6,0,2,0,0,10,1,6,2,0,0,0,0,2,0,0,0,0,0,0,0,0,0,0,9,2,1,2,1,0,1,0,5,1
44 - Αργολίδος,168 E.T. Δήμου Ναυπλιέων,365,252,3,2,5,247,72,16,31,1,6,2,52,12,22,0,3,9,8,0,0,6,0,0,72,1,5,9,37,15,12,4,0,5,1,1,0,0,0,0,0,0,0,0,0,0,6,5,0,1,0,0,9,2,3,1,0,0,1,0,1,0,0,0,0,5,0,3,0,1,1,6,1,0,2,2,0,0,0,1,0
44 - Αργολίδος,169 E.T. Δήμου Ναυπλιέων,376,249,5,0,5,244,83,23,18,1,17,5,79,25,28,0,5,15,3,0,0,2,0,1,45,0,3,15,16,6,17,15,0,0,0,1,1,0,0,0,0,0,0,0,0,0,0,0,0,0,0,0,2,0,0,0,0,0,0,0,1,0,0,0,0,0,0,0,0,0,0,11,3,2,1,1,0,1,0,1,0
44 - Αργολίδος,170 E.T. Δήμου Ναυπλιέων,385,236,2,1,3,233,42,0,16,2,1,2,122,78,19,0,3,18,5,0,1,2,1,1,29,0,14,0,13,1,6,3,0,2,0,0,5,0,2,0,0,0,0,0,0,0,0,0,0,0,0,0,13,6,2,1,0,0,0,0,0,0,0,0,0,2,0,2,0,0,0,4,0,0,3,1,1,0,0,4,0
44 - Αργολίδος,171 E.T. Δήμου Ναυπλιέων,374,226,2,1,3,223,34,4,12,2,0,3,147,106,20,0,5,13,2,1,0,0,0,0,21,0,5,0,12,4,3,1,0,1,0,0,3,0,3,0,0,0,1,0,0,0,0,0,0,0,0,0,7,2,2,1,0,0,0,0,2,2,0,0,0,0,0,0,0,0,0,1,1,0,0,0,0,0,0,2,2
44 - Αργολίδος,172 E.T. Δήμου Ναυπλιέων,385,229,0,1,1,228,28,4,8,3,1,4,116,91,15,0,1,6,5,0,0,2,0,0,56,0,34,1,13,5,0,0,0,0,0,0,5,3,1,0,0,0,0,0,0,0,0,0,0,0,0,0,12,2,6,1,0,0,0,0,2,1,0,0,0,0,0,0,0,0,0,2,0,0,2,0,0,0,0,2,1
44 - Αργολίδος,173 E.T. Δήμου Ναυπλιέων,527,355,4,2,6,349,86,24,29,3,4,5,128,44,27,0,20,30,13,1,0,4,2,1,65,1,21,2,38,0,7,1,0,2,1,0,5,0,1,0,0,0,1,0,1,0,4,3,0,1,0,0,14,0,12,1,2,0,0,0,4,3,0,1,0,1,0,0,0,0,0,14,6,1,2,1,0,1,0,4,0
44 - Αργολίδος,174 E.T. Δήμου Ναυπλιέων,161,113,1,0,1,112,46,6,15,1,16,0,37,16,14,0,0,7,2,0,0,2,0,0,21,0,2,0,14,5,4,2,0,0,0,2,0,0,0,0,0,0,0,0,0,0,2,2,0,0,0,0,0,0,0,0,0,0,0,0,0,0,0,0,0,0,0,0,0,0,0,0,0,0,0,0,0,0,0,0,0
44 - Αργολίδος,175 E.T. Δήμου Ναυπλιέων,321,223,0,1,1,222,51,10,16,2,5,3,72,10,9,0,1,48,7,0,0,7,0,0,65,0,10,0,35,20,12,8,0,1,0,0,0,0,0,0,0,0,0,0,0,0,4,3,1,0,0,0,2,0,2,0,2,1,0,0,0,0,0,0,0,3,2,1,0,0,0,3,0,1,0,0,0,0,0,1,0
44 - Αργολίδος,176 E.T. Δήμου Ναυπλιέων,341,229,7,0,7,222,60,12,27,2,2,4,66,17,5,0,5,27,14,0,0,12,0,0,44,0,9,0,30,4,19,11,0,2,1,0,0,0,0,0,1,1,0,0,0,0,8,2,0,6,0,0,5,2,1,0,1,0,1,0,0,0,0,0,0,2,0,2,0,0,0,1,0,0,0,0,0,0,0,0,0
44 - Αργολίδος,177 E.T. Δήμου Ναυπλιέων,519,371,5,0,5,366,119,27,48,2,5,3,62,15,24,0,3,11,5,0,0,4,0,0,110,0,15,0,84,10,52,29,3,6,1,1,0,0,0,0,0,0,2,1,0,0,0,0,0,0,0,0,4,1,1,0,0,0,0,0,0,0,0,0,0,0,0,0,0,0,0,4,1,1,1,7,0,0,7,1,0
44 - Αργολίδος,178 E.T. Δήμου Ναυπλιέων,173,125,2,1,3,122,17,3,3,1,1,1,31,5,0,0,0,22,4,0,0,2,0,0,23,0,2,1,20,0,42,31,0,1,0,3,0,0,0,0,0,0,1,0,0,0,0,0,0,0,0,0,0,0,0,0,0,0,0,0,0,0,0,0,0,0,0,0,0,0,0,3,2,0,0,0,0,0,0,1,1
44 - Αργολίδος,179 E.T. Δήμου Ναυπλιέων,358,259,0,1,1,258,49,10,13,0,2,4,48,11,7,0,7,15,9,0,0,8,0,0,126,0,3,0,113,9,6,0,0,1,0,1,0,0,0,0,0,0,1,0,0,0,1,0,1,0,0,0,5,1,0,0,0,0,0,0,1,0,0,0,0,2,0,0,0,0,0,6,1,2,0,0,0,0,0,4,3
44 - Αργολίδος,180 E.T. Δήμου Ναυπλιέων,336,239,0,1,1,238,44,12,12,1,6,2,51,17,11,0,5,14,5,0,0,4,0,0,120,0,3,0,110,7,3,2,0,1,0,0,0,0,0,0,0,0,0,0,0,0,6,3,3,0,0,0,4,0,4,0,0,0,1,0,0,0,0,0,0,0,0,0,0,0,0,3,0,0,0,0,0,0,0,1,1
44 - Αργολίδος,181 E.T. Δήμου Ναυπλιέων,530,375,7,2,9,366,89,14,43,5,5,2,95,35,26,0,13,15,4,1,0,2,0,0,124,2,24,3,74,20,19,13,2,4,0,0,0,0,0,0,0,0,1,1,0,0,8,7,0,0,0,0,10,1,5,1,0,0,0,0,2,0,0,0,0,1,0,0,0,0,0,11,6,1,2,2,0,0,0,0,0
44 - Αργολίδος,182 E.T. Δήμου Ναυπλιέων,376,245,3,0,3,242,55,20,13,0,3,0,109,35,21,5,19,14,14,2,0,0,0,10,34,1,11,0,14,6,19,0,13,0,0,0,2,0,1,0,0,0,0,0,0,0,1,0,0,0,0,1,3,1,0,1,0,0,0,0,0,0,0,0,0,0,0,0,0,0,0,3,1,0,0,1,0,1,0,1,1
44 - Αργολίδος,183 E.T. Δήμου Ναυπλιέων,368,233,4,0,4,229,69,24,24,3,1,0,87,35,16,0,14,8,12,0,0,0,0,11,28,0,5,0,10,10,5,1,2,1,0,0,4,1,0,0,0,0,2,0,0,0,3,3,0,0,0,0,9,1,4,2,0,0,0,0,3,0,0,0,0,0,0,0,0,0,0,5,0,0,0,0,0,0,0,2,0
44 - Αργολίδος,184 E.T. Δήμου Ναυπλιέων,437,313,10,1,11,302,68,26,18,5,3,0,129,51,26,0,18,24,5,0,0,3,1,1,50,0,15,0,12,22,17,0,6,1,0,2,1,0,0,0,0,0,2,0,0,1,4,0,2,0,0,2,10,3,5,2,0,0,0,0,0,0,0,0,0,4,1,0,0,2,0,9,1,0,2,2,0,0,1,1,0
44 - Αργολίδος,185 E.T. Δήμου Ναυπλιέων,527,313,3,2,5,308,82,18,29,4,13,0,144,71,25,0,25,15,2,0,0,2,0,0,36,0,13,2,18,0,17,0,4,6,0,1,1,0,0,0,0,0,3,2,0,0,1,0,0,0,0,1,4,0,3,1,0,0,0,0,1,0,0,0,0,4,4,0,0,0,0,12,3,2,1,1,0,0,0,0,0
44 - Αργολίδος,186 E.T. Δήμου Ναυπλιέων,508,313,3,3,6,307,71,27,21,1,4,0,135,51,29,4,25,17,12,1,0,5,0,0,37,0,12,0,22,2,16,2,6,4,2,0,3,0,0,1,0,0,2,0,0,0,3,0,3,0,0,0,8,0,4,2,0,0,0,0,0,0,0,0,0,0,0,0,0,0,0,15,4,1,0,2,0,0,0,3,1
44 - Αργολίδος,187 E.T. Δήμου Ναυπλιέων,500,311,1,1,2,309,83,20,33,1,7,3,125,57,18,0,13,22,7,0,0,4,0,0,31,0,7,0,18,5,20,1,4,7,1,1,3,1,0,0,0,0,4,0,0,0,2,0,2,0,0,0,3,1,0,1,0,0,0,0,5,0,0,2,1,4,0,0,0,3,0,17,1,2,2,1,0,0,0,4,1
44 - Αργολίδος,188 E.T. Δήμου Ναυπλιέων,536,357,4,1,5,352,97,21,38,7,9,1,148,57,29,1,24,28,6,0,0,2,0,0,39,1,10,2,13,10,17,0,4,5,2,1,4,0,0,1,0,0,0,0,0,0,2,0,2,0,0,0,15,0,8,3,0,0,0,0,2,1,0,0,0,0,0,0,0,0,0,14,3,0,5,5,0,1,0,3,1
44 - Αργολίδος,189 E.T. Δήμου Ναυπλιέων,552,332,2,1,3,329,76,17,16,2,9,4,164,65,31,0,19,24,9,1,0,3,2,1,29,1,5,1,18,2,11,0,4,1,0,0,5,2,0,0,0,0,2,0,0,0,0,0,0,0,0,0,12,1,2,3,0,0,0,0,1,0,0,0,0,2,0,0,0,0,0,14,7,2,0,4,1,0,0,0,0
44 - Αργολίδος,190 E.T. Δήμου Ναυπλιέων,537,372,4,3,7,365,88,28,34,2,9,0,160,61,29,1,22,29,9,4,0,2,0,0,52,1,19,1,20,7,14,0,1,7,1,2,1,0,0,0,0,0,2,0,2,0,3,0,1,0,0,0,14,4,6,4,0,0,0,0,5,1,1,2,0,3,1,0,0,0,0,8,1,1,2,2,0,1,1,4,1
44 - Αργολίδος,191 E.T. Δήμου Ναυπλιέων,514,299,5,2,7,292,99,31,29,2,5,2,104,42,29,1,9,14,6,0,0,2,1,1,34,0,9,0,16,5,21,0,9,6,1,0,1,1,0,0,0,0,0,0,0,0,0,0,0,0,0,0,9,2,2,3,0,0,2,0,0,0,0,0,0,3,2,0,0,1,0,8,2,1,1,0,0,0,0,5,3
44 - Αργολίδος,192 E.T. Δήμου Ναυπλιέων,513,324,4,2,6,318,87,28,32,5,5,0,134,39,35,14,14,25,11,0,0,5,0,1,36,0,6,2,15,10,17,0,5,8,0,1,0,0,0,0,0,0,0,0,0,0,3,0,2,0,0,1,12,1,4,5,0,0,0,0,0,0,0,0,0,1,1,0,0,0,0,12,3,2,3,2,0,1,0,3,1
44 - Αργολίδος,193 E.T. Δήμου Ναυπλιέων,523,334,5,3,8,326,99,15,37,4,10,6,129,51,37,0,21,11,13,0,0,7,0,1,32,0,9,0,14,8,11,0,3,4,0,0,2,2,0,0,0,0,3,1,0,0,5,0,3,0,0,2,4,2,1,0,0,0,1,0,1,0,1,0,0,0,0,0,0,0,0,16,8,1,1,3,0,1,0,7,5
44 - Αργολίδος,194 E.T. Δήμου Ναυπλιέων,516,337,4,2,6,331,78,16,28,2,6,3,140,62,23,1,23,16,13,2,2,1,1,1,47,0,20,0,16,10,6,0,1,2,1,0,3,0,0,1,0,0,3,0,0,0,1,0,0,0,1,0,12,2,6,4,2,1,0,0,3,0,0,1,1,2,1,0,0,0,1,13,1,0,6,3,0,1,1,5,4
44 - Αργολίδος,195 E.T. Δήμου Ναυπλιέων,486,302,2,3,5,297,78,23,38,2,5,1,127,49,18,1,22,19,6,0,0,3,0,0,38,1,11,0,17,7,15,0,4,4,0,1,4,2,1,0,0,0,3,0,0,0,0,0,0,0,0,0,8,4,2,0,0,0,0,0,1,0,0,1,0,1,1,0,0,0,0,13,5,1,2,1,0,1,0,2,1
44 - Αργολίδος,196 E.T. Δήμου Ναυπλιέων,502,321,2,2,4,317,95,31,32,2,5,3,131,63,29,1,9,18,5,0,0,4,0,0,33,1,12,0,18,2,13,1,6,1,0,0,4,0,0,0,0,0,1,0,1,0,1,0,1,0,0,0,19,3,8,6,0,0,0,0,1,0,0,0,1,0,0,0,0,0,0,6,0,2,2,4,1,1,0,4,2
44 - Αργολίδος,197 E.T. Δήμου Ναυπλιέων,509,324,4,0,4,320,88,27,31,3,7,2,137,70,26,0,10,15,6,1,0,1,0,2,43,1,14,0,24,3,13,1,3,7,0,0,0,0,0,0,0,0,0,0,0,0,1,0,0,0,0,0,7,1,4,0,0,0,1,0,3,0,0,0,1,2,0,0,0,2,0,11,4,3,2,5,0,2,1,3,0
44 - Αργολίδος,198 E.T. Δήμου Ναυπλιέων,497,290,2,1,3,287,79,22,31,4,4,1,119,46,28,0,10,23,8,2,1,0,2,0,31,1,11,1,12,4,8,0,0,3,0,0,4,2,2,0,0,0,3,0,1,1,1,0,0,1,0,0,10,2,6,1,1,1,0,0,4,1,0,0,1,0,0,0,0,0,0,14,4,0,2,3,1,0,1,2,1
44 - Αργολίδος,199 E.T. Δήμου Ναυπλιέων,504,340,5,4,9,331,95,26,34,6,9,4,141,51,33,2,24,13,3,0,0,2,0,1,36,0,18,0,10,6,18,0,8,7,2,0,1,1,0,0,0,0,1,0,0,0,2,0,0,0,1,1,5,0,3,0,0,0,0,0,0,0,0,0,0,3,2,0,0,0,0,17,2,2,4,3,1,0,1,6,5
44 - Αργολίδος,200 E.T. Δήμου Ναυπλιέων,551,340,4,2,6,334,77,24,24,4,7,5,156,47,53,2,18,24,1,0,0,0,0,0,48,0,14,0,16,15,14,2,3,6,0,0,2,0,0,1,1,0,1,0,0,1,2,0,1,0,0,1,12,1,6,3,0,0,0,0,1,1,0,0,0,1,1,0,0,0,0,10,2,1,2,0,0,0,0,8,6
44 - Αργολίδος,201 E.T. Δήμου Ναυπλιέων,542,368,4,3,7,361,105,31,37,3,8,3,161,79,30,1,19,18,2,0,0,0,0,1,29,0,11,0,14,3,16,1,1,6,2,0,1,0,0,0,0,0,1,0,0,0,6,0,6,0,0,0,16,1,5,1,0,0,0,0,3,0,1,0,0,1,1,0,0,0,0,15,1,1,6,5,1,2,0,0,0
44 - Αργολίδος,202 E.T. Δήμου Ναυπλιέων,529,340,4,3,7,333,77,31,27,3,2,0,147,50,34,2,17,28,7,1,0,3,0,3,52,0,10,0,26,13,17,2,2,7,2,0,6,1,2,0,0,0,0,0,0,0,0,0,0,0,0,0,9,2,4,3,1,1,1,0,0,0,0,0,0,0,0,0,0,0,0,9,2,1,1,2,1,1,0,5,1
44 - Αργολίδος,203 E.T. Δήμου Ναυπλιέων,551,348,5,3,8,340,89,20,42,3,10,3,155,58,36,1,15,22,5,1,0,0,1,0,36,1,12,0,15,5,14,2,6,3,0,0,2,0,2,0,0,0,2,0,1,0,0,0,0,0,0,0,14,4,2,4,1,0,1,0,1,1,0,0,0,1,0,0,0,0,0,11,0,1,6,3,0,2,1,5,2
44 - Αργολίδος,204 E.T. Δήμου Ναυπλιέων,531,347,4,1,5,342,97,28,28,8,4,3,132,49,30,1,22,18,10,1,0,1,4,1,55,1,22,1,17,11,14,1,2,2,1,0,1,0,0,1,1,1,1,0,0,0,2,0,2,0,0,0,8,1,5,0,0,0,0,0,2,0,0,0,0,0,0,0,0,0,0,14,2,1,1,2,0,0,0,3,3
44 - Αργολίδος,205 E.T. Δήμου Ναυπλιέων,533,332,4,1,5,327,103,36,5,6,3,0,111,55,19,2,7,15,4,2,0,0,0,2,45,0,20,0,20,3,29,1,5,8,2,3,7,3,1,0,0,0,3,0,0,1,2,1,1,0,0,0,4,3,0,0,0,0,0,0,1,0,0,1,0,1,0,0,0,1,0,14,2,0,1,0,0,0,0,3,1
44 - Αργολίδος,206 E.T. Δήμου Ναυπλιέων,555,347,5,7,12,335,90,28,34,3,4,2,135,44,30,0,29,17,15,0,1,6,2,2,24,0,10,0,7,5,18,1,2,8,2,1,4,1,2,0,0,0,2,0,0,1,1,0,1,0,0,0,14,3,2,5,0,0,0,0,2,0,0,1,0,5,0,0,1,3,0,12,6,1,2,8,1,2,0,5,2
44 - Αργολίδος,207 E.T. Δήμου Ναυπλιέων,554,344,0,0,0,344,87,28,26,3,11,6,138,55,34,0,10,23,7,0,1,4,1,0,45,1,13,1,16,10,26,3,10,5,2,0,5,0,1,0,0,0,1,0,0,0,1,0,1,0,0,0,11,4,3,1,0,0,0,0,0,0,0,0,0,3,1,0,0,1,0,14,2,2,5,4,0,2,0,2,1
44 - Αργολίδος,208 E.T. Δήμου Ναυπλιέων,411,311,2,0,2,309,63,30,14,2,4,0,162,73,30,1,11,28,5,0,0,3,0,0,45,0,10,0,19,14,7,0,0,2,0,1,1,0,0,0,0,0,0,0,0,0,1,1,0,0,0,0,11,2,5,3,0,0,0,0,2,1,0,0,0,0,0,0,0,0,0,6,2,0,1,3,1,2,0,3,1
44 - Αργολίδος,209 E.T. Δήμου Ναυπλιέων,468,281,3,7,10,271,72,23,24,1,4,3,122,53,19,1,17,18,5,1,0,1,0,1,39,0,12,1,13,11,7,2,3,0,0,1,2,2,0,0,0,0,1,0,0,0,0,0,0,0,0,0,6,0,2,2,1,0,0,0,2,0,0,0,0,1,0,0,0,1,0,11,1,2,1,1,0,0,0,1,1
44 - Αργολίδος,210 E.T. Δήμου Ναυπλιέων,477,334,2,1,3,331,83,23,35,3,4,1,137,68,17,1,30,9,15,0,0,10,0,0,41,0,15,0,21,2,12,0,6,1,0,1,3,1,1,0,0,0,0,0,0,0,2,0,1,1,0,0,13,5,2,2,2,1,0,0,2,1,0,0,1,1,0,0,1,0,0,14,3,1,4,2,0,2,0,4,1
44 - Αργολίδος,211 E.T. Δήμου Ναυπλιέων,472,313,3,3,6,307,81,35,23,2,5,1,110,45,10,1,16,26,13,3,0,4,0,4,47,0,12,0,17,15,11,0,0,8,0,1,3,1,0,0,0,0,0,0,0,0,1,0,0,0,0,0,14,4,5,0,1,1,0,0,1,0,0,0,0,3,0,0,0,0,2,16,2,0,7,2,0,0,0,4,2
44 - Αργολίδος,212 E.T. Δήμου Ναυπλιέων,467,266,1,2,3,263,70,25,22,4,3,0,94,46,13,1,4,16,0,0,0,0,0,0,42,0,6,0,14,17,27,0,9,6,0,1,0,0,0,0,0,0,0,0,0,0,1,0,0,0,1,0,4,2,1,0,0,0,1,1,5,0,0,3,1,0,0,0,0,0,0,14,9,1,1,1,1,0,0,4,4
44 - Αργολίδος,213 E.T. Δήμου Ναυπλιέων,570,343,1,5,6,337,95,26,40,2,1,2,121,80,9,0,5,12,6,1,1,2,0,1,46,0,7,3,23,11,16,0,8,1,0,2,1,1,0,0,0,0,0,0,0,0,7,1,1,0,0,5,6,0,3,0,0,0,0,0,9,0,0,5,3,1,0,0,0,0,0,21,12,1,1,0,0,0,0,8,5
44 - Αργολίδος,214 E.T. Δήμου Ναυπλιέων,123,101,0,0,0,101,14,1,6,1,1,0,66,36,10,1,0,10,2,0,0,0,0,1,16,0,3,0,8,4,0,0,0,0,0,0,2,0,0,1,0,0,0,0,0,0,0,0,0,0,0,0,0,0,0,0,0,0,0,0,0,0,0,0,0,1,0,0,0,0,1,0,0,0,0,0,0,0,0,0,0
44 - Αργολίδος,215 E.T. Δήμου Ναυπλιέων,526,386,3,1,4,382,72,40,15,2,0,0,160,87,28,0,17,14,6,0,0,2,0,3,103,3,6,2,37,54,4,0,0,1,2,0,0,0,0,0,0,0,0,0,0,0,2,0,0,0,0,1,22,1,12,1,0,0,0,0,0,0,0,0,0,5,0,0,0,5,0,5,3,0,1,0,0,0,0,3,3
44 - Αργολίδος,216 E.T. Δήμου Ναυπλιέων,531,324,3,2,5,319,86,32,24,2,4,2,131,52,23,0,22,20,10,3,0,3,0,2,49,0,9,1,24,14,5,2,0,2,0,0,3,1,1,0,0,0,1,0,1,0,10,0,8,1,0,0,7,0,1,2,0,0,0,0,0,0,0,0,0,0,0,0,0,0,0,12,3,2,0,0,0,0,0,5,2
44 - Αργολίδος,217 E.T. Δήμου Ναυπλιέων,570,346,8,2,10,336,84,35,20,4,2,2,138,61,20,0,23,23,5,1,1,1,0,0,68,0,18,0,38,10,11,1,0,4,0,0,2,0,0,1,0,0,2,2,0,0,3,1,2,0,0,0,8,1,5,1,0,0,0,0,0,0,0,0,0,1,1,0,0,0,0,12,6,1,2,2,1,1,0,0,0
44 - Αργολίδος,218 E.T. Δήμου Ναυπλιέων,538,335,7,3,10,325,90,34,26,5,2,1,138,47,18,2,18,31,4,0,1,2,0,0,59,0,9,1,39,9,12,0,3,3,0,0,1,0,0,0,0,0,0,0,0,0,1,0,1,0,0,0,5,0,3,1,0,0,0,0,0,0,0,0,0,3,2,0,0,0,1,6,3,0,0,0,0,0,0,6,1
44 - Αργολίδος,Ετερ. Αργολίδος (από 14ο Ε.Τ. Νομ. Αττικής-Αθηνών),433,275,2,0,2,273,87,10,18,14,10,10,110,63,25,4,4,6,9,0,1,2,2,0,16,0,8,2,0,4,23,1,4,3,1,4,1,0,0,1,0,0,1,0,0,0,0,0,0,0,0,0,4,2,0,0,0,0,0,0,3,0,0,1,0,1,0,0,0,0,0,11,1,2,5,0,0,0,0,7,3
44 - Αργολίδος,Ετερ. Αργολίδος (από Εφετείο Πειραιώς),66,35,0,0,0,35,7,0,1,0,1,2,20,5,3,4,4,1,0,0,0,0,0,0,1,0,1,0,0,0,1,0,0,0,0,0,1,0,0,0,0,0,0,0,0,0,0,0,0,0,0,0,2,0,2,0,0,0,0,0,1,0,0,1,0,0,0,0,0,0,0,2,0,0,0,0,0,0,0,0,0
44 - Αργολίδος,ΑΓΡΟΤΙΚΟ ΚΑΤΑΣΤΗΜΑ ΚΡΑΤΗΣΗΣ ΕΝΗΛΙΚΩΝ ΤΙΡΥΝΘΑΣ,50,48,0,0,0,48,42,13,1,2,0,3,1,0,0,0,0,1,1,0,0,0,0,0,1,0,1,0,0,0,0,0,0,0,0,0,0,0,0,0,0,0,1,0,0,0,1,1,0,0,0,0,0,0,0,0,0,0,0,0,0,0,0,0,0,0,0,0,0,0,0,0,0,0,0,1,0,0,0,0,0
44 - Αργολίδος,ΚΑΤΑΣΤΗΜΑ ΚΡΑΤΗΣΗΣ ΝΑΥΠΛΙΟΥ,170,134,16,0,16,118,65,24,0,5,2,7,37,33,0,0,2,0,2,1,0,0,0,0,4,1,1,0,2,0,1,1,0,0,0,0,1,0,0,0,0,0,2,0,0,0,0,0,0,0,0,0,1,0,0,0,4,2,1,0,0,0,0,0,0,0,0,0,0,0,0,0,0,0,0,0,0,0,0,0,0
Σύνολο,,95643,58609,650,345,995,57614,14400,3506,3905,668,2046,1097,25024,10082,5440,593,1727,5125,1551,146,66,614,142,141,8541,172,2707,186,3142,1981,2051,294,242,479,144,246,397,93,118,18,12,6,166,22,36,10,315,88,88,31,7,75,1871,445,689,265,59,32,40,14,239,54,25,39,24,166,44,18,7,37,11,1802,366,375,310,314,49,93,35,666,357
