ΠΕΡΙΦΕΡΕΙΑ,ΕΚΛΟΓΙΚΟ ΤΜΗΜΑ,ΕΓΓΕΓΡΑΜΜΕΝΟΙ,ΨΗΦΙΣΑΝΤΕΣ,ΑΚΥΡΑ,ΛΕΥΚΑ,ΑΚΥΡΑ & ΛΕΥΚΑ,ΕΓΚΥΡΑ,ΣΥΡΙΖΑ,ΜΗΤΡΟΠΟΥΛΟΥ ΜΑΡΙΑ του Παντελή,ΠΑΠΑΗΛΙΟΥ ΓΕΩΡΓΙΟΣ του Ηλία,ΡΟΥΣΙΑΣ ΜΑΡΙΝΟΣ του Ιωάννη,ΣΑΡΑΝΤΟΠΟΥΛΟΥ ΜΑΥΡΑ του Σπυρίδωνος,ΣΤΑΪΚΟΣ ΧΡΗΣΤΟΣ του Δημητρίου,Νέα Δημοκρατία,ΒΛΑΣΗΣ ΚΩΝΣΤΑΝΤΙΝΟΣ του Γεωργίου,ΓΙΑΝΝΑΚΟΠΟΥΛΟΣ ΝΙΚΟΛΑΟΣ του Γεωργίου,ΚΑΤΣΙΡΗΣ ΙΩΑΝΝΗΣ του Δημητρίου,ΛΥΤΡΙΒΗ ΙΩΑΝΝΑ του Δημητρίου,ΠΑΠΑΗΛΙΟΥ ΒΑΣΙΛΙΚΗ (ΒΑΛΥ) του Γεωργίου,Λαϊκός Σύνδεσμος - Χρυσή Αυγή,ΒΟΓΛΗ ΔΕΣΠΟΙΝΑ του Αγγελου,ΗΛΙΟΠΟΥΛΟΥ ΔΑΦΝΗ του Γαβριήλ,ΚΟΛΟΚΟΤΡΩΝΗΣ ΒΑΣΙΛΕΙΟΣ του Θεοδώρου,ΣΚΑΝΤΖΟΣ ΝΙΚΟΛΑΟΣ του Ηλία,ΧΑΡΜΠΗΣ ΒΑΣΙΛΕΙΟΣ του Ιωάννη,Κίνημα Αλλαγής,ΑΘΑΝΑΣΟΠΟΥΛΟΣ ΓΕΩΡΓΙΟΣ του Δημητρίου,ΒΟΓΙΑΤΖΟΓΛΟΥ ΚΩΝΣΤΑΝΤΙΝΑ του Χρήστου,ΚΩΝΣΤΑΝΤΙΝΟΠΟΥΛΟΣ ΟΔΥΣΣΕΑΣ του Κωνσταντίνου,ΠΡΑΧΑΛΙΑΣ ΓΕΩΡΓΙΟΣ του Θεοδώρου,ΣΑΡΑΝΤΟΠΟΥΛΟΥ ΑΔΑΜΑΝΤΙΑ του Αριστείδη,Κ.Κ.Ε.,ΔΙΑΜΑΝΤΑΚΟΣ ΗΛΙΑΣ του Κωνσταντίνου,ΜΠΟΥΡΣΙΑΝΗΣ ΙΩΑΝΝΗΣ του Δημητρίου,ΠΑΝΟΥΣΗ ΠΑΝΑΓΙΩΤΑ του Βασιλείου,ΡΟΥΣΑΛΗΣ ΙΩΑΝΝΗΣ του Παναγιώτη,ΦΡΑΓΚΟΥ ΣΤΑΥΡΟΥΛΑ του Ιωάννη,Ένωση Κεντρώων,ΓΙΑΝΝΟΠΟΥΛΟΣ ΓΕΩΡΓΙΟΣ του Αγγελή,ΞΑΝΘΟΠΟΥΛΟΥ ΓΕΩΡΓΙΑ του Γεωργίου,ΡΩΣΣΟΣ ΔΗΜΗΤΡΙΟΣ του Γεωργίου,Ο.Κ.Δ.Ε.,ΠΡΙΦΤΗ ΕΥΓΕΝΙΑ του Γιοσήφ,ΑΝΤ.ΑΡ.ΣΥ.Α.,ΚΑΣΣΕΛΟΥΡΗΣ ΧΡΗΣΤΟΣ του Γεωργίου,Ελλήνων Συνέλευσις,ΚΑΡΑΛΕΚΑ ΠΑΡΑΣΚΕΥΗ του Ιωάννη,ΛΙΑΜΠΟΤΗΣ ΠΑΝΑΓΙΩΤΗΣ του Σαράντη,ΣΚΑΝΤΖΟΣ ΠΑΝΑΓΙΩΤΗΣ του Ιωάννη,Ελληνική Λύση - Κ. Βελόπουλος,ΑΛΕΞΟΠΟΥΛΟΣ ΔΗΜΗΤΡΙΟΣ του Παναγιώτη,ΝΙΚΟΛΑΟΥ ΑΝΤΩΝΙΟΣ του Αναστασίου,ΠΟΛΙΤΗ ΖΑΧΑΡΕΝΙΑ του Ηλία,Κ.Κ.Ε. (μ-λ),ΚΑΤΡΑΛΗΣ ΒΑΣΙΛΕΙΟΣ του Κωνσταντίνου,Μ-Λ Κ.Κ.Ε.,ΒΑΡΕΛΑ ΜΑΛΑΜΩ του Ευαγγέλου,Ε.ΠΑ.Μ - Α.Κ.Κ.ΕΛ,ΑΝΑΝΙΑΔΟΥ ΙΩΑΝΝΑ του Ιωάννη,ΔΡΑΚΟΣ ΔΗΜΗΤΡΙΟΣ του Κανέλλου,ΜΑΡΝΕΡΗΣ ΚΩΝΣΤΑΝΤΙΝΟΣ του Αποστόλου,ΠΕΠΠΑΣ ΓΕΩΡΓΙΟΣ του Ιωάννη,ΣΤΡΕΜΠΑ ΦΩΤΕΙΝΗ του Δημητρίου,Λαϊκή Ενότητα,ΑΛΕΞΑΝΔΡΗΣ ΣΑΡΑΝΤΟΣ του Νικολάου,ΓΕΩΡΓΙΟΠΟΥΛΟΥ ΙΟΥΛΙΑ (ΗΛΙΑΝΑ) του Δημητρίου,ΠΑΝΑΓΟΠΟΥΛΟΥ ΕΛΕΝΗ του Γεωργίου,ΣΤΑΘΟΠΟΥΛΟΣ ΙΩΑΝΝΗΣ του Κωνσταντίνου,ΧΟΥΝΤΗΣ ΠΑΝΑΓΙΩΤΗΣ του Βασιλείου,ΜέΡΑ25,ΓΑΒΡΑΣ ΔΗΜΗΤΡΙΟΣ του Θεοδώρου,ΓΚΑΡΤΖΟΣ ΔΗΜΗΤΡΙΟΣ του Κωνσταντίνου,ΚΟΥΤΡΗ ΕΛΕΝΗ του Χρήστου,Δημιουργία ξανά - Θ. Τζήμερος,ΓΑΡΤΑΓΑΝΗΣ ΧΑΡΑΛΑΜΠΟΣ του Κωνσταντίνου,ΔΑΣΚΑΛΟΠΟΥΛΟΥ ΣΠΥΡΙΔΟΥΛΑ του Γεωργίου,ΣΤΑΘΗΣ ΔΙΟΝΥΣΙΟΣ του Γρηγορίου,Πλεύση Ελευθερίας - Ζωή Κωνστ.,ΘΕΟΔΟΣΟΠΟΥΛΟΣ ΔΗΜΗΤΡΙΟΣ του Βασιλείου
45 - Αρκαδίας,1 E.T. Δήμου Βόρειας Κυνουρίας,535,321,8,3,11,310,75,6,15,2,3,16,146,42,4,13,69,2,6,0,0,1,4,0,32,1,0,16,10,1,18,0,1,6,3,2,1,0,0,0,0,0,4,1,5,0,0,5,9,3,1,1,0,0,1,0,2,0,1,0,0,0,0,0,0,0,0,0,7,1,1,0,0,0,0,0,4,2
45 - Αρκαδίας,2 E.T. Δήμου Βόρειας Κυνουρίας,513,305,5,3,8,297,53,8,8,0,3,2,171,41,2,47,55,2,7,0,1,1,0,3,26,1,0,9,9,2,12,2,0,5,0,1,4,0,1,1,1,0,1,1,0,0,0,1,8,2,2,1,2,1,0,0,1,0,0,0,0,0,0,0,0,0,0,0,5,0,1,1,2,0,0,0,4,3
45 - Αρκαδίας,3 E.T. Δήμου Βόρειας Κυνουρίας,517,330,2,0,2,328,78,8,24,7,3,13,150,55,6,20,48,3,5,0,0,0,4,1,39,1,2,24,6,1,25,2,1,6,10,2,1,1,0,0,0,0,1,0,4,0,0,4,9,4,2,0,0,0,0,0,1,1,0,0,0,0,1,0,0,1,0,0,6,1,0,2,1,1,0,0,7,4
45 - Αρκαδίας,4 E.T. Δήμου Βόρειας Κυνουρίας,545,349,3,3,6,343,92,7,26,4,7,21,155,41,3,21,70,4,9,1,0,0,4,0,27,1,0,13,9,0,12,3,0,1,1,0,3,0,0,1,0,0,9,6,2,0,0,2,11,7,1,1,0,0,0,0,0,0,0,0,0,0,3,0,0,0,0,0,14,2,0,5,3,1,0,0,3,0
45 - Αρκαδίας,5 E.T. Δήμου Βόρειας Κυνουρίας,518,330,2,1,3,327,95,5,22,9,3,29,155,64,6,21,48,3,7,0,0,0,5,2,31,0,0,19,4,2,6,1,0,1,0,1,6,4,0,0,0,0,0,0,0,0,0,0,16,7,1,2,0,0,0,0,0,0,0,0,0,0,0,0,0,0,0,0,10,1,2,2,0,0,0,0,1,1
45 - Αρκαδίας,6 E.T. Δήμου Βόρειας Κυνουρίας,141,56,0,0,0,56,10,0,4,0,1,3,22,13,3,1,0,0,10,0,0,0,5,2,8,0,0,7,1,0,3,1,0,0,1,0,1,1,0,0,0,0,0,0,0,0,0,0,0,0,0,0,0,0,0,0,0,0,0,0,0,0,0,0,0,0,0,0,1,0,0,0,0,0,0,0,1,1
45 - Αρκαδίας,7 E.T. Δήμου Βόρειας Κυνουρίας,446,281,3,3,6,275,82,10,11,7,2,29,116,28,0,8,63,0,3,0,0,0,1,0,35,1,0,16,14,0,12,2,0,1,5,0,1,1,0,0,0,0,0,0,7,0,0,7,8,3,1,2,0,0,0,0,1,0,0,0,0,0,0,0,0,0,0,0,6,1,3,0,2,0,1,0,2,2
45 - Αρκαδίας,8 E.T. Δήμου Βόρειας Κυνουρίας,459,286,3,2,5,281,62,7,14,6,3,21,142,62,1,6,64,1,11,0,1,0,7,0,22,0,2,9,8,1,15,0,0,1,5,0,1,0,0,0,0,0,0,0,9,0,0,2,7,3,1,1,0,0,1,1,2,0,0,0,1,0,0,0,0,0,0,0,6,2,0,1,0,0,0,0,3,2
45 - Αρκαδίας,9 E.T. Δήμου Βόρειας Κυνουρίας,142,41,2,0,2,39,5,0,0,0,0,2,22,6,0,6,4,2,0,0,0,0,0,0,8,0,0,5,0,0,3,1,0,0,0,0,0,0,0,0,0,0,0,0,0,0,0,0,1,0,0,0,0,0,0,0,0,0,0,0,0,0,0,0,0,0,0,0,0,0,0,0,0,0,0,0,0,0
45 - Αρκαδίας,10 E.T. Δήμου Βόρειας Κυνουρίας,582,269,6,0,6,263,64,6,24,17,3,4,125,45,6,34,24,1,5,0,0,2,0,1,38,0,1,18,12,4,17,1,3,0,5,0,1,0,1,0,0,0,1,0,0,0,0,0,3,1,0,0,2,0,0,0,1,0,0,0,0,0,2,0,1,0,0,0,3,1,1,0,1,0,1,0,0,0
45 - Αρκαδίας,11 E.T. Δήμου Βόρειας Κυνουρίας,566,278,11,0,11,267,67,4,15,16,2,4,132,70,7,15,32,1,9,1,0,1,2,4,33,1,1,20,6,1,10,1,0,1,2,1,1,0,1,0,0,0,0,0,0,0,0,0,4,1,1,0,0,0,0,0,0,0,0,0,0,0,1,0,1,0,0,0,4,1,0,2,2,1,0,1,4,0
45 - Αρκαδίας,12 E.T. Δήμου Βόρειας Κυνουρίας,474,274,1,1,2,272,82,11,27,3,3,23,122,68,1,16,20,1,11,0,1,1,4,5,29,1,0,11,5,2,11,1,0,3,0,0,4,0,1,0,0,0,1,1,0,0,0,0,3,2,0,0,0,0,0,0,0,0,0,0,0,0,1,0,0,0,0,1,1,0,0,0,2,0,0,0,5,0
45 - Αρκαδίας,13 E.T. Δήμου Βόρειας Κυνουρίας,406,225,2,1,3,222,54,4,12,9,2,12,123,60,1,10,37,2,3,0,0,0,2,0,16,0,1,9,3,1,7,1,0,5,0,0,5,1,0,0,0,0,0,0,0,0,0,0,2,0,0,0,1,0,0,0,2,0,0,0,0,1,0,0,0,0,0,0,7,1,1,2,0,0,0,0,2,1
45 - Αρκαδίας,14 E.T. Δήμου Βόρειας Κυνουρίας,590,344,4,3,7,337,103,4,38,5,2,27,134,67,9,23,25,2,8,0,0,0,5,2,56,2,3,31,9,3,8,0,0,2,2,1,2,0,0,1,0,0,1,0,1,0,0,1,5,0,0,2,1,0,0,0,2,0,0,0,0,0,2,0,0,0,1,0,12,0,1,4,1,0,1,0,1,1
45 - Αρκαδίας,15 E.T. Δήμου Βόρειας Κυνουρίας,582,328,7,7,14,314,86,4,28,9,1,26,113,55,9,23,20,0,9,1,0,1,4,1,62,4,1,35,14,1,15,0,0,0,2,3,4,0,1,0,0,0,1,0,0,0,0,0,9,4,1,2,1,0,1,0,0,0,0,0,0,0,5,0,0,0,5,0,7,2,2,1,1,1,0,0,0,0
45 - Αρκαδίας,16 E.T. Δήμου Βόρειας Κυνουρίας,164,36,0,0,0,36,5,0,0,0,0,0,26,0,0,0,0,0,0,0,0,0,0,0,2,0,0,0,0,0,0,0,0,0,0,0,0,0,0,0,0,0,0,0,0,0,0,0,0,0,0,0,0,0,0,0,0,0,0,0,0,0,0,0,0,0,0,0,2,0,0,0,0,0,0,0,1,0
45 - Αρκαδίας,17 E.T. Δήμου Βόρειας Κυνουρίας,150,22,0,1,1,21,5,0,1,0,1,2,12,8,1,2,1,0,1,0,0,0,1,0,1,0,0,1,0,0,0,0,0,0,0,0,1,0,0,0,0,0,0,0,0,0,0,0,0,0,0,0,0,0,0,0,0,0,0,0,0,0,0,0,0,0,0,0,1,0,0,1,0,0,0,0,0,0
45 - Αρκαδίας,18 E.T. Δήμου Βόρειας Κυνουρίας,403,186,2,1,3,183,46,9,2,1,3,19,66,17,3,6,29,5,0,0,0,0,0,0,41,2,0,30,5,0,9,2,0,2,0,0,2,2,0,0,2,0,1,0,0,0,0,0,2,1,0,0,0,0,1,1,2,0,0,0,0,0,0,0,0,0,0,0,10,2,2,3,0,0,0,0,1,1
45 - Αρκαδίας,19 E.T. Δήμου Βόρειας Κυνουρίας,472,173,1,1,2,171,51,2,17,9,2,13,72,34,2,20,8,3,8,0,0,1,1,5,13,0,0,6,5,0,5,1,0,1,0,1,2,0,0,0,0,0,0,0,0,0,0,0,7,4,1,1,0,0,0,0,1,0,1,0,0,0,0,0,0,0,0,0,10,4,0,4,0,1,1,0,2,2
45 - Αρκαδίας,20 E.T. Δήμου Βόρειας Κυνουρίας,492,151,3,0,3,148,41,2,12,6,2,8,57,22,3,11,10,0,6,0,0,1,3,0,10,0,0,2,3,2,3,0,0,0,1,1,3,1,0,0,0,0,1,1,0,0,0,0,11,1,0,1,0,0,0,0,1,0,0,0,0,0,0,0,0,0,0,0,13,3,2,2,2,0,1,0,0,0
45 - Αρκαδίας,21 E.T. Δήμου Βόρειας Κυνουρίας,387,260,6,0,6,254,74,9,21,9,2,7,124,12,0,0,104,0,5,0,0,0,3,0,27,0,2,17,1,0,17,2,0,2,10,0,1,1,0,0,0,0,0,0,1,0,0,1,3,0,0,1,0,0,0,0,0,0,0,0,0,0,0,0,0,0,0,0,2,0,0,0,0,0,0,0,0,0
45 - Αρκαδίας,22 E.T. Δήμου Βόρειας Κυνουρίας,386,269,0,2,2,267,39,0,0,0,0,0,171,0,0,0,0,0,3,0,0,0,0,0,27,0,0,0,0,0,10,0,0,0,0,0,2,0,0,0,0,0,0,0,2,0,0,0,4,0,0,0,0,0,0,0,0,0,0,0,0,0,2,0,0,0,0,0,3,0,0,0,2,0,0,0,2,0
45 - Αρκαδίας,23 E.T. Δήμου Βόρειας Κυνουρίας,262,146,0,2,2,144,50,2,12,10,4,7,57,21,2,2,21,1,2,0,0,0,1,1,21,1,0,9,1,1,8,0,0,0,4,0,1,1,0,0,0,0,0,0,1,0,0,1,1,0,0,0,0,0,0,0,0,0,0,0,0,0,0,0,0,0,0,0,2,2,0,0,1,0,1,0,0,0
45 - Αρκαδίας,24 E.T. Δήμου Βόρειας Κυνουρίας,572,366,6,3,9,357,71,8,22,0,0,15,151,65,2,15,53,0,8,0,0,1,3,0,37,3,0,29,2,1,33,3,0,2,17,3,6,2,3,0,0,0,3,2,2,0,0,2,14,8,0,4,0,0,0,0,4,1,1,1,0,0,0,0,0,0,0,0,17,6,0,5,3,0,0,1,8,5
45 - Αρκαδίας,25 E.T. Δήμου Βόρειας Κυνουρίας,209,93,0,0,0,93,39,8,10,7,0,4,28,12,0,9,1,1,2,0,0,0,0,1,3,0,0,1,0,0,11,1,0,3,2,1,1,0,0,0,0,0,0,0,0,0,0,0,3,0,0,1,0,0,0,0,0,0,0,0,0,0,0,0,0,0,0,0,5,1,1,0,1,0,0,0,0,0
45 - Αρκαδίας,26 E.T. Δήμου Βόρειας Κυνουρίας,128,46,1,0,1,45,18,0,11,2,2,3,19,8,5,0,3,0,2,0,0,0,1,0,0,0,0,0,0,0,1,1,0,0,0,0,0,0,0,0,0,0,0,0,0,0,0,0,2,2,0,0,0,0,0,0,2,0,0,0,0,0,0,0,0,0,0,0,0,0,0,0,0,0,0,0,1,1
45 - Αρκαδίας,27 E.T. Δήμου Βόρειας Κυνουρίας,296,219,2,3,5,214,55,8,16,2,1,16,109,39,1,19,26,2,0,0,0,0,0,0,32,0,0,19,6,1,3,0,0,0,0,1,2,1,0,0,0,0,0,0,0,0,0,0,8,3,0,0,0,0,0,0,0,0,0,0,0,0,0,0,0,0,0,0,4,2,1,0,0,0,0,0,1,0
45 - Αρκαδίας,28 E.T. Δήμου Βόρειας Κυνουρίας,494,318,7,0,7,311,109,5,25,10,1,24,123,50,1,19,39,0,8,1,1,1,2,1,20,0,0,14,0,2,13,1,0,1,3,1,1,0,0,0,0,0,2,0,0,0,0,0,2,1,0,0,0,0,0,0,3,1,0,1,0,0,0,0,0,0,0,0,25,4,4,4,0,0,0,0,5,2
45 - Αρκαδίας,29 E.T. Δήμου Βόρειας Κυνουρίας,519,305,2,0,2,303,92,13,15,8,3,17,131,53,4,19,37,1,6,1,0,3,0,0,26,1,0,19,2,1,13,0,1,0,3,0,4,0,2,0,0,0,2,0,1,0,0,0,4,1,0,2,1,0,1,1,1,0,0,0,0,0,0,0,0,0,0,0,17,0,1,4,1,0,0,1,3,3
45 - Αρκαδίας,30 E.T. Δήμου Βόρειας Κυνουρίας,210,75,0,1,1,74,18,2,0,9,1,2,42,10,1,13,15,0,1,0,0,0,0,0,8,0,0,5,3,0,1,0,0,0,0,0,0,0,0,0,0,0,0,0,0,0,0,0,2,0,2,0,0,0,0,0,0,0,0,0,0,0,0,0,0,0,0,0,1,1,0,0,0,0,0,0,1,1
45 - Αρκαδίας,31 E.T. Δήμου Βόρειας Κυνουρίας,102,38,2,0,2,36,17,1,9,0,1,2,11,7,1,1,2,0,1,0,0,0,1,0,3,0,0,3,0,0,2,0,0,2,0,0,1,0,1,0,0,0,0,0,1,0,0,1,0,0,0,0,0,0,0,0,0,0,0,0,0,0,0,0,0,0,0,0,0,0,0,0,0,0,0,0,0,0
45 - Αρκαδίας,32 E.T. Δήμου Βόρειας Κυνουρίας,309,164,0,2,2,162,68,0,0,0,0,0,50,0,0,0,0,0,8,0,0,0,0,0,13,0,0,0,0,0,9,0,0,0,0,0,2,0,0,0,0,0,3,0,1,0,0,0,3,0,0,0,0,0,1,0,2,0,0,0,0,0,0,0,0,0,0,0,1,0,0,0,0,0,0,0,1,0
45 - Αρκαδίας,33 E.T. Δήμου Βόρειας Κυνουρίας,439,247,7,2,9,238,58,6,22,3,1,15,119,44,0,2,59,4,3,0,0,0,3,0,17,0,0,10,1,1,12,0,2,0,5,0,2,1,0,0,0,0,4,0,4,0,0,4,9,2,1,3,0,0,0,0,0,0,0,0,0,0,0,0,0,0,0,0,4,0,2,0,2,0,1,0,4,2
45 - Αρκαδίας,34 E.T. Δήμου Βόρειας Κυνουρίας,363,235,5,0,5,230,44,3,9,4,2,12,123,58,2,5,51,0,7,0,0,0,5,0,16,0,0,13,0,0,8,0,1,1,1,2,1,0,0,0,0,0,2,0,10,0,0,10,8,3,3,2,1,0,1,0,1,0,0,0,0,0,0,0,0,0,0,0,7,0,2,1,0,0,0,0,1,0
45 - Αρκαδίας,35 E.T. Δήμου Βόρειας Κυνουρίας,232,99,0,1,1,98,11,0,5,0,1,3,53,20,2,9,14,2,5,0,0,1,0,0,11,0,0,9,1,0,8,0,0,2,1,2,0,0,0,0,0,0,0,0,0,0,0,0,7,3,0,1,0,0,0,0,0,0,0,0,0,0,1,0,1,0,0,0,2,1,0,1,0,0,0,0,0,0
45 - Αρκαδίας,36 E.T. Δήμου Βόρειας Κυνουρίας,285,90,1,0,1,89,18,1,5,3,0,1,34,9,3,4,10,0,2,0,0,0,1,0,11,0,0,7,0,2,20,1,2,4,10,3,1,0,1,0,0,0,0,0,0,0,0,0,2,0,0,0,0,0,0,0,0,0,0,0,0,0,0,0,0,0,0,0,0,0,0,0,1,0,1,0,0,0
45 - Αρκαδίας,37 E.T. Δήμου Βόρειας Κυνουρίας,135,54,1,3,4,50,19,1,1,0,1,11,17,7,2,1,5,0,0,0,0,0,0,0,7,0,0,5,0,1,6,0,0,0,6,0,0,0,0,0,0,0,0,0,0,0,0,0,0,0,0,0,0,0,0,0,0,0,0,0,0,0,0,0,0,0,0,0,0,0,0,0,1,0,0,1,0,0
45 - Αρκαδίας,38 E.T. Δήμου Βόρειας Κυνουρίας,215,80,0,2,2,78,28,1,12,6,0,8,24,11,2,3,4,0,1,0,0,0,0,0,11,0,0,0,8,2,11,3,0,0,2,1,0,0,0,0,0,0,1,0,0,0,0,0,0,0,0,0,0,0,0,0,0,0,0,0,0,0,0,0,0,0,0,0,1,0,0,0,0,0,0,0,1,1
45 - Αρκαδίας,39 E.T. Δήμου Γορτυνίας,577,331,2,4,6,325,94,7,33,19,6,8,134,66,15,24,4,13,5,0,0,2,1,1,40,2,0,22,11,0,9,4,0,0,0,2,4,1,1,1,0,0,1,0,1,1,0,0,19,10,1,3,0,0,0,0,1,0,1,0,0,0,0,0,0,0,0,0,14,3,0,3,0,0,0,0,3,2
45 - Αρκαδίας,40 E.T. Δήμου Γορτυνίας,344,181,0,0,0,181,43,6,10,8,0,3,86,52,7,15,1,3,8,3,0,3,0,1,19,1,1,12,3,0,9,3,0,1,1,1,2,0,1,0,0,0,3,0,0,0,0,0,5,2,1,0,1,1,0,0,0,0,0,0,0,0,0,0,0,0,0,0,4,1,0,1,0,0,0,0,1,1
45 - Αρκαδίας,41 E.T. Δήμου Γορτυνίας,372,181,0,1,1,180,46,2,12,6,2,11,81,41,6,17,2,4,6,0,0,2,1,2,21,0,0,17,2,0,9,2,0,2,0,2,0,0,0,0,0,0,3,2,2,2,0,0,7,3,0,0,0,0,0,0,1,0,0,0,0,1,0,0,0,0,0,0,3,1,0,1,1,1,0,0,0,0
45 - Αρκαδίας,42 E.T. Δήμου Γορτυνίας,100,51,0,0,0,51,11,0,3,1,0,5,26,12,0,4,0,6,2,0,0,1,0,1,5,1,0,4,0,0,1,1,0,0,0,0,0,0,0,0,0,0,1,0,0,0,0,0,3,1,0,0,0,0,0,0,0,0,0,0,0,0,1,0,0,0,0,0,0,0,0,0,0,0,0,0,1,0
45 - Αρκαδίας,43 E.T. Δήμου Γορτυνίας,573,242,0,1,1,241,106,0,0,0,0,0,73,0,0,0,0,0,10,0,0,0,0,0,22,0,0,0,0,0,3,0,0,0,0,0,6,0,0,0,1,0,0,0,0,0,0,0,12,0,0,0,1,0,0,0,1,0,0,0,0,0,1,0,0,0,0,0,3,0,0,0,0,0,0,0,2,0
45 - Αρκαδίας,44 E.T. Δήμου Γορτυνίας,92,39,0,0,0,39,3,0,0,1,0,1,30,7,0,16,6,1,2,1,0,0,1,0,0,0,0,0,0,0,0,0,0,0,0,0,0,0,0,0,0,0,0,0,0,0,0,0,1,1,0,0,0,0,0,0,1,1,0,0,0,0,0,0,0,0,0,0,2,1,0,1,0,0,0,0,0,0
45 - Αρκαδίας,45 E.T. Δήμου Γορτυνίας,323,121,1,1,2,119,43,4,9,21,2,2,44,28,1,0,0,0,3,0,0,1,0,1,13,0,0,12,0,0,11,1,0,2,0,7,1,0,0,0,0,0,0,0,0,0,0,0,1,0,0,0,0,0,0,0,1,0,1,0,0,0,0,0,0,0,0,0,1,0,0,0,0,0,0,0,1,1
45 - Αρκαδίας,46 E.T. Δήμου Γορτυνίας,315,153,3,2,5,148,43,5,7,13,4,4,57,40,1,5,3,2,3,0,1,1,0,0,17,0,0,0,15,0,9,3,0,0,0,2,1,1,0,0,0,0,3,1,0,0,0,0,5,0,0,0,0,0,0,0,0,0,0,0,0,0,1,0,1,0,0,0,6,2,1,0,0,0,0,0,3,1
45 - Αρκαδίας,47 E.T. Δήμου Γορτυνίας,474,246,5,3,8,238,65,6,15,24,3,2,120,83,7,6,4,4,8,0,0,1,1,1,20,1,0,10,5,0,7,2,0,0,1,2,3,0,0,0,0,0,0,0,0,0,0,0,3,1,0,0,0,0,0,0,1,1,0,0,0,0,0,0,0,0,0,0,6,4,0,1,1,1,0,0,4,2
45 - Αρκαδίας,48 E.T. Δήμου Γορτυνίας,540,301,3,1,4,297,117,5,28,41,2,15,119,64,6,13,11,10,13,1,1,3,1,2,22,0,1,13,3,0,3,0,1,1,0,0,1,0,0,0,0,0,0,0,0,0,0,0,4,2,1,0,0,0,1,0,3,0,1,0,2,0,4,0,0,4,0,0,5,2,0,0,3,2,1,0,2,1
45 - Αρκαδίας,49 E.T. Δήμου Γορτυνίας,287,100,1,0,1,99,24,2,4,2,4,4,47,36,4,2,1,0,0,0,0,0,0,0,16,1,1,8,1,1,2,0,0,1,0,0,1,0,0,0,0,0,0,0,0,0,0,0,3,0,0,2,0,0,0,0,0,0,0,0,0,0,1,0,0,0,1,0,4,3,0,0,0,0,0,0,1,1
45 - Αρκαδίας,50 E.T. Δήμου Γορτυνίας,261,125,2,2,4,121,39,4,19,4,2,1,60,40,9,3,1,0,2,0,0,2,0,0,9,0,0,7,0,1,3,2,0,1,0,0,1,1,0,0,0,0,1,0,0,0,0,0,2,0,1,0,0,0,0,0,0,0,0,0,0,0,1,0,0,0,1,0,2,1,0,1,0,0,0,0,1,1
45 - Αρκαδίας,51 E.T. Δήμου Γορτυνίας,104,39,0,0,0,39,9,0,6,1,0,1,24,21,1,0,0,2,0,0,0,0,0,0,2,0,0,2,0,0,0,0,0,0,0,0,0,0,0,0,0,0,0,0,0,0,0,0,3,2,0,0,0,0,0,0,0,0,0,0,0,0,0,0,0,0,0,0,1,0,0,0,0,0,0,0,0,0
45 - Αρκαδίας,52 E.T. Δήμου Γορτυνίας,85,30,0,0,0,30,14,1,6,6,0,1,5,4,0,0,0,0,0,0,0,0,0,0,9,1,0,6,1,0,2,0,1,1,0,0,0,0,0,0,0,0,0,0,0,0,0,0,0,0,0,0,0,0,0,0,0,0,0,0,0,0,0,0,0,0,0,0,0,0,0,0,0,0,0,0,0,0
45 - Αρκαδίας,53 E.T. Δήμου Γορτυνίας,186,84,0,0,0,84,36,4,20,4,0,4,37,20,1,9,3,2,1,0,0,0,0,0,3,0,0,2,0,0,1,1,0,0,0,0,1,0,1,0,0,0,0,0,0,0,0,0,0,0,0,0,0,0,0,0,0,0,0,0,0,0,0,0,0,0,0,0,3,1,0,0,1,1,0,0,1,1
45 - Αρκαδίας,54 E.T. Δήμου Γορτυνίας,64,31,0,0,0,31,5,1,0,0,0,1,19,15,0,0,0,0,0,0,0,0,0,0,5,1,0,2,0,0,1,1,0,0,0,0,0,0,0,0,0,0,0,0,0,0,0,0,0,0,0,0,0,0,0,0,0,0,0,0,0,0,0,0,0,0,0,0,1,0,0,0,0,0,0,0,0,0
45 - Αρκαδίας,55 E.T. Δήμου Γορτυνίας,225,88,0,1,1,87,18,2,9,4,2,1,51,40,4,1,1,1,1,0,0,0,0,0,13,0,0,6,7,0,1,0,0,0,0,1,0,0,0,0,0,0,0,0,0,0,0,0,1,0,0,1,0,0,0,0,0,0,0,0,0,0,0,0,0,0,0,0,1,1,0,0,0,0,0,0,1,0
45 - Αρκαδίας,56 E.T. Δήμου Γορτυνίας,82,43,0,0,0,43,8,0,0,0,0,0,25,0,0,0,0,0,0,0,0,0,0,0,5,0,0,0,0,0,1,0,0,0,0,0,0,0,0,0,0,0,0,0,0,0,0,0,4,0,0,0,0,0,0,0,0,0,0,0,0,0,0,0,0,0,0,0,0,0,0,0,0,0,0,0,0,0
45 - Αρκαδίας,57 E.T. Δήμου Γορτυνίας,58,30,1,0,1,29,6,0,0,0,0,6,15,11,1,2,0,0,2,0,0,0,0,2,4,0,0,3,0,1,0,0,0,0,0,0,0,0,0,0,0,0,0,0,0,0,0,0,1,1,0,0,0,0,0,0,0,0,0,0,0,0,1,0,0,0,0,1,0,0,0,0,0,0,0,0,0,0
45 - Αρκαδίας,58 E.T. Δήμου Γορτυνίας,185,89,2,1,3,86,29,3,9,7,1,1,36,24,0,3,2,0,0,0,0,0,0,0,16,0,0,11,3,1,1,0,0,1,0,0,0,0,0,0,0,0,0,0,0,0,0,0,0,0,0,0,0,0,2,1,0,0,0,0,0,0,0,0,0,0,0,0,2,2,0,0,0,0,0,0,0,0
45 - Αρκαδίας,59 E.T. Δήμου Γορτυνίας,240,104,5,0,5,99,26,2,12,3,2,1,48,45,0,1,0,2,1,0,0,0,1,0,17,1,1,13,2,0,6,0,0,0,0,3,0,0,0,0,0,0,0,0,0,0,0,0,0,0,0,0,0,0,0,0,0,0,0,0,0,0,0,0,0,0,0,0,0,0,0,0,0,0,0,0,1,0
45 - Αρκαδίας,60 E.T. Δήμου Γορτυνίας,132,68,0,0,0,68,21,1,5,10,1,0,29,24,2,2,0,1,2,0,2,0,0,0,12,0,0,12,0,0,2,0,0,0,0,1,0,0,0,0,0,0,0,0,0,0,0,0,1,1,0,0,0,0,0,0,0,0,0,0,0,0,0,0,0,0,0,0,1,0,1,0,0,0,0,0,0,0
45 - Αρκαδίας,61 E.T. Δήμου Γορτυνίας,417,176,2,0,2,174,41,3,9,17,1,2,101,89,0,1,2,1,1,0,0,1,0,0,10,0,0,7,1,0,1,1,0,0,0,0,3,2,1,0,0,0,0,0,0,0,0,0,4,2,1,0,0,0,0,0,1,0,0,0,0,0,0,0,0,0,0,0,12,10,0,1,0,0,0,0,0,0
45 - Αρκαδίας,62 E.T. Δήμου Γορτυνίας,100,16,0,0,0,16,4,0,0,4,0,0,11,9,1,0,0,0,1,0,0,0,0,0,0,0,0,0,0,0,0,0,0,0,0,0,0,0,0,0,0,0,0,0,0,0,0,0,0,0,0,0,0,0,0,0,0,0,0,0,0,0,0,0,0,0,0,0,0,0,0,0,0,0,0,0,0,0
45 - Αρκαδίας,63 E.T. Δήμου Γορτυνίας,135,64,1,0,1,63,19,1,3,10,0,0,37,26,8,0,3,0,1,0,0,0,0,0,4,0,0,4,0,0,1,0,0,0,0,0,0,0,0,0,0,0,0,0,0,0,0,0,0,0,0,0,0,0,0,0,0,0,0,0,0,0,0,0,0,0,0,0,0,0,0,0,1,1,0,0,0,0
45 - Αρκαδίας,64 E.T. Δήμου Γορτυνίας,170,89,0,1,1,88,23,2,9,2,1,3,37,33,0,0,1,0,1,0,1,0,0,0,19,0,2,11,3,0,4,0,0,0,0,1,0,0,0,0,0,0,0,0,0,0,0,0,1,1,0,0,1,0,0,0,0,0,0,0,0,0,0,0,0,0,0,0,1,1,0,0,0,0,0,0,1,1
45 - Αρκαδίας,65 E.T. Δήμου Γορτυνίας,312,101,2,4,6,95,15,0,3,7,0,1,59,40,5,7,2,1,2,0,0,1,1,0,13,0,0,8,4,0,0,0,0,0,0,0,0,0,0,0,0,0,1,0,1,0,0,0,1,0,1,0,0,0,0,0,0,0,0,0,0,0,0,0,0,0,0,0,3,0,0,1,0,0,0,0,0,0
45 - Αρκαδίας,66 E.T. Δήμου Γορτυνίας,176,80,0,2,2,78,17,1,8,2,1,2,42,27,4,6,1,0,1,0,0,0,1,0,12,0,0,5,5,1,1,0,0,0,0,0,0,0,0,0,0,0,0,0,0,0,0,0,2,0,0,0,0,0,0,0,0,0,0,0,0,0,0,0,0,0,0,0,1,1,0,0,0,0,0,0,2,2
45 - Αρκαδίας,67 E.T. Δήμου Γορτυνίας,286,115,1,2,3,112,70,2,2,63,0,1,25,18,0,3,0,3,0,0,0,0,0,0,9,0,0,7,2,0,1,0,0,0,0,0,1,0,0,0,1,0,1,0,0,0,0,0,3,2,0,1,0,0,0,0,0,0,0,0,0,0,0,0,0,0,0,0,1,0,0,0,0,0,0,0,0,0
45 - Αρκαδίας,68 E.T. Δήμου Γορτυνίας,223,79,0,1,1,78,9,1,3,5,0,0,55,49,3,0,0,2,2,0,0,1,0,1,9,0,2,0,5,0,0,0,0,0,0,0,0,0,0,0,0,0,0,0,0,0,0,0,1,1,0,0,0,0,0,0,0,0,0,0,0,0,0,0,0,0,0,0,1,0,0,1,0,0,0,0,1,1
45 - Αρκαδίας,69 E.T. Δήμου Γορτυνίας,90,24,0,0,0,24,6,2,0,2,0,1,10,8,0,0,1,1,1,0,0,0,0,1,3,0,0,1,2,0,1,1,0,0,0,0,0,0,0,0,0,0,0,0,0,0,0,0,0,0,0,0,0,0,0,0,0,0,0,0,0,0,0,0,0,0,0,0,0,0,0,0,0,0,0,0,3,2
45 - Αρκαδίας,70 E.T. Δήμου Γορτυνίας,36,20,0,0,0,20,11,0,2,8,0,1,5,3,2,0,0,0,0,0,0,0,0,0,3,0,1,2,0,0,0,0,0,0,0,0,0,0,0,0,0,0,0,0,0,0,0,0,1,1,0,0,0,0,0,0,0,0,0,0,0,0,0,0,0,0,0,0,0,0,0,0,0,0,0,0,0,0
45 - Αρκαδίας,71 E.T. Δήμου Γορτυνίας,86,35,1,0,1,34,17,3,6,6,0,1,11,10,0,1,0,0,0,0,0,0,0,0,4,0,0,4,0,0,0,0,0,0,0,0,0,0,0,0,0,0,1,1,0,0,0,0,0,0,0,0,0,0,1,1,0,0,0,0,0,0,0,0,0,0,0,0,0,0,0,0,0,0,0,0,0,0
45 - Αρκαδίας,72 E.T. Δήμου Γορτυνίας,380,227,2,1,3,224,50,3,24,1,2,9,54,31,6,5,4,0,0,0,0,0,0,0,100,0,0,97,1,1,12,0,0,4,0,1,0,0,0,0,0,0,1,0,0,0,0,0,1,1,0,0,0,0,0,0,0,0,0,0,0,0,0,0,0,0,0,0,4,0,0,0,1,0,0,0,1,0
45 - Αρκαδίας,73 E.T. Δήμου Γορτυνίας,174,51,1,1,2,49,21,2,6,4,3,3,24,10,6,3,1,1,0,0,0,0,0,0,2,0,0,2,0,0,1,0,0,0,0,0,0,0,0,0,0,0,0,0,0,0,0,0,0,0,0,0,0,0,0,0,0,0,0,0,0,0,1,0,0,0,0,0,0,0,0,0,0,0,0,0,0,0
45 - Αρκαδίας,74 E.T. Δήμου Γορτυνίας,455,237,3,1,4,233,57,4,23,10,2,6,118,78,4,27,2,1,3,0,1,0,0,0,35,0,1,29,2,1,9,0,0,0,0,0,2,1,1,0,0,0,0,0,1,0,0,0,2,0,0,0,0,0,0,0,2,0,0,0,0,1,1,0,0,1,0,0,1,1,0,0,1,0,0,0,1,0
45 - Αρκαδίας,75 E.T. Δήμου Γορτυνίας,480,240,2,1,3,237,37,3,8,13,2,6,140,98,6,15,5,4,10,1,0,3,0,6,14,0,0,13,0,0,14,1,3,2,0,5,1,0,1,0,0,0,2,1,0,0,0,0,4,2,2,0,1,0,0,0,1,0,0,0,0,0,0,0,0,0,0,0,11,5,0,1,1,0,0,0,1,0
45 - Αρκαδίας,76 E.T. Δήμου Γορτυνίας,213,73,0,1,1,72,12,0,2,1,1,3,30,14,13,2,0,0,0,0,0,0,0,0,20,0,0,19,1,0,4,0,0,0,0,1,1,0,0,1,0,0,0,0,1,0,0,0,0,0,0,0,0,0,0,0,0,0,0,0,0,0,1,0,0,0,0,1,3,3,0,0,0,0,0,0,0,0
45 - Αρκαδίας,77 E.T. Δήμου Γορτυνίας,423,173,0,4,4,169,69,8,28,5,5,12,52,19,8,5,6,3,8,2,0,0,0,0,20,0,0,18,0,0,3,0,0,1,0,1,8,1,1,0,0,0,2,1,0,0,0,0,2,1,1,0,0,0,0,0,0,0,0,0,0,0,0,0,0,0,0,0,4,1,0,0,1,0,0,0,0,0
45 - Αρκαδίας,78 E.T. Δήμου Γορτυνίας,229,103,0,1,1,102,21,0,6,4,1,3,34,23,3,3,2,1,4,0,1,0,2,1,17,0,0,14,0,0,25,3,0,1,0,8,0,0,0,0,0,0,0,0,0,0,0,0,0,0,0,0,0,0,0,0,0,0,0,0,0,0,0,0,0,0,0,0,0,0,0,0,1,1,0,0,0,0
45 - Αρκαδίας,79 E.T. Δήμου Γορτυνίας,115,24,0,0,0,24,13,1,9,0,0,2,1,0,0,0,0,1,0,0,0,0,0,0,8,0,0,6,0,0,0,0,0,0,0,0,1,1,0,0,0,0,0,0,0,0,0,0,0,0,0,0,0,0,0,0,1,0,0,0,0,0,0,0,0,0,0,0,0,0,0,0,0,0,0,0,0,0
45 - Αρκαδίας,80 E.T. Δήμου Γορτυνίας,352,163,1,0,1,162,40,3,28,2,0,1,34,17,6,1,1,4,7,2,0,2,1,2,60,0,0,56,0,0,10,0,0,0,0,8,1,0,0,0,0,0,1,0,0,0,0,0,3,1,1,0,0,0,0,0,1,1,0,0,0,0,0,0,0,0,0,0,5,3,0,0,0,0,0,0,0,0
45 - Αρκαδίας,81 E.T. Δήμου Γορτυνίας,428,148,1,1,2,146,20,1,7,5,0,1,85,21,52,9,0,1,1,0,1,0,0,0,22,0,0,20,0,1,13,1,0,0,0,2,0,0,0,0,0,0,0,0,0,0,0,0,0,0,0,0,0,0,0,0,0,0,0,0,0,0,0,0,0,0,0,0,1,0,0,1,0,0,0,0,4,0
45 - Αρκαδίας,82 E.T. Δήμου Γορτυνίας,226,83,0,3,3,80,29,1,16,0,0,1,17,9,1,2,2,1,2,0,0,0,0,0,16,0,0,16,0,0,4,0,0,0,0,2,6,6,0,0,0,0,0,0,0,0,0,0,3,1,0,2,0,0,0,0,1,1,0,0,0,0,0,0,0,0,0,0,2,0,0,0,0,0,0,0,0,0
45 - Αρκαδίας,83 E.T. Δήμου Γορτυνίας,456,198,1,3,4,194,65,2,39,1,2,11,81,62,5,5,6,2,2,1,0,1,0,0,20,2,0,12,2,1,6,1,0,1,0,0,2,0,0,0,0,0,0,0,1,0,0,1,4,3,0,0,0,0,0,0,0,0,0,0,0,0,0,0,0,0,0,0,7,0,1,2,0,0,0,0,6,4
45 - Αρκαδίας,84 E.T. Δήμου Γορτυνίας,281,107,0,0,0,107,30,5,18,1,0,2,43,38,1,0,0,0,1,0,1,0,0,0,23,0,0,20,1,0,3,0,0,0,0,0,0,0,0,0,0,0,0,0,0,0,0,0,4,2,0,1,0,0,0,0,0,0,0,0,0,0,0,0,0,0,0,0,2,0,0,0,1,0,0,0,0,0
45 - Αρκαδίας,85 E.T. Δήμου Γορτυνίας,284,143,0,0,0,143,26,1,14,2,0,1,89,73,2,6,0,1,9,0,0,0,0,6,11,0,0,9,1,0,0,0,0,0,0,0,0,0,0,0,0,0,0,0,0,0,0,0,1,0,1,0,0,0,0,0,0,0,0,0,0,0,0,0,0,0,0,0,7,1,1,3,0,0,0,0,0,0
45 - Αρκαδίας,86 E.T. Δήμου Γορτυνίας,367,150,5,0,5,145,71,4,37,15,0,9,37,21,9,1,0,2,0,0,0,0,0,0,14,0,0,5,6,0,12,0,0,0,0,9,3,1,0,0,0,0,2,0,0,0,0,0,4,4,0,0,0,0,0,0,0,0,0,0,0,0,0,0,0,0,0,0,1,0,0,0,1,0,0,0,0,0
45 - Αρκαδίας,87 E.T. Δήμου Γορτυνίας,76,37,0,0,0,37,8,1,7,0,0,0,20,14,1,2,0,1,1,0,0,0,0,0,6,0,0,6,0,0,0,0,0,0,0,0,0,0,0,0,0,0,1,0,0,0,0,0,1,0,0,0,0,0,0,0,0,0,0,0,0,0,0,0,0,0,0,0,0,0,0,0,0,0,0,0,0,0
45 - Αρκαδίας,88 E.T. Δήμου Γορτυνίας,393,169,0,0,0,169,62,6,21,7,4,6,57,38,6,3,5,0,4,0,0,2,0,0,23,0,0,18,0,0,16,0,0,1,0,5,1,0,0,0,0,0,0,0,0,0,0,0,2,0,0,0,0,0,0,0,0,0,0,0,0,0,1,0,0,0,0,1,1,0,0,0,0,0,0,0,2,2
45 - Αρκαδίας,89 E.T. Δήμου Γορτυνίας,320,129,1,1,2,127,41,1,17,2,2,4,60,52,1,3,2,1,2,0,0,1,0,1,13,1,0,8,1,0,1,0,0,0,0,0,1,0,0,0,0,0,0,0,0,0,0,0,4,1,0,2,0,0,0,0,1,1,0,0,0,0,0,0,0,0,0,0,2,0,0,1,0,0,0,0,2,1
45 - Αρκαδίας,90 E.T. Δήμου Γορτυνίας,298,119,3,0,3,116,34,2,12,10,0,3,54,42,1,7,2,1,0,0,0,0,0,0,9,0,0,8,0,0,7,1,0,2,0,2,1,0,0,0,0,0,0,0,0,0,0,0,3,1,1,0,0,0,0,0,0,0,0,0,0,0,0,0,0,0,0,0,6,2,0,0,0,0,0,0,2,0
45 - Αρκαδίας,91 E.T. Δήμου Γορτυνίας,226,69,0,0,0,69,22,4,8,2,1,0,26,17,2,0,2,0,1,0,0,0,0,0,15,0,0,14,0,0,1,0,0,0,0,0,0,0,0,0,0,0,1,1,0,0,0,0,1,0,0,0,0,0,0,0,1,0,0,0,0,0,0,0,0,0,0,0,1,0,0,1,0,0,0,0,0,0
45 - Αρκαδίας,92 E.T. Δήμου Γορτυνίας,478,181,0,0,0,181,47,5,13,20,0,4,93,57,9,11,2,9,1,1,0,0,0,0,29,1,2,17,8,0,2,1,0,0,0,0,1,0,0,0,0,0,0,0,0,0,0,0,0,0,0,0,0,0,0,0,1,0,0,0,0,0,3,0,0,0,0,3,4,1,0,0,0,0,0,0,0,0
45 - Αρκαδίας,93 E.T. Δήμου Γορτυνίας,421,153,1,1,2,151,52,3,11,8,0,5,62,49,3,3,0,0,1,1,0,0,0,0,20,0,0,12,3,2,2,0,0,0,0,0,0,0,0,0,0,0,0,0,0,0,0,0,8,6,0,1,0,0,0,0,0,0,0,0,0,0,2,0,0,0,0,2,4,0,0,0,0,0,0,0,0,0
45 - Αρκαδίας,94 E.T. Δήμου Γορτυνίας,477,155,3,0,3,152,44,5,10,19,2,1,66,47,2,6,3,3,2,0,0,1,0,1,26,0,0,22,2,2,8,2,0,0,0,4,2,0,0,2,0,0,0,0,0,0,0,0,2,0,0,1,0,0,0,0,0,0,0,0,0,0,1,0,0,0,0,1,1,0,0,0,0,0,0,0,0,0
45 - Αρκαδίας,95 E.T. Δήμου Γορτυνίας,431,172,1,1,2,170,42,4,15,9,1,6,84,52,5,12,3,2,3,0,0,1,0,2,23,1,0,17,1,0,8,1,0,0,0,4,0,0,0,0,0,0,1,0,0,0,0,0,2,1,0,0,0,0,0,0,0,0,0,0,0,0,2,0,0,0,0,2,3,0,1,1,2,2,0,0,0,0
45 - Αρκαδίας,96 E.T. Δήμου Γορτυνίας,254,149,1,1,2,147,42,4,14,8,0,5,72,51,5,8,0,0,4,0,0,0,0,3,16,0,0,9,7,0,4,1,0,3,0,0,1,1,0,0,0,0,1,1,0,0,0,0,3,0,0,0,0,0,0,0,2,0,0,1,0,0,0,0,0,0,0,0,2,0,0,0,0,0,0,0,0,0
45 - Αρκαδίας,97 E.T. Δήμου Γορτυνίας,53,25,1,0,1,24,5,1,2,0,0,2,11,5,1,3,0,1,0,0,0,0,0,0,8,0,0,8,0,0,0,0,0,0,0,0,0,0,0,0,0,0,0,0,0,0,0,0,0,0,0,0,0,0,0,0,0,0,0,0,0,0,0,0,0,0,0,0,0,0,0,0,0,0,0,0,0,0
45 - Αρκαδίας,98 E.T. Δήμου Γορτυνίας,200,96,2,0,2,94,44,0,0,0,0,0,32,0,0,0,0,0,0,0,0,0,0,0,12,0,0,0,0,0,2,0,0,0,0,0,0,0,0,0,0,0,0,0,0,0,0,0,0,0,0,0,0,0,0,0,0,0,0,0,0,0,0,0,0,0,0,0,4,0,0,0,0,0,0,0,0,0
45 - Αρκαδίας,99 E.T. Δήμου Γορτυνίας,169,106,0,1,1,105,41,5,7,17,0,3,42,26,2,3,2,3,2,0,0,1,0,0,13,0,0,5,5,0,0,0,0,0,0,0,0,0,0,0,0,0,0,0,1,1,0,0,1,0,0,1,0,0,0,0,0,0,0,0,0,0,1,0,0,0,0,1,0,0,0,0,2,0,0,1,2,0
45 - Αρκαδίας,100 E.T. Δήμου Γορτυνίας,273,126,2,1,3,123,49,7,21,8,2,4,48,21,3,13,0,4,2,0,0,0,0,1,14,0,0,10,1,0,1,0,0,0,0,1,1,1,0,0,0,0,0,0,0,0,0,0,4,3,0,0,0,0,1,0,0,0,0,0,0,0,0,0,0,0,0,0,2,0,0,1,1,1,0,0,0,0
45 - Αρκαδίας,101 E.T. Δήμου Γορτυνίας,361,173,1,1,2,171,61,5,23,13,2,9,61,30,4,9,4,2,3,0,0,0,0,0,20,0,0,16,0,0,7,0,0,1,0,2,3,1,0,1,2,0,0,0,0,0,0,0,2,1,1,0,0,0,1,0,3,1,0,0,0,1,0,0,0,0,0,0,5,1,2,2,1,1,0,0,2,1
45 - Αρκαδίας,102 E.T. Δήμου Γορτυνίας,295,144,2,0,2,142,42,6,16,5,1,4,73,48,6,0,4,1,2,0,0,0,0,1,13,1,0,7,0,2,8,0,3,0,0,1,0,0,0,0,0,0,0,0,0,0,0,0,2,0,0,0,0,0,0,0,0,0,0,0,0,0,0,0,0,0,0,0,2,1,0,0,0,0,0,0,0,0
45 - Αρκαδίας,103 E.T. Δήμου Γορτυνίας,106,45,0,0,0,45,13,1,4,1,0,2,18,9,0,1,1,1,1,0,0,1,0,0,1,0,0,0,0,0,1,0,0,0,0,0,2,1,0,0,0,0,0,0,2,2,0,0,2,1,0,0,0,0,0,0,0,0,0,0,0,0,0,0,0,0,0,0,4,0,0,4,1,1,0,0,0,0
45 - Αρκαδίας,104 E.T. Δήμου Γορτυνίας,110,61,0,2,2,59,24,2,14,3,1,2,19,5,3,1,3,2,0,0,0,0,0,0,14,0,0,4,10,0,1,0,0,0,0,0,0,0,0,0,0,0,0,0,0,0,0,0,0,0,0,0,0,0,0,0,0,0,0,0,0,0,0,0,0,0,0,0,0,0,0,0,0,0,0,0,1,0
45 - Αρκαδίας,105 E.T. Δήμου Γορτυνίας,199,86,2,1,3,83,26,2,12,4,0,2,35,18,1,2,3,2,0,0,0,0,0,0,5,0,0,2,2,0,2,0,0,0,0,0,1,0,0,0,0,0,0,0,1,1,0,0,9,0,0,0,0,0,0,0,0,0,0,0,0,0,0,0,0,0,0,0,0,0,0,0,0,0,0,0,4,4
45 - Αρκαδίας,106 E.T. Δήμου Γορτυνίας,334,195,1,1,2,193,62,1,31,14,1,2,72,49,0,4,5,5,2,0,0,1,0,0,25,0,5,16,1,1,24,0,0,0,0,21,1,0,0,1,0,0,0,0,0,0,0,0,0,0,0,0,0,0,0,0,0,0,0,0,0,0,0,0,0,0,0,0,6,0,1,0,0,0,0,0,1,1
45 - Αρκαδίας,107 E.T. Δήμου Γορτυνίας,410,233,1,1,2,231,98,3,35,30,2,11,84,49,7,14,3,1,1,0,1,0,0,0,29,0,4,11,4,0,13,0,0,0,0,11,2,0,0,0,0,0,0,0,0,0,0,0,2,1,0,1,0,0,0,0,0,0,0,0,0,0,0,0,0,0,0,0,1,0,0,0,0,0,0,0,1,0
45 - Αρκαδίας,108 E.T. Δήμου Γορτυνίας,406,242,2,0,2,240,76,7,36,8,5,9,77,48,8,2,4,6,3,1,1,1,0,0,24,2,3,9,5,2,46,1,0,1,0,32,3,1,1,0,0,0,0,0,0,0,0,0,5,3,0,0,0,0,0,0,2,1,0,0,0,0,1,0,0,0,0,1,2,1,0,0,0,0,0,0,1,0
45 - Αρκαδίας,109 E.T. Δήμου Γορτυνίας,459,181,0,1,1,180,64,3,20,12,1,10,42,22,3,2,2,2,4,0,0,2,0,0,21,1,0,13,4,1,33,0,0,1,0,17,1,0,0,0,0,0,0,0,0,0,0,0,5,1,0,0,0,0,0,0,0,0,0,0,0,0,0,0,0,0,0,0,8,3,0,1,2,0,0,0,0,0
45 - Αρκαδίας,110 E.T. Δήμου Γορτυνίας,502,260,2,1,3,257,93,9,25,26,2,12,63,42,10,2,1,4,5,0,2,1,0,1,30,0,1,15,5,2,44,1,1,2,0,8,2,1,0,0,0,0,1,1,0,0,0,0,5,1,0,0,1,1,0,0,1,0,0,0,0,0,1,0,0,0,0,1,5,1,0,2,1,0,0,0,5,4
45 - Αρκαδίας,111 E.T. Δήμου Γορτυνίας,106,51,0,0,0,51,16,0,5,8,1,0,15,9,0,6,0,0,0,0,0,0,0,0,4,0,1,3,0,0,15,0,0,0,0,0,1,0,0,0,0,0,0,0,0,0,0,0,0,0,0,0,0,0,0,0,0,0,0,0,0,0,0,0,0,0,0,0,0,0,0,0,0,0,0,0,0,0
45 - Αρκαδίας,112 E.T. Δήμου Γορτυνίας,110,57,1,0,1,56,19,0,16,1,0,1,29,21,1,1,2,2,0,0,0,0,0,0,4,0,0,3,1,0,1,0,0,0,0,1,0,0,0,0,0,0,0,0,0,0,0,0,1,0,0,1,0,0,0,0,1,0,0,0,0,0,0,0,0,0,0,0,1,0,1,0,0,0,0,0,0,0
45 - Αρκαδίας,113 E.T. Δήμου Γορτυνίας,323,149,2,0,2,147,61,1,29,15,0,3,57,35,7,3,6,2,5,0,0,1,0,1,16,0,1,12,1,0,3,0,0,1,0,0,0,0,0,0,0,0,0,0,0,0,0,0,3,0,0,1,0,0,0,0,0,0,0,0,0,0,0,0,0,0,0,0,0,0,0,0,0,0,0,0,2,2
45 - Αρκαδίας,114 E.T. Δήμου Γορτυνίας,180,110,2,0,2,108,27,2,10,2,0,0,58,41,1,5,1,1,4,0,0,1,0,1,15,5,0,3,0,1,0,0,0,0,0,0,0,0,0,0,0,0,0,0,0,0,0,0,0,0,0,0,0,0,0,0,0,0,0,0,0,0,1,0,0,0,0,0,2,0,0,1,0,0,0,0,1,0
45 - Αρκαδίας,115 E.T. Δήμου Γορτυνίας,529,269,3,0,3,266,77,4,33,14,0,16,141,101,7,20,0,3,1,1,0,0,0,0,33,1,0,26,3,0,6,0,0,0,0,3,0,0,0,0,0,0,0,0,0,0,0,0,3,0,0,0,0,0,0,0,0,0,0,0,0,0,0,0,0,0,0,0,0,0,0,0,0,0,0,0,5,2
45 - Αρκαδίας,116 E.T. Δήμου Γορτυνίας,253,134,2,0,2,132,36,0,21,9,0,1,38,28,1,3,0,1,6,0,0,3,0,1,29,1,1,14,10,0,10,2,0,0,1,2,1,0,0,0,0,0,2,1,0,0,0,0,3,1,0,0,0,0,0,0,0,0,0,0,0,0,1,0,0,0,0,1,5,4,0,0,1,0,0,0,0,0
45 - Αρκαδίας,117 E.T. Δήμου Γορτυνίας,394,174,0,1,1,173,69,4,24,17,0,3,70,46,5,0,2,3,5,0,0,0,1,1,13,0,5,6,0,0,5,0,0,0,0,0,0,0,0,0,0,0,0,0,0,0,0,0,7,2,0,0,0,0,0,0,0,0,0,0,0,0,0,0,0,0,0,0,1,1,0,0,0,0,0,0,3,1
45 - Αρκαδίας,118 E.T. Δήμου Γορτυνίας,236,129,1,2,3,126,32,0,15,5,2,2,64,25,5,4,1,23,6,1,0,0,0,1,5,0,0,1,3,0,4,0,1,0,0,1,1,0,0,0,0,0,1,0,0,0,0,0,3,2,0,1,0,0,0,0,0,0,0,0,0,0,0,0,0,0,0,0,7,3,2,0,0,0,0,0,3,0
45 - Αρκαδίας,119 E.T. Δήμου Γορτυνίας,373,197,1,0,1,196,48,9,15,8,1,1,104,70,3,17,1,2,3,0,0,1,0,0,31,0,2,17,1,2,2,0,0,0,0,2,1,0,0,0,0,0,0,0,0,0,0,0,2,0,0,1,0,0,0,0,0,0,0,0,0,0,1,0,0,0,0,0,3,0,0,1,0,0,0,0,1,0
45 - Αρκαδίας,120 E.T. Δήμου Γορτυνίας,351,125,2,3,5,120,59,3,30,4,3,3,47,39,0,0,2,3,0,0,0,0,0,0,11,0,1,1,1,0,1,0,0,0,0,0,1,0,0,1,0,0,0,0,0,0,0,0,0,0,0,0,0,0,0,0,0,0,0,0,0,0,0,0,0,0,0,0,0,0,0,0,0,0,0,0,1,1
45 - Αρκαδίας,121 E.T. Δήμου Γορτυνίας,144,69,0,0,0,69,27,1,11,11,0,1,24,20,1,1,0,1,0,0,0,0,0,0,8,1,0,4,1,0,1,0,0,0,0,0,0,0,0,0,0,0,0,0,0,0,0,0,6,2,0,1,0,0,0,0,0,0,0,0,0,0,0,0,0,0,0,0,2,1,0,1,0,0,0,0,1,0
45 - Αρκαδίας,122 E.T. Δήμου Μεγαλόπολης,109,49,0,0,0,49,15,6,2,0,4,2,19,12,1,1,0,0,1,0,1,0,0,0,4,0,0,3,0,0,6,2,0,0,0,1,0,0,0,0,0,0,0,0,0,0,0,0,3,1,1,1,1,0,0,0,0,0,0,0,0,0,0,0,0,0,0,0,0,0,0,0,0,0,0,0,0,0
45 - Αρκαδίας,123 E.T. Δήμου Μεγαλόπολης,83,41,0,0,0,41,17,0,1,2,0,9,16,11,0,2,0,0,1,0,1,0,0,0,2,0,0,2,0,0,2,0,0,0,0,0,0,0,0,0,0,0,0,0,0,0,0,0,0,0,0,0,0,0,0,0,1,0,0,0,0,0,0,0,0,0,0,0,1,1,0,0,0,0,0,0,1,0
45 - Αρκαδίας,124 E.T. Δήμου Μεγαλόπολης,176,77,0,0,0,77,18,3,3,3,0,0,24,19,1,0,0,0,2,0,0,0,2,0,5,0,0,5,0,0,18,1,15,0,0,0,1,0,1,0,0,0,0,0,0,0,0,0,1,0,1,0,0,0,0,0,0,0,0,0,0,0,0,0,0,0,0,0,7,0,1,0,1,1,0,0,0,0
45 - Αρκαδίας,125 E.T. Δήμου Μεγαλόπολης,536,212,2,1,3,209,83,6,33,8,2,10,81,57,8,4,3,7,4,0,1,0,2,0,16,0,1,12,2,0,10,1,5,1,0,1,2,1,0,0,0,0,0,0,1,0,0,0,4,1,0,1,0,0,0,0,4,0,0,0,0,0,0,0,0,0,0,0,2,0,0,0,0,0,0,0,2,1
45 - Αρκαδίας,126 E.T. Δήμου Μεγαλόπολης,84,49,0,0,0,49,14,0,0,4,1,6,18,10,4,0,0,1,1,0,0,0,0,0,6,0,0,4,1,0,2,0,1,0,0,1,0,0,0,0,0,0,0,0,0,0,0,0,0,0,0,0,0,0,0,0,0,0,0,0,0,0,3,0,0,0,0,1,5,0,0,2,0,0,0,0,0,0
45 - Αρκαδίας,127 E.T. Δήμου Μεγαλόπολης,344,155,1,2,3,152,34,4,12,2,1,11,84,65,5,0,2,3,3,0,0,1,0,1,16,3,0,6,5,0,5,1,0,0,0,2,3,1,1,0,0,0,0,0,0,0,0,0,2,1,1,0,0,0,0,0,0,0,0,0,0,0,0,0,0,0,0,0,3,0,0,0,0,0,0,0,2,1
45 - Αρκαδίας,128 E.T. Δήμου Μεγαλόπολης,90,50,0,0,0,50,23,0,0,0,0,0,15,0,0,0,0,0,3,0,0,0,0,0,6,0,0,0,0,0,0,0,0,0,0,0,1,0,0,0,0,0,0,0,1,0,0,0,0,0,0,0,0,0,0,0,0,0,0,0,0,0,0,0,0,0,0,0,1,0,0,0,0,0,0,0,0,0
45 - Αρκαδίας,129 E.T. Δήμου Μεγαλόπολης,96,34,0,0,0,34,7,0,2,0,0,1,15,2,1,8,0,0,0,0,0,0,0,0,5,0,0,4,0,0,0,0,0,0,0,0,3,1,0,0,0,0,0,0,0,0,0,0,1,1,0,0,0,0,0,0,0,0,0,0,0,0,1,1,0,0,0,0,1,0,0,1,0,0,0,0,1,1
45 - Αρκαδίας,130 E.T. Δήμου Μεγαλόπολης,69,30,0,0,0,30,6,2,1,0,0,3,19,0,0,0,0,0,0,0,0,0,0,0,3,0,1,1,1,0,1,0,1,0,0,0,0,0,0,0,0,0,0,0,0,0,0,0,0,0,0,0,0,0,0,0,0,0,0,0,0,0,0,0,0,0,0,0,0,0,0,0,0,0,0,0,1,1
45 - Αρκαδίας,131 E.T. Δήμου Μεγαλόπολης,105,46,0,1,1,45,16,5,5,0,1,3,19,13,2,3,0,0,3,0,0,0,0,3,6,0,0,6,0,0,1,1,0,0,0,0,0,0,0,0,0,0,0,0,0,0,0,0,0,0,0,0,0,0,0,0,0,0,0,0,0,0,0,0,0,0,0,0,0,0,0,0,0,0,0,0,0,0
45 - Αρκαδίας,132 E.T. Δήμου Μεγαλόπολης,105,26,0,1,1,25,5,1,1,0,0,3,17,9,6,1,0,1,0,0,0,0,0,0,2,1,0,1,0,0,0,0,0,0,0,0,1,1,0,0,0,0,0,0,0,0,0,0,0,0,0,0,0,0,0,0,0,0,0,0,0,0,0,0,0,0,0,0,0,0,0,0,0,0,0,0,0,0
45 - Αρκαδίας,133 E.T. Δήμου Μεγαλόπολης,51,29,1,0,1,28,8,0,3,3,1,0,13,9,0,2,0,0,0,0,0,0,0,0,1,0,0,1,0,0,3,2,0,0,0,0,0,0,0,0,0,0,0,0,1,1,0,0,0,0,0,0,0,0,0,0,0,0,0,0,0,0,0,0,0,0,0,0,2,1,0,0,0,0,0,0,0,0
45 - Αρκαδίας,134 E.T. Δήμου Μεγαλόπολης,139,67,0,3,3,64,23,1,6,0,0,11,21,13,0,1,1,0,0,0,0,0,0,0,10,1,0,5,1,0,4,0,1,1,0,0,1,0,0,0,0,0,0,0,1,1,0,0,2,2,0,0,0,0,0,0,1,0,1,0,0,0,0,0,0,0,0,0,0,0,0,0,1,0,0,0,0,0
45 - Αρκαδίας,135 E.T. Δήμου Μεγαλόπολης,154,47,0,0,0,47,10,4,1,0,0,4,21,14,1,1,1,1,3,0,0,1,0,1,6,0,0,0,0,0,4,0,3,1,0,0,0,0,0,0,0,0,0,0,0,0,0,0,0,0,0,0,0,0,0,0,0,0,0,0,0,0,2,2,0,0,0,0,0,0,0,0,0,0,0,0,1,1
45 - Αρκαδίας,136 E.T. Δήμου Μεγαλόπολης,89,38,1,2,3,35,14,0,0,0,0,0,10,0,0,0,0,0,0,0,0,0,0,0,2,0,0,0,0,0,4,0,0,0,0,0,0,0,0,0,1,0,0,0,0,0,0,0,1,0,0,0,0,0,0,0,1,0,0,0,0,0,0,0,0,0,0,0,1,0,0,0,0,0,0,0,1,0
45 - Αρκαδίας,137 E.T. Δήμου Μεγαλόπολης,156,65,1,0,1,64,18,3,8,1,0,2,25,15,1,8,0,1,1,0,0,1,0,0,4,1,0,3,0,0,2,2,0,0,0,0,3,3,0,0,0,0,0,0,1,0,0,1,3,2,0,1,0,0,0,0,1,0,1,0,0,0,0,0,0,0,0,0,4,1,0,3,0,0,0,0,2,1
45 - Αρκαδίας,138 E.T. Δήμου Μεγαλόπολης,310,109,2,0,2,107,36,4,10,6,0,10,48,35,1,3,5,0,3,1,0,2,0,0,12,1,0,8,1,1,2,0,1,0,0,0,0,0,0,0,0,0,0,0,0,0,0,0,4,1,1,1,0,0,0,0,0,0,0,0,0,0,0,0,0,0,0,0,2,1,0,1,0,0,0,0,0,0
45 - Αρκαδίας,139 E.T. Δήμου Μεγαλόπολης,75,33,0,1,1,32,18,3,4,0,1,7,3,3,0,0,0,0,1,0,0,1,0,0,6,1,0,5,0,0,1,1,0,0,0,0,0,0,0,0,0,0,0,0,1,0,0,0,0,0,0,0,0,0,0,0,0,0,0,0,0,0,0,0,0,0,0,0,2,0,0,2,0,0,0,0,0,0
45 - Αρκαδίας,140 E.T. Δήμου Μεγαλόπολης,78,41,0,0,0,41,10,1,0,1,0,2,18,12,0,0,0,1,1,0,0,0,0,1,8,0,0,7,1,0,2,0,2,0,0,0,0,0,0,0,0,0,0,0,0,0,0,0,1,0,0,0,0,0,0,0,0,0,0,0,0,0,0,0,0,0,0,0,1,0,0,1,0,0,0,0,0,0
45 - Αρκαδίας,141 E.T. Δήμου Μεγαλόπολης,161,30,0,0,0,30,13,4,2,3,1,2,11,11,0,0,0,0,0,0,0,0,0,0,3,0,0,3,0,0,1,0,0,0,0,0,0,0,0,0,0,0,1,0,0,0,0,0,1,0,0,0,0,0,0,0,0,0,0,0,0,0,0,0,0,0,0,0,0,0,0,0,0,0,0,0,0,0
45 - Αρκαδίας,142 E.T. Δήμου Μεγαλόπολης,102,59,0,0,0,59,18,2,4,7,0,0,23,14,0,3,0,3,3,0,0,1,0,0,9,0,0,9,0,0,3,0,1,0,0,0,0,0,0,0,0,0,0,0,0,0,0,0,2,1,0,1,0,0,0,0,0,0,0,0,0,0,0,0,0,0,0,0,1,0,0,1,0,0,0,0,0,0
45 - Αρκαδίας,143 E.T. Δήμου Μεγαλόπολης,92,45,0,0,0,45,13,2,7,1,0,1,19,15,2,0,1,1,0,0,0,0,0,0,1,0,0,1,0,0,4,1,0,2,0,0,2,2,0,0,0,0,0,0,0,0,0,0,0,0,0,0,0,0,0,0,0,0,0,0,0,0,0,0,0,0,0,0,6,0,0,6,0,0,0,0,0,0
45 - Αρκαδίας,144 E.T. Δήμου Μεγαλόπολης,121,69,0,1,1,68,32,1,14,4,4,4,16,6,2,1,1,1,0,0,0,0,0,0,10,1,1,8,0,0,1,0,1,0,0,0,1,0,0,0,0,0,1,1,0,0,0,0,2,1,0,1,0,0,0,0,0,0,0,0,0,0,0,0,0,0,0,0,3,0,0,3,0,0,0,0,2,1
45 - Αρκαδίας,145 E.T. Δήμου Μεγαλόπολης,160,78,1,1,2,76,34,3,13,5,1,10,28,21,0,2,2,1,2,0,0,1,0,0,7,0,0,3,0,0,0,0,0,0,0,0,0,0,0,0,0,0,1,0,0,0,0,0,3,0,1,0,0,0,0,0,0,0,0,0,0,0,0,0,0,0,0,0,1,0,0,0,0,0,0,0,0,0
45 - Αρκαδίας,146 E.T. Δήμου Μεγαλόπολης,199,71,3,1,4,67,23,2,6,4,4,2,29,19,0,0,4,0,1,0,1,0,0,0,6,0,0,4,0,1,2,0,0,0,1,0,0,0,0,0,1,1,0,0,0,0,0,0,1,0,0,0,0,0,0,0,0,0,0,0,0,0,0,0,0,0,0,0,2,0,1,0,1,0,0,0,1,1
45 - Αρκαδίας,147 E.T. Δήμου Μεγαλόπολης,150,64,1,1,2,62,17,1,3,1,0,5,25,22,0,1,0,0,0,0,0,0,0,0,2,0,0,2,0,0,18,0,12,1,1,0,0,0,0,0,0,0,0,0,0,0,0,0,0,0,0,0,0,0,0,0,0,0,0,0,0,0,0,0,0,0,0,0,0,0,0,0,0,0,0,0,0,0
45 - Αρκαδίας,148 E.T. Δήμου Μεγαλόπολης,167,58,1,0,1,57,30,2,13,1,1,10,6,6,0,0,0,0,2,0,0,0,0,2,6,2,0,4,0,0,7,0,5,0,0,1,0,0,0,0,0,0,0,0,0,0,0,0,2,1,0,1,0,0,0,0,1,0,1,0,0,0,0,0,0,0,0,0,1,1,0,0,0,0,0,0,2,2
45 - Αρκαδίας,149 E.T. Δήμου Μεγαλόπολης,556,374,6,2,8,366,124,0,0,0,0,0,143,0,0,0,0,0,11,0,0,0,0,0,22,0,0,0,0,0,15,0,0,0,0,0,4,0,0,0,0,0,3,0,1,0,0,0,15,0,0,0,0,0,0,0,8,0,0,0,0,0,2,0,0,0,0,0,11,0,0,0,0,0,0,0,7,0
45 - Αρκαδίας,150 E.T. Δήμου Μεγαλόπολης,559,388,2,6,8,380,125,18,43,9,3,25,136,100,7,13,3,5,12,1,0,5,0,2,27,4,0,21,0,0,20,0,13,3,0,0,0,0,0,0,0,0,3,1,0,0,0,0,16,0,2,2,0,0,1,1,12,0,12,0,0,0,2,2,0,0,0,0,21,1,2,13,3,0,0,0,2,2
45 - Αρκαδίας,151 E.T. Δήμου Μεγαλόπολης,563,342,6,3,9,333,116,9,34,10,6,27,119,90,7,5,5,4,8,0,1,3,0,3,19,2,0,11,1,0,14,2,9,0,0,0,3,2,1,0,1,1,2,2,0,0,0,0,12,4,1,3,0,0,0,0,5,0,3,0,1,0,4,4,0,0,0,0,11,1,0,4,3,0,0,1,16,7
45 - Αρκαδίας,152 E.T. Δήμου Μεγαλόπολης,559,349,3,4,7,342,115,10,36,9,8,27,135,99,2,13,6,6,2,0,0,2,0,0,19,3,1,8,5,0,14,1,6,1,0,2,2,0,1,1,0,0,8,7,0,0,0,0,15,7,1,3,0,0,0,0,7,0,7,0,0,0,1,1,0,0,0,0,19,1,1,11,2,0,0,0,3,1
45 - Αρκαδίας,153 E.T. Δήμου Μεγαλόπολης,564,364,4,2,6,358,127,10,44,3,4,31,115,88,7,7,5,4,15,0,0,6,1,1,41,3,1,29,4,1,20,1,9,0,0,2,7,1,1,2,0,0,2,2,0,0,0,0,14,7,4,2,0,0,0,0,2,0,2,0,0,0,3,2,0,0,0,1,5,0,1,1,0,0,0,0,7,6
45 - Αρκαδίας,154 E.T. Δήμου Μεγαλόπολης,563,335,2,3,5,330,124,9,42,18,3,17,116,76,6,18,3,5,8,0,1,1,3,0,25,6,1,12,2,0,16,0,11,0,0,0,1,0,0,0,0,0,4,3,1,0,0,0,11,5,0,1,1,0,0,0,2,0,2,0,0,0,2,1,0,0,1,0,14,1,2,9,1,0,0,0,4,3
45 - Αρκαδίας,155 E.T. Δήμου Μεγαλόπολης,555,343,5,3,8,335,124,10,33,20,2,26,96,76,1,6,2,2,8,0,2,1,2,3,34,6,0,24,2,1,23,1,13,0,0,1,4,0,3,0,0,0,4,1,2,0,1,1,13,9,2,0,1,1,0,0,3,1,1,0,0,0,1,1,0,0,0,0,16,0,3,11,0,0,0,0,6,1
45 - Αρκαδίας,156 E.T. Δήμου Μεγαλόπολης,558,338,2,3,5,333,121,0,0,0,0,0,131,0,0,0,0,0,1,0,0,0,0,0,30,0,0,0,0,0,16,0,0,0,0,0,0,0,0,0,0,0,2,0,1,0,0,0,12,0,0,0,0,0,0,0,2,0,0,0,0,0,0,0,0,0,0,0,9,0,0,0,3,0,0,0,5,0
45 - Αρκαδίας,157 E.T. Δήμου Μεγαλόπολης,557,340,4,2,6,334,127,0,0,0,0,0,117,0,0,0,0,0,8,0,0,0,0,0,29,0,0,0,0,0,10,0,0,0,0,0,3,0,0,0,0,0,1,0,0,0,0,0,14,0,0,0,0,0,0,0,3,0,0,0,0,0,0,0,0,0,0,0,17,0,0,0,0,0,0,0,5,0
45 - Αρκαδίας,158 E.T. Δήμου Μεγαλόπολης,117,34,0,2,2,32,13,3,4,2,0,1,12,9,1,0,0,0,0,0,0,0,0,0,3,2,0,1,0,0,2,1,0,0,0,1,1,0,0,0,0,0,0,0,0,0,0,0,0,0,0,0,0,0,0,0,0,0,0,0,0,0,1,1,0,0,0,0,0,0,0,0,0,0,0,0,0,0
45 - Αρκαδίας,159 E.T. Δήμου Μεγαλόπολης,65,20,0,0,0,20,1,1,0,0,0,0,9,8,0,0,0,0,0,0,0,0,0,0,2,0,0,2,0,0,5,0,1,3,0,0,0,0,0,0,0,0,0,0,0,0,0,0,0,0,0,0,0,0,0,0,0,0,0,0,0,0,1,0,0,0,0,0,1,0,0,1,0,0,0,0,1,1
45 - Αρκαδίας,160 E.T. Δήμου Μεγαλόπολης,464,170,1,3,4,166,45,8,14,2,6,9,83,70,3,4,0,1,1,0,0,0,0,1,18,1,0,14,1,0,5,2,1,0,0,2,1,1,0,0,0,0,1,1,0,0,0,0,1,1,0,0,0,0,0,0,1,1,0,0,0,0,0,0,0,0,0,0,6,3,0,2,1,0,0,0,3,2
45 - Αρκαδίας,161 E.T. Δήμου Μεγαλόπολης,263,97,2,0,2,95,47,10,18,2,0,0,27,23,1,1,0,0,0,0,0,0,0,0,8,2,1,2,2,0,3,1,1,0,0,0,0,0,0,0,0,0,0,0,0,0,0,0,3,2,1,0,0,0,0,0,1,0,1,0,0,0,2,2,0,0,0,0,1,0,0,1,0,0,0,0,3,0
45 - Αρκαδίας,162 E.T. Δήμου Μεγαλόπολης,153,70,1,1,2,68,10,0,5,0,1,3,30,23,1,1,1,1,1,0,0,0,0,1,10,5,0,3,0,0,11,1,4,1,0,2,0,0,0,0,0,0,0,0,0,0,0,0,2,2,0,0,0,0,0,0,2,0,2,0,0,0,1,0,0,0,0,0,0,0,0,0,1,0,0,0,0,0
45 - Αρκαδίας,163 E.T. Δήμου Μεγαλόπολης,107,69,0,2,2,67,32,2,3,4,4,17,18,15,0,0,0,0,3,0,1,0,0,0,5,1,0,3,0,0,6,0,0,1,0,0,0,0,0,0,0,0,0,0,0,0,0,0,1,0,1,0,0,0,0,0,0,0,0,0,0,0,0,0,0,0,0,0,2,0,0,1,0,0,0,0,0,0
45 - Αρκαδίας,164 E.T. Δήμου Μεγαλόπολης,162,77,0,0,0,77,27,0,9,4,1,8,20,17,1,1,1,0,3,0,0,2,0,1,10,0,0,8,0,0,5,0,4,0,0,0,1,1,0,0,0,0,1,0,0,0,0,0,5,4,0,1,0,0,0,0,0,0,0,0,0,0,0,0,0,0,0,0,3,0,0,3,2,0,1,0,0,0
45 - Αρκαδίας,165 E.T. Δήμου Μεγαλόπολης,106,62,0,1,1,61,17,3,1,1,1,7,18,13,2,0,0,0,1,0,0,1,0,0,9,0,0,4,5,0,6,0,1,0,1,0,0,0,0,0,0,0,0,0,0,0,0,0,2,1,0,0,0,0,0,0,0,0,0,0,0,0,1,0,0,0,0,1,3,0,1,1,0,0,0,0,4,4
45 - Αρκαδίας,166 E.T. Δήμου Μεγαλόπολης,194,75,0,1,1,74,29,3,19,0,2,0,20,19,0,1,0,0,12,0,2,3,0,7,10,3,0,6,0,0,0,0,0,0,0,0,0,0,0,0,0,0,0,0,0,0,0,0,1,0,0,0,0,0,0,0,0,0,0,0,0,0,0,0,0,0,0,0,2,1,0,0,0,0,0,0,0,0
45 - Αρκαδίας,167 E.T. Δήμου Μεγαλόπολης,230,110,1,0,1,109,20,0,0,0,0,0,56,0,0,0,0,0,3,0,0,0,0,0,10,0,0,0,0,0,17,0,0,0,0,0,0,0,0,0,0,0,0,0,0,0,0,0,2,0,0,0,0,0,0,0,0,0,0,0,0,0,0,0,0,0,0,0,1,0,0,0,0,0,0,0,0,0
45 - Αρκαδίας,168 E.T. Δήμου Μεγαλόπολης,303,149,0,0,0,149,51,7,7,7,4,15,50,33,4,1,5,1,2,0,0,1,1,0,22,3,0,14,4,1,13,1,7,0,0,1,0,0,0,0,0,0,0,0,0,0,0,0,7,3,0,2,0,0,0,0,1,0,1,0,0,0,0,0,0,0,0,0,2,0,0,2,1,0,0,0,0,0
45 - Αρκαδίας,169 E.T. Δήμου Μεγαλόπολης,178,74,0,0,0,74,18,1,1,0,1,8,24,16,1,5,1,1,0,0,0,0,0,0,11,2,0,6,0,0,13,2,8,0,0,1,1,1,0,0,0,0,0,0,0,0,0,0,1,0,0,0,0,0,1,0,0,0,0,0,0,0,1,0,0,0,0,0,1,0,1,0,1,0,0,0,2,0
45 - Αρκαδίας,170 E.T. Δήμου Μεγαλόπολης,447,202,1,0,1,201,67,3,23,9,3,14,72,51,0,11,3,0,6,0,2,1,0,3,16,5,0,11,0,0,19,3,5,0,0,1,0,0,0,0,0,0,1,1,3,3,0,0,12,4,0,0,0,0,0,0,1,1,0,0,0,0,1,0,0,0,1,0,3,1,0,2,0,0,0,0,0,0
45 - Αρκαδίας,171 E.T. Δήμου Μεγαλόπολης,379,138,0,0,0,138,58,5,24,4,1,7,45,27,2,3,3,5,2,0,0,0,0,1,20,0,0,17,2,0,0,0,0,0,0,0,1,0,1,0,0,0,0,0,0,0,0,0,3,2,0,1,0,0,1,1,2,0,0,0,0,0,0,0,0,0,0,0,0,0,0,0,0,0,0,0,6,3
45 - Αρκαδίας,172 E.T. Δήμου Μεγαλόπολης,159,54,3,0,3,51,12,2,3,1,2,0,15,13,0,1,0,0,3,0,0,1,1,0,5,3,0,2,0,0,12,1,6,1,0,2,0,0,0,0,0,0,0,0,0,0,0,0,1,0,0,0,0,0,0,0,0,0,0,0,0,0,0,0,0,0,0,0,1,0,0,0,0,0,0,0,2,0
45 - Αρκαδίας,173 E.T. Δήμου Μεγαλόπολης,227,72,0,0,0,72,22,2,7,3,0,7,24,21,0,0,1,0,0,0,0,0,0,0,10,1,0,4,1,0,4,1,0,0,0,2,1,0,0,0,0,0,0,0,0,0,0,0,3,3,0,0,0,0,0,0,1,0,0,0,0,0,1,0,0,0,0,0,5,0,0,4,0,0,0,0,1,0
45 - Αρκαδίας,174 E.T. Δήμου Μεγαλόπολης,201,110,0,0,0,110,43,3,12,11,9,2,44,40,0,0,1,0,2,0,0,0,1,0,5,2,0,3,0,0,7,1,2,0,0,0,0,0,0,0,0,0,1,0,0,0,0,0,5,1,1,0,0,0,0,0,0,0,0,0,0,0,0,0,0,0,0,0,1,0,0,0,1,0,0,0,1,0
45 - Αρκαδίας,175 E.T. Δήμου Μεγαλόπολης,124,24,0,0,0,24,4,1,0,1,0,1,6,5,1,0,0,0,1,0,0,0,0,1,10,10,0,0,0,0,2,0,2,0,0,0,0,0,0,0,0,0,0,0,1,0,0,0,0,0,0,0,0,0,0,0,0,0,0,0,0,0,0,0,0,0,0,0,0,0,0,0,0,0,0,0,0,0
45 - Αρκαδίας,176 E.T. Δήμου Μεγαλόπολης,194,59,1,0,1,58,26,4,8,2,1,6,24,17,0,0,2,2,2,0,0,2,0,0,1,0,0,1,0,0,0,0,0,0,0,0,1,0,0,0,0,0,0,0,0,0,0,0,1,1,0,0,0,0,0,0,0,0,0,0,0,0,0,0,0,0,0,0,3,0,1,0,0,0,0,0,0,0
45 - Αρκαδίας,177 E.T. Δήμου Μεγαλόπολης,104,12,0,0,0,12,1,1,0,0,0,0,9,6,0,3,0,0,1,0,0,0,0,0,0,0,0,0,0,0,1,0,1,0,0,0,0,0,0,0,0,0,0,0,0,0,0,0,0,0,0,0,0,0,0,0,0,0,0,0,0,0,0,0,0,0,0,0,0,0,0,0,0,0,0,0,0,0
45 - Αρκαδίας,178 E.T. Δήμου Μεγαλόπολης,367,158,2,0,2,156,36,6,6,19,1,2,92,53,33,0,2,1,7,3,1,0,0,2,10,0,0,10,0,0,3,0,0,1,0,0,0,0,0,0,0,0,0,0,0,0,0,0,1,0,0,1,0,0,0,0,0,0,0,0,0,0,1,0,0,0,0,0,5,1,0,2,1,1,0,0,0,0
45 - Αρκαδίας,179 E.T. Δήμου Μεγαλόπολης,96,38,0,0,0,38,10,3,1,3,0,0,13,12,0,0,0,0,1,0,0,0,0,0,6,1,0,3,0,0,6,0,4,1,0,0,0,0,0,0,0,0,0,0,0,0,0,0,1,0,0,0,0,0,0,0,0,0,0,0,0,0,0,0,0,0,0,0,1,1,0,0,0,0,0,0,0,0
45 - Αρκαδίας,180 E.T. Δήμου Μεγαλόπολης,526,232,8,2,10,222,68,14,15,6,3,21,104,89,5,3,3,1,6,0,0,1,0,3,18,2,0,13,2,1,8,2,1,2,0,2,0,0,0,0,0,0,0,0,1,0,0,1,4,1,1,2,0,0,0,0,1,0,1,0,0,0,0,0,0,0,0,0,4,1,0,0,1,0,1,0,7,7
45 - Αρκαδίας,181 E.T. Δήμου Μεγαλόπολης,82,20,0,1,1,19,5,2,0,3,0,0,7,2,0,0,1,1,0,0,0,0,0,0,2,0,0,1,1,0,2,0,0,1,0,0,1,0,0,0,0,0,0,0,0,0,0,0,2,1,0,0,0,0,0,0,0,0,0,0,0,0,0,0,0,0,0,0,0,0,0,0,0,0,0,0,0,0
45 - Αρκαδίας,182 E.T. Δήμου Μεγαλόπολης,89,36,2,1,3,33,14,2,1,7,0,1,14,7,1,0,1,1,1,0,0,0,0,1,3,0,0,3,0,0,0,0,0,0,0,0,0,0,0,0,0,0,0,0,0,0,0,0,0,0,0,0,0,0,0,0,0,0,0,0,0,0,0,0,0,0,0,0,0,0,0,0,1,0,0,0,0,0
45 - Αρκαδίας,183 E.T. Δήμου Μεγαλόπολης,158,56,2,2,4,52,13,4,0,0,2,5,17,15,0,1,0,0,6,0,0,0,0,6,11,0,0,7,0,0,2,0,0,1,0,0,1,0,0,0,0,0,0,0,0,0,0,0,1,1,0,0,0,0,0,0,0,0,0,0,0,0,0,0,0,0,0,0,0,0,0,0,0,0,0,0,1,1
45 - Αρκαδίας,184 E.T. Δήμου Μεγαλόπολης,128,68,0,0,0,68,26,3,8,3,0,3,29,20,0,2,2,1,1,0,0,0,0,0,7,1,0,5,0,1,3,0,2,0,0,0,0,0,0,0,0,0,0,0,0,0,0,0,0,0,0,0,0,0,0,0,0,0,0,0,0,0,0,0,0,0,0,0,2,0,0,0,0,0,0,0,0,0
45 - Αρκαδίας,185 E.T. Δήμου Μεγαλόπολης,56,21,0,0,0,21,12,1,3,6,0,0,4,4,0,0,0,0,0,0,0,0,0,0,4,1,0,0,0,0,0,0,0,0,0,0,0,0,0,0,0,0,0,0,0,0,0,0,0,0,0,0,1,0,0,0,0,0,0,0,0,0,0,0,0,0,0,0,0,0,0,0,0,0,0,0,0,0
45 - Αρκαδίας,186 E.T. Δήμου Μεγαλόπολης,520,129,4,1,5,124,36,5,11,6,1,7,65,58,1,1,1,0,1,0,0,0,0,0,9,4,0,4,1,0,5,2,1,0,0,0,0,0,0,0,0,0,0,0,0,0,0,0,4,3,1,0,0,0,0,0,0,0,0,0,0,0,0,0,0,0,0,0,2,1,1,0,1,0,0,0,1,1
45 - Αρκαδίας,187 E.T. Δήμου Μεγαλόπολης,101,46,0,0,0,46,9,1,7,0,0,0,32,25,0,2,0,1,0,0,0,0,0,0,1,1,0,0,0,0,1,1,0,0,0,0,0,0,0,0,0,0,0,0,0,0,0,0,1,1,0,0,0,0,0,0,0,0,0,0,0,0,0,0,0,0,0,0,0,0,0,0,1,0,1,0,1,1
45 - Αρκαδίας,188 E.T. Δήμου Μεγαλόπολης,288,155,2,5,7,148,35,5,13,2,1,2,74,47,6,2,2,3,7,0,1,0,0,1,20,1,0,16,1,1,2,0,1,0,0,0,1,0,0,0,0,0,0,0,1,0,0,1,2,1,1,0,1,0,0,0,0,0,0,0,0,0,0,0,0,0,0,0,3,0,0,0,0,0,0,0,2,1
45 - Αρκαδίας,189 E.T. Δήμου Μεγαλόπολης,175,59,0,0,0,59,16,1,3,2,1,5,33,28,2,3,0,0,2,0,0,1,0,1,1,1,0,0,0,0,0,0,0,0,0,0,0,0,0,0,0,0,0,0,0,0,0,0,3,3,0,0,0,0,0,0,3,0,2,0,0,0,0,0,0,0,0,0,0,0,0,0,0,0,0,0,1,1
45 - Αρκαδίας,190 E.T. Δήμου Νότιας Κυνουρίας,475,137,1,2,3,134,23,6,4,1,1,0,59,45,3,0,6,2,3,1,0,1,0,0,8,2,0,4,1,0,19,1,1,2,5,0,3,0,2,0,0,0,1,0,0,0,0,0,3,1,1,1,1,1,1,0,0,0,0,0,0,0,2,0,0,0,0,2,5,0,1,0,0,0,0,0,6,1
45 - Αρκαδίας,191 E.T. Δήμου Νότιας Κυνουρίας,571,174,2,0,2,172,41,11,6,2,2,7,74,49,6,4,2,0,4,1,0,0,1,0,11,1,0,7,0,1,23,1,1,3,11,2,0,0,0,0,0,0,0,0,1,1,0,0,12,4,0,1,0,0,0,0,0,0,0,0,0,0,2,0,1,0,0,1,1,0,0,0,0,0,0,0,3,2
45 - Αρκαδίας,192 E.T. Δήμου Νότιας Κυνουρίας,505,317,10,5,15,302,66,7,24,12,1,8,149,102,1,17,16,1,12,1,1,0,6,1,12,0,0,7,0,2,45,0,0,2,39,0,1,0,1,0,0,0,1,1,0,0,0,0,5,2,0,1,0,0,0,0,1,1,0,0,0,0,1,0,0,0,0,0,4,1,1,0,4,2,1,0,1,1
45 - Αρκαδίας,193 E.T. Δήμου Νότιας Κυνουρίας,501,308,2,0,2,306,75,4,25,6,9,17,147,96,2,7,22,3,1,0,0,0,1,0,19,1,2,12,1,1,40,0,0,1,32,0,2,0,1,0,0,0,1,1,0,0,0,0,3,3,0,0,0,0,0,0,2,0,0,1,0,0,1,0,0,0,0,0,11,0,0,0,3,0,2,0,1,1
45 - Αρκαδίας,194 E.T. Δήμου Νότιας Κυνουρίας,507,351,6,4,10,341,89,0,0,0,0,0,156,0,0,0,0,0,8,0,0,0,0,0,15,0,0,0,0,0,49,0,0,0,0,0,0,0,0,0,0,0,1,0,0,0,0,0,14,0,0,0,0,0,0,0,1,0,0,0,0,0,1,0,0,0,0,0,2,0,0,0,0,0,0,0,5,0
45 - Αρκαδίας,195 E.T. Δήμου Νότιας Κυνουρίας,550,339,5,3,8,331,54,6,9,9,8,8,200,124,6,3,33,7,12,1,1,1,4,1,22,1,0,12,2,3,21,0,0,0,20,0,3,2,0,0,0,0,1,0,0,0,0,0,6,1,2,0,0,0,0,0,1,0,0,0,0,0,1,0,0,1,0,0,3,0,0,1,1,0,0,0,6,5
45 - Αρκαδίας,196 E.T. Δήμου Νότιας Κυνουρίας,491,306,3,2,5,301,56,4,12,5,11,14,176,114,3,16,28,1,12,0,0,4,4,2,22,0,1,15,1,2,23,0,0,0,19,0,1,0,1,0,0,0,2,1,1,1,0,0,1,0,0,1,1,0,0,0,0,0,0,0,0,0,0,0,0,0,0,0,3,0,0,1,1,0,0,0,2,2
45 - Αρκαδίας,197 E.T. Δήμου Νότιας Κυνουρίας,503,297,3,2,5,292,60,5,12,14,7,12,156,103,4,4,25,1,6,0,0,1,2,0,17,0,1,11,0,4,35,0,0,2,28,0,3,1,1,0,0,0,2,0,0,0,0,0,5,0,0,2,0,0,0,0,0,0,0,0,0,0,1,0,0,0,0,0,5,1,1,1,0,0,0,0,2,2
45 - Αρκαδίας,198 E.T. Δήμου Νότιας Κυνουρίας,516,277,0,2,2,275,60,5,6,14,4,11,147,87,4,15,27,1,0,0,0,0,0,0,14,0,2,11,0,0,37,2,0,1,30,0,0,0,0,0,0,0,0,0,1,0,0,1,3,2,0,1,0,0,1,1,2,1,0,0,0,0,0,0,0,0,0,0,4,0,1,0,3,0,1,2,3,1
45 - Αρκαδίας,199 E.T. Δήμου Νότιας Κυνουρίας,163,71,0,0,0,71,13,5,3,0,1,0,18,14,1,0,2,0,0,0,0,0,0,0,9,0,0,5,1,0,28,1,0,0,24,0,0,0,0,0,0,0,1,0,0,0,0,0,0,0,0,0,0,0,0,0,0,0,0,0,0,0,0,0,0,0,0,0,1,0,0,0,0,0,0,0,1,0
45 - Αρκαδίας,200 E.T. Δήμου Νότιας Κυνουρίας,79,27,0,0,0,27,2,0,2,0,0,0,20,12,0,2,1,0,1,0,0,0,0,0,1,0,0,1,0,0,1,0,0,0,1,0,1,1,0,0,0,0,0,0,0,0,0,0,0,0,0,0,0,0,0,0,0,0,0,0,0,0,0,0,0,0,0,0,1,0,0,1,0,0,0,0,0,0
45 - Αρκαδίας,201 E.T. Δήμου Νότιας Κυνουρίας,98,25,0,1,1,24,4,0,3,1,0,0,20,15,1,0,2,1,0,0,0,0,0,0,0,0,0,0,0,0,0,0,0,0,0,0,0,0,0,0,0,0,0,0,0,0,0,0,0,0,0,0,0,0,0,0,0,0,0,0,0,0,0,0,0,0,0,0,0,0,0,0,0,0,0,0,0,0
45 - Αρκαδίας,202 E.T. Δήμου Νότιας Κυνουρίας,135,65,1,0,1,64,7,0,3,1,0,2,42,36,0,1,3,1,3,1,0,1,0,0,4,1,0,2,0,0,2,0,0,2,0,0,0,0,0,0,0,0,1,1,0,0,0,0,5,3,0,2,0,0,0,0,0,0,0,0,0,0,0,0,0,0,0,0,0,0,0,0,0,0,0,0,0,0
45 - Αρκαδίας,203 E.T. Δήμου Νότιας Κυνουρίας,346,103,2,1,3,100,16,0,1,2,0,3,62,44,1,5,4,0,2,0,0,0,0,0,8,0,0,5,0,1,4,1,0,0,2,0,2,1,0,0,0,0,0,0,0,0,0,0,3,1,0,0,0,0,0,0,0,0,0,0,0,0,0,0,0,0,0,0,1,0,0,0,0,0,0,0,2,2
45 - Αρκαδίας,204 E.T. Δήμου Νότιας Κυνουρίας,444,217,3,1,4,213,41,1,20,2,10,0,114,85,10,6,2,1,3,0,0,1,0,0,34,1,0,29,0,0,9,1,1,0,7,0,4,1,1,0,0,0,0,0,1,0,0,1,3,2,0,1,0,0,0,0,0,0,0,0,0,0,0,0,0,0,0,0,3,0,2,0,1,0,0,0,0,0
45 - Αρκαδίας,205 E.T. Δήμου Νότιας Κυνουρίας,401,181,1,4,5,176,28,7,5,0,2,4,90,49,11,4,4,2,13,1,1,3,6,0,22,0,0,14,2,1,8,1,0,0,6,0,2,2,0,0,0,0,2,1,0,0,0,0,2,0,0,0,0,0,0,0,1,0,0,0,0,0,0,0,0,0,0,0,5,2,0,1,2,1,0,0,1,0
45 - Αρκαδίας,206 E.T. Δήμου Νότιας Κυνουρίας,74,23,0,0,0,23,11,1,5,0,0,2,2,1,0,1,0,0,0,0,0,0,0,0,9,1,0,6,0,0,1,0,0,0,0,0,0,0,0,0,0,0,0,0,0,0,0,0,0,0,0,0,0,0,0,0,0,0,0,0,0,0,0,0,0,0,0,0,0,0,0,0,0,0,0,0,0,0
45 - Αρκαδίας,207 E.T. Δήμου Νότιας Κυνουρίας,554,314,7,4,11,303,66,6,23,10,11,5,139,81,13,11,21,2,6,0,0,1,3,0,43,0,0,37,2,0,20,0,0,0,20,0,5,2,0,2,0,0,2,0,0,0,0,0,9,3,1,1,0,0,0,0,2,0,1,1,0,0,0,0,0,0,0,0,6,1,1,2,2,0,1,1,3,3
45 - Αρκαδίας,208 E.T. Δήμου Νότιας Κυνουρίας,443,201,1,0,1,200,25,1,5,2,1,9,121,76,4,0,18,1,3,0,0,0,2,0,23,1,2,13,4,0,6,0,0,0,4,0,3,0,1,0,0,0,0,0,0,0,0,0,7,4,1,1,0,0,0,0,0,0,0,0,0,0,2,0,0,0,0,0,7,2,2,0,3,2,0,0,0,0
45 - Αρκαδίας,209 E.T. Δήμου Νότιας Κυνουρίας,315,169,2,0,2,167,56,0,0,0,0,0,59,0,0,0,0,0,5,0,0,0,0,0,18,0,0,0,0,0,4,0,0,0,0,0,4,0,0,0,1,0,0,0,0,0,0,0,9,0,0,0,0,0,0,0,2,0,0,0,0,0,0,0,0,0,0,0,3,0,0,0,1,0,0,0,5,0
45 - Αρκαδίας,210 E.T. Δήμου Νότιας Κυνουρίας,331,180,1,1,2,178,32,4,6,5,3,4,98,61,3,1,28,3,1,1,0,0,0,0,13,1,0,12,0,0,10,1,0,1,7,0,0,0,0,0,0,0,0,0,0,0,0,0,6,2,0,1,0,0,0,0,3,0,0,0,3,0,2,0,0,0,0,0,12,0,4,5,0,0,0,0,1,0
45 - Αρκαδίας,211 E.T. Δήμου Νότιας Κυνουρίας,443,280,3,7,10,270,43,7,6,6,3,7,144,85,5,21,20,1,9,0,0,0,2,5,38,1,0,34,1,1,5,0,0,0,3,0,4,3,0,0,0,0,1,1,0,0,0,0,7,0,3,2,2,0,0,0,2,0,0,0,0,0,1,0,0,0,0,0,7,0,3,0,0,0,0,0,7,4
45 - Αρκαδίας,212 E.T. Δήμου Νότιας Κυνουρίας,382,235,3,1,4,231,59,6,12,18,2,10,116,83,4,7,16,0,1,0,0,0,0,0,28,1,0,21,0,1,7,1,0,0,1,1,2,1,0,0,0,0,0,0,0,0,0,0,3,0,1,1,0,0,1,1,0,0,0,0,0,0,2,0,0,1,0,0,10,1,1,3,0,0,0,0,2,1
45 - Αρκαδίας,213 E.T. Δήμου Νότιας Κυνουρίας,571,339,4,2,6,333,77,8,15,17,7,16,168,91,6,7,48,5,8,0,0,2,4,1,47,1,0,36,2,2,4,0,0,0,3,0,2,0,0,0,0,0,0,0,1,0,0,1,11,2,0,4,0,0,0,0,0,0,0,0,0,0,1,0,0,0,0,0,7,1,2,4,0,0,0,0,7,4
45 - Αρκαδίας,214 E.T. Δήμου Νότιας Κυνουρίας,544,305,3,3,6,299,63,7,16,11,4,16,147,72,2,12,55,4,4,1,0,0,1,1,56,0,0,41,11,1,5,0,0,1,4,0,3,2,0,1,0,0,0,0,0,0,0,0,8,4,0,1,0,0,0,0,1,0,0,0,0,0,0,0,0,0,0,0,4,1,0,2,1,0,0,1,7,2
45 - Αρκαδίας,215 E.T. Δήμου Τρίπολης,157,58,0,0,0,58,22,3,6,6,0,4,18,13,0,4,0,0,0,0,0,0,0,0,16,0,0,14,1,0,0,0,0,0,0,0,0,0,0,0,0,0,0,0,0,0,0,0,1,0,0,1,0,0,0,0,0,0,0,0,0,0,0,0,0,0,0,0,1,0,0,0,0,0,0,0,0,0
45 - Αρκαδίας,216 E.T. Δήμου Τρίπολης,424,143,0,1,1,142,54,10,9,16,2,10,52,28,4,6,4,4,5,0,1,2,0,2,16,1,0,6,8,0,4,0,0,0,0,2,4,0,1,1,0,0,0,0,1,1,0,0,4,2,0,1,0,0,0,0,0,0,0,0,0,0,0,0,0,0,0,0,2,0,0,1,0,0,0,0,0,0
45 - Αρκαδίας,217 E.T. Δήμου Τρίπολης,216,87,0,0,0,87,19,2,5,0,0,9,40,23,6,3,1,4,14,0,0,0,0,14,9,0,0,7,1,0,4,1,0,0,0,1,0,0,0,0,0,0,0,0,0,0,0,0,1,1,0,0,0,0,0,0,0,0,0,0,0,0,0,0,0,0,0,0,0,0,0,0,0,0,0,0,0,0
45 - Αρκαδίας,218 E.T. Δήμου Τρίπολης,190,84,0,0,0,84,21,2,6,2,0,7,22,17,0,2,0,0,2,0,0,1,0,1,21,0,0,7,9,1,9,3,0,0,0,1,2,1,0,0,0,0,1,0,0,0,0,0,1,0,0,0,0,0,0,0,0,0,0,0,0,0,1,0,0,0,1,0,3,2,0,0,0,0,0,0,1,0
45 - Αρκαδίας,219 E.T. Δήμου Τρίπολης,441,196,1,0,1,195,54,3,13,10,1,8,90,46,6,21,5,1,8,0,0,0,0,8,20,0,0,14,2,0,9,2,1,0,0,1,1,1,0,0,0,0,0,0,1,0,0,1,1,0,0,0,0,0,0,0,0,0,0,0,0,0,0,0,0,0,0,0,8,0,0,1,0,0,0,0,3,0
45 - Αρκαδίας,220 E.T. Δήμου Τρίπολης,276,120,2,0,2,118,17,0,5,3,1,4,76,25,21,16,4,5,6,0,0,0,0,6,4,0,0,3,0,0,2,0,1,0,0,0,2,0,0,0,0,0,0,0,0,0,0,0,6,3,2,0,0,0,0,0,1,0,0,0,0,1,1,0,0,0,0,0,1,0,0,0,1,0,0,0,1,1
45 - Αρκαδίας,221 E.T. Δήμου Τρίπολης,281,103,1,0,1,102,35,3,7,5,3,5,41,24,2,6,1,2,7,0,0,0,0,5,9,0,0,3,4,0,1,0,0,0,0,0,2,0,0,0,0,0,0,0,0,0,0,0,3,0,0,0,0,0,0,0,1,1,0,0,0,0,0,0,0,0,0,0,3,1,0,0,0,0,0,0,0,0
45 - Αρκαδίας,222 E.T. Δήμου Τρίπολης,322,137,2,1,3,134,43,7,17,2,0,14,57,39,11,3,0,3,2,0,0,0,2,0,15,0,0,10,5,0,10,4,3,2,0,1,0,0,0,0,0,0,0,0,0,0,0,0,1,0,1,0,0,0,0,0,0,0,0,0,0,0,0,0,0,0,0,0,4,2,2,0,0,0,0,0,2,1
45 - Αρκαδίας,223 E.T. Δήμου Τρίπολης,418,107,1,0,1,106,23,12,0,0,0,6,61,24,3,21,3,0,0,0,0,0,0,0,16,0,0,8,7,0,2,0,0,0,0,1,0,0,0,0,0,0,0,0,0,0,0,0,2,0,2,0,0,0,0,0,0,0,0,0,0,0,0,0,0,0,0,0,0,0,0,0,2,0,0,0,0,0
45 - Αρκαδίας,224 E.T. Δήμου Τρίπολης,197,40,0,0,0,40,7,0,1,2,1,3,13,10,1,1,0,0,0,0,0,0,0,0,11,1,0,6,4,0,5,0,0,5,0,0,0,0,0,0,0,0,0,0,0,0,0,0,0,0,0,0,0,0,0,0,1,0,1,0,0,0,2,0,0,0,2,0,1,0,0,1,0,0,0,0,0,0
45 - Αρκαδίας,225 E.T. Δήμου Τρίπολης,319,107,1,1,2,105,24,3,6,3,4,3,56,34,1,6,7,0,3,0,0,0,0,3,10,1,1,2,3,1,6,1,0,1,0,0,1,1,0,0,0,0,1,1,0,0,0,0,2,2,0,0,0,0,0,0,0,0,0,0,0,0,0,0,0,0,0,0,1,0,0,1,0,0,0,0,1,1
45 - Αρκαδίας,226 E.T. Δήμου Τρίπολης,107,40,0,0,0,40,9,0,0,0,0,7,21,0,0,6,1,2,4,0,0,0,0,4,3,0,0,3,0,0,0,0,0,0,0,0,0,0,0,0,0,0,0,0,0,0,0,0,0,0,0,0,0,0,1,0,0,0,0,0,0,0,0,0,0,0,0,0,1,0,0,0,1,0,1,0,0,0
45 - Αρκαδίας,227 E.T. Δήμου Τρίπολης,70,29,1,0,1,28,19,4,4,0,3,4,3,3,0,0,0,0,0,0,0,0,0,0,4,0,0,4,0,0,2,0,0,0,0,1,0,0,0,0,0,0,0,0,0,0,0,0,0,0,0,0,0,0,0,0,0,0,0,0,0,0,0,0,0,0,0,0,0,0,0,0,0,0,0,0,0,0
45 - Αρκαδίας,228 E.T. Δήμου Τρίπολης,304,145,3,1,4,141,31,2,14,3,1,7,82,47,7,15,2,5,14,1,0,0,1,12,7,1,0,4,2,0,3,0,1,1,0,0,1,0,0,0,0,0,0,0,0,0,0,0,2,1,0,1,0,0,0,0,0,0,0,0,0,0,0,0,0,0,0,0,1,1,0,0,0,0,0,0,0,0
45 - Αρκαδίας,229 E.T. Δήμου Τρίπολης,570,330,1,2,3,327,103,17,41,5,7,19,135,66,12,39,1,4,9,0,0,1,1,4,47,0,0,20,13,5,7,2,0,3,0,0,0,0,0,0,0,0,0,0,0,0,0,0,8,3,1,0,1,1,0,0,7,3,0,2,0,0,1,0,0,1,0,0,5,0,1,0,2,2,0,0,2,0
45 - Αρκαδίας,230 E.T. Δήμου Τρίπολης,423,239,3,0,3,236,52,7,3,9,2,18,122,46,4,51,2,1,9,0,0,1,0,2,26,0,0,17,6,1,8,1,0,2,0,1,0,0,0,0,0,0,2,1,0,0,0,0,4,0,1,1,0,0,0,0,4,0,0,3,0,0,1,0,0,0,0,0,7,2,0,0,1,0,0,1,0,0
45 - Αρκαδίας,231 E.T. Δήμου Τρίπολης,512,257,0,4,4,253,54,2,21,9,6,6,151,18,6,118,1,1,5,1,3,1,0,0,19,0,0,15,1,1,8,1,1,0,0,1,3,0,1,1,0,0,1,1,0,0,0,0,2,1,0,0,0,0,0,0,0,0,0,0,0,0,0,0,0,0,0,0,5,0,1,1,1,0,0,0,4,0
45 - Αρκαδίας,232 E.T. Δήμου Τρίπολης,484,289,6,2,8,281,92,7,29,31,2,12,131,72,6,33,2,2,9,0,0,2,1,2,24,0,0,19,3,1,2,0,0,0,0,0,4,1,0,0,0,0,1,1,1,0,0,0,6,1,1,3,0,0,0,0,1,0,0,0,0,0,0,0,0,0,0,0,4,0,2,0,3,0,1,2,3,3
45 - Αρκαδίας,233 E.T. Δήμου Τρίπολης,432,226,1,1,2,224,72,2,29,14,1,5,92,43,5,33,6,5,4,0,0,0,0,2,17,0,0,9,4,0,9,4,0,0,0,0,0,0,0,0,0,0,0,0,0,0,0,0,7,1,1,3,0,0,0,0,1,0,0,1,0,0,1,1,0,0,0,0,14,1,5,3,1,0,0,0,6,3
45 - Αρκαδίας,234 E.T. Δήμου Τρίπολης,646,292,3,3,6,286,104,10,35,6,6,25,107,47,5,31,6,2,8,0,0,2,0,4,28,0,0,18,1,4,16,2,0,0,0,1,2,1,0,0,0,0,1,1,0,0,0,0,4,1,2,1,0,0,0,0,0,0,0,0,0,0,0,0,0,0,0,0,11,1,2,3,4,0,0,4,1,0
45 - Αρκαδίας,235 E.T. Δήμου Τρίπολης,611,208,0,0,0,208,54,2,5,17,2,7,82,39,8,16,5,5,1,0,0,0,0,0,36,2,1,19,6,4,2,0,0,1,0,0,1,0,0,1,0,0,2,0,0,0,0,0,7,3,2,1,4,0,1,1,0,0,0,0,0,0,1,0,0,0,0,0,9,0,1,3,3,1,0,0,5,4
45 - Αρκαδίας,236 E.T. Δήμου Τρίπολης,639,187,4,1,5,182,56,4,18,6,2,10,77,47,2,15,9,2,5,2,0,1,0,1,17,0,0,14,1,0,10,2,0,1,0,1,1,0,0,0,0,0,0,0,0,0,0,0,1,0,0,0,5,0,0,0,1,0,0,0,0,0,1,0,0,0,1,0,3,2,0,0,1,0,1,0,4,0
45 - Αρκαδίας,237 E.T. Δήμου Τρίπολης,515,146,1,2,3,143,36,6,10,3,4,3,64,38,7,5,7,4,6,0,1,1,0,2,16,0,0,9,1,1,2,1,0,0,0,0,4,1,0,0,0,0,0,0,0,0,0,0,1,0,0,1,0,0,1,0,0,0,0,0,0,0,2,0,0,0,1,0,9,1,3,4,0,0,0,0,2,0
45 - Αρκαδίας,238 E.T. Δήμου Τρίπολης,538,195,2,1,3,192,53,4,14,7,5,6,93,48,3,14,2,6,2,0,0,0,0,0,21,0,0,16,2,2,3,0,0,0,0,0,3,0,0,0,0,0,1,0,0,0,0,0,6,4,2,0,1,1,0,0,0,0,0,0,0,0,0,0,0,0,0,0,6,1,0,2,1,0,0,0,2,0
45 - Αρκαδίας,239 E.T. Δήμου Τρίπολης,472,183,0,0,0,183,63,6,20,16,4,7,67,35,3,2,5,9,1,0,0,0,0,1,34,1,0,25,2,0,6,0,0,1,0,0,5,1,0,0,0,0,2,0,0,0,0,0,1,0,0,0,0,0,0,0,0,0,0,0,0,0,0,0,0,0,0,0,1,0,0,0,1,0,0,0,2,2
45 - Αρκαδίας,240 E.T. Δήμου Τρίπολης,548,269,1,1,2,267,80,5,17,21,6,13,106,68,11,2,4,1,8,2,0,1,0,2,49,1,1,34,4,2,7,0,0,4,0,0,2,1,0,0,1,0,3,2,0,0,0,0,3,2,1,0,1,0,0,0,1,0,0,0,0,1,0,0,0,0,0,0,1,0,0,1,1,0,0,0,4,1
45 - Αρκαδίας,241 E.T. Δήμου Τρίπολης,473,164,1,2,3,161,49,4,11,2,2,20,65,26,9,20,1,0,9,2,0,1,3,0,19,0,1,7,6,0,9,4,0,0,0,0,0,0,0,0,0,0,1,1,0,0,0,0,4,2,0,1,0,0,0,0,2,0,0,0,0,0,0,0,0,0,0,0,3,2,0,0,0,0,0,0,0,0
45 - Αρκαδίας,242 E.T. Δήμου Τρίπολης,480,170,2,0,2,168,30,0,6,1,0,12,94,42,6,31,4,0,8,0,0,1,2,0,12,0,0,6,2,1,16,5,0,2,0,1,3,1,1,0,0,0,0,0,0,0,0,0,0,0,0,0,0,0,0,0,2,0,0,0,0,1,0,0,0,0,0,0,3,2,1,0,0,0,0,0,0,0
45 - Αρκαδίας,243 E.T. Δήμου Τρίπολης,573,157,0,2,2,155,50,2,18,13,0,8,42,26,1,10,1,0,8,0,0,3,0,4,29,0,1,18,8,1,4,1,0,0,0,0,4,3,1,0,0,0,2,1,0,0,0,0,6,1,0,0,0,0,0,0,1,1,0,0,0,0,1,0,0,0,1,0,5,0,1,1,1,0,1,0,2,0
45 - Αρκαδίας,244 E.T. Δήμου Τρίπολης,580,145,1,1,2,143,55,6,14,15,4,9,51,22,8,10,3,2,1,0,0,1,0,0,19,0,0,17,1,0,1,0,0,1,0,0,2,2,0,0,0,0,0,0,0,0,0,0,3,1,1,0,1,0,0,0,0,0,0,0,0,0,0,0,0,0,0,0,8,0,4,2,0,0,0,0,2,1
45 - Αρκαδίας,245 E.T. Δήμου Τρίπολης,575,151,0,0,0,151,56,5,22,5,5,3,49,20,4,16,2,1,4,1,1,1,0,0,20,0,0,15,0,1,8,2,2,1,0,1,3,0,0,0,0,0,0,0,0,0,0,0,1,0,1,0,0,0,0,0,0,0,0,0,0,0,0,0,0,0,0,0,9,2,0,1,1,1,0,0,0,0
45 - Αρκαδίας,246 E.T. Δήμου Τρίπολης,580,151,0,0,0,151,48,8,15,10,1,7,43,19,4,12,1,0,0,0,0,0,0,0,32,1,1,19,7,0,6,0,0,1,0,2,3,1,0,0,0,0,5,0,0,0,0,0,6,2,0,2,0,0,0,0,0,0,0,0,0,0,0,0,0,0,0,0,8,1,3,2,0,0,0,0,0,0
45 - Αρκαδίας,247 E.T. Δήμου Τρίπολης,379,152,0,0,0,152,30,2,5,8,0,5,90,46,9,24,1,0,2,0,0,0,0,0,25,0,0,21,0,0,1,0,0,0,0,0,0,0,0,0,0,0,0,0,0,0,0,0,0,0,0,0,0,0,0,0,1,0,0,0,0,1,0,0,0,0,0,0,3,2,1,0,0,0,0,0,0,0
45 - Αρκαδίας,248 E.T. Δήμου Τρίπολης,376,140,6,0,6,134,49,2,12,16,1,4,44,22,1,4,2,10,2,0,0,0,0,0,28,0,0,19,2,1,2,0,0,0,0,0,3,0,0,0,0,0,0,0,1,1,0,0,3,3,0,0,0,0,0,0,0,0,0,0,0,0,0,0,0,0,0,0,2,1,0,0,0,0,0,0,0,0
45 - Αρκαδίας,249 E.T. Δήμου Τρίπολης,528,169,1,3,4,165,58,5,13,25,3,5,62,30,11,13,2,1,5,1,0,0,0,4,32,1,1,27,2,1,1,0,0,0,0,0,0,0,0,0,0,0,0,0,0,0,0,0,1,0,0,0,0,0,0,0,0,0,0,0,0,0,2,0,0,0,0,1,3,0,0,1,0,0,0,0,1,1
45 - Αρκαδίας,250 E.T. Δήμου Τρίπολης,168,68,0,0,0,68,20,5,5,0,1,5,29,20,0,4,1,0,1,0,0,0,0,1,6,0,0,3,1,0,3,1,0,0,0,0,0,0,0,0,0,0,1,0,0,0,0,0,1,0,0,0,1,0,0,0,0,0,0,0,0,0,0,0,0,0,0,0,5,0,0,1,0,0,0,0,1,0
45 - Αρκαδίας,251 E.T. Δήμου Τρίπολης,396,70,0,1,1,69,13,2,1,4,1,3,42,32,3,6,0,0,3,0,0,3,0,0,7,0,0,6,1,0,2,0,0,1,0,0,0,0,0,0,0,0,0,0,0,0,0,0,2,1,0,0,0,0,0,0,0,0,0,0,0,0,0,0,0,0,0,0,0,0,0,0,0,0,0,0,0,0
45 - Αρκαδίας,252 E.T. Δήμου Τρίπολης,543,108,2,0,2,106,29,3,10,1,0,5,59,26,4,15,0,1,1,0,0,0,0,1,7,0,0,4,3,0,2,0,0,0,0,0,0,0,0,0,0,0,0,0,0,0,0,0,4,2,1,0,0,0,0,0,1,0,0,0,1,0,0,0,0,0,0,0,2,0,0,0,0,0,0,0,1,0
45 - Αρκαδίας,253 E.T. Δήμου Τρίπολης,534,119,1,0,1,118,29,0,6,2,1,2,68,28,5,11,3,2,2,1,0,0,0,0,13,0,0,8,3,0,0,0,0,0,0,0,0,0,0,0,0,0,0,0,0,0,0,0,4,0,1,0,0,0,0,0,1,0,0,0,1,0,0,0,0,0,0,0,0,0,0,0,0,0,0,0,1,0
45 - Αρκαδίας,254 E.T. Δήμου Τρίπολης,564,102,1,0,1,101,29,3,6,4,6,5,54,19,2,8,6,9,0,0,0,0,0,0,10,0,0,8,0,0,2,0,0,0,0,1,0,0,0,0,1,1,0,0,0,0,0,0,3,1,0,0,0,0,0,0,0,0,0,0,0,0,0,0,0,0,0,0,1,0,0,0,0,0,0,0,1,0
45 - Αρκαδίας,255 E.T. Δήμου Τρίπολης,561,97,1,0,1,96,30,6,4,7,1,4,49,25,2,6,1,5,1,0,0,0,0,1,13,1,0,0,0,0,0,0,0,0,0,0,0,0,0,0,0,0,0,0,0,0,0,0,2,2,0,0,0,0,0,0,0,0,0,0,0,0,1,0,0,0,0,1,0,0,0,0,0,0,0,0,0,0
45 - Αρκαδίας,256 E.T. Δήμου Τρίπολης,359,148,1,1,2,146,64,12,21,8,2,3,56,34,6,8,1,3,2,0,0,0,0,2,12,1,0,9,1,0,3,0,0,0,0,0,0,0,0,0,0,0,0,0,0,0,0,0,3,1,0,0,0,0,0,0,0,0,0,0,0,0,0,0,0,0,0,0,4,1,0,2,1,0,0,0,1,1
45 - Αρκαδίας,257 E.T. Δήμου Τρίπολης,476,191,0,1,1,190,62,2,25,16,5,13,76,43,14,8,5,5,4,0,0,1,2,0,13,1,0,8,4,0,16,14,0,1,0,1,1,0,0,0,0,0,0,0,1,0,0,0,6,1,3,1,1,0,0,0,1,0,0,0,0,0,2,0,0,0,0,2,5,3,0,1,1,1,0,0,1,0
45 - Αρκαδίας,258 E.T. Δήμου Τρίπολης,510,197,3,0,3,194,69,1,21,13,1,15,67,22,13,9,6,5,6,1,0,1,0,2,27,0,0,16,5,2,6,3,0,0,0,0,1,0,1,0,0,0,0,0,0,0,0,0,10,3,4,1,0,0,0,0,1,0,0,0,0,0,0,0,0,0,0,0,5,0,0,1,1,0,0,0,1,0
45 - Αρκαδίας,259 E.T. Δήμου Τρίπολης,366,134,0,1,1,133,33,6,10,7,0,3,62,40,0,13,2,0,8,0,0,0,2,1,9,0,0,6,2,0,4,0,0,2,0,0,1,0,0,0,0,0,0,0,0,0,0,0,0,0,0,0,0,0,0,0,1,0,0,0,0,0,1,0,0,0,0,0,8,1,0,0,0,0,0,0,6,2
45 - Αρκαδίας,260 E.T. Δήμου Τρίπολης,454,159,0,1,1,158,43,0,0,0,0,0,60,0,0,0,0,0,9,0,0,0,0,0,21,0,0,0,0,0,6,0,0,0,0,0,2,0,0,0,0,0,1,0,3,0,0,0,7,0,0,0,0,0,0,0,0,0,0,0,0,0,6,0,0,0,0,0,0,0,0,0,0,0,0,0,0,0
45 - Αρκαδίας,261 E.T. Δήμου Τρίπολης,634,188,2,2,4,184,56,4,8,22,2,6,84,44,0,20,9,4,3,0,0,0,0,0,20,0,0,11,3,4,4,2,1,0,0,0,5,3,0,0,0,0,1,1,0,0,0,0,9,4,1,0,0,0,0,0,0,0,0,0,0,0,0,0,0,0,0,0,1,0,0,0,0,0,0,0,1,0
45 - Αρκαδίας,262 E.T. Δήμου Τρίπολης,635,203,2,1,3,200,61,5,12,21,3,1,77,35,4,18,3,3,2,0,0,0,0,2,30,1,1,15,4,2,1,1,0,0,0,0,1,1,0,0,0,0,1,0,0,0,0,0,16,1,5,0,0,0,0,0,3,0,0,0,0,0,0,0,0,0,0,0,3,1,0,0,1,0,0,0,4,2
45 - Αρκαδίας,263 E.T. Δήμου Τρίπολης,660,123,0,2,2,121,39,4,11,7,0,8,43,26,0,9,1,2,4,0,0,0,1,1,16,1,0,11,2,0,4,0,1,1,0,0,0,0,0,0,0,0,0,0,0,0,0,0,6,0,1,0,0,0,0,0,0,0,0,0,0,0,0,0,0,0,0,0,2,0,1,1,1,0,0,0,6,5
45 - Αρκαδίας,264 E.T. Δήμου Τρίπολης,453,144,2,0,2,142,30,0,6,2,1,3,67,30,3,25,3,0,8,0,0,2,2,3,21,0,0,18,2,0,5,5,0,0,0,0,0,0,0,0,0,0,1,0,0,0,0,0,7,5,0,0,0,0,0,0,0,0,0,0,0,0,0,0,0,0,0,0,1,0,0,1,1,0,0,0,1,0
45 - Αρκαδίας,265 E.T. Δήμου Τρίπολης,367,130,8,2,10,120,46,4,7,13,0,9,52,26,1,20,1,2,4,0,0,1,0,3,7,0,1,2,1,2,4,1,0,1,0,0,1,0,0,0,0,0,0,0,0,0,0,0,2,0,1,0,0,0,0,0,0,0,0,0,0,0,0,0,0,0,0,0,2,0,1,1,1,0,0,0,1,1
45 - Αρκαδίας,266 E.T. Δήμου Τρίπολης,134,32,0,0,0,32,16,3,4,4,1,2,12,10,0,2,0,0,0,0,0,0,0,0,1,0,0,0,0,0,0,0,0,0,0,0,1,1,0,0,0,0,0,0,1,1,0,0,1,1,0,0,0,0,0,0,0,0,0,0,0,0,0,0,0,0,0,0,0,0,0,0,0,0,0,0,0,0
45 - Αρκαδίας,267 E.T. Δήμου Τρίπολης,242,78,2,0,2,76,28,5,7,1,1,6,34,17,2,6,0,1,1,0,1,0,0,0,4,0,0,1,1,0,3,0,0,0,1,1,1,0,0,0,0,0,1,0,0,0,0,0,1,0,0,0,0,0,0,0,1,0,0,0,0,0,0,0,0,0,0,0,1,0,0,0,1,0,1,0,0,0
45 - Αρκαδίας,268 E.T. Δήμου Τρίπολης,367,172,4,1,5,167,56,24,9,4,1,4,48,24,12,5,3,1,5,0,0,0,1,4,31,2,0,18,6,1,18,2,1,2,4,3,2,2,0,0,0,0,0,0,0,0,0,0,1,0,0,0,0,0,0,0,1,0,0,0,0,0,0,0,0,0,0,0,2,0,0,0,0,0,0,0,3,0
45 - Αρκαδίας,269 E.T. Δήμου Τρίπολης,447,230,2,1,3,227,59,28,11,7,1,4,84,38,11,15,3,3,8,0,0,1,0,6,36,0,0,21,11,0,26,5,2,6,0,2,1,0,1,0,0,0,0,0,0,0,0,0,7,1,2,1,0,0,1,0,1,0,0,0,0,0,0,0,0,0,0,0,4,1,0,1,0,0,0,0,0,0
45 - Αρκαδίας,270 E.T. Δήμου Τρίπολης,530,198,5,0,5,193,30,0,11,6,0,6,99,50,7,26,4,2,9,1,0,1,2,4,15,2,0,8,0,0,12,6,1,2,0,0,2,2,0,0,0,0,1,1,0,0,0,0,9,4,0,1,0,0,0,0,2,1,0,0,0,0,6,2,1,0,1,2,7,0,2,2,0,0,0,0,1,1
45 - Αρκαδίας,271 E.T. Δήμου Τρίπολης,333,113,1,3,4,109,30,4,7,2,1,4,45,20,2,5,0,1,3,0,0,0,0,3,14,0,0,5,6,0,5,2,0,0,0,0,0,0,0,0,0,0,1,1,0,0,0,0,2,0,0,0,0,0,1,1,0,0,0,0,0,0,0,0,0,0,0,0,6,3,0,0,0,0,0,0,2,1
45 - Αρκαδίας,272 E.T. Δήμου Τρίπολης,647,224,3,3,6,218,64,14,6,26,1,6,82,47,4,17,7,4,18,5,0,0,1,11,25,0,1,11,8,2,10,2,0,1,0,0,5,4,0,0,0,0,0,0,0,0,0,0,10,5,1,1,0,0,0,0,1,0,0,0,0,0,0,0,0,0,0,0,1,1,0,0,1,0,0,1,1,0
45 - Αρκαδίας,273 E.T. Δήμου Τρίπολης,226,78,1,0,1,77,23,2,11,4,2,4,29,21,1,4,2,1,3,0,0,0,0,2,13,0,1,5,6,0,0,0,0,0,0,0,0,0,0,0,0,0,0,0,1,1,0,0,4,3,0,1,0,0,0,0,0,0,0,0,0,0,0,0,0,0,0,0,1,1,0,0,0,0,0,0,3,3
45 - Αρκαδίας,274 E.T. Δήμου Τρίπολης,511,240,3,1,4,236,69,11,26,9,1,7,104,54,11,25,3,3,8,0,0,2,2,1,19,0,0,12,2,1,8,1,0,1,0,2,2,1,0,0,0,0,2,0,0,0,0,0,13,6,0,0,0,0,0,0,0,0,0,0,0,0,0,0,0,0,0,0,3,0,0,0,1,0,0,1,7,4
45 - Αρκαδίας,275 E.T. Δήμου Τρίπολης,445,243,0,3,3,240,65,5,19,11,2,9,95,50,4,19,8,6,14,2,0,1,2,5,19,2,0,9,3,2,10,3,1,3,0,0,7,1,3,0,0,0,0,0,0,0,0,0,12,3,5,2,0,0,0,0,1,0,0,0,1,0,0,0,0,0,0,0,10,1,2,4,1,0,0,1,6,2
45 - Αρκαδίας,276 E.T. Δήμου Τρίπολης,275,153,4,0,4,149,45,6,17,8,1,0,71,32,2,19,5,2,5,1,0,0,1,2,11,0,0,6,1,1,4,3,0,0,0,0,6,0,0,0,0,0,1,1,0,0,0,0,0,0,0,0,0,0,0,0,1,0,0,0,1,0,2,0,0,1,0,0,3,1,0,0,0,0,0,0,0,0
45 - Αρκαδίας,277 E.T. Δήμου Τρίπολης,414,224,0,1,1,223,68,7,19,14,4,8,95,63,4,13,7,2,11,0,0,2,0,6,16,1,0,9,3,1,6,0,0,0,0,3,0,0,0,0,0,0,0,0,0,0,0,0,14,7,5,0,0,0,1,0,1,0,0,0,1,0,1,1,0,0,0,0,7,0,1,0,0,0,0,0,3,2
45 - Αρκαδίας,278 E.T. Δήμου Τρίπολης,243,94,2,3,5,89,23,3,3,2,0,3,38,16,1,11,3,1,3,0,0,0,0,2,5,0,0,4,0,1,9,2,0,0,0,5,0,0,0,0,0,0,0,0,0,0,0,0,4,1,0,2,0,0,0,0,2,0,0,0,0,0,0,0,0,0,0,0,2,0,1,1,1,0,0,0,2,1
45 - Αρκαδίας,279 E.T. Δήμου Τρίπολης,106,74,5,1,6,68,26,1,7,4,0,6,24,11,6,5,1,0,2,0,0,0,0,1,7,0,0,5,2,0,1,0,0,0,0,1,0,0,0,0,0,0,1,0,0,0,0,0,5,1,1,1,0,0,1,0,0,0,0,0,0,0,1,0,0,0,0,0,0,0,0,0,0,0,0,0,0,0
45 - Αρκαδίας,280 E.T. Δήμου Τρίπολης,352,194,6,0,6,188,58,5,17,9,3,9,74,30,6,17,5,1,7,0,0,1,1,3,19,0,0,16,2,0,11,8,0,1,0,0,0,0,0,0,0,0,0,0,0,0,0,0,12,3,5,1,0,0,0,0,0,0,0,0,0,0,0,0,0,0,0,0,4,0,0,2,1,0,0,0,2,1
45 - Αρκαδίας,281 E.T. Δήμου Τρίπολης,218,83,1,0,1,82,14,5,6,0,0,0,53,45,5,3,0,0,3,0,0,0,0,3,6,0,0,2,2,1,1,0,0,0,0,0,0,0,0,0,0,0,0,0,0,0,0,0,3,0,1,1,0,0,0,0,0,0,0,0,0,0,0,0,0,0,0,0,1,0,0,0,0,0,0,0,1,1
45 - Αρκαδίας,282 E.T. Δήμου Τρίπολης,391,200,5,1,6,194,50,5,15,11,0,12,89,39,3,17,3,10,4,0,0,0,1,3,13,0,0,0,1,12,2,0,0,1,0,0,2,0,0,0,0,0,1,0,6,5,0,0,9,3,4,0,0,0,0,0,4,0,0,0,3,1,2,0,0,0,0,2,9,1,1,2,2,2,0,0,1,1
45 - Αρκαδίας,283 E.T. Δήμου Τρίπολης,168,111,0,1,1,110,10,3,3,1,0,0,73,34,9,13,5,2,4,0,0,1,2,1,14,0,0,8,0,1,0,0,0,0,0,0,0,0,0,0,0,0,0,0,0,0,0,0,5,1,0,2,0,0,0,0,0,0,0,0,0,0,0,0,0,0,0,0,3,0,2,1,1,1,0,0,0,0
45 - Αρκαδίας,284 E.T. Δήμου Τρίπολης,337,124,0,0,0,124,44,7,9,2,4,12,47,33,2,5,1,3,4,0,0,0,2,1,10,0,0,3,4,0,2,1,0,0,0,0,2,0,0,0,0,0,0,0,0,0,0,0,2,2,0,0,0,0,0,0,0,0,0,0,0,0,0,0,0,0,0,0,8,2,0,2,1,0,0,1,4,3
45 - Αρκαδίας,285 E.T. Δήμου Τρίπολης,360,98,1,1,2,96,17,10,4,0,0,1,48,31,5,5,5,0,9,0,2,0,0,5,15,0,0,10,3,0,1,0,0,0,1,0,3,1,0,0,0,0,0,0,0,0,0,0,1,0,0,1,0,0,0,0,0,0,0,0,0,0,0,0,0,0,0,0,2,0,1,0,0,0,0,0,0,0
45 - Αρκαδίας,286 E.T. Δήμου Τρίπολης,239,107,1,1,2,105,44,4,8,5,1,8,42,25,6,7,2,1,2,0,0,1,0,1,9,0,0,4,3,0,4,0,0,0,0,0,0,0,0,0,0,0,0,0,0,0,0,0,2,0,0,1,0,0,0,0,0,0,0,0,0,0,0,0,0,0,0,0,0,0,0,0,0,0,0,0,2,0
45 - Αρκαδίας,287 E.T. Δήμου Τρίπολης,548,243,6,2,8,235,67,5,24,6,4,11,84,41,8,22,1,5,14,1,1,0,0,7,29,0,1,17,8,3,9,2,1,0,1,1,1,0,0,0,0,0,2,1,0,0,0,0,7,0,1,2,0,0,1,0,3,0,1,0,2,0,4,3,0,0,0,0,11,1,1,1,1,1,0,0,2,1
45 - Αρκαδίας,288 E.T. Δήμου Τρίπολης,495,231,4,2,6,225,75,8,23,4,0,16,110,38,6,38,4,8,5,1,1,0,0,2,10,0,0,5,2,1,7,2,0,1,0,0,0,0,0,0,0,0,2,0,0,0,0,0,2,0,0,0,0,0,0,0,1,0,0,0,0,0,1,0,0,0,1,0,6,1,0,1,1,0,0,1,5,2
45 - Αρκαδίας,289 E.T. Δήμου Τρίπολης,279,163,2,1,3,160,42,7,15,7,0,7,62,35,1,21,0,0,4,0,0,1,0,2,16,1,0,4,6,4,14,4,0,5,0,1,2,0,0,1,0,0,4,2,1,0,0,0,4,1,0,1,0,0,0,0,3,0,0,1,0,0,0,0,0,0,0,0,6,0,1,1,1,0,0,0,1,0
45 - Αρκαδίας,290 E.T. Δήμου Τρίπολης,347,159,3,0,3,156,61,24,8,3,1,15,75,52,2,12,4,2,5,0,0,1,3,0,8,0,0,3,3,2,1,0,0,0,0,0,0,0,0,0,0,0,0,0,0,0,0,0,4,1,2,1,0,0,0,0,0,0,0,0,0,0,0,0,0,0,0,0,1,0,1,0,1,0,1,0,0,0
45 - Αρκαδίας,291 E.T. Δήμου Τρίπολης,247,81,1,0,1,80,37,1,21,5,1,6,13,8,2,2,0,1,4,0,0,0,0,4,16,0,0,11,5,0,0,0,0,0,0,0,0,0,0,0,0,0,1,1,3,0,3,0,3,1,0,0,0,0,0,0,1,0,0,0,0,0,0,0,0,0,0,0,0,0,0,0,0,0,0,0,2,2
45 - Αρκαδίας,292 E.T. Δήμου Τρίπολης,536,329,5,2,7,322,88,0,0,0,0,0,143,0,0,0,0,0,10,0,0,0,0,0,33,0,0,0,0,0,14,0,0,0,0,0,2,0,0,0,0,0,0,0,0,0,0,0,12,0,0,0,1,0,0,0,1,0,0,0,0,0,2,0,0,0,0,0,7,0,0,0,3,0,0,0,6,0
45 - Αρκαδίας,293 E.T. Δήμου Τρίπολης,555,310,6,3,9,301,98,11,30,15,3,24,124,55,13,29,6,8,6,1,0,1,0,4,26,1,0,16,5,2,12,5,0,4,0,1,4,1,0,1,0,0,0,0,2,1,0,0,12,5,2,1,0,0,0,0,2,0,0,1,1,0,2,1,0,0,0,0,6,0,0,1,3,0,0,0,4,0
45 - Αρκαδίας,294 E.T. Δήμου Τρίπολης,520,326,4,3,7,319,72,8,14,9,5,21,160,65,22,34,16,20,14,0,0,1,1,12,26,2,0,12,6,1,13,3,0,4,0,0,4,1,1,0,0,0,1,0,0,0,0,0,7,2,3,1,0,0,0,0,3,1,0,0,0,0,2,1,0,0,0,1,13,2,3,3,1,0,0,0,3,2
45 - Αρκαδίας,295 E.T. Δήμου Τρίπολης,525,305,3,2,5,300,99,14,22,16,0,28,109,58,8,28,6,3,8,0,0,1,1,6,25,3,0,11,5,4,13,4,0,7,0,1,5,0,0,2,0,0,5,1,0,0,0,0,12,9,1,0,0,0,0,0,3,0,1,2,0,0,5,1,0,1,1,1,8,1,2,3,2,0,1,0,6,4
45 - Αρκαδίας,296 E.T. Δήμου Τρίπολης,545,353,4,0,4,349,118,0,0,0,0,0,143,0,0,0,0,0,18,0,0,0,0,0,29,0,0,0,0,0,6,0,0,0,0,0,5,0,0,0,0,0,0,0,0,0,0,0,9,0,0,0,0,0,0,0,1,0,0,0,0,0,1,0,0,0,0,0,14,0,0,0,2,0,0,0,3,0
45 - Αρκαδίας,297 E.T. Δήμου Τρίπολης,557,335,2,1,3,332,142,12,53,15,3,32,111,46,9,27,9,7,6,0,0,2,0,3,21,1,0,12,4,0,22,6,0,9,1,1,1,1,0,0,0,0,2,2,1,1,0,0,8,2,2,2,0,0,0,0,1,0,0,0,0,0,5,1,0,1,3,0,11,1,1,4,0,0,0,0,1,0
45 - Αρκαδίας,298 E.T. Δήμου Τρίπολης,550,324,3,4,7,317,125,8,23,27,4,27,108,57,6,26,13,0,9,0,1,0,0,5,41,0,2,24,5,1,9,6,0,1,1,0,4,3,1,0,0,0,1,0,1,0,0,0,8,5,1,0,0,0,0,0,0,0,0,0,0,0,0,0,0,0,0,0,9,4,1,0,0,0,0,0,2,0
45 - Αρκαδίας,299 E.T. Δήμου Τρίπολης,556,336,5,3,8,328,125,17,28,18,2,34,123,57,12,27,10,2,7,0,1,1,2,3,25,1,0,15,3,0,10,1,0,3,0,2,3,3,0,0,0,0,1,0,0,0,0,0,10,5,1,0,0,0,0,0,2,0,0,0,0,1,2,2,0,0,0,0,14,4,3,0,1,1,0,0,5,4
45 - Αρκαδίας,300 E.T. Δήμου Τρίπολης,515,308,3,3,6,302,95,0,0,0,0,0,123,0,0,0,0,0,7,0,0,0,0,0,24,0,0,0,0,0,12,0,0,0,0,0,2,0,0,0,0,0,0,0,0,0,0,0,15,0,0,0,0,0,0,0,0,0,0,0,0,0,1,0,0,0,0,0,11,0,0,0,5,0,0,0,7,0
45 - Αρκαδίας,301 E.T. Δήμου Τρίπολης,521,313,4,2,6,307,111,21,20,16,6,28,112,54,11,32,2,4,13,1,0,2,2,5,21,1,0,15,4,1,14,2,2,5,0,2,1,1,0,0,0,0,0,0,0,0,0,0,17,8,2,2,0,0,0,0,0,0,0,0,0,0,1,0,0,0,1,0,9,2,0,2,3,0,0,0,5,2
45 - Αρκαδίας,302 E.T. Δήμου Τρίπολης,544,352,2,2,4,348,147,18,47,20,1,41,126,64,7,25,9,7,10,0,0,1,1,4,30,0,1,20,3,2,7,2,1,1,0,0,3,1,1,0,0,0,0,0,1,0,0,0,10,3,4,0,0,0,0,0,0,0,0,0,0,0,2,0,0,0,1,1,6,3,1,0,2,0,0,0,4,3
45 - Αρκαδίας,303 E.T. Δήμου Τρίπολης,543,322,6,3,9,313,113,11,32,18,5,24,128,60,19,20,2,4,7,0,0,1,1,5,28,0,0,16,6,3,10,4,1,0,0,2,3,0,1,0,0,0,0,0,0,0,0,0,12,2,7,1,0,0,0,0,0,0,0,0,0,0,1,0,1,0,0,0,10,2,1,1,1,0,0,0,0,0
45 - Αρκαδίας,304 E.T. Δήμου Τρίπολης,524,324,5,5,10,314,107,0,0,0,0,0,132,0,0,0,0,0,6,0,0,0,0,0,22,0,0,0,0,0,15,0,0,0,0,0,1,0,0,0,3,0,2,0,0,0,0,0,7,0,0,0,0,0,0,0,2,0,0,0,0,0,1,0,0,0,0,0,8,0,0,0,3,0,0,0,5,0
45 - Αρκαδίας,305 E.T. Δήμου Τρίπολης,521,320,4,2,6,314,116,9,31,17,3,31,120,63,5,30,6,4,8,0,0,0,1,5,30,0,0,23,4,0,11,0,1,3,0,0,3,0,0,0,0,0,2,0,0,0,0,0,7,4,0,1,0,0,0,0,2,2,0,0,0,0,5,2,0,0,0,0,7,1,2,2,0,0,0,0,3,2
45 - Αρκαδίας,306 E.T. Δήμου Τρίπολης,527,332,7,4,11,321,100,5,29,16,2,27,136,68,8,31,6,11,5,0,0,0,0,3,33,0,0,14,8,4,11,5,0,3,0,1,4,1,1,0,0,0,0,0,0,0,0,0,16,4,4,2,0,0,0,0,0,0,0,0,0,0,2,0,0,0,2,0,12,1,4,2,1,0,1,0,1,0
45 - Αρκαδίας,307 E.T. Δήμου Τρίπολης,518,327,2,5,7,320,92,0,0,0,0,0,150,0,0,0,0,0,5,0,0,0,0,0,31,0,0,0,0,0,13,0,0,0,0,0,3,0,0,0,0,0,2,0,0,0,0,0,7,0,0,0,0,0,0,0,1,0,0,0,0,0,4,0,0,0,0,0,4,0,0,0,2,0,0,0,6,0
45 - Αρκαδίας,308 E.T. Δήμου Τρίπολης,516,307,5,2,7,300,83,8,19,9,3,27,121,63,11,28,4,3,12,0,0,0,1,7,39,0,0,22,10,3,9,0,0,5,0,1,7,2,1,0,0,0,2,1,1,1,0,0,9,3,2,1,0,0,1,0,0,0,0,0,0,0,0,0,0,0,0,0,3,0,1,0,6,1,1,0,7,4
45 - Αρκαδίας,309 E.T. Δήμου Τρίπολης,516,298,2,1,3,295,103,0,0,0,0,0,114,0,0,0,0,0,13,0,0,0,0,0,26,0,0,0,0,0,6,0,0,0,0,0,0,0,0,0,0,0,1,0,0,0,0,0,14,0,0,0,0,0,0,0,1,0,0,0,0,0,0,0,0,0,0,0,12,0,0,0,2,0,0,0,3,0
45 - Αρκαδίας,310 E.T. Δήμου Τρίπολης,546,384,0,2,2,382,117,12,29,19,6,28,164,77,11,35,10,9,10,0,0,1,0,4,38,2,0,24,5,2,14,2,0,4,0,0,7,2,2,0,0,0,0,0,0,0,0,0,9,1,2,2,1,1,0,0,2,0,0,0,1,0,1,1,0,0,0,0,10,3,1,3,2,1,0,0,7,6
45 - Αρκαδίας,311 E.T. Δήμου Τρίπολης,528,338,6,3,9,329,96,13,33,13,1,20,134,71,6,26,7,10,6,0,1,0,0,3,50,2,0,33,5,3,5,0,0,3,0,0,2,1,0,0,0,0,2,1,0,0,0,0,10,3,1,3,0,0,0,0,1,0,0,0,1,0,2,0,1,0,0,1,17,3,4,3,2,0,0,1,2,1
45 - Αρκαδίας,312 E.T. Δήμου Τρίπολης,547,353,3,1,4,349,117,0,0,0,0,0,144,0,0,0,0,0,7,0,0,0,0,0,27,0,0,0,0,0,13,0,0,0,0,0,7,0,0,0,0,0,1,0,0,0,0,0,6,0,0,0,0,0,0,0,0,0,0,0,0,0,1,0,0,0,0,0,18,0,0,0,4,0,0,0,4,0
45 - Αρκαδίας,313 E.T. Δήμου Τρίπολης,526,338,6,3,9,329,111,11,39,14,4,24,108,50,8,24,15,8,9,0,0,1,0,4,40,1,0,15,5,1,23,2,0,11,0,1,6,2,0,0,0,0,0,0,4,4,0,0,15,1,2,2,0,0,0,0,0,0,0,0,0,0,1,0,0,0,1,0,5,0,0,1,4,0,0,0,3,3
45 - Αρκαδίας,314 E.T. Δήμου Τρίπολης,569,393,3,3,6,387,147,10,41,32,3,30,142,75,5,29,13,7,14,0,1,1,1,4,38,2,0,4,6,4,10,0,0,3,0,4,3,0,2,0,1,0,2,0,0,0,0,0,11,4,3,0,0,0,0,0,3,1,0,0,0,1,2,2,0,0,0,0,9,0,1,1,0,0,0,0,5,2
45 - Αρκαδίας,315 E.T. Δήμου Τρίπολης,557,382,5,3,8,374,109,11,23,18,2,28,162,94,8,22,12,7,4,1,1,0,0,1,39,0,0,25,6,3,14,2,0,3,1,0,7,0,1,1,0,0,2,2,0,0,0,0,11,2,4,2,0,0,0,0,3,0,0,0,1,1,3,1,0,0,1,0,15,2,3,2,1,0,0,0,4,4
45 - Αρκαδίας,316 E.T. Δήμου Τρίπολης,538,369,1,2,3,366,125,10,36,29,0,26,168,79,12,40,8,12,7,0,0,0,1,4,23,0,0,15,3,2,10,3,0,3,0,0,2,0,1,0,0,0,2,0,2,2,0,0,9,2,3,0,1,0,0,0,1,0,1,0,0,0,0,0,0,0,0,0,11,1,2,1,2,0,0,1,3,1
45 - Αρκαδίας,317 E.T. Δήμου Τρίπολης,539,358,2,4,6,352,131,6,27,24,8,38,125,64,10,24,4,10,11,1,0,0,1,6,41,2,1,20,12,1,11,3,0,5,0,2,4,2,0,0,0,0,2,1,0,0,0,0,8,2,2,0,0,0,0,0,4,0,0,0,0,1,2,1,0,0,1,0,5,2,0,2,3,0,1,0,5,1
45 - Αρκαδίας,318 E.T. Δήμου Τρίπολης,527,349,5,2,7,342,129,0,0,0,0,0,131,0,0,0,0,0,6,0,0,0,0,0,28,0,0,0,0,0,7,0,0,0,0,0,4,0,0,0,0,0,0,0,0,0,0,0,20,0,0,0,0,0,0,0,0,0,0,0,0,0,0,0,0,0,0,0,7,0,0,0,3,0,0,0,7,0
45 - Αρκαδίας,319 E.T. Δήμου Τρίπολης,549,357,3,4,7,350,103,4,27,10,4,30,151,71,8,37,14,7,7,0,2,0,1,3,36,1,2,27,4,0,20,5,2,8,0,0,4,0,0,0,0,0,3,0,0,0,0,0,12,1,5,4,0,0,0,0,1,1,0,0,0,0,1,1,0,0,0,0,8,0,0,3,1,1,0,0,3,1
45 - Αρκαδίας,320 E.T. Δήμου Τρίπολης,557,419,6,1,7,412,125,10,37,13,3,33,174,81,8,32,17,8,19,1,3,0,2,10,40,0,0,27,8,0,11,1,1,1,0,0,4,1,0,0,0,0,2,1,0,0,0,0,13,4,0,1,0,0,0,0,3,1,1,0,0,0,0,0,0,0,0,0,15,2,3,4,2,0,0,0,4,2
45 - Αρκαδίας,321 E.T. Δήμου Τρίπολης,524,355,5,2,7,348,145,17,29,15,6,42,117,55,3,30,7,9,7,1,1,0,0,3,36,0,0,22,4,4,8,3,0,2,0,1,4,2,0,0,0,0,0,0,0,0,0,0,12,6,3,2,0,0,0,0,1,0,0,1,0,0,0,0,0,0,0,0,10,1,1,3,5,1,2,0,3,3
45 - Αρκαδίας,322 E.T. Δήμου Τρίπολης,530,344,3,2,5,339,109,0,0,0,0,0,138,0,0,0,0,0,1,0,0,0,0,0,43,0,0,0,0,0,6,0,0,0,0,0,4,0,0,0,0,0,2,0,1,0,0,0,9,0,0,0,0,0,0,0,0,0,0,0,0,0,2,0,0,0,0,0,15,0,0,0,5,0,0,0,4,0
45 - Αρκαδίας,323 E.T. Δήμου Τρίπολης,538,360,3,4,7,353,138,10,42,25,2,27,110,60,2,21,7,11,11,0,1,0,1,5,32,1,0,17,5,2,20,7,0,5,0,1,2,0,1,0,0,0,1,0,1,1,0,0,11,2,1,1,0,0,1,0,5,2,0,0,0,1,1,0,0,0,1,0,14,3,2,2,3,0,0,0,3,3
45 - Αρκαδίας,324 E.T. Δήμου Τρίπολης,551,378,3,3,6,372,129,0,0,0,0,0,150,0,0,0,0,0,5,0,0,0,0,0,38,0,0,0,0,0,16,0,0,0,0,0,6,0,0,0,0,0,0,0,0,0,0,0,8,0,0,0,0,0,0,0,1,0,0,0,0,0,1,0,0,0,0,0,16,0,0,0,1,0,0,0,1,0
45 - Αρκαδίας,325 E.T. Δήμου Τρίπολης,543,355,2,3,5,350,115,16,39,19,2,24,139,67,8,27,11,18,9,1,0,0,3,3,40,0,0,21,11,1,13,1,0,4,0,0,2,1,0,0,0,0,0,0,3,3,0,0,10,3,1,1,0,0,0,0,0,0,0,0,0,0,1,0,0,0,1,0,6,0,1,2,1,0,0,0,11,5
45 - Αρκαδίας,326 E.T. Δήμου Τρίπολης,539,373,3,0,3,370,136,0,0,0,0,0,123,0,0,0,0,0,17,0,0,0,0,0,36,0,0,0,0,0,16,0,0,0,0,0,2,0,0,0,1,0,2,0,4,0,0,0,13,0,0,0,1,0,0,0,2,0,0,0,0,0,2,0,0,0,0,0,9,0,0,0,1,0,0,0,5,0
45 - Αρκαδίας,327 E.T. Δήμου Τρίπολης,544,352,2,1,3,349,99,8,24,23,2,21,168,88,23,27,9,12,13,0,1,0,3,8,29,0,1,15,7,2,5,0,0,2,0,1,7,1,1,0,0,0,3,3,1,1,0,0,8,1,2,1,0,0,0,0,3,0,0,1,1,0,0,0,0,0,0,0,9,2,2,1,1,1,0,0,3,1
45 - Αρκαδίας,328 E.T. Δήμου Τρίπολης,568,377,4,2,6,371,135,10,29,26,4,40,149,65,11,31,5,13,11,0,0,2,3,2,37,2,0,23,5,4,9,1,0,4,0,1,6,3,0,1,0,0,2,0,0,0,0,0,6,1,2,1,0,0,0,0,1,0,0,0,1,0,2,0,0,0,2,0,7,1,1,2,3,0,0,0,3,0
45 - Αρκαδίας,329 E.T. Δήμου Τρίπολης,524,351,2,4,6,345,94,5,22,19,3,28,153,81,10,42,9,4,4,0,0,0,1,3,38,0,0,29,4,0,4,1,0,0,0,0,4,0,1,0,0,0,1,0,3,3,0,0,19,4,2,6,0,0,0,0,1,1,0,0,0,0,0,0,0,0,0,0,13,2,2,0,7,1,2,1,4,0
45 - Αρκαδίας,330 E.T. Δήμου Τρίπολης,526,353,9,3,12,341,125,8,23,27,6,27,132,62,5,28,3,11,4,0,0,0,0,4,32,1,1,16,7,5,14,2,1,2,1,2,1,0,0,0,0,0,0,0,2,1,0,1,10,3,2,0,0,0,0,0,3,1,1,0,1,0,1,0,0,0,0,0,14,3,2,2,3,0,2,1,0,0
45 - Αρκαδίας,331 E.T. Δήμου Τρίπολης,545,377,8,3,11,366,112,8,31,11,2,22,151,61,14,34,8,7,4,0,0,0,0,3,41,0,0,27,5,4,10,3,1,1,0,1,4,2,0,1,0,0,1,1,1,0,0,0,17,7,5,0,0,0,0,0,0,0,0,0,0,0,1,0,0,0,1,0,18,0,3,1,1,0,0,0,5,2
45 - Αρκαδίας,332 E.T. Δήμου Τρίπολης,456,168,4,1,5,163,61,0,0,0,0,0,70,0,0,0,0,0,5,0,0,0,0,0,14,0,0,0,0,0,3,0,0,0,0,0,0,0,0,0,0,0,0,0,0,0,0,0,3,0,0,0,0,0,0,0,0,0,0,0,0,0,4,0,0,0,0,0,2,0,0,0,0,0,0,0,1,0
45 - Αρκαδίας,333 E.T. Δήμου Τρίπολης,491,299,2,3,5,294,81,4,17,5,0,33,106,44,7,17,6,7,18,0,2,1,4,8,25,2,1,14,3,0,4,1,0,0,0,0,4,1,1,1,0,0,1,0,7,5,0,0,14,5,4,2,1,1,0,0,0,0,0,0,0,0,1,0,0,0,1,0,20,2,9,7,4,1,1,0,8,3
45 - Αρκαδίας,334 E.T. Δήμου Τρίπολης,662,236,5,1,6,230,74,8,22,3,10,15,116,66,14,13,7,4,5,0,0,0,0,4,9,0,0,3,6,0,5,0,0,2,0,0,3,1,0,0,0,0,1,0,1,1,0,0,6,2,1,2,0,0,0,0,1,0,0,0,0,0,1,0,0,0,0,0,6,0,5,1,1,0,0,0,1,0
45 - Αρκαδίας,335 E.T. Δήμου Τρίπολης,286,160,3,4,7,153,64,4,5,0,0,48,44,30,4,6,0,2,14,0,0,0,5,5,15,1,0,4,6,0,4,2,0,0,0,0,0,0,0,0,0,0,0,0,0,0,0,0,8,1,1,2,0,0,0,0,2,1,0,0,0,0,0,0,0,0,0,0,1,1,0,0,0,0,0,0,1,1
45 - Αρκαδίας,336 E.T. Δήμου Τρίπολης,591,277,7,4,11,266,83,0,0,0,0,0,116,0,0,0,0,0,2,0,0,0,0,0,32,0,0,0,0,0,3,0,0,0,0,0,1,0,0,0,0,0,0,0,0,0,0,0,9,0,0,0,0,0,0,0,6,0,0,0,0,0,2,0,0,0,0,0,5,0,0,0,1,0,0,0,6,0
45 - Αρκαδίας,337 E.T. Δήμου Τρίπολης,486,220,12,1,13,207,90,7,39,14,0,14,51,29,2,2,4,5,7,1,0,0,2,3,27,1,0,19,6,0,2,0,0,1,1,0,1,1,0,0,0,0,0,0,2,0,0,0,4,0,3,0,0,0,0,0,0,0,0,0,0,0,0,0,0,0,0,0,21,0,21,0,1,0,0,0,1,0
45 - Αρκαδίας,338 E.T. Δήμου Τρίπολης,286,135,2,1,3,132,40,6,0,1,1,7,57,33,6,7,0,1,2,0,0,1,0,0,11,0,0,11,0,0,8,4,0,1,0,0,0,0,0,0,0,0,1,1,0,0,0,0,3,0,1,0,0,0,0,0,0,0,0,0,0,0,0,0,0,0,0,0,4,2,2,0,1,0,1,0,5,2
45 - Αρκαδίας,339 E.T. Δήμου Τρίπολης,358,141,1,2,3,138,43,0,20,4,2,9,54,27,7,3,8,2,5,0,0,1,0,2,15,0,0,8,4,0,8,0,0,3,0,1,0,0,0,0,0,0,0,0,1,0,1,0,3,0,1,1,0,0,1,0,0,0,0,0,0,0,0,0,0,0,0,0,8,0,3,2,0,0,0,0,0,0
45 - Αρκαδίας,340 E.T. Δήμου Τρίπολης,521,255,3,2,5,250,106,11,26,26,7,14,75,26,10,20,2,3,11,1,0,7,0,2,30,0,0,16,9,1,3,0,0,1,0,0,4,2,0,0,0,0,0,0,0,0,0,0,10,5,0,2,0,0,0,0,0,0,0,0,0,0,0,0,0,0,0,0,7,3,1,0,1,1,0,0,3,3
45 - Αρκαδίας,341 E.T. Δήμου Τρίπολης,269,150,0,3,3,147,54,6,14,3,2,8,53,33,3,5,5,2,8,0,0,2,2,2,14,1,1,4,7,1,6,2,0,0,1,1,1,0,0,0,0,0,1,0,0,0,0,0,5,1,0,2,0,0,0,0,1,1,0,0,0,0,1,0,0,1,0,0,2,0,0,1,1,0,0,0,0,0
45 - Αρκαδίας,342 E.T. Δήμου Τρίπολης,171,76,0,0,0,76,21,4,11,2,0,2,37,31,0,0,0,2,3,0,0,0,1,1,7,0,0,1,5,0,3,1,0,1,0,1,0,0,0,0,0,0,0,0,1,0,0,0,3,1,1,0,0,0,0,0,1,1,0,0,0,0,0,0,0,0,0,0,0,0,0,0,0,0,0,0,0,0
45 - Αρκαδίας,343 E.T. Δήμου Τρίπολης,341,133,1,0,1,132,33,3,5,1,2,7,71,44,4,12,3,4,3,0,1,1,0,1,8,0,0,2,5,0,1,0,0,0,0,1,1,0,1,0,0,0,1,1,0,0,0,0,3,1,1,0,0,0,2,1,0,0,0,0,0,0,9,0,0,0,0,0,0,0,0,0,0,0,0,0,0,0
45 - Αρκαδίας,344 E.T. Δήμου Τρίπολης,251,111,1,0,1,110,34,2,14,5,1,6,40,19,1,6,5,4,4,0,1,2,0,1,19,0,0,9,10,0,1,0,0,0,0,0,3,0,0,0,0,0,0,0,0,0,0,0,3,0,0,0,0,0,0,0,0,0,0,0,0,0,4,0,0,0,0,0,1,0,0,1,0,0,0,0,1,1
45 - Αρκαδίας,345 E.T. Δήμου Τρίπολης,349,105,2,2,4,101,42,6,26,2,0,5,33,22,4,1,1,1,3,0,0,0,0,3,12,1,0,3,7,0,4,2,0,2,0,0,0,0,0,0,0,0,0,0,0,0,0,0,1,0,0,1,0,0,1,0,1,0,0,0,0,0,0,0,0,0,0,0,1,1,0,0,2,1,0,0,1,1
45 - Αρκαδίας,346 E.T. Δήμου Τρίπολης,528,208,2,2,4,204,61,11,18,4,1,15,88,49,2,14,2,9,4,0,1,2,0,1,29,1,0,9,19,0,3,1,0,0,0,0,3,1,0,0,0,0,0,0,0,0,0,0,8,2,5,0,0,0,0,0,0,0,0,0,0,0,1,0,0,1,0,0,5,1,1,1,0,0,0,0,2,2
45 - Αρκαδίας,347 E.T. Δήμου Τρίπολης,329,168,1,0,1,167,32,8,6,4,4,7,50,26,5,10,1,1,5,0,1,1,0,3,72,0,0,4,66,0,0,0,0,0,0,0,1,1,0,0,0,0,0,0,0,0,0,0,6,2,2,0,0,0,0,0,0,0,0,0,0,0,0,0,0,0,0,0,1,0,0,0,0,0,0,0,0,0
45 - Αρκαδίας,Ετερ. Αρκαδίας (από Εφετείο Θεσσαλονίκης),58,39,0,0,0,39,10,4,2,0,0,3,17,9,1,1,0,3,1,0,0,1,0,0,4,1,0,2,0,1,2,0,0,0,0,0,0,0,0,0,0,0,0,0,0,0,0,0,3,2,0,1,0,0,0,0,1,0,0,1,0,0,0,0,0,0,0,0,0,0,0,0,1,0,0,0,0,0
45 - Αρκαδίας,Ετερ. Αρκαδίας (από 15ο Ε.Τ. Νομ. Αττικής-Αθηνών),523,346,6,1,7,339,61,11,18,3,7,8,192,135,7,6,19,7,6,3,0,1,0,0,39,2,2,31,2,1,14,1,1,1,1,4,2,0,0,0,0,0,4,3,0,0,0,0,6,6,0,0,0,0,1,0,2,1,0,0,1,0,1,0,0,0,0,1,7,1,0,2,2,1,0,0,2,0
45 - Αρκαδίας,Ετερ. Αρκαδίας (από 16ο Ε.Τ. Νομ. Αττικής-Αθηνών),492,313,9,0,9,304,84,11,30,6,7,8,136,80,12,11,14,5,5,0,1,3,1,0,36,1,1,24,3,1,20,4,7,1,1,3,1,1,0,0,0,0,0,0,0,0,0,0,12,8,0,3,0,0,0,0,4,0,1,1,0,0,0,0,0,0,0,0,5,0,0,4,0,0,0,0,1,0
45 - Αρκαδίας,Ετερ. Αρκαδίας (από 17ο Ε.Τ. Νομ. Αττικής-Αθηνών),528,338,1,6,7,331,98,19,30,3,9,17,150,97,3,4,20,9,9,1,1,4,0,2,26,0,0,23,2,1,15,1,1,2,0,1,4,0,3,0,0,0,1,1,0,0,0,0,10,5,3,1,0,0,0,0,2,0,1,1,0,0,1,0,0,0,1,0,12,2,1,7,0,0,0,0,3,1
45 - Αρκαδίας,Ετερ. Αρκαδίας (από 18ο Ε.Τ. Νομ. Αττικής-Αθηνών),502,321,7,5,12,309,77,15,26,3,7,11,137,94,4,4,8,9,7,0,0,6,1,0,31,2,1,20,1,4,25,4,0,8,2,4,3,0,1,0,0,0,1,1,0,0,0,0,12,8,1,1,0,0,0,0,1,0,1,0,0,0,2,1,0,1,0,0,9,2,1,1,0,0,0,0,4,3
45 - Αρκαδίας,Ετερ. Αρκαδίας (από 19ο Ε.Τ. Νομ. Αττικής-Αθηνών),514,341,3,2,5,336,87,15,24,6,8,11,168,116,4,0,20,10,4,0,1,1,0,0,28,1,0,20,5,0,24,2,2,3,1,6,1,0,0,0,0,0,2,0,0,0,0,0,9,6,0,1,1,1,0,0,2,0,2,0,0,0,2,0,0,0,0,2,7,2,0,2,1,0,0,1,0,0
45 - Αρκαδίας,Ετερ. Αρκαδίας (από 2ο Ε.Τ. Νομ. Αττικής-Πειραιώς),131,81,3,0,3,78,19,5,5,2,2,1,40,25,5,0,4,2,0,0,0,0,0,0,11,1,1,8,0,1,2,0,0,0,1,0,0,0,0,0,0,0,0,0,0,0,0,0,1,0,1,0,0,0,0,0,0,0,0,0,0,0,0,0,0,0,0,0,5,1,3,1,0,0,0,0,0,0
45 - Αρκαδίας,Ετερ. Αρκαδίας (από Εφετείο Ναυπλίου),45,27,1,0,1,26,11,4,2,1,1,1,9,6,0,0,1,0,2,0,0,1,1,0,1,0,0,0,0,1,2,0,0,0,0,1,0,0,0,0,0,0,0,0,0,0,0,0,1,0,1,0,0,0,0,0,0,0,0,0,0,0,0,0,0,0,0,0,0,0,0,0,0,0,0,0,0,0
45 - Αρκαδίας,Ε.Τ. ΔΙΚΑΣΤΙΚΩΝ ΦΥΛΑΚΩΝ ΤΡΙΠΟΛΗΣ,76,74,0,0,0,74,47,0,42,1,0,2,15,5,2,0,1,2,2,0,0,1,0,1,2,0,0,1,0,0,2,0,0,0,0,0,1,0,0,0,0,0,0,0,0,0,0,0,3,1,0,0,0,0,0,0,0,0,0,0,0,0,0,0,0,0,0,0,2,0,0,2,0,0,0,0,0,0
Σύνολο,,124728,61139,696,434,1130,60009,18084,1603,4625,2446,631,2919,25543,12626,1395,3224,2264,833,1551,70,68,203,212,479,6488,207,91,3608,960,227,2723,320,223,307,392,316,529,139,67,27,18,3,226,84,144,47,5,51,1645,506,218,188,44,10,34,12,274,35,55,20,25,14,224,39,8,15,36,37,1580,241,208,325,257,44,35,27,645,285
