ΠΕΡΙΦΕΡΕΙΑ,ΕΚΛΟΓΙΚΟ ΤΜΗΜΑ,ΕΓΓΕΓΡΑΜΜΕΝΟΙ,ΨΗΦΙΣΑΝΤΕΣ,ΑΚΥΡΑ,ΛΕΥΚΑ,ΑΚΥΡΑ & ΛΕΥΚΑ,ΕΓΚΥΡΑ,ΣΥΡΙΖΑ,ΒΛΑΡΑΣ ΓΡΗΓΟΡΙΟΣ του Δημητρίου,ΓΕΡΟΒΑΣΙΛΗ ΟΛΓΑ του Βασιλείου,ΜΠΕΚΑ ΕΛΠΙΔΑ του Δημητρίου,ΤΑΤΣΗΣ ΔΗΜΗΤΡΙΟΣ του Ευαγγέλου,ΤΣΙΡΚΑΣ ΒΑΣΙΛΕΙΟΣ του Δημητρίου,Νέα Δημοκρατία,ΓΙΑΝΝΟΥΛΗΣ ΕΥΣΤΑΘΙΟΣ του Χαριλάου,ΚΑΡΑΜΠΙΝΑ ΕΥΑΓΓΕΛΙΑ (ΕΥΗ) του Κωνσταντίνου,ΝΙΚΟΛΑΟΥ ΔΗΜΗΤΡΑ του Μιχαήλ,ΠΑΠΑΔΗΜΗΤΡΙΟΥ ΚΩΝΣΤΑΝΤΙΝΟΣ (ΝΤΙΝΟΣ) του Ευαγγέλου,ΣΤΥΛΙΟΣ ΓΕΩΡΓΙΟΣ του Δημοσθένη,Λαϊκός Σύνδεσμος - Χρυσή Αυγή,ΚΟΣΜΑΣ ΘΩΜΑΣ του Νικολάου,ΝΤΑΚΟΥΛΑΣ ΞΕΝΟΦΩΝ του Λεωνίδα,ΤΖΑΛΛΑ ΕΛΕΝΗ του Βασιλείου,Κίνημα Αλλαγής,ΑΘΑΝΑΣΙΟΥ ΧΡΥΣΟΒΑΛΑΝΤΗΣ του Ανδρέα,ΑΛΕΞΗ ΛΑΜΠΡΙΝΗ του Κωνσταντίνου,ΓΚΟΚΑΣ ΧΡΗΣΤΟΣ του Ναπολέοντα,ΜΕΓΑΣ ΧΡΗΣΤΟΣ του Περικλή,ΦΩΤΑΚΗ ΚΩΝΣΤΑΝΤΙΝΙΑ του Γεωργίου,Κ.Κ.Ε.,ΑΛΙΦΤΗΡΑΣ ΓΕΩΡΓΙΟΣ του Βασιλείου,ΑΝΑΓΝΩΣΤΟΥ-ΤΣΟΥΤΣΗΣ ΓΡΗΓΟΡΙΟΣ του Βασιλείου,ΖΟΡΜΠΑ-ΖΙΩΒΑ ΦΡΕΙΔΕΡΙΚΗ (ΡΙΤΑ) του Κωνσταντίνου,ΠΑΝΟΔΗΜΟΥ ΛΑΜΠΡΙΝΗ του Κωνσταντίνου,ΣΠΑΝΟΣ ΓΕΩΡΓΙΟΣ του Νικολάου,Ένωση Κεντρώων,ΑΝΝΙΣΑ ΜΑΡΙΑ του Ευαγγέλου,ΚΑΤΣΑΝΟΥ ΑΙΚΑΤΕΡΙΝΗ του Χαριλάου,ΤΡΟΜΠΟΥΚΗΣ ΚΩΝΣΤΑΝΤΙΝΟΣ του Στεφάνου,Ο.Κ.Δ.Ε.,ΜΠΡΕΝΤΑΣ ΑΛΕΞΙΟΣ του Αποστόλου,ΑΝΤ.ΑΡ.ΣΥ.Α.,ΒΡΑΤΣΙΣΤΑΣ ΓΕΩΡΓΙΟΣ του Κωνσταντίνου,ΔΑΡΓΑΚΗΣ ΝΕΚΤΑΡΙΟΣ του Χαρίδημου,ΛΑΚΚΑ ΛΑΥΡΙΑ-ΜΑΡΙΑ του Δημητρίου,Ελλήνων Συνέλευσις,ΚΑΡΑΧΡΗΣΤΟΣ ΕΥΘΥΜΙΟΣ του Γεωργίου,ΣΚΑΝΔΑΛΟΥ ΕΙΡΗΝΗ του Κωνσταντίνου,Ελληνική Λύση - Κ. Βελόπουλος,ΑΡΑΜΠΑΤΖΗΣ ΝΙΚΟΛΑΟΣ του Γρηγορίου,ΜΟΣΧΟΥ ΦΛΩΡΑ του Βασιλείου,ΤΣΟΧΑΝΤΑΡΗΣ ΗΛΙΑΣ του Παναγιώτη,Κ.Κ.Ε. (μ-λ),ΚΡΑΨΙΤΗΣ ΝΙΚΟΛΑΟΣ του Ιωάννη,ΜΑΤΣΟΥΚΑΣ ΓΡΗΓΟΡΙΟΣ του Νικολάου,ΤΣΩΛΗ ΝΙΚΟΛΕΤΑ του Χρήστου,Μ-Λ Κ.Κ.Ε.,ΚΡΙΚΑΣ ΑΘΑΝΑΣΙΟΣ του Παναγιώτη,Ε.ΠΑ.Μ - Α.Κ.Κ.ΕΛ,ΧΑΤΖΟΠΟΥΛΟΣ ΚΩΣΤΗΣ του Αριστείδη,Λαϊκή Ενότητα,ΠΕΣΛΗΣ ΧΑΡΑΛΑΜΠΟΣ του Δημητρίου,ΠΙΣΤΙΩΛΗΣ ΣΤΑΥΡΟΣ του Δημητρίου,ΧΑΤΖΗΘΕΟΔΩΡΟΥ ΑΠΟΣΤΟΛΙΑ (ΟΛΙΑ) του Γεωργίου,ΜέΡΑ25,ΓΚΟΚΑΣ ΓΕΩΡΓΙΟΣ του Αλεξάνδρου,ΣΩΤΗΡΟΠΟΥΛΟΥ ΚΩΝΣΤΑΝΤΙΝΑ του Σεραφείμ,ΤΣΑΜΠΑΣ ΕΥΑΓΓΕΛΟΣ του Αναστασίου,Δημιουργία ξανά - Θ. Τζήμερος,ΓΑΛΑΝΟΠΟΥΛΟΣ ΝΙΚΟΛΑΟΣ του Δημητρίου,ΣΤΑΜΕΝΗΣ ΦΩΤΙΟΣ του Σπυρίδωνος,ΣΤΑΣΙΝΟΥ ΕΛΕΝΗ του Νικολάου,Πλεύση Ελευθερίας - Ζωή Κωνστ.,ΚΑΣΕΛΙΜΗ ΕΙΡΗΝΗ-ΧΡΥΣΟΒΑΛΑΝΤΗ του Ολυμπίου
19 - Αρτας,1 E.T. Δήμου Αρταίων,494,299,5,1,6,293,108,1,46,1,3,27,80,6,22,1,7,35,1,0,0,0,25,9,3,7,4,0,50,2,2,11,7,14,2,0,0,1,0,0,0,0,0,0,0,0,0,6,1,3,1,1,0,0,0,0,0,1,0,4,3,0,0,10,3,1,3,1,1,0,0,4,1
19 - Αρτας,2 E.T. Δήμου Αρταίων,512,298,2,1,3,295,137,2,71,3,7,25,66,6,7,3,11,32,6,1,2,3,32,14,2,8,6,0,28,2,1,2,4,12,3,0,0,1,0,0,1,0,0,0,0,0,0,3,1,0,1,0,0,0,0,0,0,1,0,1,0,1,0,13,2,1,7,2,0,0,2,2,1
19 - Αρτας,3 E.T. Δήμου Αρταίων,512,304,2,0,2,302,122,2,60,1,7,31,102,18,14,4,7,41,3,0,3,0,31,5,0,6,11,0,19,0,1,5,4,1,1,0,0,0,0,0,1,1,0,0,0,0,0,3,0,0,0,5,0,0,0,0,0,0,0,1,0,1,0,10,0,0,10,0,0,0,0,4,2
19 - Αρτας,4 E.T. Δήμου Αρταίων,234,154,1,1,2,152,74,4,33,5,2,15,15,4,2,0,2,5,0,0,0,0,22,7,1,11,3,0,27,0,1,0,0,20,0,0,0,0,0,0,0,0,0,0,0,0,0,1,0,0,1,0,0,0,0,1,1,0,0,0,0,0,0,12,1,0,9,0,0,0,0,0,0
19 - Αρτας,5 E.T. Δήμου Αρταίων,469,296,3,2,5,291,145,8,66,2,25,21,111,13,16,4,19,52,4,1,0,0,18,4,0,8,6,0,3,1,0,0,1,0,0,0,0,0,0,0,0,0,0,0,2,0,1,3,0,0,0,0,0,0,0,0,0,0,0,0,0,0,0,1,0,0,0,4,0,0,0,0,0
19 - Αρτας,6 E.T. Δήμου Αρταίων,405,291,2,2,4,287,111,3,58,7,7,13,91,6,8,7,28,34,7,2,1,1,40,4,5,9,17,0,21,0,1,0,15,5,3,0,0,0,0,0,0,0,0,0,0,0,0,3,1,0,0,0,0,0,0,0,0,0,0,0,0,0,0,10,2,0,2,0,0,0,0,1,0
19 - Αρτας,7 E.T. Δήμου Αρταίων,538,358,2,4,6,352,125,6,43,9,6,31,137,21,9,1,14,78,6,0,2,2,52,9,2,26,11,3,15,1,1,0,8,4,1,0,0,0,0,0,1,0,0,0,0,0,0,6,2,1,2,1,0,0,0,0,0,0,0,0,0,0,0,4,0,0,1,0,0,0,0,4,1
19 - Αρτας,8 E.T. Δήμου Αρταίων,235,147,3,1,4,143,34,1,17,2,0,8,78,17,14,13,9,21,10,1,2,1,6,2,0,3,1,0,4,0,1,0,0,0,0,0,0,0,0,0,1,0,0,0,2,0,2,5,0,0,2,0,0,0,0,0,0,1,0,0,0,0,0,2,1,0,0,0,0,0,0,0,0
19 - Αρτας,9 E.T. Δήμου Αρταίων,508,335,2,0,2,333,125,5,59,6,11,18,97,24,7,7,18,33,4,0,3,0,30,3,1,7,13,1,57,0,3,3,22,22,0,0,0,0,0,0,0,0,0,0,0,0,0,3,1,1,0,0,0,0,0,0,0,0,0,1,0,1,0,11,2,3,4,1,0,0,1,4,1
19 - Αρτας,10 E.T. Δήμου Αρταίων,331,211,4,2,6,205,80,4,29,5,0,22,61,5,3,7,18,24,4,0,0,1,27,1,1,7,11,0,19,1,2,0,4,10,2,0,0,2,0,0,0,0,0,0,0,0,0,6,0,0,4,0,0,0,0,0,0,1,0,0,0,0,0,1,0,0,0,1,1,0,0,3,2
19 - Αρτας,11 E.T. Δήμου Αρταίων,307,193,1,2,3,190,69,6,23,2,0,10,69,6,10,3,14,25,9,1,4,0,16,6,0,1,8,0,11,0,2,3,0,2,3,0,1,0,0,0,0,0,0,0,1,0,1,3,1,0,1,1,0,0,0,1,1,1,1,1,0,1,0,4,0,0,1,0,0,0,0,1,0
19 - Αρτας,12 E.T. Δήμου Αρταίων,214,161,2,0,2,159,74,1,35,2,5,23,50,3,16,1,14,12,2,0,0,0,22,3,0,4,11,0,5,0,0,3,0,0,1,0,0,0,0,0,0,0,0,0,0,0,0,2,1,0,0,0,0,0,0,1,1,0,0,0,0,0,0,2,0,1,1,0,0,0,0,0,0
19 - Αρτας,13 E.T. Δήμου Αρταίων,288,190,3,1,4,186,81,6,35,1,2,32,70,12,6,11,15,22,0,0,0,0,16,2,4,1,9,0,14,4,0,2,1,4,0,0,0,0,0,0,0,0,0,0,0,0,0,1,0,0,1,0,0,0,0,1,0,1,0,1,1,0,0,1,0,0,1,0,0,0,0,0,0
19 - Αρτας,14 E.T. Δήμου Αρταίων,524,308,4,4,8,300,130,10,54,5,5,34,107,10,5,5,15,56,4,1,3,0,15,0,0,10,4,0,17,3,6,0,0,2,3,0,0,0,0,0,2,1,0,0,0,0,0,8,3,1,0,0,0,0,0,0,0,1,1,0,0,0,0,8,1,3,1,2,1,0,0,3,0
19 - Αρτας,15 E.T. Δήμου Αρταίων,521,326,4,3,7,319,145,7,73,5,8,32,131,13,9,1,21,77,1,0,0,0,12,3,0,5,4,0,9,2,1,1,1,2,2,1,0,0,0,0,1,0,0,0,1,1,0,4,1,0,3,0,0,0,0,0,0,0,0,0,0,0,0,8,2,1,0,0,0,0,0,5,1
19 - Αρτας,16 E.T. Δήμου Αρταίων,524,311,1,2,3,308,143,6,63,8,7,30,111,12,8,2,24,54,5,0,2,3,23,0,1,8,8,1,7,1,2,2,0,1,1,0,1,0,0,0,4,0,0,1,1,0,1,2,1,0,0,0,0,0,0,0,0,0,0,3,2,0,0,7,1,0,1,0,0,0,0,1,1
19 - Αρτας,17 E.T. Δήμου Αρταίων,509,311,5,3,8,303,127,4,52,8,16,29,113,10,12,2,29,53,8,1,2,2,21,0,8,2,10,0,15,2,3,3,0,4,0,0,0,0,0,0,1,0,0,0,0,0,0,9,2,2,2,1,0,0,1,0,0,0,0,3,0,3,0,5,1,1,0,0,0,0,0,0,0
19 - Αρτας,18 E.T. Δήμου Αρταίων,528,336,10,1,11,325,156,19,74,5,3,39,112,28,4,1,17,56,3,0,1,0,12,0,4,1,6,0,13,2,2,0,0,7,1,0,0,0,0,0,3,0,2,0,1,0,1,9,2,4,1,2,2,0,0,0,0,0,0,2,0,0,1,5,0,1,2,1,0,0,0,5,5
19 - Αρτας,19 E.T. Δήμου Αρταίων,518,273,2,1,3,270,123,3,60,4,4,40,98,9,6,6,19,55,2,0,1,0,21,5,1,10,4,0,10,4,1,1,0,4,2,1,0,0,1,0,1,0,0,0,0,0,0,6,0,1,1,1,0,1,0,0,0,0,0,0,0,0,0,3,1,1,0,2,0,0,1,0,0
19 - Αρτας,20 E.T. Δήμου Αρταίων,522,321,3,2,5,316,157,10,93,8,3,28,92,15,8,2,21,39,1,0,0,1,27,3,3,9,7,0,15,2,2,2,0,7,3,0,0,1,0,0,0,0,0,0,1,0,1,6,1,2,0,1,0,0,1,0,0,0,0,3,1,2,0,7,1,2,1,0,0,0,0,3,1
19 - Αρτας,21 E.T. Δήμου Αρταίων,529,312,8,1,9,303,116,4,53,5,6,27,109,13,9,3,24,54,2,0,0,0,36,6,9,10,7,0,23,3,6,2,0,4,2,0,0,1,0,0,3,2,1,0,0,0,0,5,0,1,1,0,0,0,0,0,0,0,0,2,1,1,0,3,1,0,0,0,0,0,0,2,1
19 - Αρτας,22 E.T. Δήμου Αρταίων,524,309,6,0,6,303,119,2,45,11,4,33,126,27,11,4,15,57,3,2,0,1,26,3,6,13,2,0,13,1,2,3,0,5,2,0,1,0,0,0,1,0,0,0,0,0,0,1,0,0,0,1,0,0,1,0,0,0,0,5,1,3,0,4,3,1,0,0,0,0,0,2,2
19 - Αρτας,23 E.T. Δήμου Αρταίων,531,314,4,3,7,307,147,4,62,6,2,38,94,12,7,3,13,56,2,0,1,0,22,1,4,7,7,1,16,2,2,2,0,5,1,0,0,0,1,1,2,1,0,0,1,0,0,10,1,6,2,1,0,0,0,0,0,0,0,1,0,1,0,3,0,0,0,2,0,0,0,4,1
19 - Αρτας,24 E.T. Δήμου Αρταίων,522,305,1,4,5,300,139,10,61,6,4,37,97,18,7,3,24,36,6,2,2,0,23,3,2,8,9,0,21,2,4,3,0,7,0,0,0,0,0,0,1,1,0,0,0,0,0,6,0,1,1,0,0,0,0,4,0,1,1,0,0,0,0,2,0,1,0,0,0,0,0,0,0
19 - Αρτας,25 E.T. Δήμου Αρταίων,517,327,2,1,3,324,138,6,64,8,9,26,116,9,7,1,24,66,2,0,1,0,26,6,3,9,5,0,10,4,0,0,0,2,2,0,0,1,0,0,0,0,0,0,0,0,0,11,0,1,1,2,0,1,0,2,1,0,0,3,2,1,0,8,2,0,3,1,0,0,1,3,2
19 - Αρτας,26 E.T. Δήμου Αρταίων,333,261,2,1,3,258,131,2,62,3,4,43,98,27,0,0,18,49,2,0,1,1,12,1,2,7,1,0,5,2,0,0,1,0,1,0,0,0,0,0,0,0,0,0,0,0,0,2,2,0,0,0,0,0,0,1,1,0,0,0,0,0,0,6,0,2,2,0,0,0,0,0,0
19 - Αρτας,27 E.T. Δήμου Αρταίων,542,361,3,2,5,356,140,4,65,2,3,44,147,27,9,11,22,62,4,1,0,1,18,1,1,8,7,0,18,3,3,3,0,5,3,1,1,1,0,0,3,1,0,0,0,0,0,3,1,2,0,0,0,0,0,0,0,0,0,3,1,1,1,16,0,2,5,0,0,0,0,1,0
19 - Αρτας,28 E.T. Δήμου Αρταίων,550,352,9,0,9,343,137,4,71,3,4,38,145,23,12,9,22,59,6,3,1,0,26,4,0,11,9,1,9,0,2,0,0,2,3,0,0,1,0,0,1,0,0,1,1,1,0,3,1,0,0,1,0,0,1,1,0,0,0,0,0,0,0,9,1,1,1,1,0,0,0,0,0
19 - Αρτας,29 E.T. Δήμου Αρταίων,543,369,4,0,4,365,147,2,66,11,7,28,140,15,15,9,24,64,5,1,1,1,24,6,2,3,13,0,23,9,1,8,0,4,1,0,0,0,0,0,0,0,0,0,2,1,1,3,0,0,1,1,0,1,0,1,0,3,2,2,0,1,1,9,2,0,1,3,0,0,1,1,1
19 - Αρτας,30 E.T. Δήμου Αρταίων,560,355,4,1,5,350,138,4,73,4,4,33,120,16,12,3,21,63,6,1,2,0,24,5,1,11,6,0,22,7,0,6,0,4,2,0,0,2,0,0,8,3,0,3,1,0,1,7,2,1,0,5,0,1,2,0,0,1,1,2,1,0,1,10,1,3,1,2,0,0,1,2,1
19 - Αρτας,31 E.T. Δήμου Αρταίων,518,346,4,4,8,338,133,6,66,2,4,30,124,26,8,9,20,45,2,0,0,2,30,1,0,21,7,1,23,1,1,3,0,8,2,0,2,0,0,0,2,2,0,0,0,0,0,5,3,1,1,0,0,0,0,0,0,1,0,0,0,0,0,11,2,3,4,3,1,1,0,2,0
19 - Αρτας,32 E.T. Δήμου Αρταίων,542,356,2,2,4,352,135,6,72,8,3,26,141,29,13,7,15,69,2,0,0,2,34,5,2,14,12,0,18,5,4,0,0,4,1,0,0,0,0,0,1,0,0,0,1,0,1,3,3,0,0,1,0,1,0,0,0,0,0,0,0,0,0,10,1,3,0,1,0,0,0,4,0
19 - Αρτας,33 E.T. Δήμου Αρταίων,550,358,5,1,6,352,134,5,66,3,6,31,124,13,7,8,33,51,6,0,2,0,43,2,6,20,8,1,15,1,1,0,0,10,2,0,0,1,0,0,1,1,0,0,1,1,0,5,3,1,0,1,0,0,1,1,1,1,1,5,1,1,1,12,2,1,3,1,1,0,0,0,0
19 - Αρτας,34 E.T. Δήμου Αρταίων,527,338,5,2,7,331,121,3,62,4,6,34,134,18,13,5,21,66,5,2,0,2,19,4,0,8,6,1,29,5,3,6,1,5,1,0,0,0,0,0,4,0,0,1,4,1,3,1,1,0,0,0,0,0,0,0,0,0,0,2,0,1,0,8,2,1,0,3,0,0,2,0,0
19 - Αρτας,35 E.T. Δήμου Αρταίων,543,370,5,1,6,364,123,2,58,7,4,28,140,9,13,5,26,80,5,0,3,2,32,6,2,18,5,0,25,8,1,1,0,10,5,0,1,4,0,0,0,0,0,0,0,0,0,5,1,2,1,0,0,0,0,0,0,1,0,8,3,1,2,14,2,3,0,2,0,0,0,4,1
19 - Αρτας,36 E.T. Δήμου Αρταίων,553,376,10,4,14,362,172,6,73,9,4,47,128,22,10,15,20,57,1,0,1,0,24,4,4,6,7,0,16,1,2,3,0,7,1,0,0,0,0,0,5,2,0,0,0,0,0,1,1,0,0,0,0,0,0,0,0,0,0,3,2,0,0,7,1,0,1,0,0,0,0,4,3
19 - Αρτας,37 E.T. Δήμου Αρταίων,531,385,5,8,13,372,154,8,73,7,5,41,111,15,12,4,23,50,3,0,1,1,47,2,7,18,19,0,26,8,1,4,1,6,3,1,0,1,0,0,1,0,0,0,0,0,0,8,2,3,2,2,1,1,0,0,0,0,0,2,0,0,2,9,4,1,2,2,0,0,0,4,3
19 - Αρτας,38 E.T. Δήμου Αρταίων,520,389,4,1,5,384,178,11,93,4,3,41,115,21,10,10,7,55,5,1,3,0,24,1,0,8,11,1,26,11,1,3,0,4,5,0,1,1,0,0,0,0,0,0,0,0,0,3,2,0,1,2,0,0,0,0,0,1,0,1,0,1,0,14,2,3,2,5,1,0,1,5,2
19 - Αρτας,39 E.T. Δήμου Αρταίων,514,386,5,5,10,376,174,9,94,4,9,22,117,16,14,8,11,56,7,0,4,1,26,17,2,1,6,0,23,8,6,2,0,3,2,0,0,0,0,0,1,0,0,1,2,0,2,5,0,0,3,0,0,0,0,1,1,2,2,2,1,0,1,10,0,2,1,0,0,0,0,4,2
19 - Αρτας,40 E.T. Δήμου Αρταίων,547,376,4,2,6,370,184,16,76,11,7,47,98,9,19,8,13,36,3,0,0,0,25,3,5,14,2,0,36,9,5,6,0,6,7,0,1,3,0,0,0,0,0,0,0,0,0,2,1,0,1,1,1,0,0,0,0,1,1,1,0,1,0,9,1,0,0,1,1,0,0,2,0
19 - Αρτας,41 E.T. Δήμου Αρταίων,514,376,6,1,7,369,130,3,68,7,3,27,144,14,19,8,17,69,5,1,1,0,29,4,1,9,10,1,18,2,1,4,2,4,3,0,1,2,0,0,2,1,0,0,0,0,0,5,0,0,3,3,0,1,0,0,0,1,0,5,1,1,1,19,1,6,2,1,1,0,0,4,3
19 - Αρτας,42 E.T. Δήμου Αρταίων,516,374,7,5,12,362,152,8,67,8,10,27,125,18,8,13,22,44,5,0,3,0,31,4,3,12,8,0,21,4,2,3,3,4,3,0,0,1,0,0,0,0,0,0,0,0,0,4,1,0,1,5,0,1,1,0,0,1,0,1,0,1,0,12,0,1,3,0,0,0,0,2,0
19 - Αρτας,43 E.T. Δήμου Αρταίων,520,372,11,1,12,360,166,9,81,12,5,35,94,9,8,10,25,35,1,0,1,0,40,9,4,11,13,1,25,9,2,7,0,3,7,0,3,0,0,0,0,0,0,0,0,0,0,3,0,0,2,2,0,0,1,2,2,1,0,2,0,1,0,14,2,3,1,1,0,0,1,2,1
19 - Αρτας,44 E.T. Δήμου Αρταίων,517,375,9,4,13,362,150,4,73,2,5,43,112,15,8,6,25,48,6,3,1,0,27,7,3,7,9,0,24,6,4,6,0,5,4,0,1,0,0,0,6,1,0,1,1,0,1,4,0,0,3,0,0,0,0,0,0,3,2,0,0,0,0,16,1,2,2,3,0,0,2,6,1
19 - Αρτας,45 E.T. Δήμου Αρταίων,518,361,5,2,7,354,165,11,64,11,13,41,115,17,12,4,25,52,2,1,0,0,35,1,0,19,10,0,13,6,0,2,0,5,2,0,0,1,0,0,0,0,0,0,1,0,0,6,2,0,2,0,0,0,0,0,0,0,0,3,1,2,0,9,1,3,1,2,0,0,0,1,0
19 - Αρτας,46 E.T. Δήμου Αρταίων,536,398,1,2,3,395,181,9,72,7,11,58,117,10,10,6,16,65,4,0,1,1,34,3,3,18,8,0,27,7,3,1,2,10,1,0,0,0,0,0,3,2,0,0,0,0,0,7,3,0,2,4,1,2,1,1,1,0,0,2,1,1,0,10,0,1,2,1,0,0,0,3,0
19 - Αρτας,47 E.T. Δήμου Αρταίων,405,266,6,1,7,259,114,6,59,7,3,21,108,16,13,4,12,61,7,1,1,2,11,2,0,7,1,0,8,0,1,2,0,2,3,0,0,0,0,0,1,0,0,0,0,0,0,3,0,2,1,0,0,0,0,1,0,1,0,0,0,0,0,2,0,0,0,0,0,0,0,0,0
19 - Αρτας,48 E.T. Δήμου Αρταίων,322,213,0,0,0,213,110,8,51,5,3,28,61,5,13,6,5,30,5,1,2,1,12,4,1,4,2,0,7,0,1,0,0,2,2,0,1,1,0,0,1,1,0,0,0,0,0,6,0,0,2,0,0,0,0,0,0,0,0,2,2,0,0,6,2,1,2,1,0,0,0,0,0
19 - Αρτας,49 E.T. Δήμου Αρταίων,350,218,2,0,2,216,117,7,49,8,2,31,57,3,6,3,12,27,9,2,4,0,13,2,1,5,3,0,10,1,1,2,0,1,0,0,0,0,0,0,1,0,0,0,0,0,0,2,1,0,0,1,0,0,0,0,0,0,0,1,0,1,0,3,2,1,0,0,0,0,0,2,1
19 - Αρτας,50 E.T. Δήμου Αρταίων,502,342,3,2,5,337,161,5,75,7,22,27,123,11,8,5,29,63,4,1,0,0,11,2,0,4,3,0,9,1,2,0,1,1,0,0,0,0,0,0,2,0,0,0,2,1,1,11,2,1,2,0,0,0,0,0,0,2,0,2,0,2,0,5,1,1,0,4,1,0,2,1,0
19 - Αρτας,51 E.T. Δήμου Αρταίων,474,296,7,2,9,287,102,9,46,2,11,23,130,17,9,7,25,61,2,0,0,1,27,3,2,8,5,0,8,1,1,0,6,0,1,0,1,0,0,0,2,0,0,0,0,0,0,2,0,0,1,2,0,0,1,0,0,1,0,0,0,0,0,4,1,2,0,3,1,0,1,3,2
19 - Αρτας,52 E.T. Δήμου Αρταίων,468,321,6,1,7,314,126,14,54,1,7,28,114,15,8,10,23,56,7,2,0,1,21,4,1,9,4,1,20,4,2,0,8,2,3,1,1,0,0,0,2,1,0,0,0,0,0,4,0,0,1,3,2,0,0,0,0,0,0,2,1,0,0,7,4,0,0,1,1,0,0,4,2
19 - Αρτας,53 E.T. Δήμου Αρταίων,500,340,8,1,9,331,132,4,73,1,1,34,115,18,8,10,24,50,8,2,5,0,33,6,1,9,11,0,18,0,1,1,7,4,1,0,0,1,0,0,3,0,0,1,0,0,0,2,2,0,0,1,1,0,0,0,0,0,0,3,1,1,0,10,1,3,2,0,0,0,0,5,4
19 - Αρτας,54 E.T. Δήμου Αρταίων,365,200,7,2,9,191,63,3,30,0,2,15,95,20,4,12,15,36,10,0,9,1,10,2,0,1,6,0,4,2,0,0,0,0,1,0,0,1,0,0,0,0,0,0,2,0,2,2,0,0,0,1,0,0,0,0,0,0,0,1,0,0,0,2,1,0,0,0,0,0,0,0,0
19 - Αρτας,55 E.T. Δήμου Αρταίων,419,304,5,2,7,297,95,4,51,8,2,9,157,20,25,2,12,86,3,0,3,0,9,2,1,1,3,0,18,1,3,2,0,4,0,0,0,0,0,0,0,0,0,0,0,0,0,4,0,1,1,1,0,0,0,0,0,0,0,1,0,0,0,6,2,2,0,0,0,0,0,3,2
19 - Αρτας,56 E.T. Δήμου Αρταίων,429,289,3,3,6,283,97,2,70,3,2,20,144,12,20,7,27,65,0,0,0,0,14,0,0,7,6,1,18,0,3,1,1,8,0,0,0,0,0,0,1,0,0,0,1,0,1,1,1,0,0,0,0,0,0,0,0,1,0,0,0,0,0,6,3,1,1,0,0,0,0,0,0
19 - Αρτας,57 E.T. Δήμου Αρταίων,423,281,4,3,7,274,87,2,43,1,3,18,124,21,14,3,23,55,10,4,2,0,24,2,0,8,12,1,14,3,3,1,1,3,1,0,0,0,0,0,0,0,0,0,0,0,0,5,2,1,0,0,0,0,0,0,0,1,0,1,1,0,0,6,1,2,0,1,0,0,1,0,0
19 - Αρτας,58 E.T. Δήμου Αρταίων,430,288,3,1,4,284,91,5,32,16,6,13,131,8,14,5,44,60,5,1,3,0,25,3,10,5,5,0,7,1,1,2,0,0,0,0,0,0,0,0,1,0,0,0,1,0,1,4,1,1,0,1,1,0,0,0,0,0,0,1,1,0,0,9,2,3,2,4,1,1,1,4,1
19 - Αρτας,59 E.T. Δήμου Αρταίων,302,217,0,1,1,216,75,6,35,5,5,12,61,8,2,0,7,39,2,0,1,0,56,2,3,10,39,0,16,2,2,9,1,0,1,0,1,0,0,0,0,0,0,0,0,0,0,1,1,0,0,0,0,0,0,0,0,0,0,0,0,0,0,4,1,0,0,0,0,0,0,0,0
19 - Αρτας,60 E.T. Δήμου Αρταίων,276,218,2,4,6,212,68,8,40,1,1,12,88,6,8,6,7,56,2,0,2,0,44,2,2,29,10,0,1,1,0,0,0,0,1,0,1,0,0,0,0,0,0,0,0,0,0,2,0,0,0,0,0,0,0,0,0,1,1,0,0,0,0,1,1,0,0,1,0,0,0,3,2
19 - Αρτας,61 E.T. Δήμου Αρταίων,304,189,1,0,1,188,49,4,27,2,1,9,104,23,6,2,19,49,6,0,1,2,13,1,0,8,3,0,11,3,0,5,0,0,1,0,0,0,0,0,1,0,0,0,0,0,0,1,0,0,0,0,0,0,0,0,0,0,0,0,0,0,0,2,0,0,0,0,0,0,0,0,0
19 - Αρτας,62 E.T. Δήμου Αρταίων,300,191,0,2,2,189,50,6,27,1,1,1,108,31,9,4,16,36,3,0,2,0,14,0,0,6,4,0,4,0,0,0,0,1,0,0,0,0,0,0,0,0,0,0,0,0,0,3,1,0,0,0,0,0,0,0,0,0,0,0,0,0,0,5,2,0,1,2,0,0,1,0,0
19 - Αρτας,63 E.T. Δήμου Αρταίων,254,189,2,0,2,187,34,3,20,1,0,8,127,20,8,3,24,64,8,1,0,2,10,1,0,2,7,0,2,0,0,0,0,0,0,0,0,0,1,0,0,0,0,0,0,0,0,1,0,0,0,0,0,0,0,0,0,0,0,0,0,0,0,2,0,1,0,1,1,0,0,1,1
19 - Αρτας,64 E.T. Δήμου Αρταίων,329,206,7,1,8,198,31,3,12,2,0,5,142,22,9,1,18,81,1,1,0,0,18,0,0,10,8,0,1,0,0,0,0,0,2,0,0,0,0,0,0,0,0,0,0,0,0,2,2,0,0,0,0,0,0,0,0,0,0,0,0,0,0,1,0,0,0,0,0,0,0,0,0
19 - Αρτας,65 E.T. Δήμου Αρταίων,447,283,0,4,4,279,76,36,23,0,1,4,115,9,12,3,22,65,3,1,0,0,60,0,0,35,21,0,5,2,0,0,0,1,1,0,0,0,0,0,0,0,0,0,0,0,0,4,2,0,1,0,0,0,0,0,0,1,0,3,2,1,0,8,8,0,0,1,0,0,1,2,2
19 - Αρτας,66 E.T. Δήμου Αρταίων,535,326,2,2,4,322,103,36,42,4,7,3,100,7,1,3,20,60,2,0,0,0,83,0,0,50,32,0,6,0,2,1,0,0,0,0,0,0,0,0,0,0,0,0,0,0,0,9,3,2,1,1,0,0,0,0,0,3,2,1,0,1,0,12,8,1,1,0,0,0,0,2,2
19 - Αρτας,67 E.T. Δήμου Αρταίων,329,239,1,2,3,236,59,20,22,1,0,5,64,2,6,10,10,28,3,2,0,1,97,0,0,63,30,1,3,0,0,0,0,0,3,0,0,0,1,1,1,0,0,1,0,0,0,1,0,0,0,0,0,0,0,0,0,0,0,0,0,0,0,4,2,0,1,0,0,0,0,0,0
19 - Αρτας,68 E.T. Δήμου Αρταίων,202,111,1,1,2,109,36,6,15,2,3,5,33,5,8,1,0,13,1,1,0,0,31,5,0,15,9,0,6,2,0,0,0,1,0,0,0,0,0,0,1,0,0,1,0,0,0,0,0,0,0,0,0,0,0,0,0,0,0,1,0,0,0,0,0,0,0,0,0,0,0,0,0
19 - Αρτας,69 E.T. Δήμου Αρταίων,514,310,3,3,6,304,161,16,65,7,7,32,65,3,6,2,14,31,3,2,0,0,28,5,2,9,9,0,25,3,1,0,2,12,5,1,0,1,0,0,0,0,0,0,0,0,0,4,0,1,1,3,1,0,0,0,0,1,0,0,0,0,0,3,1,1,0,1,0,1,0,5,3
19 - Αρτας,70 E.T. Δήμου Αρταίων,486,284,4,3,7,277,120,11,45,11,6,15,61,4,4,0,21,20,1,0,0,0,32,9,0,9,13,0,46,1,2,2,1,29,2,1,0,0,0,0,0,0,0,0,1,0,1,2,1,0,1,0,0,0,0,1,1,0,0,4,2,1,0,4,1,0,0,0,0,0,0,3,1
19 - Αρτας,71 E.T. Δήμου Αρταίων,471,281,4,1,5,276,99,8,47,5,3,9,122,5,18,16,13,61,7,4,1,0,24,2,2,7,12,0,4,0,0,1,0,1,1,0,0,1,0,0,1,0,0,0,0,0,0,10,2,3,1,2,1,0,0,0,0,1,0,0,0,0,0,3,1,0,0,1,0,0,1,1,1
19 - Αρτας,72 E.T. Δήμου Αρταίων,155,82,0,1,1,81,20,1,15,0,0,3,43,5,9,3,8,16,2,1,0,1,7,0,0,2,4,0,2,1,0,1,0,0,0,0,0,0,0,0,0,0,0,0,0,0,0,2,0,1,0,1,1,0,0,0,0,0,0,0,0,0,0,2,1,0,0,0,0,0,0,2,2
19 - Αρτας,73 E.T. Δήμου Αρταίων,247,170,7,0,7,163,44,3,27,4,0,3,84,7,12,10,14,31,3,0,2,0,20,1,0,15,4,0,4,0,0,1,0,2,2,1,0,0,0,0,0,0,0,0,0,0,0,2,1,1,0,0,0,0,0,0,0,2,1,0,0,0,0,1,0,0,1,0,0,0,0,1,0
19 - Αρτας,74 E.T. Δήμου Αρταίων,292,158,0,1,1,157,44,3,16,0,1,15,72,15,2,3,19,21,5,2,3,0,10,2,1,2,5,0,14,2,2,4,1,1,3,0,0,2,0,0,0,0,0,0,0,0,0,5,2,0,1,0,0,0,0,0,0,0,0,0,0,0,0,2,1,0,1,2,0,0,0,0,0
19 - Αρτας,75 E.T. Δήμου Αρταίων,338,210,6,2,8,202,50,4,20,2,1,16,120,24,6,3,26,41,2,1,0,1,13,0,0,4,7,0,9,5,1,0,0,0,2,0,0,1,0,0,1,0,0,1,0,0,0,0,0,0,0,0,0,0,0,0,0,0,0,1,0,0,0,2,0,1,0,1,0,0,1,1,1
19 - Αρτας,76 E.T. Δήμου Αρταίων,103,55,1,1,2,53,5,1,2,0,0,0,40,5,1,2,16,12,0,0,0,0,3,0,0,2,0,0,5,1,1,0,0,0,0,0,0,0,0,0,0,0,0,0,0,0,0,0,0,0,0,0,0,0,0,0,0,0,0,0,0,0,0,0,0,0,0,0,0,0,0,0,0
19 - Αρτας,77 E.T. Δήμου Αρταίων,235,125,1,0,1,124,45,0,24,1,2,7,53,4,3,4,3,32,1,0,0,0,8,0,0,6,1,0,9,0,1,0,0,4,1,0,1,0,0,0,2,0,0,0,0,0,0,1,0,1,0,0,0,0,0,0,0,0,0,1,0,1,0,3,0,1,0,0,0,0,0,0,0
19 - Αρτας,78 E.T. Δήμου Αρταίων,184,102,0,0,0,102,25,6,11,0,0,0,52,2,4,2,6,32,4,1,2,0,16,0,0,10,5,0,2,0,0,0,1,0,1,0,1,0,0,0,0,0,0,0,0,0,0,0,0,0,0,0,0,0,0,0,0,1,0,0,0,0,0,1,1,0,0,0,0,0,0,0,0
19 - Αρτας,79 E.T. Δήμου Αρταίων,497,324,6,3,9,315,107,5,48,11,0,20,117,5,14,4,13,64,7,0,2,0,65,53,0,3,6,0,4,0,1,1,0,0,0,0,0,0,0,0,0,0,0,0,1,0,1,9,2,2,1,0,0,0,0,0,0,0,0,0,0,0,0,4,0,0,2,1,0,0,0,0,0
19 - Αρτας,80 E.T. Δήμου Αρταίων,478,293,7,2,9,284,106,7,55,7,1,18,113,18,6,6,24,49,6,2,1,1,38,33,1,1,3,0,9,0,1,6,1,0,2,1,0,0,0,0,1,0,0,0,0,0,0,1,0,0,1,0,0,0,0,0,0,1,1,0,0,0,0,1,0,0,0,3,0,0,1,3,2
19 - Αρτας,81 E.T. Δήμου Αρταίων,474,287,2,3,5,282,114,2,60,5,3,25,99,13,15,2,15,47,7,2,1,2,40,31,0,3,5,0,9,0,1,7,0,0,2,0,0,1,0,0,0,0,0,0,0,0,0,6,2,0,1,0,0,0,0,0,0,0,0,0,0,0,0,0,0,0,0,0,0,0,0,5,1
19 - Αρτας,82 E.T. Δήμου Αρταίων,361,219,0,2,2,217,73,1,34,8,2,13,106,18,3,6,25,48,6,1,2,0,11,7,0,1,3,0,10,0,1,7,1,0,3,0,1,1,0,0,2,2,0,0,1,1,0,2,0,2,0,0,0,0,0,0,0,0,0,0,0,0,0,1,0,0,0,1,0,0,0,1,0
19 - Αρτας,83 E.T. Δήμου Αρταίων,360,243,0,2,2,241,94,3,44,6,3,22,88,7,9,2,4,45,3,0,2,0,23,19,1,2,0,0,19,0,3,9,0,1,1,0,0,0,0,0,0,0,0,0,2,2,0,5,1,1,1,0,0,0,0,0,0,0,0,0,0,0,0,2,0,0,0,1,0,0,0,3,0
19 - Αρτας,84 E.T. Δήμου Αρταίων,461,329,6,0,6,323,139,4,54,14,6,33,114,14,17,3,12,56,8,3,1,0,36,28,1,5,1,0,15,0,5,6,0,0,0,0,0,0,0,0,3,0,0,0,0,0,0,3,0,1,0,0,0,0,0,0,0,0,0,0,0,0,0,5,0,0,0,0,0,0,0,0,0
19 - Αρτας,85 E.T. Δήμου Αρταίων,408,288,18,0,18,270,134,7,31,3,3,69,84,8,13,2,14,40,1,1,0,0,11,0,2,7,1,0,27,0,3,1,1,6,0,0,0,0,0,0,1,0,0,0,0,0,0,4,1,0,0,0,0,0,0,3,3,0,0,0,0,0,0,4,0,2,0,1,1,0,0,0,0
19 - Αρτας,86 E.T. Δήμου Αρταίων,399,244,2,1,3,241,88,2,31,5,2,33,76,10,16,2,19,25,1,0,0,1,24,5,3,11,5,0,35,2,4,6,4,4,0,0,0,0,0,0,0,0,0,0,0,0,0,3,0,0,2,3,0,0,0,8,8,0,0,0,0,0,0,2,0,0,1,1,0,0,0,0,0
19 - Αρτας,87 E.T. Δήμου Αρταίων,417,283,2,0,2,281,123,4,30,10,5,54,87,10,13,2,14,40,2,0,1,0,26,1,9,14,0,0,32,5,4,7,1,2,0,0,0,0,0,0,1,0,0,0,0,0,0,2,0,0,1,0,0,0,0,2,2,2,2,0,0,0,0,4,0,2,0,0,0,0,0,0,0
19 - Αρτας,88 E.T. Δήμου Αρταίων,304,189,2,2,4,185,44,1,27,3,3,2,100,12,10,3,30,37,0,0,0,0,15,5,2,3,4,0,10,2,1,0,2,2,3,1,0,0,0,0,0,0,0,0,2,1,1,1,0,1,0,0,0,0,0,0,0,0,0,0,0,0,0,8,2,2,0,0,0,0,0,2,2
19 - Αρτας,89 E.T. Δήμου Αρταίων,363,216,2,2,4,212,87,6,42,3,3,19,85,19,5,4,15,35,0,0,0,0,19,7,4,1,2,0,9,0,0,0,8,0,0,0,0,0,0,0,0,0,0,0,0,0,0,1,0,1,0,0,0,0,0,0,0,0,0,0,0,0,0,7,0,0,0,2,0,0,0,2,2
19 - Αρτας,90 E.T. Δήμου Αρταίων,547,366,5,1,6,360,128,9,58,11,5,19,133,3,57,11,6,42,2,0,1,0,53,29,3,15,3,0,25,6,7,3,0,4,0,0,0,0,0,0,4,1,0,1,2,0,0,2,1,0,1,0,0,0,0,1,1,1,1,0,0,0,0,6,0,2,3,0,0,0,0,3,1
19 - Αρτας,91 E.T. Δήμου Αρταίων,285,185,2,0,2,183,89,9,36,2,1,25,54,8,8,5,6,21,1,0,1,0,17,7,2,2,1,0,7,0,2,0,1,1,5,1,1,2,0,0,0,0,0,0,0,0,0,1,1,0,0,0,0,0,0,0,0,0,0,0,0,0,0,7,1,0,4,1,0,0,1,1,0
19 - Αρτας,92 E.T. Δήμου Αρταίων,305,207,3,2,5,202,65,5,34,1,1,6,92,10,10,6,10,47,5,1,1,1,18,10,1,5,2,0,8,0,0,1,0,0,2,0,0,1,0,0,0,0,0,0,5,1,1,2,0,0,0,0,0,0,0,0,0,0,0,0,0,0,0,3,1,1,0,1,0,0,0,1,1
19 - Αρτας,93 E.T. Δήμου Αρταίων,311,227,4,2,6,221,71,2,42,1,2,11,103,9,6,2,18,58,4,0,0,2,12,6,0,5,0,0,11,0,0,5,2,0,5,0,0,2,0,0,3,0,0,2,3,1,2,0,0,0,0,0,0,0,0,0,0,0,0,0,0,0,0,8,6,0,0,0,0,0,0,1,1
19 - Αρτας,94 E.T. Δήμου Γεωργίου Καραϊσκάκη,439,244,3,0,3,241,117,2,55,1,2,30,81,23,16,0,4,36,2,1,0,0,22,2,0,3,10,1,8,2,1,0,0,0,1,0,0,0,0,0,1,0,1,0,0,0,0,0,0,0,0,0,0,0,0,0,0,0,0,0,0,0,0,6,0,1,1,1,0,0,0,2,1
19 - Αρτας,95 E.T. Δήμου Γεωργίου Καραϊσκάκη,467,279,6,2,8,271,136,5,52,5,2,53,85,11,15,0,3,45,3,1,0,1,33,0,13,11,7,0,6,0,1,1,0,1,1,0,0,0,0,0,1,0,1,0,0,0,0,3,0,0,0,0,0,0,0,0,0,0,0,0,0,0,0,3,1,0,0,0,0,0,0,0,0
19 - Αρτας,96 E.T. Δήμου Γεωργίου Καραϊσκάκη,254,151,2,1,3,148,47,1,24,2,1,12,77,11,40,0,4,18,4,0,1,1,7,0,4,1,2,0,2,1,0,0,0,0,3,0,0,0,0,0,0,0,0,0,1,1,0,4,1,0,1,0,0,0,0,0,0,0,0,0,0,0,0,3,0,1,0,0,0,0,0,0,0
19 - Αρτας,97 E.T. Δήμου Γεωργίου Καραϊσκάκη,175,122,3,0,3,119,48,0,28,1,2,8,51,22,3,2,2,18,3,0,0,0,6,0,2,2,1,0,3,1,0,1,0,0,1,1,0,0,0,0,0,0,0,0,0,0,0,1,0,0,0,0,0,0,0,0,0,1,1,0,0,0,0,4,0,0,1,0,0,0,0,1,1
19 - Αρτας,98 E.T. Δήμου Γεωργίου Καραϊσκάκη,373,210,2,2,4,206,85,3,40,1,7,20,79,12,11,2,5,46,5,2,2,0,28,2,0,18,7,0,2,0,0,0,0,0,1,0,0,0,0,0,0,0,0,0,1,0,0,3,2,0,0,0,0,0,0,0,0,0,0,0,0,0,0,1,1,0,0,0,0,0,0,1,0
19 - Αρτας,99 E.T. Δήμου Γεωργίου Καραϊσκάκη,315,182,2,1,3,179,83,7,49,1,0,14,81,6,30,0,3,36,3,0,0,0,2,0,0,1,0,0,2,1,0,1,0,0,1,0,0,0,0,0,0,0,0,0,0,0,0,4,1,0,1,1,0,0,0,0,0,0,0,0,0,0,0,1,1,0,0,0,0,0,0,1,0
19 - Αρτας,100 E.T. Δήμου Γεωργίου Καραϊσκάκη,186,97,2,1,3,94,63,4,19,9,0,27,23,5,2,2,3,8,0,0,0,0,1,0,1,0,0,0,2,0,0,0,0,0,1,0,0,1,0,0,0,0,0,0,0,0,0,3,2,0,1,0,0,0,0,0,0,0,0,0,0,0,0,0,0,0,0,1,0,0,0,0,0
19 - Αρτας,101 E.T. Δήμου Γεωργίου Καραϊσκάκη,294,185,4,0,4,181,64,2,20,0,2,18,58,8,7,0,5,33,5,1,0,2,16,0,1,12,2,0,21,6,1,1,0,5,2,1,0,0,0,0,1,0,0,0,0,0,0,2,0,0,1,0,0,0,0,0,0,2,1,0,0,0,0,5,1,0,1,2,0,0,2,3,0
19 - Αρτας,102 E.T. Δήμου Γεωργίου Καραϊσκάκη,327,202,0,0,0,202,76,3,30,0,2,24,79,11,7,5,14,34,3,1,1,1,11,1,3,5,2,0,25,12,0,1,0,3,2,0,0,1,0,0,0,0,0,0,0,0,0,0,0,0,0,0,0,0,0,0,0,0,0,0,0,0,0,1,0,0,0,1,0,0,0,4,1
19 - Αρτας,103 E.T. Δήμου Γεωργίου Καραϊσκάκη,504,292,2,1,3,289,130,11,72,4,1,15,133,19,9,9,7,80,3,0,1,0,13,1,2,4,6,0,5,1,0,0,0,0,1,1,0,0,0,0,0,0,0,0,0,0,0,0,0,0,0,0,0,0,0,0,0,1,1,0,0,0,0,2,0,1,0,0,0,0,0,1,0
19 - Αρτας,104 E.T. Δήμου Γεωργίου Καραϊσκάκη,163,104,1,0,1,103,42,3,27,0,0,6,46,4,5,0,2,34,3,1,1,1,8,0,2,4,2,0,1,1,0,0,0,0,1,1,0,0,0,0,0,0,0,0,0,0,0,0,0,0,0,0,0,0,0,0,0,0,0,0,0,0,0,2,1,0,0,0,0,0,0,0,0
19 - Αρτας,105 E.T. Δήμου Γεωργίου Καραϊσκάκη,484,291,14,1,15,276,95,0,30,4,2,41,144,14,4,1,16,101,4,0,0,1,14,0,0,12,1,0,6,1,1,0,1,2,0,0,0,0,0,0,2,0,0,2,0,0,0,2,1,1,0,1,0,0,0,0,0,0,0,0,0,0,0,5,2,0,0,2,0,0,1,1,1
19 - Αρτας,106 E.T. Δήμου Γεωργίου Καραϊσκάκη,480,270,4,4,8,262,90,3,41,2,1,21,143,16,17,6,11,82,3,0,0,0,14,0,2,6,4,1,2,0,1,0,0,1,2,1,0,0,0,0,0,0,0,0,1,0,0,5,1,0,0,0,0,0,0,0,0,0,0,1,0,1,0,1,0,1,0,0,0,0,0,0,0
19 - Αρτας,107 E.T. Δήμου Γεωργίου Καραϊσκάκη,364,205,0,1,1,204,71,4,28,2,3,23,112,12,2,0,5,90,1,0,0,0,4,0,0,1,2,0,4,1,0,0,0,0,0,0,0,0,0,0,1,0,0,0,0,0,0,5,2,0,2,3,0,0,0,1,0,0,0,0,0,0,0,0,0,0,0,0,0,0,0,2,2
19 - Αρτας,108 E.T. Δήμου Γεωργίου Καραϊσκάκη,453,239,4,2,6,233,93,4,40,5,3,22,100,5,42,3,5,45,3,1,2,0,20,3,0,0,17,0,5,0,0,3,0,0,1,0,0,1,0,0,0,0,0,0,0,0,0,3,0,0,1,1,0,0,0,0,0,0,0,1,0,0,0,5,0,1,0,1,1,0,0,0,0
19 - Αρτας,109 E.T. Δήμου Γεωργίου Καραϊσκάκη,227,122,0,1,1,121,36,0,16,0,0,19,69,12,7,2,4,40,3,0,2,0,7,0,2,1,3,0,1,0,1,0,0,0,0,0,0,0,0,0,0,0,0,0,0,0,0,1,1,0,0,0,0,0,0,0,0,0,0,0,0,0,0,2,1,0,0,0,0,0,0,2,0
19 - Αρτας,110 E.T. Δήμου Γεωργίου Καραϊσκάκη,232,118,1,0,1,117,40,1,22,0,0,3,56,2,12,4,19,18,2,0,0,0,10,0,0,2,8,0,4,1,0,0,1,0,1,0,0,0,1,0,0,0,0,0,0,0,0,1,0,0,0,0,0,0,0,0,0,0,0,0,0,0,0,1,0,0,0,0,0,0,0,1,0
19 - Αρτας,111 E.T. Δήμου Γεωργίου Καραϊσκάκη,375,199,3,1,4,195,78,11,34,1,3,10,102,12,12,4,13,48,5,1,0,2,6,1,0,1,1,1,2,1,0,0,0,0,0,0,0,0,0,0,0,0,0,0,0,0,0,2,1,1,0,0,0,0,0,0,0,0,0,0,0,0,0,0,0,0,0,0,0,0,0,0,0
19 - Αρτας,112 E.T. Δήμου Γεωργίου Καραϊσκάκη,381,181,3,0,3,178,65,0,46,0,1,8,85,18,7,1,19,31,1,0,0,0,12,0,3,6,0,0,7,1,0,0,0,3,1,0,1,0,0,0,1,0,0,1,0,0,0,1,1,0,0,0,0,0,0,0,0,0,0,0,0,0,0,5,1,3,1,0,0,0,0,0,0
19 - Αρτας,113 E.T. Δήμου Γεωργίου Καραϊσκάκη,439,259,5,0,5,254,79,2,48,3,2,16,151,13,2,2,96,34,1,0,1,0,13,2,0,6,5,0,2,0,0,1,0,1,0,0,0,0,0,0,0,0,0,0,3,1,1,0,0,0,0,0,0,0,0,0,0,0,0,0,0,0,0,4,0,0,1,1,1,0,0,0,0
19 - Αρτας,114 E.T. Δήμου Γεωργίου Καραϊσκάκη,274,125,2,0,2,123,63,3,29,1,4,19,43,6,6,2,6,19,2,0,0,1,7,0,3,2,2,0,1,0,0,0,1,0,1,1,0,0,0,0,0,0,0,0,0,0,0,3,2,1,0,0,0,0,0,0,0,0,0,0,0,0,0,3,0,0,1,0,0,0,0,0,0
19 - Αρτας,115 E.T. Δήμου Γεωργίου Καραϊσκάκη,303,135,0,0,0,135,49,2,23,0,2,12,51,4,9,0,17,19,2,0,1,1,19,1,1,1,15,0,5,1,0,1,0,0,0,0,0,0,0,0,1,0,0,1,1,1,0,0,0,0,0,1,0,0,0,0,0,0,0,0,0,0,0,5,1,0,2,1,0,0,0,0,0
19 - Αρτας,116 E.T. Δήμου Γεωργίου Καραϊσκάκη,347,155,0,2,2,153,84,4,22,0,2,34,34,1,2,0,9,19,1,0,1,0,21,5,2,11,2,1,9,4,0,0,0,0,0,0,0,0,0,0,1,1,0,0,0,0,0,2,0,0,0,0,0,0,0,0,0,0,0,1,0,0,1,0,0,0,0,0,0,0,0,0,0
19 - Αρτας,117 E.T. Δήμου Γεωργίου Καραϊσκάκη,370,191,1,1,2,189,106,3,55,4,1,14,45,3,9,0,4,25,1,0,0,0,21,7,1,7,6,0,10,3,1,2,2,0,0,0,0,0,0,0,0,0,0,0,0,0,0,1,0,0,0,0,0,0,0,0,0,0,0,1,0,0,0,4,0,0,1,0,0,0,0,0,0
19 - Αρτας,118 E.T. Δήμου Γεωργίου Καραϊσκάκη,269,113,4,0,4,109,43,3,19,2,1,10,53,9,1,3,17,19,1,1,0,0,5,0,1,0,4,0,4,1,0,1,0,0,0,0,0,0,0,0,0,0,0,0,0,0,0,0,0,0,0,0,0,0,0,0,0,1,0,0,0,0,0,2,0,0,0,0,0,0,0,0,0
19 - Αρτας,119 E.T. Δήμου Γεωργίου Καραϊσκάκη,285,124,1,0,1,123,50,2,33,0,1,11,60,5,3,1,22,22,2,0,0,2,9,0,2,3,3,1,1,0,0,0,0,0,0,0,0,0,0,0,0,0,0,0,0,0,0,0,0,0,0,0,0,0,0,0,0,0,0,0,0,0,0,1,1,0,0,0,0,0,0,0,0
19 - Αρτας,120 E.T. Δήμου Γεωργίου Καραϊσκάκη,256,126,3,0,3,123,43,0,23,2,0,13,59,4,2,4,6,40,4,1,2,1,7,0,2,2,3,0,4,0,0,0,0,4,0,0,0,0,0,0,0,0,0,0,0,0,0,2,0,0,0,0,0,0,0,0,0,0,0,0,0,0,0,2,0,0,0,2,1,0,0,0,0
19 - Αρτας,121 E.T. Δήμου Γεωργίου Καραϊσκάκη,254,116,0,1,1,115,52,1,20,3,0,20,45,6,3,1,5,27,2,1,0,0,5,0,0,2,1,0,3,1,0,0,0,2,1,0,0,0,0,0,0,0,0,0,0,0,0,5,4,1,0,0,0,0,0,0,0,0,0,1,0,0,0,1,0,1,0,0,0,0,0,0,0
19 - Αρτας,122 E.T. Δήμου Γεωργίου Καραϊσκάκη,271,159,0,1,1,158,61,1,28,11,6,4,73,9,8,2,17,26,2,0,0,0,17,1,1,7,6,1,0,0,0,0,0,0,0,0,0,0,0,0,0,0,0,0,0,0,0,1,0,0,0,0,0,0,0,0,0,3,1,0,0,0,0,0,0,0,0,1,0,0,0,0,0
19 - Αρτας,123 E.T. Δήμου Γεωργίου Καραϊσκάκη,287,120,1,0,1,119,58,2,28,4,3,13,44,5,5,0,8,24,2,1,1,0,11,0,2,2,6,0,2,0,0,0,0,0,0,0,0,0,0,0,0,0,0,0,0,0,0,1,0,1,0,0,0,0,0,0,0,0,0,1,1,0,0,0,0,0,0,0,0,0,0,0,0
19 - Αρτας,124 E.T. Δήμου Κεντρικών Τζουμέρκων,303,174,0,0,0,174,86,2,59,3,2,9,39,7,7,0,8,15,1,0,0,1,23,0,3,14,4,0,12,0,6,0,0,1,4,0,0,0,0,0,0,0,0,0,0,0,0,5,2,1,1,0,0,0,0,0,0,0,0,1,0,0,0,3,2,0,1,0,0,0,0,0,0
19 - Αρτας,125 E.T. Δήμου Κεντρικών Τζουμέρκων,392,212,0,0,0,212,99,4,57,8,2,9,70,9,5,2,22,26,4,0,1,0,16,0,0,8,6,0,8,1,1,1,0,1,3,2,0,1,0,0,0,0,0,0,0,0,0,5,2,1,0,1,0,0,0,0,0,0,0,0,0,0,0,5,0,1,1,0,0,0,0,1,0
19 - Αρτας,126 E.T. Δήμου Κεντρικών Τζουμέρκων,166,93,1,0,1,92,63,2,29,2,3,16,12,0,2,1,0,5,1,0,1,0,8,0,0,3,5,0,4,1,0,0,0,0,0,0,0,0,0,0,0,0,0,0,0,0,0,1,1,0,0,0,0,0,0,0,0,0,0,0,0,0,0,2,0,0,0,0,0,0,0,1,0
19 - Αρτας,127 E.T. Δήμου Κεντρικών Τζουμέρκων,282,166,0,1,1,165,54,0,30,1,3,12,80,4,4,2,14,49,8,1,3,0,10,0,0,2,7,0,6,0,0,1,0,3,0,0,0,0,0,0,1,0,0,0,0,0,0,1,1,0,0,1,0,0,0,0,0,0,0,0,0,0,0,4,0,1,0,0,0,0,0,0,0
19 - Αρτας,128 E.T. Δήμου Κεντρικών Τζουμέρκων,167,86,0,0,0,86,43,1,18,0,1,15,31,4,4,0,8,13,0,0,0,0,3,0,0,1,2,0,6,5,0,0,0,0,0,0,0,0,0,0,0,0,0,0,0,0,0,0,0,0,0,0,0,0,0,0,0,0,0,0,0,0,0,2,1,0,0,1,0,0,0,0,0
19 - Αρτας,129 E.T. Δήμου Κεντρικών Τζουμέρκων,199,118,1,0,1,117,49,0,24,0,1,6,42,2,4,1,4,24,0,0,0,0,14,1,0,2,11,0,3,0,1,0,0,0,3,0,0,3,0,0,1,0,0,0,0,0,0,2,1,0,0,0,0,0,0,0,0,1,0,0,0,0,0,1,0,0,0,0,0,0,0,1,0
19 - Αρτας,130 E.T. Δήμου Κεντρικών Τζουμέρκων,481,261,3,2,5,256,136,3,63,1,3,43,68,2,11,2,20,28,5,0,0,1,12,2,0,1,7,0,9,0,0,0,0,0,0,0,0,0,0,0,2,0,0,0,0,0,0,6,0,0,0,1,0,0,0,0,0,1,0,1,0,0,0,12,0,0,0,0,0,0,0,3,0
19 - Αρτας,131 E.T. Δήμου Κεντρικών Τζουμέρκων,286,189,2,0,2,187,86,2,38,3,3,18,51,7,7,1,5,20,3,0,1,0,26,0,1,5,18,0,7,3,0,0,1,0,1,0,0,1,0,0,1,0,0,0,0,0,0,4,1,0,1,0,0,0,0,0,0,0,0,0,0,0,0,3,0,0,0,1,0,0,0,4,0
19 - Αρτας,132 E.T. Δήμου Κεντρικών Τζουμέρκων,215,127,1,1,2,125,50,1,22,4,0,10,50,3,5,1,11,30,1,0,0,0,10,0,0,3,7,0,4,0,1,0,0,0,3,1,0,0,0,0,0,0,0,0,1,0,1,1,1,0,0,0,0,0,0,0,0,0,0,0,0,0,0,4,0,1,1,1,1,0,0,0,0
19 - Αρτας,133 E.T. Δήμου Κεντρικών Τζουμέρκων,220,116,1,2,3,113,64,4,42,0,2,6,25,9,1,0,0,8,2,0,0,0,10,0,0,6,1,0,4,1,0,1,0,0,0,0,0,0,0,0,1,0,0,0,0,0,0,2,0,0,1,0,0,0,0,0,0,0,0,0,0,0,0,4,1,2,0,0,0,0,0,1,0
19 - Αρτας,134 E.T. Δήμου Κεντρικών Τζουμέρκων,313,175,4,3,7,168,75,2,54,2,0,10,66,10,5,0,12,31,2,0,0,0,8,0,3,2,1,0,9,8,0,0,0,0,2,2,0,0,0,0,0,0,0,0,0,0,0,1,0,0,0,0,0,0,0,0,0,0,0,0,0,0,0,4,1,2,0,0,0,0,0,1,1
19 - Αρτας,135 E.T. Δήμου Κεντρικών Τζουμέρκων,243,141,6,1,7,134,43,2,18,1,4,3,56,0,13,0,16,24,1,0,0,1,19,3,0,2,10,1,6,1,0,1,0,0,0,0,0,0,0,0,2,2,0,0,0,0,0,4,0,1,1,0,0,0,0,1,1,0,0,0,0,0,0,0,0,0,0,1,0,0,0,1,1
19 - Αρτας,136 E.T. Δήμου Κεντρικών Τζουμέρκων,486,266,0,2,2,264,114,38,35,4,3,16,115,22,11,2,18,52,3,2,0,1,8,0,0,0,5,1,6,1,0,0,0,2,3,1,1,0,0,0,0,0,0,0,1,1,0,7,1,0,1,0,0,0,0,0,0,0,0,2,0,0,1,3,0,1,0,1,0,0,0,1,1
19 - Αρτας,137 E.T. Δήμου Κεντρικών Τζουμέρκων,386,249,2,1,3,246,79,1,29,6,2,28,121,9,8,3,22,75,6,1,5,0,21,2,0,12,5,0,7,0,1,2,0,1,1,0,0,0,0,0,1,0,0,0,0,0,0,3,1,0,1,0,0,0,0,0,0,0,0,0,0,0,0,5,1,0,1,0,0,0,0,2,0
19 - Αρτας,138 E.T. Δήμου Κεντρικών Τζουμέρκων,407,261,1,2,3,258,88,0,42,7,2,24,154,4,14,5,30,89,0,0,0,0,9,3,0,1,1,0,0,0,0,0,0,0,0,0,0,0,0,0,0,0,0,0,0,0,0,1,0,0,0,0,0,0,0,0,0,0,0,0,0,0,0,5,2,1,0,0,0,0,0,1,0
19 - Αρτας,139 E.T. Δήμου Κεντρικών Τζουμέρκων,346,209,1,2,3,206,94,0,27,2,0,43,87,26,5,3,4,43,2,0,1,0,3,0,0,0,1,0,4,0,0,0,1,0,0,0,0,0,0,0,1,0,0,1,0,0,0,3,1,0,0,2,0,0,1,0,0,1,1,4,1,1,0,2,0,0,1,1,0,0,0,2,1
19 - Αρτας,140 E.T. Δήμου Κεντρικών Τζουμέρκων,348,203,0,1,1,202,97,5,30,2,0,34,83,7,5,2,3,57,2,0,0,1,8,0,0,1,5,0,0,0,0,0,0,0,1,1,0,0,0,0,0,0,0,0,1,0,1,5,1,1,0,0,0,0,0,0,0,0,0,0,0,0,0,4,0,1,0,1,0,0,0,0,0
19 - Αρτας,141 E.T. Δήμου Κεντρικών Τζουμέρκων,321,189,2,1,3,186,88,2,39,1,0,37,79,6,12,3,11,42,4,0,1,0,5,0,0,1,4,0,4,1,0,1,0,0,2,0,0,0,0,0,0,0,0,0,0,0,0,0,0,0,0,0,0,0,0,0,0,0,0,1,0,0,1,2,0,1,0,0,0,0,0,1,0
19 - Αρτας,142 E.T. Δήμου Κεντρικών Τζουμέρκων,221,136,0,4,4,132,40,1,19,2,1,12,70,5,6,0,18,39,5,0,0,3,2,0,0,0,2,0,9,2,0,2,0,5,1,0,0,0,0,0,0,0,0,0,0,0,0,2,1,0,1,0,0,0,0,0,0,0,0,1,0,1,0,2,0,0,0,0,0,0,0,0,0
19 - Αρτας,143 E.T. Δήμου Κεντρικών Τζουμέρκων,237,122,1,0,1,121,56,1,34,2,1,10,46,8,3,1,21,11,1,0,1,0,6,0,0,1,4,0,4,1,1,1,0,0,1,0,0,1,0,0,0,0,0,0,0,0,0,2,0,0,0,0,0,0,0,0,0,0,0,0,0,0,0,3,0,0,0,1,0,0,1,1,1
19 - Αρτας,144 E.T. Δήμου Κεντρικών Τζουμέρκων,301,186,4,1,5,181,90,5,11,3,0,64,73,19,3,0,14,32,6,1,1,1,2,0,0,1,1,0,1,1,0,0,0,0,0,0,0,0,0,0,1,0,0,0,0,0,0,3,0,0,0,0,0,0,0,0,0,0,0,0,0,0,0,5,0,0,0,0,0,0,0,0,0
19 - Αρτας,145 E.T. Δήμου Κεντρικών Τζουμέρκων,271,175,0,1,1,174,93,0,35,1,0,44,54,2,4,0,5,43,1,0,0,0,24,0,1,9,7,0,0,0,0,0,0,0,0,0,0,0,0,0,0,0,0,0,0,0,0,0,0,0,0,0,0,0,0,0,0,0,0,0,0,0,0,1,1,0,0,0,0,0,0,1,1
19 - Αρτας,146 E.T. Δήμου Κεντρικών Τζουμέρκων,187,111,0,1,1,110,60,3,23,0,0,26,36,1,12,1,3,17,1,1,0,0,9,0,1,2,4,0,2,0,0,1,0,0,0,0,0,0,0,0,0,0,0,0,0,0,0,2,0,1,1,0,0,0,0,0,0,0,0,0,0,0,0,0,0,0,0,0,0,0,0,0,0
19 - Αρτας,147 E.T. Δήμου Κεντρικών Τζουμέρκων,167,100,1,0,1,99,29,0,13,0,0,9,57,7,0,0,6,40,1,0,0,0,5,2,1,0,1,0,0,0,0,0,0,0,1,0,0,0,0,0,0,0,0,0,0,0,0,2,2,0,0,0,0,0,0,0,0,0,0,0,0,0,0,1,0,0,0,0,0,0,0,3,3
19 - Αρτας,148 E.T. Δήμου Κεντρικών Τζουμέρκων,149,86,1,1,2,84,27,1,11,0,0,0,42,7,9,0,6,15,0,0,0,0,4,0,0,0,3,0,7,5,0,0,0,1,2,0,0,0,0,0,0,0,0,0,0,0,0,0,0,0,0,0,0,0,0,0,0,0,0,1,0,0,0,1,0,1,0,0,0,0,0,0,0
19 - Αρτας,149 E.T. Δήμου Κεντρικών Τζουμέρκων,200,123,0,1,1,122,50,3,27,0,1,14,53,11,8,3,5,18,1,1,0,0,11,0,6,4,1,0,4,2,0,0,0,0,0,0,0,0,0,0,0,0,0,0,0,0,0,3,0,0,0,0,0,0,0,0,0,0,0,0,0,0,0,0,0,0,0,0,0,0,0,0,0
19 - Αρτας,150 E.T. Δήμου Κεντρικών Τζουμέρκων,290,160,0,1,1,159,82,2,31,4,3,34,48,8,0,2,16,15,3,0,0,1,6,0,1,2,2,0,16,5,0,1,1,2,0,0,0,0,0,0,1,0,0,1,0,0,0,0,0,0,0,0,0,0,0,0,0,0,0,1,1,0,0,1,0,0,0,0,0,0,0,1,1
19 - Αρτας,151 E.T. Δήμου Κεντρικών Τζουμέρκων,271,141,1,3,4,137,74,8,24,0,1,27,30,4,2,2,6,13,3,2,0,0,4,0,1,1,2,0,15,6,0,0,0,1,1,0,0,1,2,1,0,0,0,0,0,0,0,3,0,0,3,2,0,0,2,0,0,0,0,0,0,0,0,1,0,0,0,0,0,0,0,2,2
19 - Αρτας,152 E.T. Δήμου Κεντρικών Τζουμέρκων,162,96,0,1,1,95,42,4,11,5,0,14,35,10,3,0,6,12,0,0,0,0,11,0,0,5,4,0,6,1,0,2,0,1,0,0,0,0,0,0,0,0,0,0,0,0,0,1,1,0,0,0,0,0,0,0,0,0,0,0,0,0,0,0,0,0,0,0,0,0,0,0,0
19 - Αρτας,153 E.T. Δήμου Κεντρικών Τζουμέρκων,443,250,2,1,3,247,68,1,25,7,1,27,122,6,19,0,10,73,7,3,1,1,33,2,3,22,6,0,4,0,0,1,1,0,2,0,0,0,0,0,2,1,0,0,1,1,0,3,1,0,1,0,0,0,0,0,0,1,0,1,1,0,0,2,1,0,0,1,0,0,0,0,0
19 - Αρτας,154 E.T. Δήμου Κεντρικών Τζουμέρκων,337,205,2,0,2,203,77,1,34,1,2,33,100,16,6,1,21,48,2,0,0,1,10,2,0,5,1,0,1,0,0,0,0,0,2,0,0,1,0,0,1,0,0,1,1,0,0,8,3,1,2,0,0,0,0,0,0,1,1,0,0,0,0,0,0,0,0,0,0,0,0,0,0
19 - Αρτας,155 E.T. Δήμου Κεντρικών Τζουμέρκων,338,222,1,4,5,217,74,6,30,1,1,21,113,10,6,4,14,71,7,3,0,0,10,0,1,3,5,0,0,0,0,0,0,0,0,0,0,0,0,0,0,0,0,0,0,0,0,9,1,1,2,0,0,0,0,0,0,0,0,0,0,0,0,1,0,1,0,0,0,0,0,3,1
19 - Αρτας,156 E.T. Δήμου Κεντρικών Τζουμέρκων,374,203,0,3,3,200,99,6,46,2,3,30,58,5,6,1,11,27,5,1,3,1,28,2,1,20,1,0,3,0,2,0,0,0,1,1,0,0,0,0,1,0,0,1,1,1,0,0,0,0,0,0,0,0,0,0,0,0,0,1,0,0,0,2,0,0,0,0,0,0,0,1,0
19 - Αρτας,157 E.T. Δήμου Κεντρικών Τζουμέρκων,347,195,0,0,0,195,93,6,39,3,2,20,59,8,2,0,8,31,4,1,0,0,24,0,2,17,1,0,2,1,0,0,0,0,0,0,0,0,0,0,0,0,0,0,0,0,0,5,0,1,1,1,0,0,1,0,0,0,0,0,0,0,0,6,0,1,0,0,0,0,0,1,0
19 - Αρτας,158 E.T. Δήμου Κεντρικών Τζουμέρκων,403,206,1,0,1,205,94,1,35,13,0,32,73,8,7,1,27,28,2,1,1,0,16,0,6,5,5,0,6,2,0,0,0,3,0,0,0,0,0,0,0,0,0,0,0,0,0,5,1,4,0,1,0,0,0,2,0,0,0,0,0,0,0,4,0,0,2,1,1,0,0,1,0
19 - Αρτας,159 E.T. Δήμου Κεντρικών Τζουμέρκων,401,214,4,2,6,208,90,6,39,12,2,21,88,3,4,3,31,43,1,0,0,0,5,1,1,2,0,1,8,5,0,1,0,1,0,0,0,0,0,0,2,0,0,0,0,0,0,3,2,0,1,3,0,2,0,0,0,5,1,0,0,0,0,0,0,0,0,1,1,0,0,2,1
19 - Αρτας,160 E.T. Δήμου Κεντρικών Τζουμέρκων,285,131,0,0,0,131,51,1,28,0,0,17,50,9,3,2,12,19,0,0,0,0,13,0,0,9,2,1,11,0,0,0,0,0,0,0,0,0,0,0,0,0,0,0,0,0,0,2,2,0,0,0,0,0,0,0,0,0,0,2,0,0,0,1,0,0,0,0,0,0,0,1,0
19 - Αρτας,161 E.T. Δήμου Κεντρικών Τζουμέρκων,281,121,0,0,0,121,57,6,17,1,0,26,24,6,4,2,8,1,0,0,0,0,11,1,1,8,1,0,17,8,1,0,0,1,1,0,1,0,0,0,0,0,0,0,0,0,0,1,1,0,0,2,0,0,2,0,0,2,1,1,0,0,1,5,0,0,1,0,0,0,0,0,0
19 - Αρτας,162 E.T. Δήμου Νικολάου Σκουφά,393,252,1,1,2,250,84,1,42,3,2,19,128,9,25,1,29,55,7,2,2,2,17,0,7,4,1,1,5,3,1,0,0,0,0,0,0,0,0,0,0,0,0,0,0,0,0,1,1,0,0,1,0,1,0,1,0,0,0,1,0,0,0,3,1,1,0,0,0,0,0,2,0
19 - Αρτας,163 E.T. Δήμου Νικολάου Σκουφά,410,236,0,0,0,236,90,2,47,6,2,14,100,7,6,7,18,53,3,0,2,1,19,3,3,8,3,1,2,0,0,0,0,0,1,1,0,0,0,0,0,0,0,0,1,0,0,0,0,0,0,0,0,0,0,0,0,2,2,2,1,0,0,8,2,1,1,2,0,0,0,6,4
19 - Αρτας,164 E.T. Δήμου Νικολάου Σκουφά,439,226,4,2,6,220,75,3,33,9,4,14,110,7,26,0,17,54,7,3,1,1,12,2,1,3,4,1,4,0,0,1,0,0,1,0,0,0,2,1,0,0,0,0,0,0,0,2,1,1,0,0,0,0,0,0,0,0,0,1,1,0,0,6,2,1,1,0,0,0,0,0,0
19 - Αρτας,165 E.T. Δήμου Νικολάου Σκουφά,470,266,5,2,7,259,71,1,32,5,5,19,141,11,31,7,19,59,4,1,1,1,21,0,1,8,9,1,6,1,1,0,1,0,2,0,0,0,0,0,0,0,0,0,0,0,0,6,0,1,0,0,0,0,0,0,0,2,1,0,0,0,0,2,0,0,0,2,0,0,0,2,2
19 - Αρτας,166 E.T. Δήμου Νικολάου Σκουφά,473,268,7,1,8,260,91,5,39,6,5,16,126,18,38,5,25,36,3,0,3,0,22,2,3,8,6,1,1,0,0,0,0,0,2,0,0,0,0,0,0,0,0,0,0,0,0,6,1,2,1,0,0,0,0,0,0,2,0,0,0,0,0,5,1,0,1,1,0,0,1,1,1
19 - Αρτας,167 E.T. Δήμου Νικολάου Σκουφά,319,228,1,6,7,221,95,2,44,0,4,23,96,35,6,9,20,18,3,1,0,1,13,0,4,3,6,0,6,0,1,2,0,0,2,0,0,1,0,0,0,0,0,0,0,0,0,1,0,0,0,0,0,0,0,0,0,0,0,0,0,0,0,4,0,1,0,0,0,0,0,1,0
19 - Αρτας,168 E.T. Δήμου Νικολάου Σκουφά,325,211,4,0,4,207,76,2,35,1,2,17,97,31,8,11,18,21,4,1,0,0,20,2,0,10,6,0,4,1,0,3,0,0,2,1,0,1,0,0,0,0,0,0,1,0,1,0,0,0,0,0,0,0,0,0,0,0,0,0,0,0,0,1,0,0,0,0,0,0,0,2,1
19 - Αρτας,169 E.T. Δήμου Νικολάου Σκουφά,305,192,6,1,7,185,54,0,34,3,2,8,85,39,3,5,13,17,6,2,1,0,17,5,2,0,5,1,11,1,1,1,0,6,1,0,0,0,1,0,0,0,0,0,0,0,0,4,2,1,0,1,1,0,0,0,0,1,0,0,0,0,0,2,0,1,0,0,0,0,0,2,0
19 - Αρτας,170 E.T. Δήμου Νικολάου Σκουφά,276,184,1,1,2,182,59,0,23,2,6,9,97,30,7,10,13,25,1,1,0,0,14,2,0,9,3,0,5,1,0,1,0,3,1,1,0,0,0,0,0,0,0,0,0,0,0,3,0,0,0,0,0,0,0,0,0,0,0,0,0,0,0,1,0,0,0,1,0,0,0,0,0
19 - Αρτας,171 E.T. Δήμου Νικολάου Σκουφά,524,300,7,5,12,288,95,3,46,1,7,25,130,27,13,5,23,40,8,0,2,0,25,10,2,5,5,0,10,2,0,5,0,0,0,0,0,0,0,0,2,0,0,0,0,0,0,4,0,1,0,1,0,0,0,0,0,0,0,2,1,0,1,3,1,0,0,4,0,0,4,4,1
19 - Αρτας,172 E.T. Δήμου Νικολάου Σκουφά,421,289,2,1,3,286,101,4,49,7,4,18,143,19,17,13,19,70,2,2,0,0,15,10,0,2,0,0,6,0,0,4,0,0,0,0,0,0,0,0,0,0,0,0,0,0,0,8,0,3,0,2,0,0,0,0,0,0,0,0,0,0,0,4,0,0,0,3,0,0,2,2,0
19 - Αρτας,173 E.T. Δήμου Νικολάου Σκουφά,265,138,1,2,3,135,62,4,30,2,2,16,46,10,9,0,6,18,2,0,1,0,14,5,1,3,3,0,0,0,0,0,0,0,0,0,0,0,0,0,0,0,0,0,0,0,0,0,0,0,0,0,0,0,0,0,0,0,0,1,0,0,0,10,9,0,0,0,0,0,0,0,0
19 - Αρτας,174 E.T. Δήμου Νικολάου Σκουφά,271,155,1,2,3,152,47,1,17,4,0,14,77,10,21,3,11,25,2,0,1,1,13,1,1,8,1,0,2,1,0,0,0,0,1,0,0,0,0,0,0,0,0,0,1,0,0,1,1,0,0,0,0,0,0,0,0,0,0,0,0,0,0,6,4,0,0,0,0,0,0,2,1
19 - Αρτας,175 E.T. Δήμου Νικολάου Σκουφά,437,290,4,0,4,286,119,3,59,6,3,29,79,22,8,3,6,33,2,0,0,2,27,4,3,11,6,0,31,8,8,3,6,3,0,0,0,0,0,0,2,0,0,2,0,0,0,8,2,4,0,5,1,4,0,0,0,5,5,0,0,0,0,7,2,2,1,0,0,0,0,1,0
19 - Αρτας,176 E.T. Δήμου Νικολάου Σκουφά,287,177,4,2,6,171,84,1,32,5,1,24,62,20,4,0,9,24,1,0,0,0,12,0,0,4,8,0,6,0,2,0,0,2,2,1,1,0,0,0,0,0,0,0,0,0,0,3,2,0,1,0,0,0,0,0,0,0,0,0,0,0,0,1,0,1,0,0,0,0,0,0,0
19 - Αρτας,177 E.T. Δήμου Νικολάου Σκουφά,267,168,0,3,3,165,80,3,33,10,2,20,58,16,1,1,7,29,4,3,0,0,10,0,2,1,2,1,3,0,0,0,0,0,0,0,0,0,0,0,0,0,0,0,0,0,0,7,4,1,0,0,0,0,0,0,0,0,0,3,1,1,1,0,0,0,0,0,0,0,0,0,0
19 - Αρτας,178 E.T. Δήμου Νικολάου Σκουφά,351,221,2,1,3,218,94,6,26,5,0,51,102,34,6,4,13,38,1,0,0,0,10,0,0,0,0,0,2,0,0,0,0,0,0,0,0,0,0,0,0,0,0,0,0,0,0,4,2,0,0,0,0,0,0,0,0,1,1,1,0,0,0,0,0,0,0,1,0,0,1,2,2
19 - Αρτας,179 E.T. Δήμου Νικολάου Σκουφά,348,229,0,1,1,228,91,7,33,5,2,29,100,38,4,2,8,43,3,2,0,1,15,4,4,3,0,1,2,0,0,0,1,0,2,0,0,0,1,0,0,0,0,0,1,0,0,5,1,2,0,0,0,0,0,0,0,1,0,0,0,0,0,3,1,0,1,2,0,0,0,2,2
19 - Αρτας,180 E.T. Δήμου Νικολάου Σκουφά,452,302,3,2,5,297,75,3,35,4,4,21,177,120,5,1,9,39,5,1,2,0,9,1,1,2,3,0,18,4,12,1,0,0,0,0,0,0,1,1,0,0,0,0,0,0,0,3,0,0,2,0,0,0,0,0,0,1,1,0,0,0,0,6,2,0,1,0,0,0,0,2,1
19 - Αρτας,181 E.T. Δήμου Νικολάου Σκουφά,438,303,2,1,3,300,122,6,65,2,3,28,130,81,5,1,9,29,4,3,1,0,13,2,1,5,5,0,16,0,7,2,1,2,0,0,0,0,0,0,1,1,0,0,1,0,1,4,1,1,1,0,0,0,0,1,0,0,0,1,1,0,0,3,2,0,1,0,0,0,0,4,2
19 - Αρτας,182 E.T. Δήμου Νικολάου Σκουφά,450,307,2,2,4,303,87,4,52,3,2,4,145,93,5,2,14,28,10,3,4,1,31,0,2,11,14,2,17,1,5,1,0,3,1,0,0,0,0,0,1,0,0,0,0,0,0,2,0,0,0,0,0,0,0,1,0,0,0,0,0,0,0,6,3,2,0,2,0,0,1,0,0
19 - Αρτας,183 E.T. Δήμου Νικολάου Σκουφά,450,286,4,1,5,281,97,5,54,0,2,17,134,90,7,1,6,22,2,1,0,0,15,0,3,5,3,1,15,0,6,2,1,1,0,0,0,0,0,0,4,0,0,0,1,0,0,2,1,0,0,0,0,0,0,0,0,1,1,1,0,1,0,5,0,1,1,0,0,0,0,4,3
19 - Αρτας,184 E.T. Δήμου Νικολάου Σκουφά,452,288,5,2,7,281,108,2,64,0,4,17,124,84,6,2,9,16,8,2,2,2,11,0,2,5,2,0,10,0,5,3,0,0,1,0,1,0,0,0,1,0,0,1,1,0,1,9,3,1,4,0,0,0,0,0,0,1,1,4,1,1,2,1,1,0,0,0,0,0,0,2,1
19 - Αρτας,185 E.T. Δήμου Νικολάου Σκουφά,363,226,0,2,2,224,76,3,36,1,1,17,103,37,8,3,7,41,6,0,1,2,15,2,1,2,7,0,13,2,6,0,0,2,1,0,0,0,1,0,0,0,0,0,0,0,0,0,0,0,0,0,0,0,0,0,0,0,0,1,0,0,0,6,0,2,0,0,0,0,0,2,2
19 - Αρτας,186 E.T. Δήμου Νικολάου Σκουφά,345,201,1,0,1,200,85,2,41,3,2,23,59,30,2,1,7,15,2,0,0,0,25,1,0,7,14,0,17,5,9,1,0,0,3,1,0,0,0,0,0,0,0,0,0,0,0,1,0,1,0,0,0,0,0,0,0,0,0,2,0,2,0,5,2,1,0,1,0,0,0,0,0
19 - Αρτας,187 E.T. Δήμου Νικολάου Σκουφά,360,208,3,0,3,205,99,3,46,3,5,18,77,36,11,0,13,10,1,0,0,0,10,1,0,3,3,0,3,1,0,0,0,0,0,0,0,0,0,0,2,0,1,0,3,2,0,5,1,1,1,3,0,2,0,0,0,0,0,0,0,0,0,2,0,0,0,0,0,0,0,0,0
19 - Αρτας,188 E.T. Δήμου Νικολάου Σκουφά,486,333,0,0,0,333,115,6,64,6,3,22,140,51,5,0,45,33,4,1,0,3,26,1,16,3,3,0,29,3,2,2,1,6,4,2,1,0,0,0,1,0,0,0,0,0,0,2,1,0,0,1,0,0,1,0,0,0,0,0,0,0,0,8,3,0,2,0,0,0,0,3,1
19 - Αρτας,189 E.T. Δήμου Νικολάου Σκουφά,473,324,2,1,3,321,142,2,89,15,4,15,105,23,2,0,45,29,0,0,0,0,18,1,4,4,5,0,36,9,4,1,1,12,1,0,1,0,0,0,1,0,0,0,1,0,1,7,0,0,5,0,0,0,0,0,0,1,1,0,0,0,0,7,0,2,2,0,0,0,0,2,0
19 - Αρτας,190 E.T. Δήμου Νικολάου Σκουφά,481,304,1,1,2,302,118,4,66,10,2,11,109,24,2,1,53,24,3,1,1,0,31,0,14,6,6,1,25,3,1,2,1,11,2,0,0,0,0,0,1,0,0,0,0,0,0,4,0,0,2,0,0,0,0,0,0,0,0,1,1,0,0,5,2,0,0,0,0,0,0,3,2
19 - Αρτας,191 E.T. Δήμου Νικολάου Σκουφά,488,330,2,3,5,325,146,2,75,10,5,20,83,31,7,1,23,14,5,1,0,1,36,0,20,10,4,1,35,9,5,1,0,9,1,0,0,0,0,0,0,0,0,0,4,0,4,5,1,0,0,0,0,0,0,1,0,1,0,0,0,0,0,4,0,0,0,1,0,0,0,3,1
19 - Αρτας,192 E.T. Δήμου Νικολάου Σκουφά,450,339,4,0,4,335,162,7,60,42,5,22,124,59,6,1,17,41,4,1,0,0,15,5,1,5,2,1,5,1,1,2,0,0,0,0,0,0,0,0,3,1,0,2,0,0,0,5,0,2,0,0,0,0,0,0,0,1,0,4,4,0,0,5,0,0,4,3,0,0,1,4,3
19 - Αρτας,193 E.T. Δήμου Νικολάου Σκουφά,461,344,0,3,3,341,143,3,53,30,4,32,132,37,7,5,18,55,17,4,1,0,22,1,6,11,4,0,3,1,0,1,0,0,2,0,2,0,0,0,2,0,1,1,0,0,0,6,1,0,2,0,0,0,0,0,0,0,0,5,5,0,0,5,1,1,1,1,0,0,0,3,2
19 - Αρτας,194 E.T. Δήμου Νικολάου Σκουφά,398,267,3,3,6,261,115,7,31,1,42,16,93,26,6,1,12,39,2,1,0,0,23,2,4,8,6,0,6,1,0,1,0,0,0,0,0,0,0,0,3,0,0,0,2,2,0,4,0,1,3,3,0,0,2,0,0,0,0,4,1,0,2,5,1,0,1,0,0,0,0,1,0
19 - Αρτας,195 E.T. Δήμου Νικολάου Σκουφά,136,102,2,0,2,100,52,0,15,3,2,18,11,2,0,0,1,6,0,0,0,0,10,0,5,2,3,0,24,7,0,0,0,12,0,0,0,0,0,0,0,0,0,0,0,0,0,0,0,0,0,0,0,0,0,0,0,1,0,0,0,0,0,2,0,0,0,0,0,0,0,0,0
19 - Αρτας,196 E.T. Δήμου Νικολάου Σκουφά,269,154,1,0,1,153,53,2,25,1,5,6,69,31,3,1,7,22,1,0,0,0,19,4,6,2,3,0,0,0,0,0,0,0,3,0,0,0,0,0,1,0,0,0,0,0,0,1,0,1,0,0,0,0,0,0,0,1,0,0,0,0,0,2,0,2,0,0,0,0,0,3,1
19 - Αρτας,197 E.T. Δήμου Νικολάου Σκουφά,143,96,1,1,2,94,40,0,18,3,2,14,28,15,3,0,1,8,0,0,0,0,11,1,3,4,3,0,8,4,0,1,0,2,2,0,0,0,0,0,1,1,0,0,0,0,0,0,0,0,0,4,3,0,0,0,0,0,0,0,0,0,0,0,0,0,0,0,0,0,0,0,0
19 - Αρτας,198 E.T. Δήμου Νικολάου Σκουφά,196,135,2,0,2,133,66,3,26,2,4,16,53,21,1,2,5,21,0,0,0,0,8,2,1,4,0,0,1,0,0,0,0,0,0,0,0,0,0,0,0,0,0,0,0,0,0,3,0,0,1,0,0,0,0,0,0,0,0,1,1,0,0,1,1,0,0,0,0,0,0,0,0
19 - Αρτας,199 E.T. Δήμου Νικολάου Σκουφά,435,253,3,1,4,249,87,4,21,3,7,25,94,22,3,7,3,52,9,1,5,1,29,1,8,6,11,0,11,1,0,3,5,1,0,0,0,0,0,0,2,0,0,0,1,0,0,9,0,1,3,0,0,0,0,0,0,0,0,2,2,0,0,3,0,1,0,0,0,0,0,2,1
19 - Αρτας,Ετερ. Αρτας (από 2ο Ε.Τ. Νομ. Θεσσαλονίκης),116,89,2,0,2,87,15,0,10,0,1,2,53,8,8,4,7,22,4,0,2,1,4,1,0,1,2,0,1,1,0,0,0,0,1,0,0,0,0,0,0,0,0,0,0,0,0,1,0,1,0,0,0,0,0,0,0,1,1,1,0,0,1,3,0,1,1,1,1,0,0,2,2
19 - Αρτας,Ετερ. Αρτας (από Εφετείο Θεσσαλονίκης),57,43,0,0,0,43,10,0,3,0,1,2,21,4,2,0,2,10,1,0,0,0,2,0,0,1,1,0,3,0,2,0,1,0,0,0,0,0,0,0,0,0,0,0,0,0,0,2,1,0,1,0,0,0,0,0,0,0,0,1,0,0,0,1,0,1,0,0,0,0,0,2,2
19 - Αρτας,Ετερ. Αρτας (από Εφετείο Ιωαννίνων),69,46,0,0,0,46,7,0,6,0,0,1,33,1,2,4,5,19,0,0,0,0,4,1,1,0,0,1,0,0,0,0,0,0,0,0,0,0,0,0,0,0,0,0,0,0,0,1,1,0,0,0,0,0,0,0,0,0,0,0,0,0,0,0,0,0,0,1,0,0,1,0,0
19 - Αρτας,Ετερ. Αρτας (από Εφετείο Πάτρας),62,44,4,1,5,39,13,1,4,0,0,8,17,2,2,0,2,6,0,0,0,0,6,0,1,1,3,0,1,1,0,0,0,0,2,0,0,1,0,0,0,0,0,0,0,0,0,0,0,0,0,0,0,0,0,0,0,0,0,0,0,0,0,0,0,0,0,0,0,0,0,0,0
19 - Αρτας,Ετερ. Αρτας (από 20ο Ε.Τ. Νομ. Αττικής-Αθηνών),587,387,1,2,3,384,158,6,23,9,9,27,137,18,21,5,23,54,4,1,1,0,29,2,3,10,10,2,19,5,1,2,2,2,4,1,0,1,0,0,1,0,1,0,0,0,0,6,2,3,0,1,0,0,0,0,0,3,2,3,0,1,1,13,3,5,3,0,0,0,0,6,4
19 - Αρτας,Ετερ. Αρτας (από 21ο Ε.Τ. Νομ. Αττικής-Αθηνών),593,388,1,6,7,381,141,4,87,7,8,20,163,11,35,4,14,86,9,4,2,2,27,1,1,5,13,1,20,6,2,4,1,1,2,0,0,0,0,0,0,0,0,0,0,0,0,9,5,0,2,0,0,0,0,0,0,1,0,0,0,0,0,6,4,0,1,0,0,0,0,3,3
19 - Αρτας,Ετερ. Αρτας (από 22ο Ε.Τ. Νομ. Αττικής-Αθηνών),612,400,3,3,6,394,155,7,82,11,5,25,137,11,27,7,19,59,16,3,2,3,34,6,4,10,11,2,22,3,1,2,0,5,2,1,1,0,0,0,1,1,0,0,0,0,0,8,4,0,2,1,0,0,0,0,0,3,1,1,0,0,0,13,0,2,2,0,0,0,0,1,0
19 - Αρτας,Ετερ. Αρτας (από 23ο Ε.Τ. Νομ. Αττικής-Αθηνών),577,406,0,1,1,405,151,6,73,5,5,33,153,13,28,5,22,64,7,3,2,1,25,2,2,5,15,0,29,7,1,7,1,1,4,0,2,0,0,0,1,1,0,0,0,0,0,6,3,1,1,0,0,0,0,0,0,0,0,2,1,1,0,18,3,3,3,1,0,0,0,8,1
19 - Αρτας,Ετερ. Αρτας (από 24ο Ε.Τ. Νομ. Αττικής-Αθηνών),604,426,4,2,6,420,157,2,75,4,7,32,156,25,19,11,19,71,6,3,1,1,34,3,3,11,11,1,30,7,5,2,1,5,4,1,1,0,0,0,4,0,1,0,0,0,0,7,5,0,0,0,0,0,0,0,0,1,1,0,0,0,0,15,3,5,0,2,0,0,1,4,3
19 - Αρτας,Ετερ. Αρτας (από 25ο Ε.Τ. Νομ. Αττικής-Αθηνών),590,430,4,0,4,426,176,4,94,4,6,41,168,24,29,3,13,77,2,1,0,1,32,4,1,6,13,4,23,6,1,3,2,3,3,1,1,0,0,0,1,0,0,0,0,0,0,10,3,2,2,1,0,0,0,0,0,1,1,0,0,0,0,6,0,2,1,0,0,0,0,3,3
19 - Αρτας,Ετερ. Αρτας (από 3ο Ε.Τ. Νομ. Αττικής-Πειραιώς),131,90,1,0,1,89,36,0,22,2,2,4,29,5,5,2,4,9,0,0,0,0,6,0,0,1,2,0,8,2,0,0,0,3,0,0,0,0,0,0,1,0,0,0,0,0,0,4,1,2,0,0,0,0,0,0,0,0,0,0,0,0,0,5,2,0,1,0,0,0,0,0,0
19 - Αρτας,Ετερ. Αρτας (από Εφετείο Ναυπλίου),48,32,0,0,0,32,14,2,6,1,1,2,11,2,2,2,0,3,0,0,0,0,2,1,0,0,0,0,2,0,0,1,0,0,2,0,0,1,0,0,0,0,0,0,0,0,0,0,0,0,0,0,0,0,0,0,0,0,0,0,0,0,0,0,0,0,0,0,0,0,0,1,0
Σύνολο,,79097,49475,576,295,871,48604,19411,949,8882,889,718,4517,18953,3215,1972,735,3122,8366,728,151,189,105,4104,635,395,1433,1212,52,2350,412,264,304,163,492,274,36,37,56,13,5,161,33,9,29,78,22,38,694,178,108,129,110,17,19,20,42,26,97,47,168,58,46,23,963,185,150,150,138,21,3,40,320,149
