ΠΕΡΙΦΕΡΕΙΑ,ΕΚΛΟΓΙΚΟ ΤΜΗΜΑ,ΕΓΓΕΓΡΑΜΜΕΝΟΙ,ΨΗΦΙΣΑΝΤΕΣ,ΑΚΥΡΑ,ΛΕΥΚΑ,ΑΚΥΡΑ & ΛΕΥΚΑ,ΕΓΚΥΡΑ,ΣΥΡΙΖΑ,ΖΑΝΝΙΑΣ ΑΘΑΝΑΣΙΟΣ του Κωνσταντίνου,ΘΗΒΑΙΟΣ ΝΙΚΟΛΑΟΣ του Γεωργίου,ΚΑΤΣΙΦΗ-ΖΩΤΑ ΒΕΝΕΤΙΑ του Γεωργίου,ΠΟΥΛΟΥ ΠΑΝΑΓΙΟΥ (ΓΙΩΤΑ) του Λεωνίδα,ΧΑΛΒΑΤΖΗΣ ΣΤΑΜΑΤΗΣ του Ηλία,Νέα Δημοκρατία,ΘΕΟΔΩΡΟΥ - ΜΑΓΟΥΛΑ ΛΟΥΚΙΑ του Αναστασίου,ΚΑΡΑΜΠΕΛΑΣ ΙΩΑΝΝΗΣ του Δημητρίου,ΚΟΥΤΣΟΥΜΠΑΣ ΑΝΔΡΕΑΣ του Βασιλείου,ΚΤΙΣΤΑΚΗΣ ΕΛΕΥΘΕΡΙΟΣ του Νικολάου,ΤΖΟΥΒΕΛΕΚΗ - ΡΕΠΟΥΣΚΟΥ ΕΥΑΓΓΕΛΙΑ του Ευαγγέλου,Λαϊκός Σύνδεσμος - Χρυσή Αυγή,ΒΟΥΛΗ ΑΙΚΑΤΕΡΙΝΗ του Μιχαήλ,ΚΑΡΑΚΩΣΤΑΣ ΕΥΑΓΓΕΛΟΣ του Θεοδώρου,ΣΠΑΝΟΥ ΑΙΚΑΤΕΡΙΝΗ - ΝΙΚΟΛΕΤΤΑ του Μιχαήλ,Κίνημα Αλλαγής,ΑΓΓΕΛΟΥ ΔΗΜΗΤΡΙΟΣ (ΜΙΜΗΣ) του Κωνσταντίνου,ΚΑΡΒΟΥΝΗΣ ΑΡΗΣ του Αλεξάνδρου,ΚΟΣΚΟΒΟΛΗ - ΓΙΑΧΡΙΤΣΗ ΑΙΚΑΤΕΡΙΝΗ του Λουκά,ΜΟΥΛΚΙΩΤΗΣ ΓΕΩΡΓΙΟΣ του Βασιλείου,ΝΤΑΝΤΟΥΜΗ ΙΩΑΝΝΑ του Αθανασίου,Κ.Κ.Ε.,ΚΟΥΤΣΟΥΜΠΑΣ ΔΗΜΗΤΡΙΟΣ του Αποστόλου,ΑΡΚΟΥΜΑΝΗΣ ΠΕΤΡΟΣ του Ιωάννη,ΔΑΝΑΣΗ - ΔΙΑΜΑΝΤΑΡΗ ΜΑΡΙΑ του Νικολάου,ΤΑΤΣΗ ΑΝΑΣΤΑΣΙΑ (ΝΑΤΑΣΑ) του Αποστόλου,ΤΟΥΛΟΥΜΑΚΟΣ ΑΝΤΩΝΙΟΣ του Σπύρου,Ένωση Κεντρώων,ΓΙΑΝΝΟΠΟΥΛΟΥ ΕΥΣΤΑΘΙΑ του Νικολάου,ΛΥΓΓΟΥ ΑΓΛΑΪΑ του Μιχαήλ,ΣΤΙΓΚΑΣ ΒΑΣΙΛΕΙΟΣ του Αθανασίου,ΤΖΑΝΑΚΗΣ ΠΑΝΑΓΙΩΤΗΣ του Μιχαήλ,Ο.Κ.Δ.Ε.,ΚΙΤΣΩΝΗ ΧΡΙΣΤΙΝΑ του Σπυρίδωνος,ΑΝΤ.ΑΡ.ΣΥ.Α.,ΚΟΛΛΙΑΣ ΧΑΡΑΛΑΜΠΟΣ του Κωνσταντίνου,ΚΟΥΝΟΥΚΛΑΣ ΚΩΝΣΤΑΝΤΙΝΟΣ του Δημητρίου,ΡΟΔΗ ΕΛΕΝΗ του Χρήστου,Ελλήνων Συνέλευσις,ΒΑΡΘΑΛΙΤΟΥ ΜΑΡΙΑΝΝΑ του Ιωσήφ,ΜΕΛΙΤΖΑΝΗΣ ΑΘΑΝΑΣΙΟΣ του Νικολάου,ΜΕΛΙΤΖΑΝΗΣ ΧΡΗΣΤΟΣ του Νικολάου,ΞΗΝΤΑΡΟΠΟΥΛΟΣ ΑΝΤΩΝΙΟΣ του Ευαγγέλου,ΠΑΠΑΔΟΠΟΥΛΟΥ ΕΛΕΥΘΕΡΙΑ του Μιχαήλ,ΕΕΚ Τροτσκιστές - Εργ.Επ.Κόμμα,ΠΑΠΑΔΗΜΗΤΡΙΟΥ ΣΩΤΗΡΗΣ του Στυλιανού,Ελληνική Λύση - Κ. Βελόπουλος,ΚΥΡΙΑΚΙΔΟΥ ΜΑΡΙΑΝΘΗ του Παντελή,ΣΤΑΜΟΠΟΥΛΟΣ ΙΩΑΝΝΗΣ του Λουκά,ΣΩΤΗΡΙΟΥ ΓΕΩΡΓΙΟΣ του Νικολάου,Κ.Κ.Ε. (μ-λ),ΣΑΓΙΑΝΝΗΣ ΒΑΣΙΛΕΙΟΣ του Σεραφείμ,Μ-Λ Κ.Κ.Ε.,ΧΡΗΣΤΟΥ ΤΑΞΙΑΡΧΗΣ του Ιωάννη,Ε.ΠΑ.Μ - Α.Κ.Κ.ΕΛ,ΑΝΤΩΝΑΚΟΣ ΓΡΗΓΟΡΙΟΣ του Παναγιώτη,ΜΟΣΧΟΣ ΑΘΑΝΑΣΙΟΣ του Αστερίου,ΧΡΙΣΤΕΛΗ ΠΑΝΑΓΙΩΤΑ του Αθανασίου,Λαϊκή Ενότητα,ΑΠΟΣΤΟΛΟΠΟΥΛΟΣ ΓΕΩΡΓΙΟΣ του Ιωάννη,ΓΟΥΝΑΡΗ ΟΛΥΜΠΙΑ του Αθανασίου,ΣΚΟΥΜΑΣ ΑΘΑΝΑΣΙΟΣ του Δημητρίου,ΜέΡΑ25,ΔΑΒΑΝΕΛΟΣ ΧΑΡΑΛΑΜΠΟΣ (ΜΠΑΜΠΗΣ) του Ευαγγέλου,ΝΤΑΛΛΗ ΘΕΟΔΩΡΑ - ΒΙΡΓΙΝΙΑ (ΡΑΝΙΑ) του Δημητρίου,ΠΛΑΣ ΔΗΜΗΤΡΙΟΣ του Λουκά,Δημιουργία ξανά - Θ. Τζήμερος,ΒΟΓΙΑΤΖΑΚΗ ΜΑΡΙΑ του Εμμανουήλ,ΛΑΝΤΖΟΣ ΑΘΑΝΑΣΙΟΣ του Χαραλάμπους,ΣΚΟΥΡΤΑΝΙΩΤΗΣ ΕΥΑΓΓΕΛΟΣ του Γεωργίου,Πλεύση Ελευθερίας - Ζωή Κωνστ.,ΚΟΥΜΑΝΙΑΣ ΔΗΜΗΤΡΙΟΣ του Αντωνίου,ΠΟΛΥΧΡΟΝΟΠΟΥΛΟΥ ΑΛΕΞΑΝΔΡΑ του Γεωργίου
36 - Βοιωτίας,1 E.T. Δήμου Αλιάρτου - Θεσπιέων,534,304,5,4,9,295,106,6,12,44,24,2,88,10,12,14,13,25,8,0,4,2,33,5,0,3,18,2,17,0,1,1,7,1,7,0,4,1,1,0,0,2,0,0,0,0,0,0,0,0,0,0,0,14,5,2,5,0,0,0,0,4,0,0,1,0,0,0,0,11,3,3,0,3,2,0,1,2,1,1
36 - Βοιωτίας,2 E.T. Δήμου Αλιάρτου - Θεσπιέων,520,321,5,1,6,315,100,4,10,52,12,2,121,10,14,29,19,30,11,1,5,1,32,2,2,2,13,4,10,0,1,0,4,0,5,2,1,0,0,0,0,0,0,0,0,2,0,0,0,0,0,0,0,17,4,2,1,0,0,0,0,0,0,0,0,2,0,0,2,10,2,3,1,2,0,0,0,3,1,0
36 - Βοιωτίας,3 E.T. Δήμου Αλιάρτου - Θεσπιέων,540,382,13,2,15,367,131,4,10,65,35,3,110,9,11,25,22,24,9,1,4,1,58,9,8,1,30,5,13,0,2,1,0,2,2,0,1,0,0,0,0,3,0,1,0,0,0,0,0,0,0,0,0,10,6,2,1,1,1,0,0,4,1,0,1,3,0,2,1,11,1,2,0,6,2,1,0,6,1,2
36 - Βοιωτίας,4 E.T. Δήμου Αλιάρτου - Θεσπιέων,524,333,4,3,7,326,114,2,12,52,23,2,118,12,23,29,12,23,12,1,6,3,28,1,3,0,16,1,8,0,1,1,0,1,6,2,0,1,1,0,0,1,1,0,0,0,0,0,0,0,0,2,0,15,8,1,2,1,0,0,0,4,0,1,2,0,0,0,0,12,3,2,0,2,0,0,0,3,0,0
36 - Βοιωτίας,5 E.T. Δήμου Αλιάρτου - Θεσπιέων,531,370,2,2,4,366,117,1,9,55,24,7,145,23,32,27,12,33,9,0,5,3,50,6,8,4,20,5,9,0,1,1,2,0,2,0,2,0,0,0,0,1,1,0,0,0,0,0,0,0,0,0,0,12,3,4,1,0,0,0,0,0,0,0,0,2,0,1,1,4,0,3,0,3,0,0,3,12,1,5
36 - Βοιωτίας,6 E.T. Δήμου Αλιάρτου - Θεσπιέων,521,320,5,3,8,312,92,2,4,33,18,4,112,13,20,28,12,32,11,1,5,1,44,7,6,3,18,6,11,0,3,0,5,0,6,2,1,1,1,0,0,1,0,0,0,0,0,0,0,0,0,0,0,18,5,3,2,0,0,0,0,1,1,0,0,0,0,0,0,10,1,3,0,2,0,0,0,4,0,1
36 - Βοιωτίας,7 E.T. Δήμου Αλιάρτου - Θεσπιέων,527,359,5,5,10,349,110,8,9,47,24,5,108,22,22,32,6,19,19,2,7,3,56,6,8,1,29,3,15,6,3,0,2,0,2,1,0,0,0,0,0,5,1,3,0,1,0,0,0,0,0,0,0,10,4,0,4,1,0,0,0,4,0,0,2,1,0,0,0,11,2,4,2,0,0,0,0,6,1,3
36 - Βοιωτίας,8 E.T. Δήμου Αλιάρτου - Θεσπιέων,455,287,4,1,5,282,106,7,6,40,33,2,57,9,5,16,10,4,12,1,5,2,41,2,1,5,13,11,19,5,6,0,3,0,5,1,1,1,0,0,0,2,1,0,1,0,0,0,0,0,0,0,0,15,6,3,1,1,0,0,0,3,1,0,0,0,0,0,0,7,0,0,1,7,2,2,0,7,1,1
36 - Βοιωτίας,9 E.T. Δήμου Αλιάρτου - Θεσπιέων,402,232,0,1,1,231,82,5,9,8,28,6,62,2,17,17,8,4,9,0,5,1,24,7,0,0,6,4,30,0,1,1,24,1,2,0,0,0,0,0,0,2,0,0,0,3,0,0,3,0,0,0,0,8,2,2,1,0,0,0,0,1,0,0,0,0,0,0,0,5,1,2,0,2,1,0,0,1,0,1
36 - Βοιωτίας,10 E.T. Δήμου Αλιάρτου - Θεσπιέων,484,275,0,0,0,275,69,8,10,17,17,5,106,4,23,61,5,11,12,1,8,1,24,1,7,1,14,1,21,0,10,0,1,0,4,0,0,0,0,0,0,0,0,0,0,0,0,0,0,0,0,0,0,12,0,2,1,0,0,0,0,15,0,0,15,0,0,0,0,6,3,0,0,1,0,0,1,5,1,1
36 - Βοιωτίας,11 E.T. Δήμου Αλιάρτου - Θεσπιέων,471,305,2,1,3,302,106,7,9,33,26,7,105,20,19,13,9,28,11,0,6,2,37,6,14,1,8,3,6,0,1,1,1,0,3,0,1,0,0,0,0,4,0,0,0,3,3,0,0,0,0,1,1,9,3,0,1,2,0,0,0,2,1,0,1,0,0,0,0,10,1,2,1,1,0,0,0,2,1,1
36 - Βοιωτίας,12 E.T. Δήμου Αλιάρτου - Θεσπιέων,279,174,1,0,1,173,61,2,4,19,25,1,58,16,9,10,10,5,1,0,1,0,29,7,8,3,10,1,6,0,0,0,0,0,3,1,0,0,0,0,0,0,0,0,0,0,0,0,0,0,0,0,0,6,3,0,1,1,1,0,0,1,1,0,0,0,0,0,0,2,1,0,0,0,0,0,0,5,1,3
36 - Βοιωτίας,13 E.T. Δήμου Αλιάρτου - Θεσπιέων,425,289,4,1,5,284,82,10,15,6,17,7,80,17,6,10,21,16,1,0,1,0,61,2,2,1,55,0,28,0,0,0,1,13,6,3,1,0,0,2,0,0,0,0,0,1,1,0,0,0,0,0,0,9,3,3,0,1,0,2,1,0,0,0,0,0,0,0,0,7,3,4,0,1,0,1,0,3,1,0
36 - Βοιωτίας,14 E.T. Δήμου Αλιάρτου - Θεσπιέων,424,278,2,3,5,273,78,10,18,9,18,1,91,21,2,6,34,14,3,0,0,0,51,0,4,0,45,1,26,0,1,0,0,15,3,1,0,0,0,0,0,1,0,0,0,0,0,0,0,0,0,0,0,5,3,0,0,0,0,0,0,4,2,0,0,0,0,0,0,9,3,5,0,1,1,0,0,1,0,0
36 - Βοιωτίας,15 E.T. Δήμου Αλιάρτου - Θεσπιέων,404,269,3,2,5,264,71,13,11,10,15,8,70,10,4,4,26,10,8,0,4,0,49,1,1,0,45,0,35,0,1,0,0,24,3,1,1,0,0,1,0,0,0,0,0,3,3,0,0,0,0,0,0,12,3,1,4,1,1,1,0,0,0,0,0,0,0,0,0,10,1,4,0,0,0,0,0,0,0,0
36 - Βοιωτίας,16 E.T. Δήμου Αλιάρτου - Θεσπιέων,417,252,2,5,7,245,52,3,8,8,10,6,97,30,6,10,15,27,18,0,13,0,23,5,3,0,10,1,29,0,2,0,1,13,3,1,1,1,0,0,0,1,1,0,0,2,0,0,2,0,0,0,0,10,3,1,0,0,0,0,0,0,0,0,0,0,0,0,0,4,1,1,0,0,0,0,0,6,1,3
36 - Βοιωτίας,17 E.T. Δήμου Αλιάρτου - Θεσπιέων,421,240,0,1,1,239,52,13,7,11,3,0,109,12,2,17,36,31,15,1,10,3,10,0,2,0,6,0,20,0,0,1,1,9,2,1,0,0,0,0,0,2,2,0,0,0,0,0,0,0,0,1,0,16,7,6,0,0,0,0,0,5,1,0,0,3,0,0,2,1,1,0,0,1,0,0,0,2,0,1
36 - Βοιωτίας,18 E.T. Δήμου Αλιάρτου - Θεσπιέων,433,235,2,1,3,232,58,1,16,3,13,4,93,15,7,10,22,23,8,0,5,3,28,0,0,0,24,0,17,0,2,1,1,6,1,0,1,0,0,0,0,1,0,0,0,1,1,0,0,0,0,0,0,8,3,0,2,2,2,0,0,1,0,0,0,0,0,0,0,8,0,3,0,0,0,0,0,6,0,1
36 - Βοιωτίας,19 E.T. Δήμου Αλιάρτου - Θεσπιέων,456,262,3,1,4,258,78,4,28,7,15,7,95,17,6,10,23,30,13,1,9,2,24,2,1,1,17,0,20,5,1,3,0,7,2,1,1,0,0,0,0,1,0,0,0,1,0,0,1,0,0,0,0,13,2,4,4,0,0,0,0,2,0,1,1,0,0,0,0,5,0,2,0,1,0,0,0,3,0,1
36 - Βοιωτίας,20 E.T. Δήμου Αλιάρτου - Θεσπιέων,448,239,1,2,3,236,91,3,17,13,14,15,102,24,6,7,25,28,4,1,2,0,15,5,0,1,6,0,5,3,0,0,0,1,1,0,0,0,1,0,0,1,0,0,0,1,1,0,0,0,0,0,0,5,3,1,0,2,1,0,0,0,0,0,0,0,0,0,0,6,0,1,2,1,0,0,0,2,0,1
36 - Βοιωτίας,21 E.T. Δήμου Αλιάρτου - Θεσπιέων,394,218,2,5,7,211,75,5,17,7,10,6,88,17,6,9,24,26,8,0,2,2,13,4,0,1,8,0,5,0,0,1,0,0,5,1,0,0,3,0,0,0,0,0,0,1,1,0,0,0,0,0,0,7,0,1,0,0,0,0,0,1,0,0,0,1,0,0,1,4,1,1,0,0,0,0,0,3,2,1
36 - Βοιωτίας,22 E.T. Δήμου Αλιάρτου - Θεσπιέων,450,283,4,1,5,278,84,3,20,10,10,12,104,13,9,28,12,31,10,1,4,1,26,6,2,0,15,0,19,0,0,0,0,3,5,1,1,0,1,0,0,0,0,0,0,1,1,0,0,0,0,0,0,12,4,1,1,0,0,0,0,2,0,0,0,0,0,0,0,11,2,3,1,1,0,0,0,3,0,1
36 - Βοιωτίας,23 E.T. Δήμου Αλιάρτου - Θεσπιέων,371,220,0,1,1,219,57,2,7,17,10,8,86,16,10,28,14,11,10,2,6,0,26,4,2,0,15,0,15,0,3,1,3,4,0,0,0,0,0,0,0,0,0,0,0,1,1,0,0,0,0,0,0,5,0,1,3,0,0,0,0,2,0,0,1,0,0,0,0,12,2,5,1,0,0,0,0,5,2,1
36 - Βοιωτίας,24 E.T. Δήμου Αλιάρτου - Θεσπιέων,405,247,5,2,7,240,90,3,16,6,39,7,62,11,6,17,9,15,6,2,3,0,34,5,3,0,19,4,8,0,0,0,1,2,4,2,0,0,0,0,0,3,1,1,0,0,0,0,0,0,0,0,0,17,4,5,2,0,0,0,0,1,1,0,0,2,0,0,2,8,0,5,0,0,0,0,0,5,1,3
36 - Βοιωτίας,25 E.T. Δήμου Διστόμου - Αράχοβας - Αντίκυρας,486,321,5,0,5,316,88,13,18,3,34,1,148,19,29,43,8,7,10,0,6,0,28,1,5,4,5,6,10,2,3,0,2,1,3,1,0,0,1,0,0,1,0,0,1,0,0,0,0,0,0,1,0,5,2,0,1,0,0,0,0,2,1,0,0,1,0,0,0,13,3,2,1,3,1,0,1,3,1,1
36 - Βοιωτίας,26 E.T. Δήμου Διστόμου - Αράχοβας - Αντίκυρας,411,289,6,3,9,280,93,8,19,7,36,23,97,10,21,34,9,4,11,0,5,1,24,4,5,2,6,0,11,1,3,0,1,1,5,1,0,0,0,0,0,1,0,0,0,1,1,0,0,0,0,0,0,12,4,3,2,0,0,0,0,0,0,0,0,2,0,1,1,16,6,5,1,2,0,0,0,5,2,2
36 - Βοιωτίας,27 E.T. Δήμου Διστόμου - Αράχοβας - Αντίκυρας,417,293,2,4,6,287,94,11,13,10,34,2,95,11,21,33,5,8,11,2,6,3,41,3,2,6,13,8,8,0,4,0,0,2,4,0,0,1,2,0,0,3,0,0,3,0,0,0,0,0,0,1,0,7,3,1,1,0,0,0,0,1,0,1,0,0,0,0,0,12,7,3,1,1,1,0,0,9,0,2
36 - Βοιωτίας,28 E.T. Δήμου Διστόμου - Αράχοβας - Αντίκυρας,419,313,2,1,3,310,115,6,29,3,48,2,100,7,31,29,12,5,8,1,5,0,22,1,1,3,8,2,18,5,2,0,1,3,2,1,0,0,0,0,0,0,0,0,0,0,0,0,0,0,0,0,0,16,7,4,1,0,0,0,0,1,0,0,0,0,0,0,0,19,3,4,7,2,0,0,0,7,2,2
36 - Βοιωτίας,29 E.T. Δήμου Διστόμου - Αράχοβας - Αντίκυρας,538,326,5,4,9,317,55,5,15,4,9,2,136,30,35,39,9,2,15,1,7,1,59,3,28,1,7,11,16,0,1,1,2,2,5,1,1,1,1,0,0,2,0,0,0,0,0,0,0,0,0,0,0,6,0,1,2,1,1,0,0,2,0,1,0,2,0,0,0,14,1,2,1,1,0,0,0,3,1,2
36 - Βοιωτίας,30 E.T. Δήμου Διστόμου - Αράχοβας - Αντίκυρας,545,344,2,3,5,339,80,4,18,5,36,1,159,28,47,40,12,8,15,2,5,2,38,0,14,1,3,15,18,4,3,1,5,1,5,2,1,0,1,1,0,2,0,0,2,0,0,0,0,0,0,1,0,4,2,0,2,1,1,0,0,2,1,0,0,0,0,0,0,11,2,3,1,1,0,0,0,1,0,0
36 - Βοιωτίας,31 E.T. Δήμου Διστόμου - Αράχοβας - Αντίκυρας,561,321,3,2,5,316,85,7,26,9,18,5,140,26,29,49,5,12,10,1,5,1,24,1,7,1,3,9,18,0,1,1,0,2,2,1,0,1,0,0,0,2,0,0,0,0,0,0,0,0,0,0,0,12,6,2,2,0,0,0,0,3,1,1,1,0,0,0,0,11,2,3,2,4,3,0,0,5,1,2
36 - Βοιωτίας,32 E.T. Δήμου Διστόμου - Αράχοβας - Αντίκυρας,567,346,10,0,10,336,74,4,11,4,19,4,146,29,29,46,11,5,14,0,6,7,46,2,28,0,2,7,21,9,1,9,0,0,4,0,0,1,1,0,0,1,0,1,0,0,0,0,0,0,0,0,0,5,1,4,0,0,0,0,0,2,0,0,0,1,0,0,0,11,1,3,2,4,2,0,0,7,0,1
36 - Βοιωτίας,33 E.T. Δήμου Διστόμου - Αράχοβας - Αντίκυρας,566,333,8,4,12,321,72,10,22,6,21,2,149,36,41,9,4,5,14,2,4,2,34,2,14,4,2,7,15,0,3,0,2,0,9,3,0,1,2,0,0,3,0,0,0,0,0,0,0,0,0,2,1,5,2,2,0,0,0,0,0,3,0,1,0,0,0,0,0,10,5,3,1,1,0,0,0,4,1,0
36 - Βοιωτίας,34 E.T. Δήμου Διστόμου - Αράχοβας - Αντίκυρας,544,343,2,3,5,338,126,6,39,2,49,1,84,17,19,22,3,5,5,0,3,1,61,4,14,8,16,5,22,0,6,0,0,4,3,1,0,0,0,0,0,1,0,0,1,2,2,0,0,0,0,1,0,8,4,0,2,1,0,0,0,0,0,0,0,1,0,0,0,18,6,3,2,2,0,0,0,3,0,0
36 - Βοιωτίας,35 E.T. Δήμου Διστόμου - Αράχοβας - Αντίκυρας,529,356,4,4,8,348,113,6,23,1,36,3,105,19,21,38,1,8,9,0,5,0,66,4,13,8,14,9,28,0,6,0,4,4,2,0,1,0,1,0,0,2,1,0,1,0,0,0,0,0,0,0,0,4,0,2,1,0,0,0,0,3,0,0,1,0,0,0,0,10,1,1,1,1,0,0,1,5,1,0
36 - Βοιωτίας,36 E.T. Δήμου Διστόμου - Αράχοβας - Αντίκυρας,525,340,3,1,4,336,117,2,43,1,31,0,103,28,18,32,5,5,3,0,1,0,62,9,9,7,17,12,22,2,6,1,3,6,2,1,0,0,0,0,0,1,0,1,0,0,0,0,0,0,0,1,0,1,1,0,0,0,0,0,0,0,0,0,0,2,1,1,0,16,2,5,1,2,0,0,0,4,1,1
36 - Βοιωτίας,37 E.T. Δήμου Διστόμου - Αράχοβας - Αντίκυρας,533,356,3,4,7,349,110,10,23,4,36,1,109,22,22,33,2,6,10,0,9,0,52,11,13,8,4,5,31,10,8,0,0,7,2,0,1,0,0,0,0,2,1,0,1,1,0,0,0,1,0,0,0,8,2,2,4,0,0,1,1,2,0,1,0,0,0,0,0,18,8,5,1,0,0,0,0,3,2,1
36 - Βοιωτίας,38 E.T. Δήμου Διστόμου - Αράχοβας - Αντίκυρας,459,340,5,0,5,335,111,4,38,6,44,1,118,16,33,40,3,6,5,1,2,1,39,0,20,6,1,10,5,0,2,0,0,2,2,0,0,0,1,0,0,3,1,0,0,0,0,0,0,0,0,1,1,10,1,3,1,0,0,0,0,26,0,26,0,1,0,1,0,11,6,1,1,0,0,0,0,3,1,2
36 - Βοιωτίας,39 E.T. Δήμου Διστόμου - Αράχοβας - Αντίκυρας,364,265,2,1,3,262,61,1,17,2,30,2,129,11,44,34,11,5,1,0,0,0,39,10,16,6,2,2,1,0,0,0,0,0,0,0,0,0,0,0,0,0,0,0,0,0,0,0,0,0,0,0,0,8,1,5,0,0,0,0,0,7,0,7,0,0,0,0,0,14,6,0,1,0,0,0,0,2,0,0
36 - Βοιωτίας,40 E.T. Δήμου Θηβαίων,514,305,2,2,4,301,120,5,33,11,17,27,88,24,10,8,22,18,13,1,8,1,34,21,2,0,8,2,14,0,2,2,7,3,0,0,0,0,0,0,0,1,0,0,1,1,1,0,0,0,0,0,0,14,2,3,1,0,0,0,0,1,1,0,0,2,0,0,0,8,2,2,2,0,0,0,0,5,1,2
36 - Βοιωτίας,41 E.T. Δήμου Θηβαίων,508,270,3,0,3,267,78,7,14,4,14,18,99,24,13,13,29,19,14,2,8,2,25,15,4,0,4,0,13,0,1,0,2,5,3,1,0,0,0,0,0,1,1,0,0,0,0,0,0,0,0,1,1,12,4,3,2,0,0,1,0,2,0,0,0,0,0,0,0,10,2,3,1,2,0,0,2,6,2,2
36 - Βοιωτίας,42 E.T. Δήμου Θηβαίων,511,337,2,2,4,333,126,4,19,11,26,20,102,30,7,2,31,19,16,1,7,3,46,28,3,1,12,1,14,0,0,0,0,5,3,1,1,0,0,0,0,1,0,0,1,0,0,0,0,0,0,3,2,8,5,2,0,1,1,0,0,0,0,0,0,1,0,0,1,6,2,1,2,0,0,0,0,6,0,1
36 - Βοιωτίας,43 E.T. Δήμου Θηβαίων,532,315,3,3,6,309,113,8,15,4,22,25,105,22,4,10,18,38,15,4,3,3,30,12,1,0,11,1,11,0,0,0,0,7,1,0,0,0,0,0,0,0,0,0,0,0,0,0,0,0,0,3,2,9,4,0,0,0,0,0,0,2,1,1,0,1,0,0,1,10,2,4,0,4,0,0,0,5,2,1
36 - Βοιωτίας,44 E.T. Δήμου Θηβαίων,510,298,5,2,7,291,80,6,18,3,20,13,129,26,9,14,25,46,9,0,2,1,37,27,2,1,5,0,3,0,0,0,0,0,2,0,1,0,0,0,0,1,0,0,1,2,0,0,0,0,0,0,0,11,4,2,2,0,0,0,0,1,0,1,0,0,0,0,0,12,2,3,1,1,0,0,0,3,0,2
36 - Βοιωτίας,45 E.T. Δήμου Θηβαίων,543,310,3,2,5,305,91,6,17,1,14,21,147,50,4,5,30,40,5,1,0,0,30,13,4,0,12,0,9,0,0,0,0,2,3,1,0,0,1,0,0,0,0,0,0,0,0,0,0,0,0,0,0,7,2,1,2,0,0,0,0,0,0,0,0,1,0,1,0,11,3,3,0,0,0,0,0,1,0,1
36 - Βοιωτίας,46 E.T. Δήμου Θηβαίων,533,294,13,0,13,281,108,9,6,9,19,39,103,24,4,5,44,20,14,0,9,0,10,0,2,0,7,0,12,0,0,0,0,7,0,0,0,0,0,0,0,3,3,0,0,2,2,0,0,0,0,0,0,14,3,1,3,0,0,0,0,0,0,0,0,4,3,0,1,7,0,2,1,2,0,0,0,2,0,1
36 - Βοιωτίας,47 E.T. Δήμου Θηβαίων,544,281,12,4,16,265,88,4,13,8,18,26,90,26,1,8,34,20,10,1,7,0,29,5,1,0,23,0,18,4,0,0,0,9,4,1,0,0,0,0,0,0,0,0,0,0,0,0,0,0,0,0,0,10,1,1,1,0,0,0,0,0,0,0,0,2,0,0,0,11,1,5,1,0,0,0,0,3,0,1
36 - Βοιωτίας,48 E.T. Δήμου Θηβαίων,534,253,4,2,6,247,89,3,8,6,15,36,88,26,3,3,42,7,9,0,5,2,21,6,0,0,15,0,14,1,0,0,1,12,3,2,0,0,0,0,0,1,0,0,0,0,0,0,0,0,0,0,0,9,2,2,1,0,0,0,0,3,3,0,0,0,0,0,0,6,1,3,1,3,0,0,3,1,0,1
36 - Βοιωτίας,49 E.T. Δήμου Θηβαίων,531,269,9,4,13,256,103,9,8,6,29,34,79,16,2,4,33,15,10,0,3,0,17,2,0,0,8,0,20,0,0,0,0,12,5,0,3,0,0,0,0,0,0,0,0,1,0,0,0,0,0,0,0,7,2,3,1,1,0,0,0,0,0,0,0,0,0,0,0,7,0,4,0,0,0,0,0,6,4,0
36 - Βοιωτίας,50 E.T. Δήμου Θηβαίων,534,261,2,0,2,259,94,3,10,3,23,31,77,24,2,6,30,5,13,1,8,2,16,3,1,0,10,0,16,0,0,0,0,12,4,2,0,0,0,0,0,2,2,0,0,0,0,0,0,0,0,0,0,11,4,2,3,1,0,0,0,3,3,0,0,2,0,0,2,14,2,9,1,1,0,0,1,5,2,3
36 - Βοιωτίας,51 E.T. Δήμου Θηβαίων,540,260,6,0,6,254,85,6,13,3,14,34,93,29,5,0,36,14,17,4,7,2,19,5,1,0,11,0,16,0,0,0,0,12,3,0,2,0,1,0,0,2,1,0,0,3,2,1,0,0,0,0,0,6,2,0,0,0,0,0,0,0,0,0,0,2,0,0,2,7,2,1,1,1,0,0,1,0,0,0
36 - Βοιωτίας,52 E.T. Δήμου Θηβαίων,549,303,7,3,10,293,100,3,9,6,22,39,101,25,4,8,32,22,13,0,7,0,28,5,2,0,15,2,20,0,0,0,0,15,1,0,1,0,0,0,0,2,1,0,1,0,0,0,0,0,0,0,0,11,3,5,2,1,1,1,1,0,0,0,0,2,0,0,2,2,0,1,1,3,0,0,1,8,2,2
36 - Βοιωτίας,53 E.T. Δήμου Θηβαίων,557,295,9,0,9,286,95,10,15,9,20,28,102,28,2,9,44,8,8,0,5,0,23,6,0,0,16,0,25,0,0,0,0,18,1,1,0,0,0,0,0,0,0,0,0,5,0,3,2,0,0,0,0,6,3,0,1,0,0,0,0,5,2,1,1,3,0,0,2,9,1,7,0,2,0,0,0,2,0,1
36 - Βοιωτίας,54 E.T. Δήμου Θηβαίων,557,293,5,0,5,288,132,8,13,5,41,60,78,26,3,5,28,15,9,2,3,2,19,2,0,0,15,2,16,0,0,0,1,9,3,0,1,0,0,0,0,2,2,0,0,3,2,0,0,1,0,0,0,11,3,4,2,0,0,0,0,0,0,0,0,4,1,0,3,7,2,4,0,2,1,1,0,2,1,1
36 - Βοιωτίας,55 E.T. Δήμου Θηβαίων,566,292,11,3,14,278,113,3,15,2,29,29,79,16,4,4,35,18,21,2,14,0,20,5,3,0,9,1,10,1,0,1,0,7,10,1,5,0,0,0,0,0,0,0,0,1,0,0,0,0,0,0,0,5,1,2,1,0,0,0,0,1,0,0,1,6,3,0,1,9,3,2,1,0,0,0,0,3,0,3
36 - Βοιωτίας,56 E.T. Δήμου Θηβαίων,556,263,2,1,3,260,75,3,9,3,18,27,100,16,6,4,33,19,17,0,6,1,24,5,0,2,9,0,10,3,0,0,0,5,1,0,1,0,0,0,0,4,1,0,2,1,0,0,0,0,1,0,0,8,2,3,0,1,0,0,0,1,0,0,0,0,0,0,0,8,1,0,1,3,0,0,1,7,0,0
36 - Βοιωτίας,57 E.T. Δήμου Θηβαίων,535,283,5,1,6,277,87,2,10,5,15,25,103,25,4,9,42,12,10,1,8,1,16,2,2,0,7,1,16,0,0,0,1,8,5,0,4,0,0,0,0,1,1,0,0,2,2,0,0,0,0,0,0,13,4,2,1,0,0,2,0,0,0,0,0,3,0,0,3,11,0,6,0,5,0,0,2,3,0,2
36 - Βοιωτίας,58 E.T. Δήμου Θηβαίων,537,273,2,6,8,265,86,3,9,3,14,40,110,29,5,1,53,11,11,3,4,1,13,2,0,0,2,3,10,0,0,0,0,9,3,0,1,0,0,0,0,2,1,0,1,3,1,0,2,0,0,1,0,7,2,2,1,0,0,0,0,0,0,0,0,1,0,0,1,8,0,4,2,1,0,0,1,9,2,3
36 - Βοιωτίας,59 E.T. Δήμου Θηβαίων,533,300,4,3,7,293,112,5,9,12,32,33,99,14,7,6,42,20,9,1,2,0,29,7,1,3,11,0,14,0,0,0,0,8,3,0,0,0,0,0,0,0,0,0,0,6,0,0,2,3,1,0,0,12,6,1,1,0,0,0,0,1,0,1,0,2,1,0,1,5,1,1,2,0,0,0,0,1,1,0
36 - Βοιωτίας,60 E.T. Δήμου Θηβαίων,533,285,3,5,8,277,94,3,17,9,9,35,106,27,2,10,38,22,9,1,7,0,13,1,0,0,8,2,25,8,0,0,0,13,3,0,0,0,0,0,0,2,1,0,0,2,1,1,0,0,0,1,0,9,3,1,2,0,0,0,0,1,0,0,1,3,1,0,2,7,0,3,2,1,0,0,0,1,0,0
36 - Βοιωτίας,61 E.T. Δήμου Θηβαίων,532,341,2,1,3,338,95,5,8,12,6,30,145,29,4,3,70,25,15,2,5,1,19,5,0,0,10,0,21,0,0,0,0,14,5,0,2,1,0,0,0,1,0,0,0,3,2,0,0,1,0,0,0,15,3,1,3,0,0,0,0,1,1,0,0,2,0,0,2,11,2,7,0,2,0,0,0,3,0,1
36 - Βοιωτίας,62 E.T. Δήμου Θηβαίων,567,352,4,1,5,347,97,4,15,8,16,28,132,27,9,7,60,16,8,2,3,2,24,8,2,1,11,1,30,0,0,0,0,21,4,1,2,0,0,0,0,3,0,0,2,4,2,0,0,0,0,1,0,19,6,3,3,0,0,0,0,0,0,0,0,2,0,0,2,18,0,10,1,2,1,0,0,3,0,2
36 - Βοιωτίας,63 E.T. Δήμου Θηβαίων,553,354,6,2,8,346,95,7,12,10,10,37,129,33,10,9,56,15,11,3,2,1,38,4,3,0,29,0,26,0,0,0,3,17,4,1,1,0,0,0,0,2,1,0,0,2,2,0,0,0,0,0,0,12,3,3,1,1,1,0,0,1,0,1,0,5,0,0,5,14,5,3,0,1,0,0,0,5,1,2
36 - Βοιωτίας,64 E.T. Δήμου Θηβαίων,547,367,2,3,5,362,102,3,11,8,16,39,161,45,3,9,69,20,8,1,4,0,26,4,1,0,6,1,21,0,0,0,0,15,5,0,0,0,1,0,0,0,0,0,0,0,0,0,0,0,0,2,0,15,3,1,3,0,0,0,0,1,0,0,1,0,0,0,0,16,3,7,0,1,0,0,0,4,1,0
36 - Βοιωτίας,65 E.T. Δήμου Θηβαίων,538,339,2,4,6,333,115,5,17,4,28,38,113,23,3,10,52,16,12,0,8,1,17,4,2,0,10,0,12,1,0,0,0,11,10,3,4,0,0,0,0,2,2,0,0,1,1,0,0,0,0,0,0,13,7,3,0,1,0,0,0,1,0,0,1,3,1,0,1,20,1,8,0,4,1,0,1,9,1,5
36 - Βοιωτίας,66 E.T. Δήμου Θηβαίων,532,336,6,1,7,329,104,5,13,8,11,44,131,30,9,2,59,24,11,0,8,1,24,3,4,0,17,0,21,2,0,0,0,18,3,0,0,0,0,0,0,0,0,0,0,4,0,1,1,1,1,1,0,13,7,2,1,0,0,0,0,0,0,0,0,2,0,0,2,11,2,2,1,1,0,0,0,3,0,2
36 - Βοιωτίας,67 E.T. Δήμου Θηβαίων,539,339,2,1,3,336,112,5,27,10,12,35,140,41,8,8,54,21,15,0,9,6,17,4,1,0,10,1,12,0,0,0,0,7,8,0,2,3,0,0,0,1,0,0,0,0,0,0,0,0,0,0,0,14,9,1,0,0,0,1,0,0,0,0,0,2,0,0,2,11,1,7,0,0,0,0,0,3,2,1
36 - Βοιωτίας,68 E.T. Δήμου Θηβαίων,530,350,6,1,7,343,83,7,9,6,11,30,154,32,7,4,74,30,13,2,7,1,24,8,1,0,9,1,23,0,0,0,0,17,1,0,0,0,0,0,0,1,1,0,0,9,3,1,5,0,0,0,0,15,10,4,0,1,1,0,0,0,0,0,0,0,0,0,0,9,0,3,1,3,1,0,1,7,0,2
36 - Βοιωτίας,69 E.T. Δήμου Θηβαίων,532,346,1,1,2,344,87,7,16,0,6,31,154,46,9,8,65,18,13,2,4,0,21,6,2,0,9,2,28,5,0,0,0,22,4,2,2,0,0,0,0,0,0,0,0,0,0,0,0,0,0,0,0,14,2,0,3,0,0,0,0,1,1,0,0,1,0,0,1,14,0,8,0,2,0,0,2,5,0,2
36 - Βοιωτίας,70 E.T. Δήμου Θηβαίων,531,326,1,1,2,324,80,7,11,8,11,23,117,41,3,7,45,16,18,2,6,3,32,5,1,0,19,1,33,0,0,0,0,24,6,1,1,0,0,0,0,1,0,0,0,5,1,1,2,1,0,0,0,8,3,1,0,2,2,0,0,1,0,0,0,1,0,0,1,15,4,5,0,2,0,0,1,3,0,1
36 - Βοιωτίας,71 E.T. Δήμου Θηβαίων,527,324,6,3,9,315,136,6,13,9,25,52,103,33,3,4,39,16,15,2,4,1,7,1,1,0,3,0,14,5,0,0,0,9,2,1,1,0,0,0,0,0,0,0,0,2,0,0,1,0,1,0,0,10,3,3,1,0,0,0,0,3,3,0,0,2,1,0,0,15,2,6,1,1,0,0,0,5,3,0
36 - Βοιωτίας,72 E.T. Δήμου Θηβαίων,530,354,2,3,5,349,100,12,10,9,11,40,146,29,10,3,69,15,12,2,4,3,19,9,0,0,9,0,24,3,0,0,0,17,1,0,0,0,0,0,0,6,1,0,3,0,0,0,0,0,0,0,0,17,3,6,4,2,1,1,1,1,1,0,0,3,0,0,3,10,3,3,3,3,1,0,0,4,0,3
36 - Βοιωτίας,73 E.T. Δήμου Θηβαίων,528,335,1,1,2,333,132,9,17,7,22,43,98,25,1,11,39,16,18,3,9,1,18,1,0,0,13,0,24,0,0,0,0,15,4,0,0,0,0,1,0,4,0,0,3,3,0,1,0,2,0,0,0,14,5,0,4,0,0,0,0,1,0,0,0,1,0,0,1,11,2,4,2,1,0,0,0,3,1,0
36 - Βοιωτίας,74 E.T. Δήμου Θηβαίων,530,369,5,3,8,361,114,7,17,11,16,31,129,27,6,6,69,11,9,2,6,1,27,5,4,0,15,0,26,4,0,0,0,14,5,2,1,0,1,2,0,3,1,0,1,2,1,0,0,0,0,0,0,10,6,1,1,0,0,1,0,3,1,0,1,7,1,0,6,13,3,5,3,3,0,0,1,7,1,0
36 - Βοιωτίας,75 E.T. Δήμου Θηβαίων,538,360,2,1,3,357,87,9,9,2,8,30,161,40,9,14,57,28,14,2,5,1,16,5,0,0,8,0,25,0,0,0,0,18,4,0,0,0,2,0,0,0,0,0,0,1,0,0,1,0,0,1,0,22,3,6,6,0,0,2,1,0,0,0,0,3,2,0,1,15,5,4,0,0,0,0,0,6,0,4
36 - Βοιωτίας,76 E.T. Δήμου Θηβαίων,530,384,5,5,10,374,124,13,13,7,15,49,135,27,2,16,65,14,10,1,5,2,19,2,1,3,13,0,27,0,0,0,0,20,6,1,4,0,0,0,0,1,0,0,1,0,0,0,0,0,0,0,0,16,3,4,0,0,0,0,0,2,0,1,1,5,0,1,3,18,1,10,2,2,0,0,2,9,1,7
36 - Βοιωτίας,77 E.T. Δήμου Θηβαίων,529,355,2,2,4,351,104,6,10,10,15,46,122,35,10,14,45,13,15,1,11,0,30,6,1,0,18,0,30,0,0,0,0,23,5,1,1,0,1,0,0,0,0,0,0,0,0,0,0,0,0,0,0,14,5,3,3,0,0,0,0,0,0,0,0,5,1,0,4,18,0,13,0,3,1,0,0,5,0,3
36 - Βοιωτίας,78 E.T. Δήμου Θηβαίων,381,276,3,3,6,270,95,4,9,2,12,48,108,31,7,1,36,22,9,0,3,2,7,3,0,0,2,0,20,0,0,0,0,6,2,0,1,0,0,0,0,1,0,0,0,1,1,0,0,0,0,0,0,10,2,1,0,0,0,1,0,0,0,0,0,5,0,0,4,9,2,4,1,1,0,0,0,1,1,0
36 - Βοιωτίας,79 E.T. Δήμου Θηβαίων,290,185,2,1,3,182,32,0,3,7,2,12,88,19,1,9,22,31,9,4,4,0,25,6,2,4,11,1,1,0,0,0,0,0,5,1,2,0,1,0,0,0,0,0,0,1,0,0,0,1,0,0,0,6,1,2,0,0,0,0,0,1,1,0,0,2,0,0,2,7,0,5,0,0,0,0,0,5,0,2
36 - Βοιωτίας,80 E.T. Δήμου Θηβαίων,290,221,3,1,4,217,55,2,5,3,5,19,102,6,2,11,42,30,8,0,5,2,15,3,0,0,8,0,12,5,0,1,0,4,4,0,2,0,0,0,0,1,1,0,0,1,0,0,0,0,1,1,1,6,1,1,1,0,0,0,0,1,0,0,1,4,0,0,4,3,3,0,0,2,0,0,1,2,0,1
36 - Βοιωτίας,83 E.T. Δήμου Θηβαίων,539,367,0,2,2,365,113,6,9,4,27,42,147,33,23,2,48,27,10,0,6,0,37,7,0,0,26,1,12,1,0,0,1,7,19,0,18,0,0,0,0,0,0,0,0,6,5,0,0,0,0,0,0,5,1,1,0,1,1,0,0,2,0,0,0,2,0,0,0,11,1,2,1,0,0,0,0,0,0,0
36 - Βοιωτίας,84 E.T. Δήμου Θηβαίων,199,135,0,1,1,134,36,2,1,2,15,3,65,12,1,10,29,8,3,1,0,0,13,1,1,0,9,1,9,0,0,0,1,5,2,0,2,0,0,0,0,0,0,0,0,0,0,0,0,0,0,0,0,2,1,0,0,0,0,0,0,0,0,0,0,1,0,0,1,2,1,1,0,0,0,0,0,1,0,1
36 - Βοιωτίας,85 E.T. Δήμου Θηβαίων,480,320,2,3,5,315,71,3,6,13,8,22,165,40,12,15,67,20,5,0,3,1,27,8,0,2,14,0,5,0,0,1,0,2,4,1,0,0,3,0,0,1,0,0,0,1,1,0,0,0,0,0,0,19,5,3,4,0,0,0,0,0,0,0,0,2,1,0,1,9,0,7,0,2,0,0,2,4,0,3
36 - Βοιωτίας,86 E.T. Δήμου Θηβαίων,400,243,3,2,5,238,56,1,9,3,10,14,130,29,4,20,37,25,6,0,2,0,14,6,0,0,6,0,8,3,0,0,0,5,3,0,0,0,0,0,0,0,0,0,0,1,1,0,0,0,0,0,0,8,3,1,0,2,0,0,0,0,0,0,0,4,0,0,3,3,0,0,0,0,0,0,0,3,0,1
36 - Βοιωτίας,87 E.T. Δήμου Θηβαίων,399,92,2,1,3,89,20,0,5,0,4,4,39,6,8,4,10,3,1,0,0,0,7,0,2,0,5,0,7,0,0,2,0,0,1,1,0,0,0,0,0,2,0,2,0,0,0,0,0,0,0,0,0,1,1,0,0,0,0,0,0,0,0,0,0,4,0,0,4,6,1,1,0,0,0,0,0,1,0,0
36 - Βοιωτίας,88 E.T. Δήμου Θηβαίων,389,103,1,1,2,101,37,2,12,1,3,10,39,12,5,4,9,5,5,1,2,0,8,0,1,1,4,0,8,2,0,0,1,1,0,0,0,0,0,0,0,0,0,0,0,0,0,0,0,0,0,0,0,1,0,0,1,0,0,0,0,2,1,0,0,1,0,0,1,0,0,0,0,0,0,0,0,0,0,0
36 - Βοιωτίας,89 E.T. Δήμου Θηβαίων,397,177,3,0,3,174,65,3,8,4,11,10,51,23,6,3,11,0,6,0,5,0,19,6,0,0,12,0,14,0,0,2,0,5,0,0,0,0,0,0,0,1,0,0,0,0,0,0,0,0,0,0,0,4,0,2,2,0,0,0,0,2,0,0,0,1,0,0,0,7,1,1,0,2,0,0,1,2,1,0
36 - Βοιωτίας,90 E.T. Δήμου Θηβαίων,411,195,0,2,2,193,48,3,9,4,9,13,78,29,6,1,9,8,3,2,0,0,29,3,1,0,20,0,19,0,0,0,1,9,1,0,0,0,0,0,0,0,0,0,0,0,0,0,0,0,0,0,0,3,0,2,0,0,0,0,0,2,2,0,0,0,0,0,0,7,2,5,0,0,0,0,0,3,1,0
36 - Βοιωτίας,91 E.T. Δήμου Θηβαίων,464,196,3,2,5,191,53,6,2,5,5,29,79,37,7,6,11,11,4,0,3,1,15,0,0,1,11,1,19,9,0,0,0,2,3,0,0,2,0,0,0,0,0,0,0,0,0,0,0,0,0,0,0,6,1,1,0,2,1,0,0,0,0,0,0,0,0,0,0,5,3,0,1,0,0,0,0,5,2,1
36 - Βοιωτίας,92 E.T. Δήμου Θηβαίων,548,347,6,5,11,336,76,1,16,4,20,17,97,9,7,9,33,11,10,0,5,1,53,2,1,2,42,4,64,0,0,0,2,50,4,1,0,0,0,0,0,1,0,0,0,0,0,0,0,0,0,0,0,6,0,3,0,0,0,0,0,3,0,0,1,1,0,0,1,15,3,3,0,3,1,0,1,3,2,1
36 - Βοιωτίας,93 E.T. Δήμου Θηβαίων,327,192,0,1,1,191,40,4,8,4,2,9,81,36,5,8,13,14,7,2,3,0,25,4,3,0,12,2,18,0,2,0,0,8,2,0,0,0,0,0,0,0,0,0,0,0,0,0,0,0,0,0,0,6,2,2,0,0,0,0,0,1,0,0,0,1,0,0,0,9,1,4,0,0,0,0,0,1,0,1
36 - Βοιωτίας,94 E.T. Δήμου Θηβαίων,395,197,1,2,3,194,35,2,5,2,6,9,80,17,2,6,15,25,12,0,7,1,24,4,2,0,4,1,28,0,0,0,0,20,2,0,1,0,0,0,0,3,0,0,1,1,0,0,1,0,0,0,0,4,0,1,1,0,0,0,0,2,0,0,1,2,0,0,2,1,0,1,0,0,0,0,0,0,0,0
36 - Βοιωτίας,95 E.T. Δήμου Θηβαίων,385,174,1,1,2,172,55,0,12,0,14,13,61,14,5,5,14,6,2,1,0,0,13,4,0,0,2,1,19,5,0,1,0,9,1,1,0,0,0,1,0,0,0,0,0,0,0,0,0,0,0,1,0,4,1,3,0,5,3,0,0,0,0,0,0,0,0,0,0,4,0,1,0,0,0,0,0,6,2,1
36 - Βοιωτίας,96 E.T. Δήμου Θηβαίων,356,186,0,0,0,186,56,3,4,4,22,8,56,15,7,3,8,15,1,0,0,0,18,4,1,0,7,0,26,0,0,1,0,11,2,2,0,0,0,0,0,3,0,0,1,0,0,0,0,0,0,0,0,5,1,2,1,2,0,0,0,1,0,0,0,3,0,0,3,7,1,1,0,2,0,0,0,4,1,0
36 - Βοιωτίας,97 E.T. Δήμου Θηβαίων,381,192,2,2,4,188,65,1,10,0,22,9,55,8,9,4,8,14,3,0,1,0,10,1,0,0,6,0,29,0,0,0,0,14,1,0,0,0,1,0,0,0,0,0,0,0,0,0,0,0,0,0,0,8,5,0,0,4,0,0,0,0,0,0,0,0,0,0,0,7,1,1,2,1,0,0,0,5,4,1
36 - Βοιωτίας,98 E.T. Δήμου Θηβαίων,419,237,5,2,7,230,91,8,8,7,11,32,74,18,4,7,26,7,19,1,11,0,11,6,0,0,4,0,9,0,0,0,0,5,2,1,1,0,0,0,0,0,0,0,0,0,0,0,0,0,0,0,0,8,2,4,1,0,0,0,0,1,1,0,0,1,0,0,0,9,2,3,1,2,1,0,0,3,0,3
36 - Βοιωτίας,99 E.T. Δήμου Θηβαίων,421,255,1,2,3,252,75,6,12,0,13,24,85,38,6,2,23,3,11,2,4,0,25,3,2,0,11,4,23,0,0,1,0,15,4,1,1,0,0,0,0,2,1,0,0,0,0,0,0,0,0,0,0,12,3,1,0,0,0,1,0,2,1,1,0,1,0,0,1,4,0,1,0,3,1,0,0,4,1,1
36 - Βοιωτίας,100 E.T. Δήμου Θηβαίων,430,254,0,2,2,252,96,6,12,4,17,35,75,19,6,4,29,6,15,2,8,0,19,1,1,0,8,2,21,3,0,0,0,13,1,1,0,0,0,0,0,0,0,0,0,0,0,0,0,0,0,0,0,13,3,2,0,0,0,1,0,2,1,0,1,2,0,0,2,3,0,1,0,1,0,0,0,3,0,0
36 - Βοιωτίας,101 E.T. Δήμου Θηβαίων,476,282,3,2,5,277,105,5,17,4,20,34,85,18,5,7,35,9,14,2,10,0,14,4,1,1,6,0,29,0,0,0,0,17,1,0,0,0,0,0,0,1,0,0,1,0,0,0,0,0,0,0,0,6,2,0,2,0,0,0,0,2,0,0,1,1,0,0,1,9,1,3,0,2,0,0,2,8,0,2
36 - Βοιωτίας,102 E.T. Δήμου Θηβαίων,487,306,5,4,9,297,76,4,13,6,19,19,93,9,11,8,30,24,10,0,4,1,29,10,0,1,10,0,31,0,1,1,0,19,2,1,1,0,0,0,0,9,4,0,4,1,0,0,0,0,0,0,0,25,13,4,3,1,0,2,0,3,0,0,2,2,0,0,1,8,0,3,0,1,1,0,0,4,1,2
36 - Βοιωτίας,103 E.T. Δήμου Θηβαίων,551,318,4,2,6,312,64,5,8,4,10,15,134,28,13,12,41,14,5,2,2,0,26,7,0,0,11,0,33,0,1,0,0,23,3,0,1,0,0,1,0,2,1,0,1,0,0,0,0,0,0,0,0,17,5,3,3,0,0,1,1,3,0,0,1,1,0,0,0,16,1,8,0,1,0,0,0,5,2,1
36 - Βοιωτίας,104 E.T. Δήμου Θηβαίων,451,260,2,6,8,252,85,5,10,6,14,23,90,26,1,2,36,9,10,1,7,0,21,5,2,1,9,1,20,3,0,0,0,12,5,1,1,0,1,0,0,0,0,0,0,0,0,0,0,0,0,0,0,10,3,1,2,0,0,0,0,0,0,0,0,0,0,0,0,9,1,3,1,0,0,0,0,2,0,0
36 - Βοιωτίας,105 E.T. Δήμου Θηβαίων,552,322,2,2,4,318,126,5,9,4,35,31,90,28,4,9,31,3,18,0,6,4,34,5,2,0,18,0,17,0,0,1,1,10,3,0,1,0,0,0,0,2,1,1,0,1,0,0,1,0,0,1,1,14,7,3,0,0,0,0,0,1,0,1,0,2,0,0,2,2,1,0,0,0,0,0,0,7,1,2
36 - Βοιωτίας,106 E.T. Δήμου Θηβαίων,326,232,0,2,2,230,72,8,9,3,13,30,104,26,4,4,46,12,6,1,3,1,12,6,0,0,5,0,10,0,0,0,0,4,3,1,1,0,0,0,0,1,0,0,0,0,0,0,0,0,0,0,0,7,1,3,1,0,0,0,0,0,0,0,0,0,0,0,0,9,1,1,0,1,1,0,0,5,1,2
36 - Βοιωτίας,107 E.T. Δήμου Θηβαίων,292,196,2,2,4,192,56,1,6,2,8,25,77,23,12,11,19,4,9,0,6,0,6,1,0,0,3,0,5,0,0,0,0,1,1,1,0,0,0,0,0,0,0,0,0,0,0,0,0,0,0,0,0,15,2,4,4,0,0,1,0,1,0,0,0,3,0,0,3,14,0,3,1,2,1,0,0,2,0,2
36 - Βοιωτίας,108 E.T. Δήμου Θηβαίων,337,221,0,3,3,218,56,3,10,2,5,22,92,28,12,8,26,7,5,0,3,1,25,1,0,0,19,0,9,0,0,0,0,4,0,0,0,0,0,0,0,0,0,0,0,0,0,0,0,0,0,1,0,13,2,2,5,0,0,7,6,4,0,0,0,0,0,0,0,6,2,2,0,0,0,0,0,0,0,0
36 - Βοιωτίας,109 E.T. Δήμου Λεβαδέων,475,305,3,4,7,298,98,6,26,0,45,1,113,10,38,43,4,3,7,1,2,1,24,3,4,1,2,10,15,0,9,0,1,0,3,0,2,0,0,0,0,0,0,0,0,0,0,0,0,0,0,0,0,13,5,2,1,1,0,0,0,3,1,2,0,1,0,0,1,8,1,1,4,7,1,2,0,5,1,3
36 - Βοιωτίας,110 E.T. Δήμου Λεβαδέων,480,301,2,1,3,298,104,7,14,4,42,5,112,11,29,45,2,4,10,1,4,1,17,1,1,0,4,4,16,0,6,0,2,1,5,1,0,0,1,1,0,2,0,0,0,0,0,0,0,0,0,0,0,14,1,1,3,0,0,0,0,1,1,0,0,2,0,0,1,11,2,1,4,0,0,0,0,3,0,3
36 - Βοιωτίας,111 E.T. Δήμου Λεβαδέων,490,326,1,4,5,321,113,5,34,4,46,5,94,9,18,41,2,4,15,0,12,0,32,6,4,3,5,6,23,3,14,1,1,0,6,3,0,1,0,0,0,3,0,1,0,0,0,0,0,0,0,0,0,7,1,1,2,1,1,1,0,2,1,1,0,0,0,0,0,16,3,1,8,3,0,0,0,5,0,3
36 - Βοιωτίας,112 E.T. Δήμου Λεβαδέων,276,197,1,3,4,193,53,5,9,3,20,1,80,9,19,23,1,15,15,0,5,0,12,3,1,2,2,2,13,0,9,0,3,0,4,0,0,0,0,0,0,2,1,0,0,0,0,0,0,0,0,3,0,0,0,0,0,0,0,0,0,0,0,0,0,0,0,0,0,6,1,0,0,4,0,0,0,1,0,1
36 - Βοιωτίας,113 E.T. Δήμου Λεβαδέων,298,192,1,0,1,191,43,3,2,1,24,1,93,19,15,42,5,3,4,0,2,0,27,2,12,3,3,5,9,0,3,0,0,0,3,0,1,1,0,0,0,3,0,1,0,0,0,0,0,0,0,0,0,4,1,0,0,1,1,1,1,1,0,0,0,1,0,1,0,1,0,0,0,0,0,0,0,0,0,0
36 - Βοιωτίας,114 E.T. Δήμου Λεβαδέων,522,314,3,1,4,310,102,6,35,1,42,1,145,9,34,39,14,32,5,1,3,1,24,3,5,5,4,6,8,0,1,0,0,0,1,0,0,0,1,0,0,0,0,0,0,0,0,0,0,0,0,0,0,11,5,5,1,1,0,0,0,0,0,0,0,0,0,0,0,12,2,8,0,0,0,0,0,1,0,0
36 - Βοιωτίας,115 E.T. Δήμου Λεβαδέων,478,296,3,1,4,292,114,6,20,8,51,6,90,3,49,15,10,7,1,0,1,0,37,0,8,23,3,2,17,0,8,1,1,0,0,0,0,0,0,0,0,3,1,0,0,5,2,1,0,0,0,0,0,8,4,1,2,0,0,1,1,0,0,0,0,0,0,0,0,13,3,5,1,1,1,0,0,2,1,1
36 - Βοιωτίας,116 E.T. Δήμου Λεβαδέων,519,303,4,6,10,293,99,5,19,6,50,1,109,7,55,19,13,10,8,1,2,1,32,0,9,11,9,1,11,0,7,1,0,0,5,2,0,1,1,0,0,1,0,0,0,2,0,0,1,1,0,1,1,7,3,0,1,1,0,0,0,2,0,1,0,0,0,0,0,11,2,5,0,1,0,0,0,3,0,1
36 - Βοιωτίας,117 E.T. Δήμου Λεβαδέων,464,295,3,0,3,292,86,6,18,2,40,3,116,1,36,53,5,3,5,1,1,1,40,5,3,6,13,6,23,0,10,0,2,3,2,0,1,0,0,1,0,0,0,0,0,0,0,0,0,0,0,0,0,3,0,1,1,1,0,0,0,1,0,0,0,0,0,0,0,9,1,0,0,1,0,0,0,4,1,0
36 - Βοιωτίας,118 E.T. Δήμου Λεβαδέων,468,320,3,3,6,314,90,6,17,2,50,0,144,10,35,76,5,3,6,1,5,0,31,1,8,3,8,7,17,0,9,0,0,0,1,0,1,0,0,1,1,0,0,0,0,0,0,0,0,0,0,0,0,10,2,2,1,1,0,1,0,3,1,0,0,0,0,0,0,7,1,0,2,0,0,0,0,2,0,1
36 - Βοιωτίας,119 E.T. Δήμου Λεβαδέων,469,328,5,0,5,323,82,5,13,3,50,1,129,7,33,56,8,3,6,0,4,1,61,4,19,2,19,12,23,0,10,0,3,0,4,1,0,0,0,0,0,0,0,0,0,0,0,0,0,0,0,0,0,11,0,0,3,0,0,0,0,1,0,0,0,1,0,1,0,4,1,2,0,0,0,0,0,1,0,1
36 - Βοιωτίας,120 E.T. Δήμου Λεβαδέων,514,324,3,1,4,320,113,10,15,3,60,3,102,3,32,53,3,5,2,0,1,0,44,4,9,7,9,10,32,0,10,0,3,0,5,1,0,2,0,0,0,1,0,1,0,0,0,0,0,0,0,0,0,6,1,0,1,0,0,1,0,2,1,0,0,3,1,2,0,6,1,2,0,1,0,0,0,2,0,0
36 - Βοιωτίας,121 E.T. Δήμου Λεβαδέων,217,132,2,0,2,130,35,2,3,0,20,1,66,3,18,30,0,2,5,3,1,0,10,2,4,0,0,2,7,0,4,0,0,0,0,0,0,0,0,0,0,1,1,0,0,0,0,0,0,0,0,0,0,1,0,0,0,1,0,0,0,0,0,0,0,0,0,0,0,4,1,1,0,0,0,0,0,0,0,0
36 - Βοιωτίας,122 E.T. Δήμου Λεβαδέων,316,163,5,4,9,154,51,4,8,2,26,0,65,6,14,23,10,2,0,0,0,0,15,0,5,0,6,2,6,0,0,0,1,0,3,0,0,0,1,0,0,0,0,0,0,0,0,0,0,0,0,0,0,6,2,2,0,0,0,0,0,1,0,0,1,0,0,0,0,5,1,1,0,1,1,0,0,1,0,0
36 - Βοιωτίας,123 E.T. Δήμου Λεβαδέων,362,204,0,1,1,203,87,4,29,3,32,2,53,3,6,24,2,9,2,0,1,1,20,1,6,2,5,4,21,0,7,2,3,2,5,2,1,0,0,1,0,2,0,1,0,3,1,0,0,0,0,0,0,3,1,1,0,0,0,0,0,0,0,0,0,1,0,0,1,4,0,0,0,0,0,0,0,1,0,1
36 - Βοιωτίας,124 E.T. Δήμου Λεβαδέων,508,338,1,5,6,332,178,0,7,2,139,4,78,3,19,19,11,12,4,1,3,0,25,0,5,17,1,0,16,0,8,0,0,0,1,0,0,0,0,1,0,0,0,0,0,0,0,0,0,0,0,0,0,9,1,3,1,0,0,1,0,0,0,0,0,1,1,0,0,10,4,1,1,3,3,0,0,5,1,2
36 - Βοιωτίας,125 E.T. Δήμου Λεβαδέων,515,354,3,2,5,349,179,3,6,1,146,3,92,9,12,4,9,4,4,0,1,1,21,4,0,11,2,1,19,0,9,1,4,1,2,1,0,0,0,0,0,0,0,0,0,0,0,0,0,0,0,1,1,7,3,0,0,0,0,0,0,1,0,0,1,0,0,0,0,14,3,3,1,1,1,0,0,8,1,3
36 - Βοιωτίας,126 E.T. Δήμου Λεβαδέων,523,349,6,3,9,340,148,1,4,1,130,0,108,7,24,52,9,3,6,0,1,1,25,0,6,12,4,3,19,0,9,0,2,1,0,0,0,0,0,0,0,0,0,0,0,4,2,0,0,0,0,0,0,4,2,0,1,0,0,0,0,2,0,0,0,0,0,0,0,14,5,0,0,3,0,1,0,7,1,1
36 - Βοιωτίας,127 E.T. Δήμου Λεβαδέων,510,346,2,2,4,342,160,3,5,4,136,3,88,5,15,43,11,4,8,0,3,3,39,0,9,15,9,4,22,0,11,0,4,1,1,1,0,0,0,0,0,1,0,0,1,0,0,0,0,0,0,0,0,2,1,0,1,0,0,0,0,1,0,1,0,1,1,0,0,10,2,6,0,3,2,0,0,6,0,5
36 - Βοιωτίας,128 E.T. Δήμου Λεβαδέων,530,346,2,1,3,343,115,3,29,3,57,1,97,4,33,37,10,3,14,0,9,2,35,1,10,1,6,12,33,0,14,0,5,0,3,2,0,0,0,0,0,0,0,0,0,0,0,0,0,0,0,0,0,15,4,6,2,0,0,0,0,3,0,1,0,0,0,0,0,15,10,1,2,3,0,0,1,10,0,7
36 - Βοιωτίας,129 E.T. Δήμου Λεβαδέων,544,332,5,0,5,327,113,5,29,1,50,2,103,6,26,49,6,0,10,0,8,0,19,2,2,7,2,3,33,0,14,0,6,1,2,0,0,0,0,1,0,1,1,0,0,0,0,0,0,0,0,1,0,13,2,3,2,0,0,0,0,3,0,0,1,0,0,0,0,17,7,4,2,4,1,1,1,7,1,2
36 - Βοιωτίας,130 E.T. Δήμου Λεβαδέων,540,327,5,2,7,320,120,2,32,1,57,0,106,2,44,40,2,7,9,0,7,0,25,1,7,3,2,10,26,0,16,0,4,0,4,2,0,1,0,1,0,1,0,0,0,1,0,1,0,0,0,0,0,11,1,3,1,0,0,0,0,0,0,0,0,0,0,0,0,11,6,1,0,2,0,0,0,3,0,1
36 - Βοιωτίας,131 E.T. Δήμου Λεβαδέων,530,333,1,2,3,330,108,7,28,2,51,0,100,4,33,39,6,2,12,1,7,2,35,2,7,4,9,12,35,0,24,0,6,0,1,0,0,0,0,0,0,0,0,0,0,1,1,0,0,0,0,0,0,13,3,2,4,1,0,0,0,1,0,1,0,0,0,0,0,16,5,5,0,1,1,0,0,6,0,3
36 - Βοιωτίας,132 E.T. Δήμου Λεβαδέων,563,395,4,2,6,389,118,5,31,3,52,2,132,11,51,42,9,1,8,0,4,2,36,2,4,5,9,15,55,5,29,0,11,2,1,0,0,0,0,0,0,1,0,0,0,1,1,0,0,0,0,0,0,7,0,4,1,0,0,0,0,3,1,0,1,0,0,0,0,22,3,1,5,2,1,0,0,3,1,1
36 - Βοιωτίας,133 E.T. Δήμου Λεβαδέων,542,354,6,5,11,343,119,5,20,6,60,3,108,8,31,41,7,3,4,0,4,0,27,0,6,3,4,12,52,7,32,0,4,3,2,0,1,0,0,0,0,1,0,0,0,1,0,1,0,0,0,0,0,7,0,5,0,0,0,0,0,2,0,0,0,1,0,0,0,13,6,1,1,1,0,0,0,5,1,1
36 - Βοιωτίας,134 E.T. Δήμου Λεβαδέων,544,330,3,2,5,325,118,6,32,2,59,2,82,9,32,33,1,1,3,0,0,1,19,4,4,1,4,4,55,0,24,0,8,0,0,0,0,0,0,0,0,1,0,0,0,0,0,0,0,0,0,1,0,16,3,3,3,1,1,0,0,2,0,0,1,0,0,0,0,10,5,0,0,2,0,0,0,15,3,5
36 - Βοιωτίας,135 E.T. Δήμου Λεβαδέων,532,348,2,0,2,346,127,3,37,1,64,3,100,6,38,40,4,1,4,0,0,1,28,1,5,3,2,12,37,6,18,0,4,1,5,1,0,0,0,0,0,0,0,0,0,3,2,0,0,1,0,1,1,10,3,1,1,0,0,0,0,3,0,1,0,0,0,0,0,16,3,5,3,6,2,0,0,6,1,3
36 - Βοιωτίας,136 E.T. Δήμου Λεβαδέων,530,332,4,2,6,326,120,2,40,3,51,0,97,7,32,35,5,7,8,1,5,0,30,3,5,4,6,8,33,0,12,1,3,0,3,1,0,0,0,0,0,2,0,0,0,0,0,0,0,0,0,0,0,11,2,8,0,0,0,0,0,0,0,0,0,0,0,0,0,16,3,1,0,0,0,0,0,6,0,3
36 - Βοιωτίας,137 E.T. Δήμου Λεβαδέων,542,355,4,2,6,349,130,9,40,2,57,4,99,7,39,44,2,0,7,1,5,1,50,0,11,4,17,12,32,0,17,0,1,0,0,0,0,0,0,0,0,2,1,0,1,0,0,0,0,0,0,0,0,17,4,6,1,0,0,0,0,1,0,0,0,0,0,0,0,8,3,1,1,0,0,0,0,3,1,2
36 - Βοιωτίας,138 E.T. Δήμου Λεβαδέων,529,324,2,0,2,322,110,7,28,5,51,2,102,3,39,43,8,1,6,0,4,0,26,2,5,1,1,13,34,0,14,0,4,0,4,1,0,1,1,0,0,4,0,1,2,1,0,0,0,0,0,0,0,8,1,3,0,0,0,0,0,1,0,1,0,0,0,0,0,16,7,3,2,1,0,0,0,9,0,1
36 - Βοιωτίας,139 E.T. Δήμου Λεβαδέων,530,331,2,0,2,329,135,8,24,2,73,2,85,3,43,24,4,2,6,0,6,0,32,2,17,3,3,7,34,0,22,0,5,0,1,1,0,0,0,0,0,2,0,1,0,3,0,0,0,0,1,0,0,5,1,2,0,0,0,0,0,3,3,0,0,1,0,0,1,10,1,0,5,3,0,0,1,9,1,6
36 - Βοιωτίας,140 E.T. Δήμου Λεβαδέων,528,350,5,0,5,345,135,4,39,1,71,1,93,7,31,35,5,2,5,0,3,0,27,0,4,9,2,7,39,0,21,0,4,1,3,2,0,0,0,0,0,1,0,0,0,0,0,0,0,0,0,0,0,7,0,2,3,0,0,0,0,3,0,2,0,0,0,0,0,18,2,3,5,4,2,0,0,10,2,2
36 - Βοιωτίας,141 E.T. Δήμου Λεβαδέων,528,332,6,3,9,323,128,5,37,4,60,2,75,10,21,30,0,4,5,0,1,0,32,1,12,3,5,5,49,0,29,0,2,3,3,1,0,1,0,1,1,2,1,1,0,1,1,0,0,0,0,0,0,10,1,2,1,0,0,0,0,3,2,1,0,2,0,0,0,9,0,2,1,3,0,0,0,0,0,0
36 - Βοιωτίας,142 E.T. Δήμου Λεβαδέων,535,323,0,1,1,322,111,6,15,6,57,2,112,8,39,50,3,1,8,0,6,0,18,2,7,0,1,7,31,0,17,0,5,2,2,1,0,0,0,0,0,2,0,0,0,0,0,0,0,0,0,0,0,15,7,4,1,0,0,1,0,2,0,1,0,0,0,0,0,16,4,4,3,1,0,1,0,3,1,0
36 - Βοιωτίας,143 E.T. Δήμου Λεβαδέων,236,194,2,1,3,191,63,2,12,2,30,0,65,17,9,26,5,0,1,0,0,0,19,0,0,4,4,5,16,0,7,0,1,1,1,0,0,0,0,0,0,1,0,0,1,0,0,0,0,0,0,0,0,8,0,3,4,0,0,0,0,0,0,0,0,0,0,0,0,14,4,1,1,1,0,1,0,2,0,1
36 - Βοιωτίας,144 E.T. Δήμου Λεβαδέων,149,122,1,0,1,121,20,0,6,1,11,1,66,1,2,60,0,0,2,0,1,0,23,0,14,0,5,2,3,0,2,0,0,0,0,0,0,0,0,0,0,2,0,0,0,0,0,0,0,0,0,0,0,3,3,0,0,0,0,0,0,1,0,1,0,0,0,0,0,0,0,0,0,0,0,0,0,1,0,0
36 - Βοιωτίας,145 E.T. Δήμου Λεβαδέων,535,325,3,1,4,321,102,5,35,2,41,2,104,10,30,48,2,2,6,1,2,1,31,1,8,3,6,7,31,10,14,0,2,0,1,1,0,0,0,0,0,0,0,0,0,1,0,0,1,0,0,0,0,15,4,6,0,0,0,0,0,2,0,1,0,1,1,0,0,22,4,2,4,1,1,0,0,4,0,2
36 - Βοιωτίας,146 E.T. Δήμου Λεβαδέων,559,372,8,1,9,363,140,7,30,3,67,2,112,9,44,25,4,5,11,0,6,0,26,1,5,4,6,9,35,0,15,0,4,1,2,0,0,0,0,0,0,3,2,0,0,0,0,0,0,0,0,0,0,6,2,1,2,0,0,0,0,1,0,0,0,0,0,0,0,14,3,4,2,3,0,0,0,10,1,6
36 - Βοιωτίας,147 E.T. Δήμου Λεβαδέων,541,357,10,2,12,345,121,8,35,1,56,0,128,6,39,65,3,2,2,0,2,0,26,1,3,7,3,10,27,4,13,1,5,0,2,2,0,0,0,0,0,4,1,1,2,1,0,0,0,0,0,0,0,7,3,0,0,2,1,0,0,3,1,1,0,1,0,0,1,16,7,3,2,1,0,0,0,4,0,2
36 - Βοιωτίας,148 E.T. Δήμου Λεβαδέων,532,350,3,4,7,343,130,7,29,3,65,1,113,3,36,41,8,1,7,0,7,0,25,0,7,6,4,4,31,0,19,0,4,1,3,1,1,0,0,0,0,1,1,0,0,1,1,0,0,0,0,0,0,11,6,2,1,1,0,0,0,1,0,0,0,0,0,0,0,16,4,3,3,0,0,0,0,3,0,2
36 - Βοιωτίας,149 E.T. Δήμου Λεβαδέων,531,361,3,1,4,357,107,5,24,3,56,1,117,7,28,65,3,5,10,0,6,3,34,2,5,3,11,8,47,0,20,0,6,0,2,1,0,0,0,0,0,2,1,1,0,0,0,0,0,0,0,0,0,18,6,6,1,1,1,0,0,0,0,0,0,1,0,0,1,13,3,4,3,1,0,0,0,4,0,3
36 - Βοιωτίας,150 E.T. Δήμου Λεβαδέων,546,333,2,5,7,326,112,6,25,4,52,3,106,8,32,37,13,3,8,0,5,2,28,1,13,5,1,5,31,0,15,0,7,1,3,1,0,0,0,0,0,2,0,1,0,4,1,0,1,0,0,0,0,8,3,2,0,0,0,0,0,0,0,0,0,0,0,0,0,11,3,1,1,3,0,0,0,10,0,2
36 - Βοιωτίας,151 E.T. Δήμου Λεβαδέων,527,349,2,3,5,344,134,6,37,4,58,2,92,3,23,43,11,1,6,0,6,0,24,1,5,1,2,12,42,0,17,0,8,2,1,0,0,0,0,0,0,3,0,0,1,0,0,0,0,0,0,1,0,9,3,2,2,1,1,0,0,3,0,1,0,1,0,0,0,21,7,4,2,1,0,0,0,5,1,4
36 - Βοιωτίας,152 E.T. Δήμου Λεβαδέων,533,341,8,1,9,332,118,3,29,1,63,1,92,3,26,45,2,0,6,0,4,1,34,2,9,3,4,15,42,0,20,0,3,0,5,1,1,0,0,0,0,4,0,1,1,0,0,0,0,0,0,1,1,5,1,1,1,0,0,0,0,1,0,0,0,0,0,0,0,14,4,1,2,1,0,0,0,9,1,2
36 - Βοιωτίας,153 E.T. Δήμου Λεβαδέων,530,361,7,2,9,352,120,6,30,4,55,1,102,3,40,42,2,5,10,0,10,0,37,1,7,2,12,10,33,0,23,0,1,0,2,0,1,0,0,1,0,4,1,1,0,0,0,0,0,0,0,0,0,16,7,5,3,0,0,0,0,1,0,0,1,0,0,0,0,18,3,8,2,1,1,0,0,7,2,2
36 - Βοιωτίας,154 E.T. Δήμου Λεβαδέων,528,332,5,2,7,325,112,4,39,2,43,1,98,8,34,42,3,2,9,1,6,1,36,3,7,6,6,9,28,2,19,0,1,1,2,1,0,0,0,0,0,3,0,2,0,0,0,0,0,0,0,0,0,9,2,3,1,0,0,0,0,5,2,2,1,1,0,0,0,15,3,2,2,4,1,0,1,3,0,0
36 - Βοιωτίας,155 E.T. Δήμου Λεβαδέων,531,354,3,3,6,348,114,7,31,2,47,1,111,5,37,43,6,2,11,1,9,0,28,2,2,2,6,10,45,0,26,0,12,0,2,0,0,1,0,0,0,3,1,0,1,0,0,0,0,0,0,0,0,12,0,3,5,0,0,0,0,2,0,0,0,0,0,0,0,12,6,3,0,0,0,0,0,8,0,2
36 - Βοιωτίας,156 E.T. Δήμου Λεβαδέων,557,367,2,4,6,361,122,6,41,2,44,1,117,10,42,37,10,1,7,1,4,1,27,0,8,4,5,2,53,0,27,0,5,0,3,0,0,0,1,0,0,2,0,2,0,0,0,0,0,0,0,0,0,6,1,3,0,0,0,0,0,0,0,0,0,0,0,0,0,14,7,1,1,3,0,0,1,7,0,1
36 - Βοιωτίας,157 E.T. Δήμου Λεβαδέων,547,382,6,6,12,370,129,6,24,3,76,0,131,5,67,39,10,1,11,0,7,2,28,7,4,1,1,11,38,0,17,1,7,1,2,0,0,1,1,0,0,0,0,0,0,0,0,0,0,0,0,0,0,13,5,4,1,2,0,0,0,0,0,0,0,1,0,1,0,11,4,1,0,0,0,0,0,4,0,2
36 - Βοιωτίας,158 E.T. Δήμου Λεβαδέων,564,380,3,2,5,375,112,8,34,5,42,2,137,8,46,58,6,4,8,0,7,0,30,3,13,3,2,3,40,8,19,1,5,0,7,1,2,0,0,0,0,2,0,0,0,1,0,0,0,0,1,0,0,12,3,2,0,0,0,0,0,4,1,1,0,0,0,0,0,15,2,3,4,0,0,0,0,7,0,3
36 - Βοιωτίας,159 E.T. Δήμου Λεβαδέων,565,377,3,0,3,374,119,5,31,1,68,0,137,7,49,55,8,2,9,0,7,1,29,2,1,3,8,5,37,0,15,1,8,0,5,2,0,0,0,0,0,1,1,0,0,1,0,1,0,0,0,0,0,7,1,3,0,0,0,0,0,2,0,0,0,0,0,0,0,24,5,8,2,0,0,0,0,3,1,1
36 - Βοιωτίας,160 E.T. Δήμου Λεβαδέων,570,363,5,4,9,354,99,3,30,3,41,0,125,13,31,49,5,5,6,0,4,0,28,2,8,3,2,7,54,0,22,0,14,1,3,1,0,0,0,0,0,2,1,1,0,0,0,0,0,0,0,0,0,9,3,4,0,0,0,0,0,2,0,1,0,1,0,0,0,14,4,4,3,2,1,0,1,9,1,3
36 - Βοιωτίας,161 E.T. Δήμου Λεβαδέων,555,349,10,4,14,335,109,6,24,4,51,2,101,9,29,40,2,2,7,0,6,0,25,0,6,8,4,5,46,0,21,0,10,0,1,0,0,0,0,0,0,1,0,0,0,0,0,0,0,0,0,0,0,16,2,5,0,0,0,0,0,0,0,0,0,2,0,0,0,20,3,3,6,2,0,0,0,5,0,2
36 - Βοιωτίας,162 E.T. Δήμου Λεβαδέων,273,185,2,2,4,181,62,8,18,1,24,1,66,0,16,34,0,1,6,0,4,1,25,3,5,3,2,7,10,0,5,0,3,0,1,1,0,0,0,0,0,4,0,2,0,0,0,0,0,0,0,0,0,2,0,1,0,0,0,0,0,0,0,0,0,0,0,0,0,3,1,2,0,0,0,0,0,2,0,0
36 - Βοιωτίας,163 E.T. Δήμου Λεβαδέων,347,223,2,0,2,221,85,2,21,5,33,5,60,7,15,24,5,0,4,0,3,0,16,1,7,1,0,4,19,0,12,0,3,0,5,2,0,0,1,0,0,2,0,2,0,0,0,0,0,0,0,0,0,7,2,1,2,1,0,0,0,2,0,0,0,1,0,0,0,17,4,5,3,1,0,0,0,1,1,0
36 - Βοιωτίας,164 E.T. Δήμου Λεβαδέων,382,227,7,7,14,213,81,7,6,0,56,0,48,2,18,18,1,3,4,0,2,0,14,0,2,4,7,0,41,0,10,0,14,0,2,1,0,0,0,0,0,0,0,0,0,0,0,0,0,0,0,0,0,14,5,2,0,0,0,0,0,4,1,0,0,0,0,0,0,3,1,0,1,0,0,0,0,2,2,0
36 - Βοιωτίας,165 E.T. Δήμου Λεβαδέων,386,241,3,2,5,236,86,9,16,2,41,2,58,4,19,24,3,2,3,0,3,0,27,0,11,3,5,5,35,0,26,0,0,1,1,0,0,0,0,1,0,0,0,0,0,0,0,0,0,0,0,2,0,5,1,1,3,1,1,0,0,2,0,1,0,0,0,0,0,9,1,1,5,2,1,0,0,4,1,1
36 - Βοιωτίας,166 E.T. Δήμου Λεβαδέων,296,196,2,1,3,193,60,3,7,3,35,3,62,4,20,21,8,4,6,1,3,0,33,0,8,5,4,14,23,0,19,0,0,1,2,1,0,0,0,0,0,0,0,0,0,0,0,0,0,0,0,1,1,3,0,0,2,0,0,1,1,0,0,0,0,0,0,0,0,1,0,1,0,0,0,0,0,1,0,0
36 - Βοιωτίας,167 E.T. Δήμου Λεβαδέων,399,215,3,0,3,212,59,3,24,1,24,1,93,4,24,35,4,4,2,0,2,0,36,4,9,3,3,5,1,0,1,0,0,0,3,1,0,0,0,0,0,1,0,0,0,0,0,0,0,0,0,0,0,11,1,2,0,0,0,0,0,0,0,0,0,1,0,0,0,3,0,0,1,1,0,0,0,1,0,0
36 - Βοιωτίας,168 E.T. Δήμου Λεβαδέων,216,151,9,1,10,141,38,2,6,0,18,2,65,7,13,36,3,0,3,0,1,2,22,2,2,4,5,3,2,0,2,0,0,0,0,0,0,0,0,0,0,0,0,0,0,0,0,0,0,0,0,0,0,3,0,0,0,0,0,1,0,0,0,0,0,0,0,0,0,5,0,2,1,1,1,0,0,1,0,1
36 - Βοιωτίας,169 E.T. Δήμου Λεβαδέων,275,172,1,2,3,169,56,5,10,1,30,2,63,10,5,44,0,1,3,0,0,2,22,0,1,1,10,8,21,0,16,0,1,0,1,0,0,0,0,0,0,0,0,0,0,0,0,0,0,0,0,0,0,0,0,0,0,0,0,0,0,0,0,0,0,0,0,0,0,2,0,0,0,0,0,0,0,1,0,1
36 - Βοιωτίας,170 E.T. Δήμου Λεβαδέων,89,43,0,0,0,43,14,2,7,0,3,0,13,3,3,4,0,3,2,0,1,0,8,0,1,1,0,4,2,0,0,0,0,0,0,0,0,0,0,1,0,0,0,0,0,0,0,0,0,0,0,0,0,2,0,0,1,0,0,0,0,0,0,0,0,0,0,0,0,1,1,0,0,0,0,0,0,0,0,0
36 - Βοιωτίας,171 E.T. Δήμου Λεβαδέων,250,164,1,1,2,162,47,3,9,0,26,0,76,14,12,35,2,1,3,0,1,2,21,2,6,2,6,3,3,0,2,0,0,0,0,0,0,0,0,0,0,0,0,0,0,0,0,0,0,0,0,0,0,6,1,1,0,1,1,0,0,0,0,0,0,0,0,0,0,4,2,0,0,0,0,0,0,1,0,1
36 - Βοιωτίας,172 E.T. Δήμου Λεβαδέων,76,52,0,1,1,51,14,0,7,0,1,0,25,7,2,8,2,2,0,0,0,0,5,0,0,0,0,2,2,1,1,0,0,0,0,0,0,0,0,0,0,0,0,0,0,0,0,0,0,0,0,0,0,2,0,2,0,0,0,0,0,0,0,0,0,0,0,0,0,3,0,0,0,0,0,0,0,0,0,0
36 - Βοιωτίας,173 E.T. Δήμου Λεβαδέων,198,105,0,0,0,105,30,2,4,0,20,0,54,7,7,28,3,1,1,0,0,0,5,0,3,0,0,0,5,0,3,0,1,0,1,0,0,0,1,0,0,1,0,1,0,0,0,0,0,0,0,0,0,1,0,0,0,0,0,0,0,0,0,0,0,0,0,0,0,3,0,1,1,0,0,0,0,4,0,1
36 - Βοιωτίας,174 E.T. Δήμου Ορχομενού,568,391,7,2,9,382,100,9,26,10,30,7,165,43,21,34,33,14,15,1,4,4,34,20,1,1,7,0,18,5,1,0,0,9,8,4,1,0,1,0,0,0,0,0,0,0,0,0,0,0,0,1,1,12,4,3,2,0,0,0,0,0,0,0,0,1,0,0,0,23,6,7,1,0,0,0,0,5,1,1
36 - Βοιωτίας,175 E.T. Δήμου Ορχομενού,522,345,3,5,8,337,99,7,21,4,31,15,156,22,24,35,43,10,5,1,2,0,39,23,4,0,5,0,13,0,4,0,0,1,8,2,1,0,1,0,0,0,0,0,0,0,0,0,0,0,0,0,0,6,2,1,2,0,0,0,0,0,0,0,0,0,0,0,0,7,1,3,0,1,0,0,0,3,0,1
36 - Βοιωτίας,176 E.T. Δήμου Ορχομενού,434,308,5,1,6,302,88,15,6,8,13,5,108,35,15,27,17,5,14,1,9,1,37,4,6,0,16,5,23,0,4,0,13,0,4,0,0,0,0,0,0,1,0,1,0,0,0,0,0,0,0,0,0,8,1,1,0,1,0,0,0,1,0,0,0,4,0,0,2,10,3,2,0,2,0,1,0,1,0,0
36 - Βοιωτίας,177 E.T. Δήμου Ορχομενού,390,243,1,1,2,241,82,13,17,3,10,1,79,28,8,14,10,3,13,0,9,0,35,3,3,0,14,12,16,0,1,2,5,0,0,0,0,0,0,0,0,0,0,0,0,0,0,0,0,0,0,0,0,6,3,0,0,0,0,0,0,2,1,0,0,2,0,0,1,4,1,1,0,0,0,0,0,2,0,1
36 - Βοιωτίας,178 E.T. Δήμου Ορχομενού,418,255,2,0,2,253,73,3,17,5,16,12,114,23,32,17,32,9,17,5,6,1,19,2,2,0,11,1,11,0,0,0,0,0,1,0,0,0,0,0,0,0,0,0,0,0,0,0,0,0,0,0,0,3,2,0,0,0,0,0,0,3,0,0,0,0,0,0,0,7,1,2,0,0,0,0,0,5,3,0
36 - Βοιωτίας,179 E.T. Δήμου Ορχομενού,393,246,7,2,9,237,82,5,14,2,14,9,111,6,12,53,11,15,4,1,0,0,17,4,4,1,2,0,7,0,0,0,0,5,1,0,1,0,0,1,0,0,0,0,0,0,0,0,0,0,0,0,0,3,0,0,1,0,0,0,0,0,0,0,0,0,0,0,0,9,2,0,0,0,0,0,0,2,1,1
36 - Βοιωτίας,180 E.T. Δήμου Ορχομενού,518,307,4,1,5,302,110,56,6,2,28,1,121,9,56,36,2,5,4,0,0,1,26,0,6,1,6,7,12,0,0,0,5,1,2,0,0,0,0,0,0,1,0,0,0,0,0,0,0,0,0,1,0,13,4,7,0,0,0,0,0,0,0,0,0,3,0,0,0,8,0,3,1,0,0,0,0,1,0,1
36 - Βοιωτίας,181 E.T. Δήμου Ορχομενού,529,292,5,1,6,286,139,58,14,4,30,3,67,4,30,21,4,1,14,1,10,1,31,2,4,2,6,11,6,0,0,0,3,1,2,0,1,0,0,0,0,0,0,0,0,0,0,0,0,0,0,0,0,11,4,1,2,0,0,0,0,0,0,0,0,0,0,0,0,10,0,4,2,0,0,0,0,6,2,1
36 - Βοιωτίας,182 E.T. Δήμου Ορχομενού,508,257,1,0,1,256,108,12,6,23,2,0,70,33,18,3,3,0,3,0,2,1,22,2,1,0,8,6,14,0,4,0,3,0,1,0,0,0,0,0,0,0,0,0,0,0,0,0,0,0,0,0,0,8,2,2,1,1,1,0,0,0,0,0,0,1,1,0,0,18,5,3,2,4,2,0,0,6,0,4
36 - Βοιωτίας,183 E.T. Δήμου Ορχομενού,508,293,12,3,15,278,113,65,16,0,27,1,92,4,44,34,3,2,11,1,5,1,22,0,4,0,7,9,6,0,0,0,1,0,3,0,2,0,0,0,0,2,1,0,0,0,0,0,0,0,0,0,0,14,6,3,2,2,2,0,0,1,0,0,0,0,0,0,0,8,2,1,0,0,0,0,0,4,1,2
36 - Βοιωτίας,184 E.T. Δήμου Ορχομενού,536,301,2,2,4,297,100,57,7,2,13,2,87,2,47,15,5,3,5,2,1,1,39,0,8,3,8,14,26,0,3,0,8,0,0,0,0,0,0,0,0,1,0,0,0,1,0,0,0,0,0,0,0,14,2,6,0,0,0,0,0,3,1,1,0,0,0,0,0,10,3,1,1,4,1,0,0,7,0,4
36 - Βοιωτίας,185 E.T. Δήμου Ορχομενού,507,288,4,2,6,282,146,75,23,4,24,3,65,16,26,18,2,3,3,1,0,1,20,1,3,3,6,4,15,0,3,0,1,1,1,0,0,1,0,0,0,1,0,0,0,0,0,0,0,0,0,0,0,14,7,2,0,1,0,1,0,0,0,0,0,0,0,0,0,9,2,4,0,0,0,0,0,6,0,3
36 - Βοιωτίας,186 E.T. Δήμου Ορχομενού,536,295,5,6,11,284,122,54,4,3,25,1,91,12,31,22,4,6,6,0,1,0,23,0,3,0,5,10,16,0,1,1,4,1,2,1,0,0,0,0,0,0,0,0,0,0,0,0,0,0,0,0,0,8,2,1,3,0,0,1,0,0,0,0,0,0,0,0,0,11,2,2,0,1,0,0,0,3,1,2
36 - Βοιωτίας,187 E.T. Δήμου Ορχομενού,536,318,3,1,4,314,112,57,10,1,25,2,122,5,50,37,7,9,11,0,7,1,20,0,5,0,2,9,17,0,3,0,4,0,4,1,1,0,0,0,0,0,0,0,0,0,0,0,0,0,0,0,0,10,2,3,1,0,0,1,0,1,0,0,0,1,0,1,0,9,2,2,1,0,0,0,0,6,1,2
36 - Βοιωτίας,188 E.T. Δήμου Ορχομενού,529,314,5,1,6,308,109,59,13,1,15,3,120,8,54,26,6,8,10,1,3,2,28,3,3,0,6,9,8,0,1,0,0,0,5,0,1,1,2,0,0,2,0,0,1,0,0,0,0,0,0,0,0,7,2,2,1,0,0,0,0,2,1,0,0,0,0,0,0,11,3,1,3,3,1,0,0,3,2,1
36 - Βοιωτίας,189 E.T. Δήμου Ορχομενού,537,295,3,2,5,290,111,63,11,0,14,2,107,8,44,29,4,12,10,0,6,2,17,2,0,0,5,8,12,0,4,1,1,1,0,0,0,0,0,1,1,0,0,0,0,0,0,0,0,0,0,1,0,9,4,1,0,1,0,1,1,0,0,0,0,0,0,0,0,12,2,1,2,2,1,1,0,6,4,1
36 - Βοιωτίας,190 E.T. Δήμου Ορχομενού,478,273,3,1,4,269,73,13,11,2,28,4,123,7,44,45,5,2,9,0,8,0,35,4,10,5,10,2,9,1,5,0,2,0,2,1,0,0,0,0,0,0,0,0,0,0,0,0,0,0,0,1,0,5,1,3,0,0,0,1,0,1,0,0,0,0,0,0,0,6,0,1,0,0,0,0,0,4,0,2
36 - Βοιωτίας,191 E.T. Δήμου Ορχομενού,538,356,4,3,7,349,113,26,12,5,40,7,166,7,57,68,2,4,1,0,1,0,37,3,3,3,17,7,13,0,4,0,2,0,1,0,1,0,0,0,0,0,0,0,0,0,0,0,0,0,0,0,0,5,3,0,0,0,0,0,0,0,0,0,0,2,0,0,0,7,1,0,0,2,0,0,0,2,0,0
36 - Βοιωτίας,192 E.T. Δήμου Ορχομενού,360,217,4,2,6,211,58,16,11,1,11,1,83,11,20,29,9,2,1,0,1,0,37,2,12,1,0,1,7,0,1,0,1,0,0,0,0,0,0,0,0,0,0,0,0,0,0,0,0,0,0,0,0,8,5,0,0,0,0,0,0,1,0,1,0,2,0,1,0,9,4,0,0,1,0,0,0,4,2,1
36 - Βοιωτίας,193 E.T. Δήμου Ορχομενού,308,210,1,2,3,207,49,7,12,0,3,1,84,25,8,24,5,3,1,0,1,0,44,3,8,0,17,6,24,0,0,0,10,0,0,0,0,0,0,0,0,0,0,0,0,0,0,0,0,0,0,0,0,1,1,0,0,0,0,0,0,0,0,0,0,0,0,0,0,3,1,0,1,1,0,0,0,0,0,0
36 - Βοιωτίας,194 E.T. Δήμου Ορχομενού,407,276,3,0,3,273,86,9,17,3,23,2,112,22,33,22,6,12,3,0,2,0,36,2,3,0,20,5,15,6,0,0,2,1,3,0,0,0,0,0,0,0,0,0,0,2,0,2,0,0,0,1,1,5,2,0,0,0,0,0,0,1,1,0,0,0,0,0,0,7,0,1,0,2,0,0,1,0,0,0
36 - Βοιωτίας,195 E.T. Δήμου Ορχομενού,336,204,1,0,1,203,73,23,1,6,11,0,76,9,12,43,5,1,6,0,2,0,23,1,3,1,5,8,5,0,0,0,0,0,2,1,0,0,0,0,0,0,0,0,0,0,0,0,0,0,0,0,0,5,1,2,1,0,0,0,0,1,0,0,0,1,0,0,0,7,1,2,0,1,0,0,0,3,0,2
36 - Βοιωτίας,196 E.T. Δήμου Ορχομενού,378,253,4,1,5,248,84,27,14,3,30,1,74,8,12,39,5,2,6,0,5,0,55,3,5,3,5,35,7,1,6,0,0,0,0,0,0,0,0,0,0,0,0,0,0,0,0,0,0,0,0,0,0,15,5,3,0,0,0,0,0,0,0,0,0,0,0,0,0,5,0,1,1,0,0,0,0,2,0,0
36 - Βοιωτίας,197 E.T. Δήμου Ορχομενού,398,241,8,0,8,233,88,20,15,1,23,6,46,7,11,15,2,2,2,0,0,0,70,0,1,0,0,65,6,0,1,1,1,0,1,0,0,1,0,0,0,0,0,0,0,0,0,0,0,0,0,0,0,3,1,0,1,0,0,0,0,2,0,0,0,0,0,0,0,11,1,3,1,0,0,0,0,4,0,2
36 - Βοιωτίας,198 E.T. Δήμου Ορχομενού,492,327,0,0,0,327,135,32,24,0,43,8,90,8,33,28,7,4,5,1,1,1,54,4,3,0,1,42,17,0,3,0,0,0,2,1,0,0,0,0,0,0,0,0,0,0,0,0,0,0,0,0,0,8,2,1,0,0,0,0,0,4,1,1,1,1,1,0,0,10,2,2,0,1,0,1,0,0,0,0
36 - Βοιωτίας,199 E.T. Δήμου Ορχομενού,444,287,6,2,8,279,125,38,20,8,22,10,62,7,13,19,2,6,5,1,2,1,60,0,0,1,3,54,6,0,2,0,0,0,3,2,0,0,0,0,0,1,0,0,0,0,0,0,0,0,0,0,0,10,3,1,1,0,0,0,0,0,0,0,0,0,0,0,0,6,2,1,0,0,0,0,0,1,0,0
36 - Βοιωτίας,200 E.T. Δήμου Ορχομενού,140,85,2,1,3,82,16,6,3,1,3,2,31,2,7,12,4,2,3,0,3,0,12,3,5,0,0,3,10,2,2,0,1,0,0,0,0,0,0,1,0,0,0,0,0,0,0,0,0,0,0,0,0,6,3,2,1,1,1,0,0,1,0,1,0,0,0,0,0,1,0,0,1,0,0,0,0,0,0,0
36 - Βοιωτίας,201 E.T. Δήμου Τανάγρας,150,100,0,0,0,100,31,4,10,11,2,1,45,12,0,5,1,23,2,0,2,0,15,4,1,0,7,0,3,0,0,0,0,1,1,0,1,0,0,0,0,0,0,0,0,0,0,0,0,0,0,0,0,3,2,0,0,0,0,0,0,0,0,0,0,0,0,0,0,0,0,0,0,0,0,0,0,0,0,0
36 - Βοιωτίας,202 E.T. Δήμου Τανάγρας,402,255,5,5,10,245,72,9,16,17,9,2,96,22,1,15,32,12,8,1,3,0,43,7,5,3,22,1,6,0,0,0,0,0,1,0,0,0,0,0,0,0,0,0,0,0,0,0,0,0,0,1,1,7,2,1,0,0,0,0,0,1,0,0,1,0,0,0,0,4,0,0,0,0,0,0,0,6,1,1
36 - Βοιωτίας,203 E.T. Δήμου Τανάγρας,331,222,1,2,3,219,51,1,7,9,13,4,121,28,4,16,43,19,6,2,2,1,15,5,1,1,7,1,7,2,3,0,0,0,0,0,0,0,0,0,0,0,0,0,0,0,0,0,0,0,0,0,0,9,2,4,0,1,0,0,0,1,0,0,0,0,0,0,0,3,0,0,0,2,1,1,0,3,0,0
36 - Βοιωτίας,204 E.T. Δήμου Τανάγρας,410,272,4,4,8,264,38,6,6,8,1,4,149,30,10,9,46,39,19,5,7,2,25,6,5,0,7,1,7,0,0,1,0,0,2,1,0,0,0,0,0,0,0,0,0,0,0,0,0,0,0,0,0,8,1,3,2,0,0,0,0,0,0,0,0,1,0,0,0,4,4,0,0,0,0,0,0,11,5,1
36 - Βοιωτίας,205 E.T. Δήμου Τανάγρας,358,251,5,3,8,243,60,3,10,19,3,4,106,9,10,13,26,33,16,4,4,0,16,3,4,1,4,1,7,0,0,7,0,0,2,0,0,0,0,0,0,0,0,0,0,0,0,0,0,0,0,0,0,20,7,1,1,0,0,0,0,2,0,0,1,0,0,0,0,8,0,1,0,2,0,0,1,4,1,1
36 - Βοιωτίας,206 E.T. Δήμου Τανάγρας,305,224,4,1,5,219,54,8,4,23,4,1,120,19,4,15,42,25,5,2,1,1,10,2,0,2,5,0,11,6,0,3,0,0,0,0,0,0,0,0,0,1,0,0,0,0,0,0,0,0,0,0,0,8,2,2,2,1,0,0,0,1,1,0,0,0,0,0,0,3,0,1,1,0,0,0,0,5,1,1
36 - Βοιωτίας,207 E.T. Δήμου Τανάγρας,414,291,1,1,2,289,118,26,23,23,2,10,65,20,10,8,7,11,11,1,6,2,12,3,3,1,1,3,61,0,2,53,0,0,1,1,0,0,0,0,0,1,0,0,0,0,0,0,0,0,0,0,0,11,1,3,3,0,0,0,0,0,0,0,0,0,0,0,0,6,1,3,0,0,0,0,0,3,1,1
36 - Βοιωτίας,208 E.T. Δήμου Τανάγρας,400,287,17,0,17,270,90,13,9,24,2,9,77,11,16,12,10,11,13,3,8,0,16,1,3,1,5,2,43,1,0,41,0,0,1,1,0,0,0,0,0,0,0,0,0,1,1,0,0,0,0,0,0,17,4,5,2,0,0,0,0,0,0,0,0,0,0,0,0,6,1,1,0,1,0,0,0,5,2,3
36 - Βοιωτίας,209 E.T. Δήμου Τανάγρας,401,285,0,0,0,285,110,7,20,33,18,19,82,22,12,15,6,14,4,2,1,0,13,3,1,2,6,0,44,3,0,40,1,0,3,0,1,0,0,0,0,1,0,0,1,3,0,2,0,1,0,0,0,13,3,4,3,1,0,0,0,0,0,0,0,0,0,0,0,7,1,3,3,1,0,1,0,3,0,1
36 - Βοιωτίας,210 E.T. Δήμου Τανάγρας,510,370,2,1,3,367,151,21,28,31,5,10,84,16,15,34,3,14,18,1,2,2,30,2,7,3,12,1,44,0,0,42,0,0,5,1,0,1,0,0,0,2,1,0,0,0,0,0,0,0,0,0,0,19,8,5,2,0,0,1,0,1,1,0,0,1,0,0,0,8,0,2,0,1,1,0,0,2,2,0
36 - Βοιωτίας,211 E.T. Δήμου Τανάγρας,511,362,1,2,3,359,146,19,27,33,19,11,80,14,14,15,18,7,15,2,7,1,22,5,1,1,11,2,63,0,0,56,2,0,6,1,0,0,2,0,0,0,0,0,0,0,0,0,0,0,0,0,0,16,5,2,1,0,0,0,0,1,0,0,0,2,1,1,0,7,1,4,0,0,0,0,0,1,0,0
36 - Βοιωτίας,212 E.T. Δήμου Τανάγρας,508,347,1,5,6,341,113,12,22,21,7,10,98,30,17,12,7,7,17,4,5,0,18,3,1,4,6,0,56,0,0,47,1,0,6,3,0,0,0,0,0,0,0,0,0,0,0,0,0,0,0,0,0,15,7,3,1,0,0,1,0,1,1,0,0,1,1,0,0,8,0,1,0,2,0,0,0,5,1,2
36 - Βοιωτίας,213 E.T. Δήμου Τανάγρας,402,280,1,1,2,278,78,5,8,34,9,5,117,36,7,18,29,9,18,0,10,2,17,1,0,0,11,2,22,0,0,14,0,0,2,0,0,0,0,0,0,0,0,0,0,0,0,0,0,0,0,0,0,12,3,0,2,1,0,0,0,0,0,0,0,1,0,1,0,8,1,3,1,2,1,0,0,0,0,0
36 - Βοιωτίας,214 E.T. Δήμου Τανάγρας,453,308,4,1,5,303,86,6,12,27,6,4,135,38,11,12,33,24,15,3,8,2,26,4,1,1,11,1,10,1,0,5,1,0,1,1,0,0,0,0,0,0,0,0,0,1,0,0,0,0,0,0,0,12,6,2,0,0,0,0,0,1,0,0,0,1,1,0,0,6,0,0,0,2,0,1,1,7,0,2
36 - Βοιωτίας,215 E.T. Δήμου Τανάγρας,490,335,6,2,8,327,126,11,15,41,16,7,115,50,6,12,18,17,16,5,7,1,25,4,2,1,13,2,13,0,0,9,0,1,5,1,3,0,0,0,0,0,0,0,0,1,0,0,0,0,1,0,0,11,6,1,1,0,0,0,0,1,1,0,0,0,0,0,0,6,0,1,2,3,1,1,0,5,0,3
36 - Βοιωτίας,216 E.T. Δήμου Τανάγρας,437,285,4,4,8,277,86,8,12,29,10,1,100,43,6,7,22,11,14,9,5,0,18,2,1,1,9,0,18,2,0,14,0,0,1,0,0,0,0,0,0,0,0,0,0,0,0,0,0,0,0,0,0,19,10,2,1,2,2,0,0,3,0,1,1,1,0,1,0,10,0,3,2,2,1,0,0,3,0,2
36 - Βοιωτίας,217 E.T. Δήμου Τανάγρας,353,218,4,1,5,213,49,1,4,18,5,1,84,25,5,7,23,13,20,2,9,4,20,4,0,0,11,1,13,0,0,8,0,0,0,0,0,0,0,0,0,1,0,0,0,0,0,0,0,0,0,0,0,7,2,0,0,0,0,0,0,0,0,0,0,5,0,0,1,5,2,0,0,2,1,0,0,7,0,3
36 - Βοιωτίας,218 E.T. Δήμου Τανάγρας,362,231,0,1,1,230,70,5,6,26,16,3,87,26,4,4,28,10,15,2,5,2,17,4,2,1,6,0,16,0,0,5,1,2,5,0,1,1,0,0,0,0,0,0,0,1,0,0,0,0,1,0,0,9,3,1,1,0,0,0,0,0,0,0,0,2,0,1,0,4,0,1,1,0,0,0,0,4,2,0
36 - Βοιωτίας,219 E.T. Δήμου Τανάγρας,454,257,2,0,2,255,70,3,4,25,7,3,101,18,8,6,30,12,28,6,12,0,14,2,0,0,6,1,10,0,0,3,1,0,4,1,1,1,0,0,0,1,0,0,0,0,0,0,0,0,0,0,0,8,2,1,1,0,0,0,0,2,1,0,0,1,1,0,0,8,2,0,2,0,0,0,0,8,2,3
36 - Βοιωτίας,220 E.T. Δήμου Τανάγρας,382,265,4,2,6,259,73,1,0,66,1,0,128,39,11,12,22,25,17,1,4,3,12,3,0,1,3,1,5,2,0,1,0,0,1,1,0,0,0,0,0,2,0,0,0,0,0,0,0,0,0,0,0,8,1,1,0,0,0,0,0,0,0,0,0,1,0,0,0,9,2,3,0,0,0,0,0,3,0,1
36 - Βοιωτίας,221 E.T. Δήμου Τανάγρας,541,387,9,4,13,374,91,6,18,24,8,5,150,56,7,24,26,7,30,8,12,2,18,2,1,1,10,0,19,0,0,6,2,0,1,1,0,0,0,0,0,2,1,0,0,1,0,0,0,0,0,0,0,23,5,5,2,0,0,0,0,12,10,0,2,1,0,0,1,19,1,7,1,0,0,0,0,7,1,4
36 - Βοιωτίας,222 E.T. Δήμου Τανάγρας,538,402,4,2,6,396,100,14,11,10,18,11,151,48,9,22,36,17,21,3,8,0,37,5,6,0,20,2,27,4,0,13,0,1,7,1,4,0,0,0,0,1,0,0,0,0,0,0,0,0,0,0,0,14,7,1,3,1,0,0,0,3,1,1,0,3,1,0,1,16,0,7,0,2,0,0,0,13,2,6
36 - Βοιωτίας,223 E.T. Δήμου Τανάγρας,549,395,4,4,8,387,96,5,19,21,17,4,135,37,8,20,21,21,15,4,2,2,55,5,1,3,40,0,15,0,0,4,1,0,6,1,0,1,0,1,0,3,1,0,0,2,0,1,0,0,1,0,0,19,7,0,1,0,0,0,0,6,5,0,0,0,0,0,0,19,4,6,0,3,1,0,0,12,0,2
36 - Βοιωτίας,224 E.T. Δήμου Τανάγρας,532,385,7,7,14,371,95,11,9,16,10,13,194,57,16,27,8,25,8,2,2,1,22,6,2,1,7,1,12,3,0,6,0,0,2,1,0,0,0,0,0,0,0,0,0,2,2,0,0,0,0,0,0,6,3,0,1,0,0,0,0,6,5,0,0,0,0,0,0,12,3,5,1,3,1,1,1,9,2,3
36 - Βοιωτίας,225 E.T. Δήμου Τανάγρας,530,352,1,0,1,351,94,8,20,13,5,10,157,33,3,39,50,11,12,2,4,2,25,5,3,0,13,2,11,2,0,4,0,0,2,1,0,0,0,0,0,1,0,0,0,0,0,0,0,0,0,0,0,23,7,2,7,0,0,0,0,3,1,1,1,1,0,1,0,13,2,4,2,2,0,0,0,7,1,2
36 - Βοιωτίας,226 E.T. Δήμου Τανάγρας,546,371,1,0,1,370,117,8,20,33,13,10,118,58,2,14,31,9,14,2,4,3,46,5,6,3,22,3,21,0,0,5,3,3,4,0,1,0,0,0,0,0,0,0,0,1,0,0,0,0,1,0,0,17,6,5,5,0,0,0,0,8,8,0,0,2,0,0,2,17,4,8,0,1,1,0,0,4,1,1
36 - Βοιωτίας,227 E.T. Δήμου Τανάγρας,396,272,4,3,7,265,61,4,7,10,7,11,133,28,4,18,40,30,14,2,3,1,37,6,0,2,26,1,5,2,0,0,0,1,5,1,0,0,0,0,0,0,0,0,0,0,0,0,0,0,0,1,1,2,0,0,1,0,0,0,0,0,0,0,0,0,0,0,0,5,0,1,0,0,0,0,0,2,1,0
36 - Βοιωτίας,228 E.T. Δήμου Τανάγρας,419,299,6,3,9,290,71,5,5,14,8,12,142,12,5,10,54,37,6,0,1,0,36,11,0,0,22,0,7,0,0,1,0,0,1,0,0,0,0,0,0,0,0,0,0,1,1,0,0,0,0,0,0,10,2,2,1,3,0,0,0,3,0,0,1,1,0,0,1,5,0,1,1,1,0,0,1,3,2,1
36 - Βοιωτίας,229 E.T. Δήμου Τανάγρας,435,299,5,1,6,293,60,2,7,16,5,7,174,32,10,32,50,25,10,0,6,0,18,2,1,0,12,0,5,0,0,0,0,0,4,0,1,0,0,0,0,2,0,0,1,1,0,0,0,0,0,0,0,7,5,0,0,0,0,0,0,0,0,0,0,0,0,0,0,8,2,3,1,2,0,0,0,2,0,1
36 - Βοιωτίας,230 E.T. Δήμου Τανάγρας,422,297,8,0,8,289,68,5,9,29,11,5,144,32,10,30,39,18,9,0,2,1,35,4,1,0,23,3,11,0,0,1,0,1,3,0,1,0,0,0,0,2,1,0,0,0,0,0,0,0,0,0,0,3,1,0,1,0,0,0,0,4,1,0,0,1,0,0,0,2,0,1,0,4,1,0,1,3,0,1
36 - Βοιωτίας,231 E.T. Δήμου Τανάγρας,489,341,4,1,5,336,64,3,7,20,8,9,167,32,21,29,46,24,17,0,11,2,31,7,2,2,14,1,15,7,0,3,1,2,2,1,0,0,0,0,0,1,0,0,0,0,0,0,0,0,0,0,0,9,5,2,0,0,0,0,0,1,0,0,0,1,0,0,0,9,1,2,0,15,0,0,14,4,1,2
36 - Βοιωτίας,232 E.T. Δήμου Τανάγρας,285,279,4,1,5,274,63,6,4,10,14,6,133,38,7,5,11,11,14,3,2,1,16,0,2,3,6,2,12,0,0,2,0,2,2,0,1,0,1,0,0,0,0,0,0,0,0,0,0,0,0,0,0,12,3,3,1,0,0,0,0,4,0,0,0,0,0,0,0,13,0,1,4,2,0,0,0,3,0,0
36 - Βοιωτίας,233 E.T. Δήμου Τανάγρας,341,302,3,1,4,298,63,8,6,9,13,7,150,45,4,17,46,9,10,2,4,0,17,1,1,3,3,1,13,3,0,4,0,0,5,0,0,0,0,0,0,0,0,0,0,0,0,0,0,0,0,1,1,16,6,3,1,1,1,0,0,4,1,0,0,2,0,2,0,7,0,0,1,1,0,0,0,8,1,4
36 - Βοιωτίας,Ετερ. Βοιωτίας (από Εφετείο Θεσσαλονίκης),48,34,0,0,0,34,11,1,3,0,3,0,13,3,3,5,0,2,0,0,0,0,3,1,0,0,0,0,0,0,0,0,0,0,0,0,0,0,0,0,0,0,0,0,0,0,0,0,0,0,0,0,0,5,2,2,1,0,0,0,0,0,0,0,0,0,0,0,0,1,0,0,0,0,0,0,0,1,0,0
36 - Βοιωτίας,"ΚΕΝΤΡΟ ΑΠΕΞΑΡΤΗΣΗΣ ΤΟΞΙΚΟΜΑΝΩΝ ΚΡΑΤΟΥΜΕΝΩΝ 32200, ΕΛΑΙΩΝΑΣ",17,17,0,0,0,17,14,4,3,1,3,1,2,0,1,0,1,0,0,0,0,0,1,1,0,0,0,0,0,0,0,0,0,0,0,0,0,0,0,0,0,0,0,0,0,0,0,0,0,0,0,0,0,0,0,0,0,0,0,0,0,0,0,0,0,0,0,0,0,0,0,0,0,0,0,0,0,0,0,0
36 - Βοιωτίας,"ΚΑΤΑΣΤΗΜΑ ΚΡΑΤΟΥΜΕΝΩΝ ΓΥΝΑΙΚΩΝ 32200, ΕΛΑΙΩΝΑΣ",111,100,10,0,10,90,76,14,5,6,4,4,10,1,2,0,1,2,1,0,0,0,1,0,0,0,0,0,0,0,0,0,0,0,0,0,0,0,0,0,0,0,0,0,0,0,0,0,0,0,0,0,0,1,0,0,0,0,0,0,0,0,0,0,0,0,0,0,0,0,0,0,0,0,0,0,0,1,1,0
36 - Βοιωτίας,Ετερ. Βοιωτίας (από 31ο Ε.Τ. Νομ. Αττικής-Αθηνών),536,293,6,2,8,285,90,7,18,7,16,5,109,11,8,39,14,12,9,1,1,1,25,4,4,6,2,1,22,0,4,0,2,3,0,0,0,0,0,1,1,4,0,1,0,0,0,0,0,0,0,0,0,4,0,1,0,1,0,0,0,3,1,0,0,0,0,0,0,10,0,1,3,1,0,0,0,6,1,3
Σύνολο,,106733,66821,824,451,1275,65546,21159,1964,3584,2009,6144,2466,23752,4224,4003,5238,4459,2655,2114,219,1026,209,6355,838,931,459,2185,991,4595,219,1033,454,409,949,646,144,131,33,47,25,4,256,59,34,48,160,62,18,27,14,11,51,20,2218,671,458,282,84,35,43,16,367,95,77,56,226,28,22,117,2233,445,598,221,320,64,19,60,942,156,333
