ΠΕΡΙΦΕΡΕΙΑ,ΕΚΛΟΓΙΚΟ ΤΜΗΜΑ,ΕΓΓΕΓΡΑΜΜΕΝΟΙ,ΨΗΦΙΣΑΝΤΕΣ,ΑΚΥΡΑ,ΛΕΥΚΑ,ΑΚΥΡΑ & ΛΕΥΚΑ,ΕΓΚΥΡΑ,ΣΥΡΙΖΑ,ΑΝΑΣΤΑΣΙΑΔΗΣ ΓΕΩΡΓΙΟΣ του Μιχαήλ,ΓΑΚΗΣ ΔΗΜΗΤΡΙΟΣ του Θωμά,ΓΙΑΝΝΑΡΟΥ ΣΤΥΛΙΑΝΗ του Νικολάου,ΓΚΑΣΟΥΚΑ ΜΑΡΙΑ του Αντωνίου,ΚΑΜΑΤΕΡΟΣ ΗΛΙΑΣ του Ιωάννη,ΜΟΣΧΟΝΑ ΑΝΝΥ του Ιωάννη,ΣΑΝΤΟΡΙΝΙΟΣ ΝΕΚΤΑΡΙΟΣ του Κωνσταντίνου,Νέα Δημοκρατία,ΓΙΑΝΝΙΚΟΥΡΗΣ ΑΝΤΩΝΙΟΣ του Εμμανουήλ,ΙΑΤΡΙΔΗ ΤΣΑΜΠΙΚΑ (ΜΙΚΑ) του Ιωάννη,ΚΟΝΣΟΛΑΣ ΕΜΜΑΝΟΥΗΛ (ΜΑΝΟΣ) του Νικία,ΜΑΥΡΟΓΑΛΟΥ ΕΛΕΝΗ του Διονυσίου,ΠΑΠΠΑΣ ΙΩΑΝΝΗΣ του Κωνσταντίνου,ΥΨΗΛΑΝΤΗΣ ΒΑΣΙΛΕΙΟΣ-ΝΙΚΟΛΑΟΣ του Αναστασίου,Λαϊκός Σύνδεσμος - Χρυσή Αυγή,ΑΝΩΓΕΙΑΝΑΚΗΣ ΝΙΚΟΛΑΟΣ του Εμμανουήλ,ΑΤΤΙΤΗΣ ΝΙΚΟΛΑΟΣ του Μερκουρίου-Μιχαήλ,ΚΩΣΤΑ ΕΙΡΗΝΗ του Παντελεήμων,ΤΖΕΛΕΠΙΔΗ ΣΤΑΜΑΤΙΑ-ΔΗΜΗΤΡΑ του Απόστολου,ΧΡΙΣΤΟΔΟΥΛΟΥ ΕΥΑΓΓΕΛΟΣ του Μιχαήλ,Κίνημα Αλλαγής,ΓΑΒΑΛΑ ΚΑΤΕΡΙΝΑ του Νικολάου,ΚΑΛΟΠΗΤΑΣ ΤΣΑΜΠΙΚΟΣ-ΒΑΪΟΣ του Νικολάου,ΚΡΕΜΑΣΤΙΝΟΣ ΔΗΜΗΤΡΙΟΣ του Θωμά,ΜΠΑΚΡΥΣΙΩΡΗΣ ΣΑΡΑΝΤΟΣ του Αποστόλου,ΠΑΠΑΖΑΧΑΡΙΟΥ ΜΑΡΙΑ του Ιωάννη,ΦΤΑΚΛΑΚΗ ΠΑΡΑΣΚΕΥΗ-ΕΛΕΥΘΕΡΙΑ (ΛΙΤΣΑ) του Παναγιώτη,ΧΑΝΙΩΤΗΣ ΜΙΧΑΗΛ του Φραγκίσκου,Κ.Κ.Ε.,ΓΟΥΡΛΑ ΔΕΣΠΟΙΝΑ του Νικολάου,ΚΟΥΝΤΟΥΡΗ ΘΕΑΝΩ του Εμμανουήλ,ΚΡΙΑΡΑΣ ΣΤΥΛΙΑΝΟΣ του Παύλου,ΜΑΚΡΗ ΚΥΡΙΑΚΗ (ΚΙΚΗ) του Νικολάου,ΠΑΠΑΚΩΝΣΤΑΝΤΙΝΟΥ ΚΛΕΟΒΟΥΛΟΣ του Νικολάου,ΠΟΤΣΟΣ ΚΑΛΕΤΟΣ (ΤΑΚΗΣ) του Κωνσταντίνου,ΦΡΑΖΗΣ ΝΙΚΟΛΑΟΣ-ΝΕΚΤΑΡΙΟΣ του Γεωργίου,Ένωση Κεντρώων,ΓΑΛΑΝΑΚΗΣ ΗΛΙΑΣ του Ιωάννη,ΓΙΑΝΝΑΚΟΠΟΥΛΟΣ ΑΡΙΣΤΟΜΕΝΗΣ του Ιωάννη,ΔΟΥΛΚΕΡΙΔΟΥ ΠΑΡΑΣΚΕΥΗ του Γεωργίου,ΚΑΤΣΑΡΟΣ ΜΙΧΑΗΛ του Κωνσταντίνου,ΛΑΜΠΡΙΑΝΟΣ ΛΑΜΠΡΟΣ του Νικολάου,ΜΙΧΕΛΗ ΜΑΡΙΑ του Εμμανουήλ,Ο.Κ.Δ.Ε.,ΙΩΑΝΝΙΔΗΣ ΣΤΕΦΑΝΟΣ του Διογένη,ΑΝΤ.ΑΡ.ΣΥ.Α.,ΒΑΦΕΙΑΔΟΥ ΠΑΝΑΓΙΩΤΑ-ΕΥΤΕΡΠΗ του Χρήστου,ΚΥΠΡΙΩΤΗΣ ΛΑΜΠΡΟΣ του Μιχαήλ,Ελλήνων Συνέλευσις,ΗΡΑΚΛΕΙΔΗΣ ΕΥΑΓΓΕΛΟΣ του Νικολάου,ΚΑΛΑΒΡΙΑ ΓΕΩΡΓΙΑ` του Μιχαήλ,ΜΟΣΚΙΟΥ ΣΕΒΑΣΤΗ του Αντωνίου,ΜΠΕΛΕΓΡΗΣ ΣΩΤΗΡΙΟΣ-ΣΑΒΒΑΣ του Ηλία,ΠΑΠΑΔΟΠΟΥΛΟΥ ΠΑΡΘΕΝΑ του Αντωνίου,ΦΕΛΕΚΗΣ ΚΩΝΣΤΑΝΤΙΝΟΣ του Παναγιώτη,ΧΑΤΖΗΔΗΜΗΤΡΙΟΥ ΕΜΜΑΝΟΥΗΛ του Ευσταθίου,Ελληνική Λύση - Κ. Βελόπουλος,ΓΑΒΑΛΑΣ ΧΑΡΑΛΑΜΠΟΣ-ΙΩΑΝΝΗΣ του Γεωργίου,ΙΣΚΑΣ ΙΩΑΝΝΗΣ του Κυριάκου,ΜΑΝΟΥΣΟΥ ΕΛΕΝΗ του Δαμιανού,ΠΑΠΟΥΤΣΗΣ ΚΩΝΣΤΑΝΤΙΝΟΣ του Στεφάνου,ΦΑΙΝΕΚΟΥ ΔΙΟΝΥΣΙΑ του Ευθυμίου,Κ.Κ.Ε. (μ-λ),ΒΛΑΧΟΣ ΚΩΝΣΤΑΝΤΙΝΟΣ του Γεωργίου,Μ-Λ Κ.Κ.Ε.,ΑΜΑΛΛΟΥ ΘΕΜΙΣ του Αναστασίου,Ε.ΠΑ.Μ - Α.Κ.Κ.ΕΛ,ΚΑΠΕΡΩΝΗ ΚΟΡΙΝΑ του Ευσταθίου,ΧΑΡΑΛΑΜΠΙΔΗΣ ΑΛΕΞΙΟΣ του Γεωργίου,Λαϊκή Ενότητα,ΚΛΑΔΟΓΕΝΗ ΜΑΡΙΑ- ΕΛΙΣΑΒΕΤ του Παναγιώτη,ΜΩΡΑΚΗΣ ΠΑΝΑΓΙΩΤΗΣ του Μάρκου,ΠΑΠΑΓΕΩΡΓΙΟΥ ΔΗΜΗΤΡΙΟΣ του Σάββα,ΜέΡΑ25,ΒΟΓΙΑΤΖΗΣ ΙΩΑΝΝΗΣ του Ιωάννη,ΚΑΝΕΤΑΚΗΣ ΓΕΩΡΓΙΟΣ του Θεμιστοκλή,ΚΟΔΕΛΛΑ ΘΕΟΔΩΡΑ του Ηλία,ΚΟΥΤΡΗ ΕΛΕΝΗ του Ιωάννη,ΜΠΑΡΑΚΑΣ ΑΘΑΝΑΣΙΟΣ του Αντωνίου,Δημιουργία ξανά - Θ. Τζήμερος,ΑΜΠΡΙΚΙΔΟΥ ΚΩΝΣΤΑΝΤΙΑ του Επαμεινώνδα,ΑΝΔΡΙΩΤΗ ΧΡΙΣΤΙΑΝΗ του Πέτρου,ΑΣΗΜΕΛΛΗΣ ΓΕΩΡΓΙΟΣ του Σταύρου,ΒΡΟΥΒΑΣ ΓΕΩΡΓΙΟΣ του Αντωνίου,ΛΟΣΤΡΟΜΟΣ ΗΛΙΑΣ του Αντωνίου,Πλεύση Ελευθερίας - Ζωή Κωνστ.,ΠΑΝΑΗ ΕΥΑΓΓΕΛΙΑ του Μιχαήλ,ΣΑΒΒΙΔΑΚΗΣ ΚΩΝΣΤΑΝΤΙΝΟΣ του Νικολάου
52 - Δωδεκανήσου,1 E.T. Δήμου Αγαθονησίου,265,145,0,5,5,140,37,4,10,0,1,9,0,23,70,14,11,37,15,13,21,7,2,0,1,0,1,12,1,0,11,0,0,0,6,2,2,0,0,2,0,0,0,0,0,0,0,0,0,0,0,0,0,0,0,0,0,0,0,0,0,0,0,4,2,1,0,0,0,0,0,0,0,5,0,4,0,0,0,0,2,1,0,0,0,0,1,0,1,1,0,0,0,0,0
52 - Δωδεκανήσου,2 E.T. Δήμου Αστυπάλαιας,491,251,3,4,7,244,83,12,17,49,1,16,4,24,116,12,25,58,14,46,50,0,0,0,0,0,0,19,5,1,12,1,0,9,2,4,0,0,0,2,0,0,1,0,0,0,0,0,0,0,0,0,0,0,0,2,0,0,0,0,0,0,0,4,3,0,2,0,1,0,0,0,0,0,0,0,1,1,0,1,11,2,2,3,6,0,0,0,0,0,0,0,4,1,0
52 - Δωδεκανήσου,3 E.T. Δήμου Αστυπάλαιας,520,260,1,4,5,255,91,7,21,67,7,14,3,35,98,15,22,42,8,40,40,3,0,1,0,0,0,33,8,2,21,0,2,13,11,5,1,1,1,0,0,0,2,1,0,0,0,1,1,0,0,0,5,2,1,2,0,0,0,0,1,1,2,2,1,0,1,1,1,0,0,0,0,0,0,0,1,1,0,0,8,3,3,1,1,0,1,0,0,0,0,0,5,4,4
52 - Δωδεκανήσου,4 E.T. Δήμου Αστυπάλαιας,505,248,1,1,2,246,81,8,18,50,3,21,6,28,115,19,36,67,11,21,56,6,4,2,2,0,2,18,5,3,15,0,1,4,3,3,1,1,0,2,0,1,0,0,0,0,0,0,0,0,0,0,1,1,0,1,0,0,0,0,0,0,0,9,3,1,4,1,7,0,0,0,0,0,0,0,1,1,1,0,4,2,1,0,0,1,0,0,0,0,0,0,7,6,5
52 - Δωδεκανήσου,5 E.T. Δήμου Αστυπάλαιας,435,237,4,2,6,231,89,6,22,53,4,19,5,25,93,8,18,40,6,24,40,1,0,0,0,0,0,28,10,1,17,0,0,11,10,2,0,0,1,0,0,0,1,0,0,0,0,0,0,0,0,0,2,1,1,0,0,0,0,0,0,0,0,6,2,1,2,1,0,0,0,0,0,0,0,0,0,0,0,0,8,3,0,1,1,1,0,0,0,0,0,0,2,1,1
52 - Δωδεκανήσου,6 E.T. Δήμου Καλυμνίων,553,249,3,3,6,243,86,12,15,7,2,26,6,47,91,21,28,29,5,22,36,10,1,2,7,0,5,16,13,0,6,0,0,0,1,4,3,0,0,2,0,0,0,3,1,2,1,0,0,0,0,0,0,0,0,0,0,0,0,0,0,0,0,23,20,0,2,7,2,0,0,0,0,0,0,0,1,0,0,0,1,0,0,0,0,0,3,1,2,1,1,0,5,5,4
52 - Δωδεκανήσου,7 E.T. Δήμου Καλυμνίων,568,212,3,3,6,206,67,13,8,5,7,27,5,39,89,37,26,38,9,16,37,2,0,0,1,0,2,14,10,0,5,1,1,1,0,9,7,0,2,1,1,0,1,3,0,0,0,0,0,0,0,0,1,0,0,1,0,0,0,0,0,0,0,11,9,1,2,2,0,0,0,0,0,1,0,0,0,0,0,0,5,2,0,2,2,1,0,0,0,0,0,0,3,0,0
52 - Δωδεκανήσου,8 E.T. Δήμου Καλυμνίων,567,246,3,0,3,243,72,9,9,3,7,34,9,31,88,15,38,38,5,16,32,4,0,0,2,0,0,22,17,1,9,0,2,0,0,11,11,0,1,5,0,0,3,3,1,0,0,1,0,0,1,0,0,0,0,1,0,0,0,0,0,0,0,31,24,3,3,6,1,0,0,0,0,2,0,0,1,0,0,0,5,1,0,1,3,1,0,0,0,0,0,0,2,0,0
52 - Δωδεκανήσου,9 E.T. Δήμου Καλυμνίων,545,213,2,1,3,210,85,10,20,2,4,26,3,53,65,15,19,18,6,11,30,5,0,0,3,2,1,14,13,0,6,0,0,2,2,11,8,0,0,3,0,0,0,2,2,0,0,0,1,1,0,0,0,0,0,0,0,0,0,0,0,0,0,15,13,0,3,2,3,1,1,0,0,4,4,0,1,1,0,1,4,1,1,1,2,0,1,1,1,0,0,0,2,1,1
52 - Δωδεκανήσου,10 E.T. Δήμου Καλυμνίων,568,189,4,1,5,184,52,10,24,4,2,11,11,26,81,19,27,41,10,25,31,5,1,0,3,0,2,18,15,0,12,0,1,5,1,4,3,0,2,0,0,0,0,3,1,2,0,1,0,0,0,0,1,0,0,0,0,0,0,0,0,0,0,15,15,0,2,4,0,0,0,0,0,0,0,0,1,0,0,1,2,1,0,0,1,0,1,0,0,0,0,0,1,1,0
52 - Δωδεκανήσου,11 E.T. Δήμου Καλυμνίων,544,243,5,1,6,237,79,11,20,7,3,25,5,30,71,11,23,37,1,7,38,11,2,2,6,0,7,29,17,0,12,2,0,2,1,12,8,1,2,3,0,0,0,1,1,1,0,0,0,0,0,0,0,0,0,0,0,0,0,0,0,0,0,20,18,3,2,2,0,0,0,0,0,0,0,0,1,0,0,0,7,3,1,2,3,0,1,0,1,0,0,1,5,1,0
52 - Δωδεκανήσου,12 E.T. Δήμου Καλυμνίων,536,187,4,3,7,180,50,9,5,7,3,16,3,21,71,11,16,23,10,15,39,0,0,0,0,0,0,22,15,0,13,0,1,2,0,4,4,0,0,0,1,0,0,4,1,2,0,0,1,0,0,0,0,0,0,1,0,1,0,0,0,1,0,11,6,3,0,3,1,0,0,0,0,5,4,4,0,0,0,0,6,4,2,2,1,1,2,0,0,0,0,0,4,2,3
52 - Δωδεκανήσου,13 E.T. Δήμου Καλυμνίων,530,196,3,0,3,193,43,10,5,5,2,12,8,19,90,17,12,37,13,11,43,5,3,1,2,0,3,21,18,2,9,0,0,2,0,4,4,1,0,2,0,0,0,3,2,1,1,1,0,1,0,0,2,0,0,1,1,0,0,0,0,0,0,15,13,0,2,5,0,0,0,0,0,1,0,1,0,0,0,0,5,4,0,1,1,1,0,0,0,0,0,0,3,0,0
52 - Δωδεκανήσου,14 E.T. Δήμου Καλυμνίων,525,207,0,1,1,206,46,4,5,2,1,22,6,17,123,14,25,41,10,33,70,5,0,0,0,0,0,11,9,0,4,1,0,0,0,5,5,1,0,2,0,0,0,0,0,0,0,0,0,0,0,0,0,0,0,0,0,0,0,0,0,0,0,14,11,2,2,3,2,0,0,0,0,0,0,0,0,0,0,0,0,0,0,0,0,0,0,0,0,0,0,0,2,0,0
52 - Δωδεκανήσου,15 E.T. Δήμου Καλυμνίων,532,200,5,0,5,195,70,7,12,3,2,18,1,30,72,17,15,23,4,18,36,6,0,0,0,0,0,10,10,2,4,0,0,0,0,5,5,0,0,3,0,0,0,2,0,0,0,0,0,0,0,0,0,0,0,0,0,0,0,0,0,0,0,19,15,0,1,3,1,0,0,0,0,0,0,0,2,0,0,0,3,2,0,0,0,1,1,0,0,0,0,0,5,0,0
52 - Δωδεκανήσου,16 E.T. Δήμου Καλυμνίων,527,278,11,9,20,258,86,16,9,10,2,29,5,46,81,18,22,20,12,16,31,20,7,3,5,3,7,18,14,0,9,2,2,0,0,4,4,1,0,1,0,0,0,1,0,1,0,1,0,0,0,0,1,0,0,0,0,0,0,0,0,0,0,19,13,1,2,5,0,0,0,0,0,4,0,0,3,0,0,0,10,6,2,1,3,3,4,1,0,1,0,0,7,3,2
52 - Δωδεκανήσου,17 E.T. Δήμου Καλυμνίων,533,228,4,3,7,221,79,17,10,12,6,20,5,36,101,18,24,32,7,22,46,7,1,1,2,1,3,11,11,0,3,1,1,0,0,4,2,0,0,1,0,0,0,1,0,0,0,0,0,0,0,0,0,0,0,1,0,0,0,0,0,0,0,8,4,2,3,0,1,1,0,0,0,1,0,0,0,0,0,0,6,0,0,2,1,1,0,0,0,0,0,0,1,0,0
52 - Δωδεκανήσου,18 E.T. Δήμου Καλυμνίων,518,210,4,0,4,206,53,3,5,7,3,24,3,28,95,22,13,33,13,22,37,10,4,3,3,1,3,19,15,1,9,1,0,1,0,8,6,0,1,4,0,0,1,3,1,1,0,0,0,0,0,0,0,0,0,0,0,0,0,0,0,0,0,15,8,1,0,0,1,1,0,0,0,0,0,0,0,0,0,0,1,1,0,0,0,1,0,0,0,0,0,0,1,1,1
52 - Δωδεκανήσου,19 E.T. Δήμου Καλυμνίων,523,197,2,1,3,194,68,9,14,7,5,27,5,32,63,12,22,24,4,12,30,7,2,0,2,2,2,13,8,1,6,1,0,2,1,8,7,1,1,4,0,0,1,3,0,2,0,0,0,1,0,0,0,0,0,0,0,0,0,0,0,0,0,17,10,2,6,4,3,0,0,0,0,2,1,2,1,1,1,0,6,3,3,1,2,0,0,0,0,0,0,0,6,6,4
52 - Δωδεκανήσου,20 E.T. Δήμου Καλυμνίων,510,244,0,0,0,244,83,12,17,49,1,16,4,24,104,12,25,58,14,46,50,8,0,0,0,0,0,10,5,1,10,1,0,2,1,6,0,0,0,2,0,0,1,6,0,0,0,0,0,0,0,0,2,0,0,0,0,0,0,0,0,0,0,8,3,0,2,0,1,0,0,0,0,2,0,0,0,0,0,0,8,2,2,3,6,0,1,0,0,0,0,0,6,1,0
52 - Δωδεκανήσου,21 E.T. Δήμου Καλυμνίων,524,201,0,1,1,200,64,8,5,4,9,18,5,35,72,16,18,19,7,7,35,5,0,1,5,2,1,15,15,1,8,0,0,0,1,17,10,2,4,4,0,0,1,1,1,0,0,1,0,0,0,0,1,1,0,1,1,0,1,0,0,0,0,10,6,1,2,2,2,0,0,0,0,1,0,1,1,1,0,0,10,2,0,1,1,3,0,0,0,0,0,0,2,2,2
52 - Δωδεκανήσου,22 E.T. Δήμου Καλυμνίων,553,218,5,3,8,210,68,16,11,8,3,23,2,38,79,19,21,31,10,16,30,11,6,1,7,1,3,20,16,1,9,0,0,1,0,9,6,2,1,1,0,1,1,6,0,2,2,0,0,1,0,0,0,0,0,0,0,0,0,0,0,0,0,11,8,1,2,2,1,0,0,0,0,1,1,1,0,0,0,0,3,1,0,1,1,0,1,0,1,1,0,0,1,1,1
52 - Δωδεκανήσου,23 E.T. Δήμου Καλυμνίων,532,219,3,1,4,215,80,10,18,4,3,19,10,48,75,18,19,29,10,12,34,2,1,0,2,0,1,26,22,3,12,0,0,0,1,9,9,1,1,1,0,0,0,3,1,2,0,1,1,0,0,0,0,0,0,1,0,0,0,0,0,1,1,12,8,0,1,4,1,0,0,0,0,0,0,0,1,1,1,0,2,1,0,1,1,1,1,0,0,0,0,0,3,3,3
52 - Δωδεκανήσου,24 E.T. Δήμου Καλυμνίων,566,205,10,1,11,194,78,5,16,5,8,32,5,44,69,15,16,23,9,20,30,6,2,1,4,0,2,8,7,0,5,0,1,0,0,5,5,0,2,2,0,0,0,1,0,1,0,0,0,0,0,0,1,0,0,2,0,0,1,0,1,1,1,16,9,1,2,5,0,0,0,0,0,6,3,3,1,0,1,1,0,0,0,0,0,0,0,0,0,0,0,0,1,1,0
52 - Δωδεκανήσου,25 E.T. Δήμου Καλυμνίων,551,190,1,1,2,188,57,4,12,4,3,28,4,31,73,14,16,23,4,20,30,7,2,1,2,0,3,6,5,0,3,0,0,0,0,26,18,2,0,10,0,1,1,3,0,2,0,0,0,2,0,0,0,0,0,0,0,0,0,0,0,0,0,13,10,1,2,4,0,0,0,0,0,1,0,0,0,0,0,0,1,0,0,0,0,0,0,0,0,0,0,0,1,1,1
52 - Δωδεκανήσου,26 E.T. Δήμου Καλυμνίων,548,224,6,1,7,217,86,6,13,7,7,30,5,30,89,19,17,26,17,29,53,6,0,0,0,0,0,11,10,0,6,0,1,1,0,5,4,0,0,3,0,0,0,3,0,0,0,0,0,0,0,0,1,0,0,0,0,0,0,0,0,0,0,7,0,0,0,0,0,0,0,0,0,0,0,0,0,0,0,0,7,2,0,2,2,0,0,0,0,0,0,0,2,0,0
52 - Δωδεκανήσου,27 E.T. Δήμου Καλυμνίων,520,185,2,1,3,182,71,12,18,1,8,21,3,32,58,9,16,19,9,12,18,6,1,0,1,0,0,14,10,1,6,0,0,0,0,8,3,1,0,0,0,0,0,1,0,0,0,0,0,0,0,0,0,0,0,4,0,0,0,1,0,4,2,14,12,1,0,2,0,0,0,0,0,1,0,0,0,0,0,0,3,0,0,0,1,1,1,0,1,1,0,0,1,0,1
52 - Δωδεκανήσου,28 E.T. Δήμου Καλυμνίων,519,208,6,0,6,202,73,7,16,3,5,20,3,29,71,16,13,36,8,9,29,3,0,0,2,2,0,12,8,0,9,0,0,2,0,2,2,0,0,0,0,0,0,5,1,1,0,0,0,2,0,0,0,0,0,2,0,1,0,0,0,2,1,21,10,1,3,4,1,0,0,1,0,3,0,2,0,0,0,0,3,1,0,0,1,1,2,0,0,1,0,0,4,2,2
52 - Δωδεκανήσου,29 E.T. Δήμου Καλυμνίων,537,233,5,4,9,224,84,9,13,11,13,30,5,43,71,15,20,31,9,9,33,5,3,1,2,0,2,23,20,0,11,0,1,2,0,8,5,0,0,2,0,0,1,6,1,2,1,1,0,3,0,0,0,0,0,0,0,0,0,0,0,0,0,19,16,2,2,6,1,0,0,0,0,2,2,2,0,0,0,0,5,0,1,2,2,0,0,0,0,0,0,0,1,1,1
52 - Δωδεκανήσου,30 E.T. Δήμου Καλυμνίων,518,187,1,4,5,182,55,13,13,4,5,17,3,32,67,15,19,26,9,13,29,10,3,4,6,0,3,20,19,0,14,0,2,0,0,4,3,1,0,0,0,0,0,2,1,1,1,0,1,0,0,0,1,0,0,1,0,0,0,0,0,0,0,15,14,1,4,4,1,0,0,1,0,0,0,0,1,0,0,1,3,1,0,2,2,1,1,1,0,0,1,0,1,1,1
52 - Δωδεκανήσου,31 E.T. Δήμου Καλυμνίων,533,211,3,0,3,208,62,8,14,4,5,25,3,27,86,10,25,26,7,23,42,7,3,1,2,0,4,26,17,0,17,0,2,1,0,6,5,1,0,3,0,0,1,3,0,0,0,0,0,0,0,0,0,0,0,0,0,0,0,0,0,0,0,11,10,0,1,3,0,0,0,0,0,1,1,1,1,0,0,0,4,2,0,0,0,1,1,0,0,0,0,0,0,0,0
52 - Δωδεκανήσου,32 E.T. Δήμου Καλυμνίων,533,191,1,0,1,190,70,9,12,10,3,29,2,40,53,8,10,28,4,25,24,17,0,0,0,0,0,17,13,0,9,0,1,0,0,3,3,1,0,2,0,0,0,4,0,0,0,0,0,0,0,0,0,0,0,1,0,0,0,0,0,0,0,14,10,3,1,3,1,1,0,0,0,3,0,0,1,0,0,0,2,1,0,0,0,0,2,0,0,0,0,0,2,0,0
52 - Δωδεκανήσου,33 E.T. Δήμου Καλυμνίων,520,222,9,1,10,212,77,12,15,8,1,23,5,31,84,16,9,27,9,35,26,3,0,0,0,0,0,14,12,0,3,0,0,0,1,7,5,1,1,1,0,0,0,2,0,0,0,0,0,0,0,0,0,0,0,0,0,0,0,0,0,0,0,16,11,0,0,1,1,0,0,0,0,2,0,0,0,0,0,0,0,0,0,0,0,0,0,0,0,0,0,0,7,0,0
52 - Δωδεκανήσου,34 E.T. Δήμου Καλυμνίων,528,194,3,1,4,190,63,8,4,4,8,26,1,36,73,15,40,18,12,15,27,2,0,0,1,0,0,20,18,1,12,0,0,1,0,5,4,2,0,2,0,0,1,2,0,2,0,0,0,1,0,0,2,1,2,0,0,0,0,0,0,0,0,16,12,0,1,1,2,1,0,0,0,3,2,2,0,0,0,0,2,1,0,0,0,0,1,1,0,0,0,0,0,0,0
52 - Δωδεκανήσου,35 E.T. Δήμου Καλυμνίων,539,232,0,2,2,230,88,7,15,3,13,24,8,47,75,10,15,33,14,15,30,7,1,0,3,2,3,11,7,1,4,0,2,0,1,15,14,0,2,6,0,0,1,7,2,5,1,0,0,0,0,0,1,0,0,1,0,0,0,0,0,1,1,12,7,1,1,3,1,1,0,0,0,4,3,1,0,0,0,0,6,0,1,0,0,1,0,0,0,0,0,0,2,2,2
52 - Δωδεκανήσου,36 E.T. Δήμου Καλυμνίων,528,211,2,3,5,206,81,6,8,7,8,31,4,48,70,16,21,26,5,8,42,9,2,2,5,3,4,13,12,1,4,0,3,1,2,10,7,2,1,8,0,0,0,2,1,0,1,0,0,1,0,0,0,0,0,0,0,0,0,0,0,0,0,11,5,0,2,3,1,0,0,0,0,1,1,1,1,1,1,0,4,3,0,0,1,0,0,0,0,0,0,0,4,0,0
52 - Δωδεκανήσου,37 E.T. Δήμου Καλυμνίων,561,205,7,3,10,195,76,8,7,5,3,23,4,38,56,9,15,14,3,10,23,6,0,0,0,0,0,14,4,0,11,0,0,2,0,14,5,1,0,1,1,0,4,2,0,0,0,0,0,0,0,0,0,0,0,0,0,0,0,0,0,0,0,20,14,2,1,3,1,0,0,0,0,0,0,0,0,0,0,0,4,1,0,1,1,0,1,0,0,0,0,0,2,0,0
52 - Δωδεκανήσου,38 E.T. Δήμου Καλυμνίων,519,176,1,2,3,173,63,9,8,6,6,21,2,28,57,11,16,16,1,6,26,8,0,0,0,0,0,26,23,0,10,0,1,5,1,7,6,1,1,1,0,1,0,0,0,0,0,0,0,0,0,0,1,0,0,1,0,0,0,0,0,0,0,4,3,0,2,1,0,0,0,0,0,1,0,0,0,0,0,0,1,0,0,0,0,0,2,0,0,0,0,0,2,0,0
52 - Δωδεκανήσου,39 E.T. Δήμου Καλυμνίων,526,197,4,1,5,192,64,7,8,1,0,22,4,31,71,12,22,19,8,13,28,9,4,3,2,1,7,14,13,1,6,0,0,1,0,7,5,1,0,0,0,0,0,0,0,0,0,0,0,0,0,0,0,0,0,0,0,0,0,0,0,0,0,20,15,2,2,3,2,0,0,0,0,1,0,0,1,0,0,0,3,1,2,0,1,0,0,0,0,0,0,0,2,2,2
52 - Δωδεκανήσου,40 E.T. Δήμου Καλυμνίων,534,215,7,0,7,208,91,15,10,3,4,32,5,47,58,15,12,12,18,6,25,9,0,0,0,0,0,13,9,0,5,2,0,1,1,6,3,2,1,1,2,0,2,4,0,0,0,0,0,0,0,0,2,0,0,0,0,0,0,0,0,0,0,19,14,1,0,6,2,0,0,0,0,0,0,0,0,0,0,0,3,3,2,0,1,0,2,0,0,0,0,0,1,0,0
52 - Δωδεκανήσου,41 E.T. Δήμου Καλυμνίων,554,194,3,2,5,189,70,7,14,1,3,16,7,35,69,7,4,50,9,12,33,4,0,0,3,0,0,19,16,0,10,0,0,0,0,4,4,0,1,2,0,0,1,4,0,0,0,0,0,0,1,0,3,0,0,0,0,0,0,0,0,0,0,8,4,1,2,1,2,0,0,0,0,0,0,0,0,0,0,0,6,1,3,0,3,0,0,0,0,0,0,0,1,0,0
52 - Δωδεκανήσου,42 E.T. Δήμου Καλυμνίων,531,212,1,3,4,208,70,11,7,4,8,29,4,35,64,15,24,20,7,11,28,5,0,0,0,0,0,22,20,0,16,0,0,1,0,11,11,3,2,3,0,0,2,4,0,0,0,0,0,0,0,0,1,0,0,3,0,0,0,0,0,0,0,19,16,2,1,4,2,0,0,0,0,2,0,0,0,0,0,0,1,0,0,0,0,0,1,0,0,0,0,0,5,0,0
52 - Δωδεκανήσου,43 E.T. Δήμου Καλυμνίων,537,193,7,0,7,186,72,10,6,6,5,27,1,41,73,10,22,25,5,14,34,3,1,0,1,0,2,10,7,0,4,0,0,1,1,10,9,0,0,4,1,0,1,3,0,3,1,0,1,1,0,0,0,0,0,0,0,0,0,0,0,0,0,9,8,0,3,0,1,0,0,0,0,1,0,0,0,0,0,0,2,0,0,0,0,0,0,0,0,0,0,0,3,1,1
52 - Δωδεκανήσου,44 E.T. Δήμου Καλυμνίων,562,217,2,3,5,212,66,10,10,3,3,27,5,27,94,14,20,36,11,12,44,4,1,0,2,1,0,15,11,0,10,0,1,2,0,8,6,1,2,0,0,0,0,5,0,3,0,0,0,0,0,0,0,0,0,0,0,0,0,0,0,0,0,13,7,1,2,0,0,0,0,0,0,0,0,0,0,0,0,0,4,0,1,2,2,0,1,0,0,0,1,1,2,1,1
52 - Δωδεκανήσου,45 E.T. Δήμου Καλυμνίων,565,234,6,3,9,225,82,14,17,3,5,28,5,50,91,15,31,48,3,21,39,10,2,1,5,2,2,17,10,2,5,0,0,4,0,4,4,0,0,4,0,0,0,3,0,0,1,0,1,2,0,0,2,0,1,1,0,0,0,0,0,0,0,8,4,2,3,1,3,0,0,0,0,1,0,0,0,0,0,0,3,1,2,1,0,0,1,0,1,0,0,1,2,1,1
52 - Δωδεκανήσου,46 E.T. Δήμου Καλυμνίων,76,44,0,0,0,44,11,0,4,0,0,3,0,3,22,8,4,9,2,2,4,3,0,0,0,0,0,0,0,0,0,0,0,0,0,2,2,0,0,0,0,0,1,1,0,0,0,0,0,0,0,0,0,0,0,0,0,0,0,0,0,0,0,5,4,1,1,0,0,0,0,0,0,0,0,0,0,0,0,0,0,0,0,0,0,0,0,0,0,0,0,0,0,0,0
52 - Δωδεκανήσου,47 E.T. Δήμου Λειψών,399,144,3,0,3,141,49,0,35,0,0,3,2,37,52,11,8,20,30,7,11,2,0,0,0,0,0,12,1,0,9,0,0,0,2,14,6,0,5,1,0,0,3,0,0,0,0,0,0,0,0,0,0,0,0,0,0,0,0,0,0,0,0,7,2,1,0,2,0,1,1,0,0,0,0,0,1,0,0,0,2,1,0,0,1,0,0,0,0,0,0,0,1,1,1
52 - Δωδεκανήσου,48 E.T. Δήμου Λειψών,356,145,1,1,2,143,37,3,18,1,1,4,4,23,69,9,23,37,16,11,20,3,2,1,0,1,0,2,1,0,1,0,1,0,0,25,15,3,12,5,2,0,1,0,0,0,0,0,0,0,0,0,2,0,0,1,0,1,1,0,0,0,0,1,1,0,0,1,0,0,0,0,0,1,0,0,0,0,0,0,1,0,0,0,0,0,0,0,0,0,0,0,1,0,0
52 - Δωδεκανήσου,49 E.T. Δήμου Λειψών,415,126,3,3,6,120,39,1,28,2,0,1,1,30,50,15,7,13,22,3,16,3,1,0,0,0,3,8,3,1,7,0,0,0,1,9,7,0,5,0,1,1,0,2,0,0,0,0,0,0,0,0,1,0,0,1,1,1,0,0,0,0,0,6,1,0,0,4,2,0,0,0,0,0,0,0,0,0,0,0,0,0,0,0,0,0,0,0,0,0,0,0,1,1,1
52 - Δωδεκανήσου,50 E.T. Δήμου Λέρου,329,290,10,4,14,276,89,19,11,5,12,11,29,20,80,15,17,33,27,15,12,34,7,7,6,1,11,24,9,1,10,3,3,0,2,7,0,2,0,2,2,0,2,7,0,1,1,0,1,1,0,0,0,0,0,3,2,0,0,0,1,0,3,11,2,1,3,1,1,1,1,0,0,4,1,2,1,0,0,0,7,3,1,1,1,1,2,1,1,0,0,0,6,4,4
52 - Δωδεκανήσου,51 E.T. Δήμου Λέρου,326,146,1,4,5,141,39,1,3,5,1,3,18,10,67,2,12,33,15,27,11,10,3,1,2,2,1,9,1,0,4,0,1,1,1,2,1,2,0,0,0,0,0,0,0,0,0,0,0,0,0,0,1,0,0,0,0,0,0,0,0,0,0,5,1,1,0,2,0,0,0,0,0,2,1,1,1,0,0,0,4,1,0,1,2,0,1,0,0,0,0,0,0,0,0
52 - Δωδεκανήσου,52 E.T. Δήμου Λέρου,554,348,7,6,13,335,126,16,14,14,7,21,70,38,132,21,33,55,14,49,26,13,4,2,4,1,1,27,10,3,13,2,3,6,0,5,1,0,2,2,0,0,2,1,0,0,0,0,0,0,0,0,0,0,0,0,0,0,0,0,0,0,0,10,3,1,2,3,1,0,0,1,0,3,1,3,1,1,0,0,8,5,1,1,1,1,1,1,1,0,0,0,7,2,2
52 - Δωδεκανήσου,53 E.T. Δήμου Λέρου,525,319,7,2,9,310,102,10,15,8,4,11,59,26,123,21,19,64,16,44,14,12,7,5,2,2,2,21,2,0,13,1,0,0,3,5,2,3,1,0,0,0,2,6,2,2,0,1,1,1,0,0,1,1,1,0,0,0,0,0,0,0,0,12,7,1,3,2,2,1,0,0,0,11,1,10,2,2,2,0,10,5,3,3,2,1,3,0,0,1,1,1,1,1,1
52 - Δωδεκανήσου,54 E.T. Δήμου Λέρου,558,304,8,9,17,287,91,9,9,6,4,5,53,19,111,14,17,51,18,35,23,21,0,0,0,0,0,25,9,2,16,1,2,0,0,6,1,0,2,0,0,0,0,5,0,0,0,0,0,0,0,0,0,0,0,0,0,0,0,0,0,0,0,11,5,1,0,2,1,0,0,0,0,0,0,0,2,0,0,0,9,3,0,3,4,0,3,0,0,0,0,0,3,0,0
52 - Δωδεκανήσου,55 E.T. Δήμου Λέρου,558,301,6,3,9,292,89,10,7,7,3,9,47,24,115,15,29,76,14,41,24,10,6,3,1,0,3,21,7,3,7,0,2,3,1,13,3,4,2,6,0,0,0,2,1,1,0,0,0,0,0,0,2,0,0,1,0,0,0,0,0,0,0,22,4,3,7,7,4,1,0,0,0,7,0,6,0,0,0,0,3,0,1,1,0,1,3,0,1,0,0,0,3,1,0
52 - Δωδεκανήσου,56 E.T. Δήμου Λέρου,553,299,6,2,8,291,96,5,11,11,3,9,47,33,116,10,20,42,16,52,14,10,4,2,0,1,3,22,5,1,12,2,4,3,3,9,1,0,0,3,0,1,0,3,0,1,0,0,1,0,0,0,0,0,0,0,0,0,0,0,0,0,0,12,1,1,1,5,0,0,0,0,0,4,0,4,2,0,0,0,9,4,0,0,1,0,1,0,0,0,0,0,7,5,4
52 - Δωδεκανήσου,57 E.T. Δήμου Λέρου,547,249,11,3,14,235,99,9,9,9,9,7,53,33,81,13,17,34,11,26,20,3,2,1,0,0,3,15,5,1,7,4,1,1,3,11,4,3,2,1,0,2,0,2,1,0,1,0,0,0,1,0,0,0,0,0,0,0,0,0,0,0,0,5,1,0,1,1,1,1,0,0,0,4,1,2,0,0,0,0,7,2,0,2,2,0,1,0,1,0,0,0,5,4,4
52 - Δωδεκανήσου,58 E.T. Δήμου Λέρου,546,227,7,2,9,218,81,5,7,3,2,1,44,29,74,14,18,30,10,33,10,4,1,0,1,0,1,32,14,3,17,3,1,6,4,3,0,1,1,0,0,1,0,3,1,0,0,0,0,1,0,0,0,0,0,0,0,0,0,0,0,0,0,6,0,1,0,1,0,0,0,0,0,4,1,3,2,2,1,0,5,3,0,0,0,1,0,0,0,0,0,0,4,3,3
52 - Δωδεκανήσου,59 E.T. Δήμου Λέρου,418,164,2,3,5,159,60,5,6,1,0,4,33,26,56,4,15,29,14,12,14,10,5,3,1,1,5,7,3,1,4,0,0,0,1,5,1,0,2,1,1,0,0,0,0,0,0,0,0,0,0,0,1,0,0,0,0,0,0,0,0,0,0,5,2,0,3,1,1,4,2,0,0,3,1,3,0,0,0,0,4,3,1,0,0,0,2,1,1,0,2,0,2,1,0
52 - Δωδεκανήσου,60 E.T. Δήμου Λέρου,360,128,1,1,2,126,48,4,9,0,0,2,21,21,48,5,14,28,10,20,17,4,1,2,1,1,1,15,3,4,12,0,1,2,2,1,0,0,0,0,0,0,0,0,0,0,0,0,0,0,0,0,0,0,0,0,0,0,0,0,0,0,0,8,2,0,0,2,0,0,0,0,0,0,0,0,0,0,0,0,1,0,0,0,0,0,0,0,0,0,0,0,1,0,0
52 - Δωδεκανήσου,61 E.T. Δήμου Λέρου,394,127,3,1,4,123,44,2,4,0,1,0,22,16,48,10,9,16,8,16,13,3,2,0,2,0,1,10,3,3,7,0,1,3,0,3,1,0,0,0,1,0,0,0,0,0,0,0,0,0,0,0,0,0,0,0,0,0,0,0,0,0,0,8,0,0,2,1,0,0,0,1,0,2,0,2,0,0,0,0,2,0,0,0,0,0,1,0,0,0,0,0,1,1,1
52 - Δωδεκανήσου,62 E.T. Δήμου Λέρου,417,161,6,1,7,154,80,8,14,4,5,3,37,28,41,10,15,21,4,10,6,2,1,1,0,1,1,16,2,2,13,0,2,0,4,2,0,0,1,2,0,0,0,0,0,0,0,0,0,0,0,0,0,0,0,0,0,0,0,0,0,0,0,3,0,0,0,0,0,0,0,0,0,1,1,1,1,0,1,0,5,1,0,0,0,0,0,0,0,0,0,0,3,1,0
52 - Δωδεκανήσου,63 E.T. Δήμου Λέρου,342,203,3,4,7,196,52,5,5,2,5,2,27,23,84,12,26,37,15,22,16,14,5,5,2,2,4,25,6,1,14,1,2,8,6,5,3,0,0,2,0,0,0,1,0,0,1,0,0,1,0,0,1,0,1,0,0,0,0,0,0,0,0,5,2,1,2,0,0,0,0,0,0,4,1,4,0,0,0,0,3,1,1,1,1,0,0,0,0,0,0,0,2,1,1
52 - Δωδεκανήσου,64 E.T. Δήμου Λέρου,380,124,2,3,5,119,36,4,6,2,2,1,13,12,49,9,8,23,11,14,8,2,1,1,0,0,1,9,2,3,6,0,2,1,1,5,1,1,2,2,1,1,0,1,0,0,0,0,0,1,0,0,1,1,1,0,0,0,0,0,0,0,0,4,2,0,3,0,1,0,0,0,0,3,1,3,0,0,0,0,5,3,1,2,3,1,0,0,0,0,0,0,4,2,2
52 - Δωδεκανήσου,65 E.T. Δήμου Λέρου,496,287,7,7,14,273,91,5,13,4,4,1,43,24,123,22,19,46,13,40,17,7,3,2,0,0,1,24,7,1,6,0,2,3,1,5,0,1,1,2,0,0,0,1,1,1,0,0,0,0,0,0,2,0,0,1,0,0,0,0,0,0,0,10,2,2,1,2,0,2,0,0,0,2,0,1,0,0,0,0,3,1,0,0,0,0,1,1,0,1,0,0,1,1,1
52 - Δωδεκανήσου,66 E.T. Δήμου Λέρου,493,270,7,0,7,263,99,4,10,8,6,6,46,22,101,8,17,40,10,30,20,13,1,3,1,0,3,11,2,4,8,0,0,0,2,4,2,0,1,0,0,0,0,2,2,0,0,1,0,0,0,0,0,0,0,1,1,0,0,0,0,0,1,10,3,1,2,1,1,1,0,0,0,5,0,4,3,1,0,0,7,1,0,0,1,0,2,1,0,0,1,0,4,1,1
52 - Δωδεκανήσου,67 E.T. Δήμου Λέρου,498,254,4,2,6,248,93,9,5,5,2,5,37,23,84,10,19,25,20,32,11,13,4,4,3,0,0,22,13,1,12,1,0,4,3,8,3,0,3,3,0,0,1,5,2,2,1,0,0,1,0,0,0,0,0,2,1,0,0,0,0,1,2,9,2,2,2,2,2,0,0,0,0,2,0,2,2,1,1,1,5,1,1,1,0,2,0,0,0,0,0,0,3,1,1
52 - Δωδεκανήσου,68 E.T. Δήμου Λέρου,502,276,9,2,11,265,86,7,8,7,4,7,34,31,100,16,16,37,20,52,6,14,4,0,1,2,6,21,8,5,14,0,0,5,2,5,0,1,1,2,0,0,1,10,1,0,1,1,4,4,0,0,0,0,0,1,0,1,0,0,1,0,0,12,4,1,0,2,0,1,1,0,0,4,0,4,1,0,1,0,5,3,2,3,0,2,0,0,0,0,0,0,5,1,0
52 - Δωδεκανήσου,69 E.T. Δήμου Πάτμου,388,182,0,0,0,182,28,3,2,5,5,6,6,12,84,18,6,29,48,21,18,8,3,3,0,0,4,35,11,2,25,1,4,3,2,6,3,2,1,3,0,2,0,3,0,0,0,0,0,0,0,0,0,0,0,1,0,1,0,0,0,1,0,9,1,0,3,2,2,0,0,0,0,1,1,1,0,0,0,0,3,0,0,1,1,0,1,0,0,0,0,0,3,2,2
52 - Δωδεκανήσου,70 E.T. Δήμου Πάτμου,333,166,0,1,1,165,27,4,2,2,3,5,4,10,93,29,12,18,49,23,22,5,2,2,0,1,1,19,2,0,14,0,3,4,0,4,0,0,2,2,0,0,0,1,0,0,0,0,0,1,0,0,0,0,0,0,0,0,0,0,0,0,0,1,0,0,1,1,0,0,0,1,0,4,0,3,0,0,0,0,3,0,1,1,1,0,1,0,1,0,0,1,6,2,0
52 - Δωδεκανήσου,71 E.T. Δήμου Πάτμου,464,352,3,2,5,347,48,5,9,6,2,14,3,33,187,23,13,82,103,45,41,10,5,4,1,1,2,31,8,11,22,0,4,5,0,39,25,6,21,7,1,0,1,1,0,0,0,1,1,0,0,0,0,0,0,1,1,1,0,0,0,0,0,4,3,0,2,0,1,0,0,0,0,2,0,0,0,0,0,0,9,1,2,3,4,1,4,2,3,1,0,2,11,5,7
52 - Δωδεκανήσου,72 E.T. Δήμου Πάτμου,468,281,6,1,7,274,32,4,7,5,4,9,5,16,134,11,13,53,101,31,16,8,0,0,0,0,0,57,12,29,34,0,9,7,0,18,13,1,11,2,2,0,0,1,0,0,0,0,0,0,0,0,1,0,0,0,0,0,0,0,0,0,0,11,5,3,5,1,0,0,0,0,0,3,0,0,1,0,0,0,5,2,0,2,3,1,0,0,0,0,0,0,3,0,0
52 - Δωδεκανήσου,73 E.T. Δήμου Πάτμου,464,267,3,1,4,263,51,8,7,5,10,9,9,19,136,19,14,49,85,24,29,5,1,0,4,1,1,36,12,12,20,0,1,9,1,10,7,1,4,0,2,1,0,4,0,0,0,1,0,3,0,0,0,0,0,2,0,1,0,0,0,0,0,2,1,1,1,1,0,0,0,0,0,2,1,2,0,0,0,0,6,2,2,0,1,1,0,0,0,0,0,0,9,4,5
52 - Δωδεκανήσου,74 E.T. Δήμου Πάτμου,492,310,2,2,4,306,66,9,8,6,4,23,7,25,141,19,5,47,91,37,24,12,7,4,1,2,3,44,9,16,27,1,3,8,1,18,16,1,12,5,0,0,0,3,0,0,1,0,0,1,0,0,0,0,0,1,0,0,0,0,0,0,0,8,5,1,2,1,2,0,0,0,0,1,1,1,1,1,0,1,7,2,0,1,1,2,1,0,0,1,0,1,3,2,1
52 - Δωδεκανήσου,75 E.T. Δήμου Πάτμου,294,189,0,0,0,189,37,5,5,8,6,10,3,16,75,5,4,51,46,18,14,11,8,4,2,1,3,23,1,4,21,0,2,9,0,6,4,0,3,2,0,0,0,5,1,1,0,1,0,1,0,0,0,0,0,1,1,0,0,1,0,0,0,16,8,2,4,2,4,0,0,0,0,2,1,1,0,0,0,0,11,5,1,4,4,1,0,0,0,0,0,0,2,2,1
52 - Δωδεκανήσου,76 E.T. Δήμου Πάτμου,360,212,1,4,5,207,47,7,4,12,7,11,8,17,90,6,11,50,55,1,12,14,8,3,5,1,3,9,2,0,8,0,1,0,2,12,7,0,3,4,2,0,4,2,0,0,0,0,0,1,0,0,0,0,0,0,0,0,0,0,0,0,0,18,8,2,4,2,4,0,0,0,0,0,0,0,0,0,0,0,9,5,2,1,4,0,0,0,0,0,0,0,6,3,3
52 - Δωδεκανήσου,77 E.T. Δήμου Πάτμου,92,56,0,0,0,56,18,3,2,1,0,8,2,12,27,5,6,10,16,2,5,1,1,0,0,0,0,3,1,0,3,0,0,1,0,4,3,0,3,1,1,0,0,0,0,0,0,0,0,0,0,0,0,0,0,0,0,0,0,0,0,0,0,1,0,0,0,1,1,1,0,0,0,0,0,0,0,0,0,0,1,0,0,0,0,0,0,0,0,0,0,0,0,0,0
52 - Δωδεκανήσου,78 E.T. Δήμου Καρπάθου,515,237,3,2,5,232,54,38,5,4,1,5,4,16,106,16,15,81,8,21,22,7,5,1,2,0,2,29,5,0,14,0,2,2,24,3,2,0,0,1,1,0,0,9,4,1,2,1,3,4,0,0,0,0,0,2,0,0,1,0,2,0,0,6,2,1,3,1,1,0,0,0,0,1,0,0,0,0,0,0,3,1,0,0,0,0,4,2,2,1,1,0,8,5,4
52 - Δωδεκανήσου,79 E.T. Δήμου Καρπάθου,500,234,2,0,2,232,59,31,6,2,1,1,2,27,97,18,15,69,8,10,21,20,4,10,2,3,4,28,2,1,15,0,0,5,19,1,0,0,0,0,0,0,0,2,1,1,0,0,0,0,0,0,0,0,0,3,0,0,0,0,1,0,0,9,1,1,5,1,2,0,0,0,0,1,1,1,0,0,0,0,2,0,0,0,0,0,6,1,2,2,0,1,4,2,0
52 - Δωδεκανήσου,80 E.T. Δήμου Καρπάθου,478,237,3,2,5,232,79,52,8,3,4,3,11,34,105,24,22,63,5,20,24,14,6,9,1,0,9,15,3,0,10,0,0,0,12,5,0,0,1,0,2,1,0,3,1,0,0,1,0,1,0,0,0,0,0,3,0,0,1,0,3,1,1,4,0,4,4,0,0,0,0,0,0,0,0,0,0,0,0,0,2,0,0,2,2,0,2,0,1,0,0,1,0,0,0
52 - Δωδεκανήσου,81 E.T. Δήμου Καρπάθου,493,241,4,1,5,236,72,49,4,3,3,3,8,31,94,18,17,67,6,15,16,9,0,4,0,0,1,22,2,0,13,0,0,1,17,5,0,0,0,1,1,0,0,3,1,1,0,0,0,0,0,0,0,0,0,5,0,0,2,2,4,1,1,6,0,0,1,1,2,0,0,0,0,0,0,0,2,1,0,1,8,1,0,1,3,1,8,2,0,1,1,4,2,1,1
52 - Δωδεκανήσου,82 E.T. Δήμου Καρπάθου,500,206,2,1,3,203,54,34,7,1,4,3,6,16,92,18,21,53,8,19,27,4,1,2,0,0,2,22,2,3,7,0,0,2,16,1,0,0,0,0,0,1,0,4,3,2,0,1,0,0,0,0,0,0,0,2,0,1,0,0,0,1,0,15,5,2,4,3,1,0,0,0,0,0,0,0,0,0,0,0,2,0,0,1,2,1,4,0,1,2,0,0,3,2,3
52 - Δωδεκανήσου,83 E.T. Δήμου Καρπάθου,319,126,0,0,0,126,16,14,7,0,0,0,1,5,83,27,11,54,1,13,24,3,1,1,0,0,0,13,1,0,10,0,0,1,7,4,0,0,1,1,1,0,0,2,0,2,0,1,0,1,0,0,0,0,0,1,0,0,0,0,1,0,0,2,1,1,1,0,0,0,0,0,0,2,2,2,0,0,0,0,0,0,0,0,0,0,0,0,0,0,0,0,0,0,0
52 - Δωδεκανήσου,84 E.T. Δήμου Καρπάθου,277,115,0,0,0,115,16,8,2,0,0,3,0,8,81,26,11,49,9,9,0,2,0,0,0,0,0,10,2,0,8,0,0,1,6,0,0,0,0,0,0,0,0,0,0,0,0,0,0,0,0,0,0,0,0,0,0,0,0,0,0,0,0,4,3,0,2,0,1,0,0,0,0,1,0,0,0,0,0,0,0,0,0,0,0,0,1,1,0,1,0,0,0,0,0
52 - Δωδεκανήσου,85 E.T. Δήμου Καρπάθου,321,161,0,2,2,159,28,19,5,1,0,3,1,9,103,14,58,86,3,8,15,4,3,3,0,0,0,14,1,1,11,0,0,0,11,0,0,0,0,0,0,0,0,3,0,0,1,0,0,1,0,0,0,0,0,1,1,0,1,0,0,0,0,2,0,1,1,0,0,0,0,0,0,0,0,0,0,0,0,0,3,2,1,0,0,1,1,0,0,0,0,0,0,0,0
52 - Δωδεκανήσου,86 E.T. Δήμου Καρπάθου,404,191,0,0,0,191,37,28,6,1,3,3,4,8,134,22,52,107,9,20,30,0,0,0,0,0,0,14,0,1,9,0,0,1,12,0,0,0,0,0,0,0,0,2,1,1,1,0,0,1,0,0,1,0,0,0,0,0,0,0,0,0,0,1,1,0,0,1,0,0,0,0,0,0,0,0,0,0,0,0,2,2,0,0,2,0,0,0,0,0,0,0,0,0,0
52 - Δωδεκανήσου,87 E.T. Δήμου Καρπάθου,515,193,3,1,4,189,34,23,4,1,2,4,4,9,88,8,23,66,10,18,20,3,0,3,0,0,0,48,7,1,33,0,1,3,31,0,0,0,0,0,0,0,0,6,2,3,1,0,0,1,0,0,0,0,0,0,0,0,0,0,0,0,0,8,3,1,3,0,2,0,0,0,0,0,0,0,0,0,0,0,0,0,0,0,0,0,1,0,0,1,0,1,1,1,0
52 - Δωδεκανήσου,88 E.T. Δήμου Καρπάθου,477,179,1,1,2,177,40,31,14,1,0,1,1,17,114,22,17,102,2,16,12,0,0,0,0,0,0,20,0,0,12,0,0,0,16,0,0,0,0,0,0,0,0,1,0,0,1,0,0,0,0,0,1,0,0,0,0,0,0,0,0,0,0,0,0,0,0,0,0,0,0,0,0,0,0,0,1,1,1,0,0,0,0,0,0,0,0,0,0,0,0,0,0,0,0
52 - Δωδεκανήσου,89 E.T. Δήμου Καρπάθου,529,181,0,0,0,181,43,35,3,4,4,2,4,17,66,7,14,44,0,11,40,1,0,0,1,1,0,57,3,1,24,0,0,11,54,4,1,2,0,1,1,1,0,2,1,0,1,0,0,0,0,0,3,0,0,0,0,0,0,0,0,0,0,1,1,0,0,1,0,0,0,0,0,0,0,0,0,0,0,0,2,2,0,0,1,0,0,0,0,0,0,0,2,1,1
52 - Δωδεκανήσου,90 E.T. Δήμου Καρπάθου,546,253,1,0,1,252,63,40,8,3,2,0,2,32,118,26,20,92,8,9,29,9,3,4,0,0,1,46,3,3,23,1,0,7,25,3,0,0,0,0,0,0,0,2,0,1,0,0,1,0,0,0,0,0,0,2,1,1,0,1,1,0,0,1,1,1,0,0,0,1,0,0,0,0,0,0,0,0,0,0,4,2,0,0,1,0,1,0,0,0,0,0,2,0,1
52 - Δωδεκανήσου,91 E.T. Δήμου Καρπάθου,418,230,2,3,5,225,40,21,9,3,0,5,0,16,130,13,44,71,19,47,20,8,3,2,1,1,6,16,0,1,6,0,1,3,14,2,0,0,1,0,1,0,0,4,1,1,1,1,1,2,0,0,0,0,0,2,0,0,0,0,2,0,1,10,8,0,3,3,1,0,0,0,0,2,0,2,0,0,0,0,6,3,1,0,1,1,2,0,1,0,0,1,3,3,2
52 - Δωδεκανήσου,92 E.T. Δήμου Καρπάθου,448,223,2,0,2,221,55,40,16,5,4,1,8,19,116,16,46,74,11,57,27,3,2,1,2,1,0,25,2,1,15,1,1,2,21,2,1,1,0,0,0,2,0,2,0,0,0,2,0,1,0,0,0,0,0,1,0,0,0,0,1,0,1,10,7,2,5,2,1,1,1,0,0,3,2,3,0,0,0,0,1,0,0,0,1,1,1,0,0,1,0,0,1,0,1
52 - Δωδεκανήσου,93 E.T. Δήμου Καρπάθου,328,151,1,0,1,150,43,31,4,0,1,2,10,18,68,17,11,59,6,5,18,8,0,2,1,2,1,14,4,0,6,0,0,0,12,4,1,0,2,1,0,0,0,4,1,0,0,0,0,1,0,0,0,0,0,0,0,0,0,0,0,0,0,2,2,0,0,0,1,1,0,0,0,1,0,0,0,0,0,0,1,1,0,0,0,0,2,1,0,0,0,1,2,2,1
52 - Δωδεκανήσου,94 E.T. Δήμου Καρπάθου,239,78,0,0,0,78,37,37,5,0,0,0,1,2,34,1,3,34,0,3,5,1,0,0,0,1,0,3,1,0,1,0,0,0,1,2,0,1,0,0,0,0,0,0,0,0,0,0,0,0,0,0,0,0,0,0,0,0,0,0,0,0,0,0,0,0,0,0,0,0,0,0,0,0,0,0,0,0,0,0,0,0,0,0,0,0,0,0,0,0,0,0,1,0,1
52 - Δωδεκανήσου,95 E.T. Δήμου Καρπάθου,352,105,0,0,0,105,49,48,0,0,1,2,2,3,46,6,2,43,1,1,8,0,0,0,0,0,0,7,0,0,6,0,0,0,4,0,0,0,0,0,0,0,0,0,0,0,0,0,0,0,0,0,0,0,0,0,0,0,0,0,0,0,0,0,0,0,0,0,0,0,0,0,0,0,0,0,0,0,0,0,0,0,0,0,0,0,0,0,0,0,0,0,3,3,1
52 - Δωδεκανήσου,96 E.T. Δήμου Καρπάθου,510,196,7,0,7,189,83,82,1,0,4,0,3,10,67,11,2,59,1,8,4,9,1,1,3,2,2,19,1,1,12,0,1,4,11,1,0,0,0,0,0,1,0,1,0,0,0,0,0,0,0,0,0,0,0,1,0,0,0,0,0,0,0,4,3,0,1,0,0,0,0,0,0,0,0,0,0,0,0,0,0,0,0,0,0,0,1,0,1,0,0,0,3,1,1
52 - Δωδεκανήσου,97 E.T. Δήμου Ηρωικής Νήσου Κάσου,441,197,0,3,3,194,57,25,10,3,3,3,3,48,84,45,3,45,4,30,16,2,1,2,0,1,0,40,14,19,32,1,0,9,3,5,0,0,0,1,1,0,0,4,4,0,0,0,0,0,0,0,0,0,0,0,0,0,0,0,0,0,0,1,1,1,0,0,0,0,0,0,0,0,0,0,1,0,0,0,0,0,0,0,0,0,0,0,0,0,0,0,0,0,0
52 - Δωδεκανήσου,98 E.T. Δήμου Ηρωικής Νήσου Κάσου,445,131,0,0,0,131,27,8,4,4,2,0,0,21,64,36,1,33,9,19,12,1,0,1,0,0,0,29,5,12,23,0,1,9,3,3,1,0,0,0,0,0,1,1,1,0,0,0,0,0,0,0,1,1,1,1,1,0,0,0,1,0,0,1,0,0,0,0,0,0,0,0,0,0,0,0,0,0,0,0,2,1,0,1,0,0,0,0,0,0,0,0,1,1,1
52 - Δωδεκανήσου,99 E.T. Δήμου Ηρωικής Νήσου Κάσου,458,189,3,1,4,185,41,11,7,2,4,1,2,30,96,38,1,50,4,46,23,2,0,0,1,0,1,29,4,9,24,0,0,9,2,3,0,1,0,1,0,0,0,10,9,1,0,0,0,0,0,0,0,0,0,0,0,0,0,0,0,0,0,1,0,0,0,0,0,0,0,0,0,0,0,0,0,0,0,0,3,1,1,0,2,0,0,0,0,0,0,0,0,0,0
52 - Δωδεκανήσου,100 E.T. Δήμου Ηρωικής Νήσου Κάσου,435,180,2,1,3,177,59,24,5,2,4,3,2,47,86,45,4,47,3,35,8,3,0,0,0,0,0,18,2,6,8,0,0,5,1,2,0,2,0,0,0,0,0,3,0,0,0,0,0,0,0,0,0,0,0,0,0,0,0,0,0,0,0,0,0,0,0,0,0,0,0,0,0,0,0,0,0,0,0,0,3,2,1,0,1,0,1,0,0,0,0,0,2,0,0
52 - Δωδεκανήσου,101 E.T. Δήμου Κω,560,282,3,1,4,278,89,13,7,12,7,52,5,23,111,30,35,37,12,13,29,7,4,0,1,0,4,25,5,3,14,3,9,4,0,7,3,0,6,3,0,0,1,4,0,0,0,0,0,0,1,0,1,0,0,0,0,0,0,0,0,0,0,16,9,3,6,1,2,1,0,0,0,2,0,0,1,0,0,0,8,3,4,2,1,0,1,0,0,0,0,0,4,0,0
52 - Δωδεκανήσου,102 E.T. Δήμου Κω,529,309,3,2,5,304,80,14,19,8,3,51,5,22,118,30,34,41,20,31,38,19,6,3,7,3,9,31,15,2,17,0,9,4,1,7,0,0,1,4,1,1,0,4,0,0,0,0,0,0,0,0,4,2,2,0,0,0,0,0,0,0,0,21,11,6,3,5,3,0,0,0,0,3,2,1,0,0,0,0,12,6,3,3,1,0,1,0,1,0,1,0,4,2,3
52 - Δωδεκανήσου,103 E.T. Δήμου Κω,550,351,16,10,26,325,92,14,12,4,3,41,4,28,109,27,22,42,21,11,28,28,11,6,4,9,11,32,3,1,14,0,17,1,0,12,3,0,6,6,0,0,0,8,2,2,1,3,0,1,0,0,1,0,0,3,0,3,0,0,0,3,0,21,8,1,3,4,5,0,0,0,0,2,1,1,1,0,0,0,9,2,3,3,3,1,0,0,0,0,0,0,7,5,5
52 - Δωδεκανήσου,104 E.T. Δήμου Κω,561,259,3,3,6,253,88,16,13,10,3,49,7,31,85,30,26,33,15,12,26,5,3,1,1,0,0,33,12,2,20,0,13,0,0,8,2,0,8,5,0,0,0,1,0,0,0,0,0,1,0,0,1,0,0,1,0,0,0,0,0,1,1,15,6,1,11,4,3,0,0,0,0,2,1,1,0,0,0,0,7,2,2,0,2,2,1,0,0,0,0,0,6,3,2
52 - Δωδεκανήσου,105 E.T. Δήμου Κω,567,273,5,3,8,265,104,16,10,7,5,0,6,29,76,18,23,30,7,13,29,7,4,2,0,0,7,40,17,1,20,5,15,4,3,7,3,1,2,4,0,0,1,1,0,0,0,0,0,0,0,0,0,0,0,0,0,0,0,0,0,0,0,11,9,1,3,3,2,1,1,1,1,2,1,1,0,0,0,0,9,4,0,3,3,0,2,0,0,0,2,0,4,3,2
52 - Δωδεκανήσου,106 E.T. Δήμου Κω,549,259,4,1,5,254,72,8,7,2,2,41,3,22,78,30,12,20,6,22,29,15,0,0,0,0,0,37,26,0,12,0,16,2,1,15,0,2,8,11,1,0,0,3,0,0,0,0,0,0,0,0,4,0,0,0,0,0,0,0,0,0,0,12,7,3,3,1,1,0,0,0,0,6,0,0,0,0,0,0,7,2,2,1,2,0,0,0,0,0,0,0,5,0,0
52 - Δωδεκανήσου,107 E.T. Δήμου Κω,529,334,6,2,8,326,88,5,6,6,4,48,6,23,117,37,27,27,45,20,23,13,6,2,5,5,6,44,18,9,22,2,19,4,1,9,2,2,1,3,0,0,1,6,3,1,0,1,1,1,0,0,0,0,0,0,0,0,0,0,0,0,0,20,8,3,5,5,3,0,0,1,1,2,1,1,1,0,0,0,19,6,12,2,0,3,1,0,0,0,0,0,5,3,1
52 - Δωδεκανήσου,108 E.T. Δήμου Κω,531,319,12,0,12,307,82,12,19,4,3,51,4,19,116,36,32,29,56,9,29,14,8,6,3,0,2,41,17,8,20,1,20,4,0,11,0,2,4,3,0,1,0,4,2,0,1,0,0,0,0,0,1,1,1,1,0,0,0,0,0,1,0,17,10,3,7,4,4,0,0,0,0,3,2,1,1,0,0,0,10,5,3,1,5,1,4,3,3,0,0,0,2,2,2
52 - Δωδεκανήσου,109 E.T. Δήμου Κω,554,347,13,7,20,327,101,18,9,4,7,56,2,17,99,28,23,33,31,8,21,24,15,5,1,2,7,52,23,4,36,5,5,0,1,8,1,1,1,2,1,0,2,4,1,1,0,1,0,1,0,0,0,0,0,0,0,0,0,0,0,0,0,14,5,2,3,2,2,1,0,1,1,2,2,1,4,1,1,2,8,5,2,2,0,0,3,2,0,1,0,0,6,3,3
52 - Δωδεκανήσου,110 E.T. Δήμου Κω,566,314,8,4,12,302,105,10,3,8,5,70,7,31,86,31,17,21,26,10,14,12,6,1,1,1,4,45,17,7,18,3,14,5,2,17,3,2,6,12,0,0,4,6,0,1,1,1,1,2,0,0,1,0,0,2,1,1,1,0,0,0,1,13,4,3,4,3,0,3,1,1,0,1,0,1,1,0,0,1,6,2,1,1,1,1,1,0,0,0,0,0,2,1,2
52 - Δωδεκανήσου,111 E.T. Δήμου Κω,547,386,18,3,21,365,107,12,10,8,8,63,9,41,99,29,24,36,26,21,22,33,0,0,0,0,0,54,23,3,31,4,15,3,2,12,4,0,5,7,0,0,1,5,0,0,0,0,0,0,0,0,2,0,0,1,0,0,0,0,0,0,0,28,14,3,13,6,6,0,0,0,0,0,0,0,2,0,0,0,17,7,5,5,7,0,1,0,0,0,0,0,4,0,0
52 - Δωδεκανήσου,112 E.T. Δήμου Κω,482,352,13,3,16,336,117,17,12,5,8,68,7,27,91,31,22,17,8,18,23,20,11,3,2,2,3,40,29,3,12,0,14,2,0,11,0,1,7,9,0,0,0,5,1,1,0,2,1,0,0,0,2,0,0,4,0,0,0,0,0,3,3,19,11,6,3,3,1,0,0,1,0,1,0,0,2,0,1,2,12,5,1,0,4,2,5,3,1,1,1,0,6,2,3
52 - Δωδεκανήσου,113 E.T. Δήμου Κω,535,307,9,4,13,294,102,7,9,9,3,67,4,28,103,27,27,39,16,26,22,11,5,1,3,1,1,33,19,3,14,0,15,5,0,12,2,2,4,5,0,2,0,5,0,1,0,2,1,1,0,0,0,0,0,0,0,0,0,0,0,0,0,8,3,2,4,2,1,0,0,0,0,2,2,2,1,0,0,0,6,1,1,1,2,1,4,2,0,3,1,1,7,3,3
52 - Δωδεκανήσου,114 E.T. Δήμου Κω,466,361,10,6,16,345,103,16,6,12,5,53,3,23,92,24,27,27,14,28,19,29,9,2,6,8,10,40,21,4,22,0,17,1,0,22,1,1,8,15,3,0,4,4,1,1,1,0,0,2,0,0,2,0,0,1,0,0,0,0,0,1,1,24,7,2,5,1,5,0,0,0,0,1,1,1,0,0,0,0,14,4,5,4,8,0,1,1,0,0,0,0,12,6,5
52 - Δωδεκανήσου,115 E.T. Δήμου Κω,449,325,7,8,15,310,106,16,17,6,9,52,9,23,103,29,21,30,26,26,30,16,8,4,3,4,1,37,27,0,17,0,15,1,0,6,0,0,1,1,0,0,0,6,2,1,1,2,2,2,1,0,0,0,0,0,0,0,0,0,0,0,0,16,8,4,2,4,0,0,0,0,0,0,0,0,0,0,0,0,11,3,2,2,2,3,2,0,0,0,1,1,6,5,3
52 - Δωδεκανήσου,116 E.T. Δήμου Κω,450,224,3,1,4,220,78,7,4,4,2,57,1,16,84,23,20,20,13,28,18,9,6,0,0,1,4,30,24,6,9,0,9,0,1,5,0,0,2,4,0,0,0,0,0,0,0,0,0,0,0,0,1,1,1,0,0,0,0,0,0,0,0,7,2,1,0,3,1,0,0,0,0,0,0,0,0,0,0,0,6,1,1,1,0,1,0,0,0,0,0,0,0,0,0
52 - Δωδεκανήσου,117 E.T. Δήμου Κω,486,267,3,1,4,263,90,12,12,6,11,25,5,37,111,38,11,46,14,39,19,6,2,0,2,1,2,27,14,9,6,0,16,1,0,3,0,1,0,2,0,0,0,1,0,0,0,0,0,0,0,0,1,1,1,3,2,1,0,0,0,1,1,4,4,1,0,2,0,0,0,0,0,5,4,1,0,0,0,0,9,0,1,4,5,1,1,0,0,0,1,1,2,2,1
52 - Δωδεκανήσου,118 E.T. Δήμου Κω,506,283,10,2,12,271,109,9,11,4,5,66,3,32,98,40,12,42,18,37,8,11,6,0,1,0,4,17,5,4,3,0,4,1,0,5,0,0,1,3,0,0,0,1,1,0,0,0,0,0,0,0,1,1,0,3,0,0,0,0,0,3,3,6,2,1,1,0,1,1,0,1,0,1,0,1,0,0,0,0,10,4,3,2,2,0,0,0,0,0,0,0,7,2,2
52 - Δωδεκανήσου,119 E.T. Δήμου Κω,459,250,1,3,4,246,72,3,5,2,1,42,12,32,115,41,20,68,12,34,16,2,1,0,0,0,1,24,10,2,14,0,13,2,0,9,1,1,4,8,0,0,0,3,1,1,1,2,0,1,0,0,0,0,0,1,0,0,0,0,0,0,0,9,5,2,3,1,4,0,0,0,0,0,0,0,0,0,0,0,6,3,1,2,1,0,0,0,0,0,0,0,5,3,3
52 - Δωδεκανήσου,120 E.T. Δήμου Κω,467,269,6,4,10,259,62,7,5,2,2,43,1,19,135,56,21,57,24,50,8,7,6,1,0,0,4,28,11,5,13,2,9,1,0,4,1,0,2,2,0,0,1,4,1,0,0,2,0,1,0,0,0,0,0,4,1,0,0,0,0,3,4,9,3,1,3,2,1,0,0,0,0,0,0,0,0,0,0,0,3,2,1,2,1,0,1,0,0,0,0,0,2,2,2
52 - Δωδεκανήσου,121 E.T. Δήμου Κω,475,293,11,4,15,278,52,7,9,4,3,34,7,9,143,48,44,66,18,27,28,6,0,0,0,0,0,38,21,7,7,2,9,6,1,15,2,1,3,11,1,0,3,0,0,0,0,0,0,0,1,0,0,0,0,2,0,0,0,0,0,0,0,9,5,0,3,1,2,0,0,1,0,0,0,0,0,0,0,0,8,2,4,0,2,2,0,0,0,0,0,0,3,0,0
52 - Δωδεκανήσου,122 E.T. Δήμου Κω,457,274,3,1,4,270,59,6,12,4,4,34,5,14,116,48,32,66,11,19,15,1,0,0,0,0,1,41,28,5,14,1,13,1,0,13,3,4,4,8,0,1,0,3,0,2,0,0,0,0,0,0,0,0,0,2,0,0,0,0,0,1,2,16,12,3,1,7,3,1,0,0,0,2,2,2,0,0,0,0,10,2,1,3,5,1,2,1,0,0,1,0,4,3,2
52 - Δωδεκανήσου,123 E.T. Δήμου Κω,472,276,3,2,5,271,89,14,13,9,5,48,3,23,86,35,23,43,14,14,22,1,0,0,1,1,0,60,11,4,28,1,17,8,1,11,1,2,4,6,1,1,1,3,0,0,1,1,0,2,0,0,0,0,0,1,0,0,0,0,0,1,1,5,3,4,1,2,0,0,0,0,0,2,1,1,0,0,0,0,7,4,1,3,2,1,0,0,0,0,0,0,6,0,1
52 - Δωδεκανήσου,124 E.T. Δήμου Κω,450,251,4,2,6,245,59,6,9,4,2,31,5,8,91,32,29,53,7,18,11,13,4,2,1,1,3,39,15,5,18,1,8,2,3,11,1,0,4,6,0,0,2,3,1,2,0,0,1,1,0,0,1,0,0,7,1,0,0,1,0,4,5,9,2,1,2,0,1,1,0,1,1,1,0,0,3,1,1,1,3,1,1,1,0,1,0,0,0,0,0,0,3,0,0
52 - Δωδεκανήσου,125 E.T. Δήμου Κω,461,276,10,3,13,263,77,6,1,3,3,39,5,20,108,28,23,67,10,18,32,5,2,0,1,1,2,45,21,0,24,0,17,2,1,6,2,1,2,3,0,0,0,3,1,0,0,2,0,1,0,0,0,0,0,3,0,0,0,0,0,1,3,7,4,3,1,1,1,0,0,0,0,0,0,0,0,0,0,0,6,2,0,3,1,0,0,0,0,0,0,0,3,1,1
52 - Δωδεκανήσου,126 E.T. Δήμου Κω,492,287,9,3,12,275,78,9,8,1,4,39,5,19,111,32,41,53,13,20,13,7,5,0,2,1,1,41,1,21,1,22,4,2,0,12,0,0,6,8,0,0,1,3,0,1,1,1,0,0,0,0,0,0,0,9,1,0,0,0,0,5,9,7,0,0,4,0,1,0,0,0,0,0,0,0,0,0,0,0,5,1,2,1,0,1,0,0,0,0,0,0,2,0,0
52 - Δωδεκανήσου,127 E.T. Δήμου Κω,565,291,2,4,6,285,91,6,10,3,7,63,6,37,92,30,18,39,10,21,18,18,0,0,4,2,9,36,19,1,15,0,16,2,0,10,4,1,3,4,3,0,0,4,1,0,0,1,1,0,0,0,0,0,0,0,0,0,0,0,0,0,0,15,7,2,3,3,1,1,0,0,0,0,0,0,2,0,0,0,9,3,2,0,2,2,2,0,0,0,1,0,5,3,3
52 - Δωδεκανήσου,128 E.T. Δήμου Κω,530,297,3,1,4,293,79,10,9,9,6,51,9,17,132,48,33,44,22,25,27,11,1,1,1,1,3,22,13,1,5,0,14,3,0,9,0,2,3,7,1,0,0,5,4,1,0,1,0,2,1,1,0,0,0,5,0,2,0,0,1,2,2,10,7,2,4,5,0,0,0,0,0,1,1,1,1,0,0,0,7,2,4,2,0,0,6,1,1,1,6,0,4,4,4
52 - Δωδεκανήσου,129 E.T. Δήμου Κω,531,334,13,2,15,319,65,15,11,5,4,37,3,22,138,53,30,59,26,15,29,16,4,1,4,2,5,27,19,3,10,1,13,3,0,5,0,1,2,1,3,0,0,6,3,1,1,0,0,2,1,0,0,0,0,1,0,0,0,0,0,0,0,22,11,8,4,5,4,0,0,0,0,5,4,2,1,1,0,1,18,6,5,0,4,4,6,2,0,0,0,0,8,7,7
52 - Δωδεκανήσου,130 E.T. Δήμου Κω,530,275,5,3,8,267,76,5,5,7,6,45,9,12,106,35,31,53,15,15,17,11,10,0,3,3,5,24,12,0,8,1,12,2,1,10,0,0,6,7,0,0,1,3,0,1,2,0,0,1,0,0,0,0,0,4,0,1,0,0,0,2,3,13,3,2,5,5,1,0,0,0,0,0,0,0,1,1,0,1,9,2,3,1,2,2,4,1,0,1,2,0,6,3,3
52 - Δωδεκανήσου,131 E.T. Δήμου Κω,551,294,7,4,11,283,68,11,7,5,2,50,6,18,127,39,23,35,19,25,31,8,5,1,1,0,5,30,21,1,3,2,12,2,2,16,3,0,6,12,0,0,0,1,0,0,1,0,0,1,0,0,0,0,0,1,0,0,0,0,0,1,1,13,3,5,2,4,0,0,0,0,0,2,1,0,1,0,0,0,4,1,3,0,0,1,7,1,2,0,2,1,5,3,3
52 - Δωδεκανήσου,132 E.T. Δήμου Κω,528,336,3,1,4,332,110,9,15,2,4,68,4,32,130,41,44,37,26,16,31,12,5,0,2,4,5,22,13,2,8,2,15,1,1,9,2,1,1,4,0,0,1,1,0,0,1,0,1,0,0,0,0,0,0,5,0,1,0,0,0,3,3,18,8,1,5,5,2,0,0,0,0,3,1,2,1,0,0,0,13,5,1,4,2,3,7,3,2,0,4,0,1,0,0
52 - Δωδεκανήσου,133 E.T. Δήμου Κω,525,305,6,1,7,298,86,9,12,8,8,51,7,24,114,46,44,47,20,12,21,13,8,1,4,3,6,37,22,6,12,2,14,1,0,6,1,0,2,4,0,0,1,4,0,0,0,0,0,1,0,0,0,0,0,8,0,4,0,0,0,7,2,12,4,1,3,2,1,1,0,0,0,0,0,0,2,0,0,0,12,5,4,2,2,2,2,2,1,0,1,0,1,0,1
52 - Δωδεκανήσου,134 E.T. Δήμου Κω,532,256,4,1,5,251,87,10,6,5,4,59,2,16,97,44,32,31,10,17,30,4,3,0,1,0,2,26,13,0,15,0,9,1,1,7,1,0,5,6,0,0,1,0,0,0,0,0,0,0,0,0,1,1,0,0,0,0,0,0,0,0,0,13,6,1,2,1,1,0,0,0,0,0,0,0,1,0,0,0,14,4,6,2,2,0,1,0,0,0,1,0,0,0,0
52 - Δωδεκανήσου,135 E.T. Δήμου Κω,531,260,5,3,8,252,72,9,2,5,7,38,4,21,121,35,4,56,18,19,37,14,7,2,5,2,4,19,6,1,5,3,6,2,0,7,0,0,3,4,0,0,0,1,0,0,0,0,0,0,0,0,1,0,0,1,0,0,0,0,0,0,0,6,4,0,1,1,0,1,0,0,0,0,0,0,0,0,0,0,3,1,2,1,2,0,6,2,2,2,3,0,0,0,0
52 - Δωδεκανήσου,136 E.T. Δήμου Κω,530,312,6,4,10,302,85,6,11,7,7,46,9,26,99,24,23,34,22,19,22,26,9,3,9,4,7,36,11,6,16,0,11,1,1,11,1,0,4,5,3,0,0,0,0,1,0,0,0,0,9,0,0,0,0,1,0,0,0,0,0,1,0,15,7,0,2,7,2,0,0,0,0,2,1,1,0,0,0,0,9,6,2,1,2,3,2,0,1,0,2,0,7,5,5
52 - Δωδεκανήσου,137 E.T. Δήμου Κω,538,271,3,3,6,265,93,16,6,6,4,57,5,13,107,50,18,39,17,18,16,17,7,3,2,3,8,15,5,1,4,1,8,2,0,9,1,1,5,6,0,1,0,2,0,0,0,0,0,0,0,0,1,0,0,0,0,0,0,0,0,0,0,5,2,0,1,0,2,0,0,0,0,1,1,1,1,0,0,0,6,2,3,1,1,0,3,0,0,0,3,0,5,2,2
52 - Δωδεκανήσου,138 E.T. Δήμου Κω,566,303,2,3,5,298,70,3,10,2,3,36,3,19,149,48,29,64,18,20,42,10,8,2,3,0,7,27,10,0,8,3,11,1,1,7,0,1,2,4,1,0,1,0,0,0,0,0,0,0,0,0,1,1,1,2,0,0,0,0,0,2,2,6,2,2,0,2,0,0,0,0,0,3,3,1,1,1,0,1,12,2,4,1,3,1,4,0,0,0,2,0,6,5,4
52 - Δωδεκανήσου,139 E.T. Δήμου Κω,568,357,6,8,14,343,86,7,8,7,4,48,3,27,138,48,34,40,20,28,32,16,9,1,6,6,1,37,18,4,11,0,22,1,1,9,1,0,6,6,0,0,0,11,0,0,0,0,0,0,0,0,1,0,0,1,0,0,0,0,0,0,0,22,11,7,2,5,2,1,0,0,0,5,0,0,1,0,0,0,8,1,4,0,1,2,6,0,0,0,0,0,1,0,0
52 - Δωδεκανήσου,140 E.T. Δήμου Κω,561,254,4,2,6,248,65,10,7,4,4,45,3,21,103,33,17,35,26,18,31,14,4,5,3,0,8,14,4,3,8,0,6,0,0,16,3,0,13,12,1,0,1,2,0,0,0,0,0,0,0,0,1,1,1,1,0,0,0,1,0,1,0,9,3,0,4,1,0,1,1,1,0,1,0,1,0,0,0,0,16,4,2,4,2,3,1,0,0,0,1,0,3,3,3
52 - Δωδεκανήσου,141 E.T. Δήμου Κω,529,356,5,7,12,344,102,12,7,7,6,62,6,34,117,38,26,39,26,18,29,22,11,5,3,3,10,38,16,0,13,1,18,1,0,15,0,1,12,12,0,1,0,4,1,0,0,0,0,0,0,0,0,0,0,1,0,0,0,0,0,1,0,20,6,2,8,5,3,0,0,0,0,5,2,4,0,0,0,0,10,2,5,0,1,1,5,1,1,0,3,1,5,2,2
52 - Δωδεκανήσου,142 E.T. Δήμου Κω,533,339,8,3,11,328,101,12,7,8,5,60,8,33,127,35,29,43,26,38,21,26,11,3,5,4,10,23,15,4,8,1,7,1,1,7,1,0,3,4,0,0,0,7,1,1,2,2,2,0,0,0,0,0,0,0,0,0,0,0,0,0,0,14,6,1,6,4,2,0,0,0,0,0,0,0,2,0,1,1,11,1,3,5,2,1,9,1,0,0,7,0,1,1,0
52 - Δωδεκανήσου,143 E.T. Δήμου Κω,552,249,3,0,3,246,90,8,17,7,2,53,6,20,92,18,29,34,12,28,17,6,4,1,0,2,3,20,10,2,3,0,11,2,1,9,1,1,4,5,0,0,0,1,0,1,0,0,0,0,0,0,0,0,0,0,0,0,0,0,0,0,0,11,2,1,4,2,3,3,2,0,0,0,0,0,1,0,0,0,3,1,0,1,2,0,4,1,0,0,4,0,6,2,1
52 - Δωδεκανήσου,144 E.T. Δήμου Κω,560,288,6,2,8,280,93,8,9,4,3,63,2,15,118,46,25,46,17,19,22,11,2,2,2,1,2,23,8,1,8,1,6,3,1,10,2,0,4,9,0,0,0,3,0,0,1,1,0,1,1,0,0,0,0,0,0,0,0,0,0,0,0,11,2,0,5,4,2,1,0,0,0,0,0,0,0,0,0,0,4,1,0,2,3,0,4,0,0,0,0,0,1,1,1
52 - Δωδεκανήσου,145 E.T. Δήμου Κω,563,309,2,2,4,305,75,7,13,4,4,42,9,19,126,51,38,45,23,23,21,14,8,2,2,1,8,31,13,1,2,1,17,0,2,9,0,0,8,6,0,0,0,6,0,0,0,0,0,0,0,0,0,0,0,3,0,0,0,0,0,0,0,10,4,2,2,2,0,0,0,0,0,2,0,0,0,0,0,0,17,2,7,0,1,3,5,0,0,0,0,0,7,0,0
52 - Δωδεκανήσου,146 E.T. Δήμου Κω,564,293,5,2,7,286,70,6,7,5,3,54,1,12,128,56,32,51,16,32,14,7,1,0,1,2,1,32,20,1,8,1,10,1,0,7,2,0,4,3,1,0,0,3,0,0,0,0,0,0,0,0,1,0,0,1,0,0,0,0,0,0,0,18,8,3,4,8,0,1,0,0,0,3,0,0,1,0,0,0,8,3,3,0,0,1,5,0,0,0,0,0,1,0,0
52 - Δωδεκανήσου,147 E.T. Δήμου Κω,553,345,14,6,20,325,86,16,15,2,6,46,6,29,121,27,22,45,18,30,30,27,12,5,4,2,11,25,12,2,10,0,8,1,1,12,3,1,4,2,0,0,0,5,2,2,1,1,3,0,0,0,0,0,0,0,0,0,0,0,0,0,0,17,5,4,3,3,5,0,0,0,0,4,1,4,2,2,0,0,20,8,12,3,4,6,3,1,2,0,1,0,3,1,1
52 - Δωδεκανήσου,148 E.T. Δήμου Κω,570,310,8,1,9,301,89,5,8,2,3,58,7,24,120,35,28,45,11,29,22,17,8,2,1,1,7,19,8,2,6,0,8,2,0,10,1,0,4,6,0,0,0,5,3,2,0,2,0,0,0,0,0,0,0,2,0,0,0,0,0,2,2,16,1,3,4,1,4,0,0,0,0,3,2,2,0,0,0,0,7,3,2,1,2,0,4,0,0,0,3,0,9,4,3
52 - Δωδεκανήσου,149 E.T. Δήμου Κω,565,296,10,1,11,285,78,13,7,3,7,53,3,21,133,57,27,33,28,32,32,11,7,3,1,3,4,24,14,2,11,0,11,3,2,5,2,1,0,3,0,0,2,3,2,0,0,0,0,2,0,0,1,0,0,0,0,0,0,0,0,0,0,15,6,1,3,7,1,0,0,0,0,0,0,0,2,1,0,1,9,2,7,2,2,2,2,0,0,0,1,0,2,0,0
52 - Δωδεκανήσου,150 E.T. Δήμου Κω,559,358,6,3,9,349,107,6,12,8,2,68,5,33,135,54,31,45,19,32,35,20,11,3,3,1,7,36,21,0,6,0,20,7,1,6,2,1,3,2,0,1,0,4,1,1,1,0,1,0,0,0,0,0,0,1,0,0,0,0,0,0,0,10,6,1,4,2,1,0,0,0,0,2,1,1,1,1,0,0,17,4,5,3,4,3,2,0,1,0,2,0,8,6,5
52 - Δωδεκανήσου,151 E.T. Δήμου Κω,532,309,11,6,17,292,89,11,9,5,5,52,8,6,122,46,41,41,12,18,24,15,5,5,2,0,6,12,2,0,2,1,4,0,0,11,2,1,3,7,2,0,2,0,0,0,0,0,0,0,0,0,0,0,0,1,0,1,0,0,0,0,0,19,7,2,9,4,5,1,0,0,0,0,0,0,1,1,1,0,13,3,2,1,2,0,1,0,0,1,0,0,7,6,6
52 - Δωδεκανήσου,152 E.T. Δήμου Κω,561,289,14,4,18,271,82,9,9,4,3,49,5,29,99,40,40,24,13,16,18,15,8,2,3,1,7,25,12,0,10,2,10,0,0,8,3,2,4,3,1,0,0,0,0,0,0,0,0,0,0,0,1,1,1,2,1,0,0,0,0,0,1,20,10,6,7,7,2,0,0,0,0,0,0,0,0,0,0,0,11,5,3,1,2,1,5,0,0,2,4,0,3,2,2
52 - Δωδεκανήσου,153 E.T. Δήμου Κω,549,298,9,5,14,284,91,7,9,5,6,55,4,23,106,47,18,40,14,21,22,10,6,3,1,1,5,22,10,3,5,1,10,1,0,12,2,0,10,10,0,0,0,6,2,0,0,0,1,1,0,0,0,0,0,1,0,0,0,0,0,1,0,11,5,2,5,4,1,0,0,0,0,3,0,3,1,0,0,0,16,4,3,5,7,2,2,0,1,0,2,0,3,1,1
52 - Δωδεκανήσου,154 E.T. Δήμου Κω,535,336,9,5,14,322,84,3,14,5,2,58,6,22,139,41,22,51,15,23,37,13,8,0,1,2,7,27,11,0,8,2,10,3,0,15,2,1,8,10,0,1,1,4,4,1,1,1,0,0,0,0,0,0,0,3,1,0,0,0,0,1,2,10,4,2,5,3,1,0,0,0,0,2,0,2,0,0,0,0,10,4,2,2,0,0,7,3,2,1,3,0,8,3,3
52 - Δωδεκανήσου,155 E.T. Δήμου Κω,566,304,8,7,15,289,76,10,9,3,3,54,4,21,120,46,34,42,12,15,31,10,5,0,4,2,3,34,16,2,8,1,19,4,1,11,1,0,5,9,1,0,0,4,2,1,1,0,0,1,0,0,0,0,0,2,1,0,0,0,0,2,0,11,7,1,3,3,1,0,0,0,0,0,0,0,1,0,0,0,6,2,2,2,0,0,10,0,1,0,9,0,4,1,0
52 - Δωδεκανήσου,156 E.T. Δήμου Κω,556,340,4,5,9,331,86,11,13,9,5,57,5,25,130,49,23,47,26,22,34,14,7,3,3,2,3,48,30,6,16,0,20,1,0,12,1,1,6,3,1,0,2,5,0,1,1,0,2,2,0,0,3,0,0,1,0,0,0,0,0,1,1,13,4,3,6,2,3,1,1,0,0,6,2,5,0,0,0,0,5,2,2,0,1,1,1,0,1,0,0,1,6,3,1
52 - Δωδεκανήσου,157 E.T. Δήμου Κω,537,354,14,6,20,334,120,18,10,8,14,66,9,23,113,37,24,41,11,19,30,15,6,1,2,0,7,30,13,1,12,2,14,3,2,8,0,1,4,5,1,0,0,3,1,0,0,1,1,0,0,0,3,0,0,0,0,0,0,0,0,0,0,17,10,4,6,3,4,0,0,0,0,0,0,0,4,1,1,0,14,6,5,1,1,0,5,0,1,1,3,1,2,1,2
52 - Δωδεκανήσου,158 E.T. Δήμου Νισύρου,383,209,5,3,8,201,91,6,4,10,1,38,5,43,68,7,12,40,6,8,26,7,2,2,0,1,0,13,1,3,7,0,2,3,0,8,0,1,2,3,0,0,0,0,0,0,0,0,0,0,0,0,1,1,0,0,0,0,0,0,0,0,0,1,1,0,0,0,1,2,2,0,0,0,0,0,2,0,1,1,3,0,0,0,0,0,2,1,1,0,0,0,3,3,3
52 - Δωδεκανήσου,159 E.T. Δήμου Νισύρου,439,156,1,1,2,154,66,4,1,4,2,35,5,41,61,5,12,38,4,5,26,2,0,1,0,0,1,10,0,7,5,1,0,0,0,9,5,0,3,3,0,0,2,1,0,0,1,0,0,1,0,0,0,0,0,0,0,0,0,0,0,0,0,0,0,0,0,0,0,0,0,0,0,0,0,0,0,0,0,0,1,0,0,0,0,0,1,0,0,0,0,0,3,0,2
52 - Δωδεκανήσου,160 E.T. Δήμου Νισύρου,421,157,1,1,2,155,73,1,8,2,2,37,3,51,58,12,10,33,2,7,29,2,0,1,0,0,1,6,0,1,5,0,0,1,0,3,0,0,2,1,0,0,0,0,0,0,0,0,0,0,0,0,1,1,1,0,0,0,0,0,0,0,0,5,1,2,0,2,0,0,0,0,0,1,0,0,0,0,0,0,5,2,0,2,2,0,0,0,0,0,0,0,1,1,1
52 - Δωδεκανήσου,161 E.T. Δήμου Νισύρου,535,142,1,2,3,139,48,0,3,7,4,30,2,19,65,1,25,38,2,6,45,0,0,0,0,0,0,10,3,3,5,1,4,2,0,6,1,0,2,2,1,0,1,0,0,0,0,0,0,0,0,0,0,0,0,1,1,1,0,0,0,0,0,4,1,1,1,1,1,1,0,0,0,0,0,0,0,0,0,0,4,2,0,1,3,0,0,0,0,0,0,0,0,0,0
52 - Δωδεκανήσου,162 E.T. Δήμου Νισύρου,331,56,3,0,3,53,26,9,4,0,0,7,1,19,17,2,4,14,1,1,5,0,0,0,0,0,0,4,0,1,2,0,1,2,1,6,4,0,5,2,0,0,0,0,0,0,0,0,0,0,0,0,0,0,0,0,0,0,0,0,0,0,0,0,0,0,0,0,0,0,0,0,0,0,0,0,0,0,0,0,0,0,0,0,0,0,0,0,0,0,0,0,0,0,0
52 - Δωδεκανήσου,163 E.T. Δήμου Μεγίστης,798,311,8,3,11,300,74,19,12,5,5,8,5,31,114,22,11,50,5,33,51,26,9,4,6,7,5,33,5,16,20,1,0,18,1,10,1,1,1,1,2,0,0,7,3,1,0,2,0,0,0,0,2,1,1,0,0,0,0,0,0,0,0,8,2,3,1,2,2,1,1,0,0,3,3,3,1,0,0,0,13,7,2,2,2,1,3,1,1,0,0,0,5,1,2
52 - Δωδεκανήσου,164 E.T. Δήμου Μεγίστης,794,176,4,5,9,167,34,5,3,2,1,6,1,15,71,8,9,45,2,26,42,9,2,1,0,2,1,32,1,23,16,3,0,17,0,3,2,2,0,0,0,1,1,3,1,0,0,1,0,0,0,0,0,0,0,1,0,0,0,0,0,0,0,5,2,2,2,3,1,1,1,0,0,2,1,1,0,0,0,0,3,1,0,0,0,0,0,0,0,0,0,0,3,2,2
52 - Δωδεκανήσου,165 E.T. Δήμου Ρόδου,545,343,4,0,4,339,100,23,23,10,11,4,4,62,106,24,32,55,2,31,29,8,0,1,3,2,0,73,0,8,72,2,1,5,0,20,0,0,1,0,12,13,8,2,0,0,0,0,0,0,0,0,0,0,0,5,3,0,2,1,1,1,2,11,3,1,3,1,2,0,0,0,0,0,0,0,3,3,0,2,9,3,1,1,4,0,0,0,0,0,0,0,2,2,1
52 - Δωδεκανήσου,166 E.T. Δήμου Ρόδου,550,287,5,2,7,280,85,12,17,5,6,13,6,57,60,7,27,26,4,18,15,5,2,2,1,0,2,75,5,10,67,2,0,7,1,22,1,2,1,4,9,2,6,1,1,0,0,0,0,1,0,0,0,0,0,6,2,2,2,1,0,1,2,8,4,2,1,4,0,2,0,0,0,0,0,0,0,0,0,0,13,7,0,3,5,5,2,1,2,0,1,0,1,0,0
52 - Δωδεκανήσου,167 E.T. Δήμου Ρόδου,567,301,8,1,9,292,113,24,31,8,5,11,5,80,64,11,24,30,5,18,16,6,0,6,0,0,3,63,7,8,56,4,1,5,3,15,1,3,0,3,7,8,4,3,0,0,0,0,0,1,0,0,2,2,0,3,2,0,1,1,0,0,0,4,0,0,1,1,1,0,0,0,0,1,1,1,1,1,0,0,9,5,2,0,5,1,3,1,0,0,0,0,5,3,4
52 - Δωδεκανήσου,168 E.T. Δήμου Ρόδου,561,335,2,0,2,333,102,21,30,9,7,6,10,76,114,6,48,51,4,26,44,4,0,1,2,1,2,63,4,4,61,6,1,9,0,18,1,2,0,0,7,5,6,3,0,0,0,0,0,2,0,0,0,0,0,3,2,0,1,1,2,0,0,5,3,1,2,2,0,0,0,0,0,0,0,0,0,0,0,0,14,7,0,1,3,4,1,1,0,0,0,0,6,4,4
52 - Δωδεκανήσου,169 E.T. Δήμου Ρόδου,556,317,4,4,8,309,112,22,15,5,2,3,10,58,98,9,33,39,5,28,29,7,2,2,1,1,2,59,5,5,56,3,2,8,1,14,1,1,0,0,10,5,3,3,1,0,3,0,0,1,0,0,0,0,0,0,0,0,0,0,0,0,0,6,0,2,0,3,1,0,0,0,0,0,0,0,2,2,0,2,6,4,1,0,2,0,0,0,0,0,0,0,2,2,1
52 - Δωδεκανήσου,170 E.T. Δήμου Ρόδου,549,329,3,0,3,326,108,25,29,6,11,6,2,74,80,13,25,33,8,13,27,16,5,8,4,4,7,67,3,8,61,2,1,8,1,21,0,2,0,1,15,7,6,0,0,0,0,0,0,0,0,0,0,0,0,1,1,0,0,1,0,0,0,16,4,4,4,6,3,1,0,0,0,0,0,0,3,2,0,1,4,2,0,0,0,1,1,0,0,0,0,0,8,7,5
52 - Δωδεκανήσου,171 E.T. Δήμου Ρόδου,549,311,9,2,11,300,101,12,25,4,7,12,6,74,98,16,38,42,8,16,27,11,4,4,1,4,1,53,0,7,51,1,2,6,1,12,1,0,0,0,0,5,6,0,0,0,0,0,0,0,0,0,0,0,0,3,2,0,2,1,0,0,1,4,0,1,1,1,0,0,0,0,1,1,0,0,0,0,0,0,13,3,3,2,6,0,0,0,0,0,0,0,4,2,1
52 - Δωδεκανήσου,172 E.T. Δήμου Ρόδου,560,321,2,2,4,317,98,17,27,8,6,14,7,62,87,18,33,50,5,29,15,9,5,6,1,2,1,82,5,10,76,6,0,7,1,19,1,2,0,2,12,12,1,0,0,0,0,0,0,0,0,0,0,0,0,1,1,0,0,1,0,0,0,2,0,1,1,1,1,0,0,0,0,0,0,0,0,0,0,0,12,9,1,1,0,2,2,1,1,0,0,0,5,2,3
52 - Δωδεκανήσου,173 E.T. Δήμου Ρόδου,567,329,7,4,11,318,99,8,27,12,5,7,8,64,100,19,36,45,6,26,21,6,1,0,0,3,2,64,4,4,56,0,0,6,1,24,0,1,1,0,17,7,10,1,0,0,0,0,0,0,0,0,1,0,1,0,0,0,0,0,0,0,0,7,2,1,4,2,1,0,0,0,0,0,0,0,2,1,0,1,10,7,1,0,3,2,1,0,0,0,0,0,3,3,3
52 - Δωδεκανήσου,174 E.T. Δήμου Ρόδου,450,181,4,2,6,175,27,4,8,5,2,0,3,13,90,17,14,33,5,28,51,3,1,1,1,1,1,36,0,3,35,0,1,4,0,10,0,1,0,0,9,1,0,1,0,0,0,0,0,0,0,0,0,0,0,0,0,0,0,0,0,0,0,1,0,0,0,1,0,0,0,0,0,0,0,0,0,0,0,0,3,2,0,0,1,0,1,0,0,0,0,0,3,3,2
52 - Δωδεκανήσου,175 E.T. Δήμου Ρόδου,456,221,9,2,11,210,27,3,4,2,2,5,3,15,116,24,20,61,14,41,44,9,4,3,2,0,3,34,0,0,28,2,0,5,0,6,0,0,0,1,6,1,2,0,0,0,0,0,0,0,0,0,0,0,0,0,0,0,0,0,0,0,0,7,2,2,1,1,0,0,0,0,0,0,0,0,0,0,0,0,8,7,0,1,5,0,2,0,0,1,0,0,1,1,1
52 - Δωδεκανήσου,176 E.T. Δήμου Ρόδου,461,218,2,0,2,216,29,5,5,2,3,2,3,13,131,36,32,29,3,30,88,4,0,2,0,0,2,31,2,2,26,2,0,6,3,6,1,0,0,0,4,3,1,1,0,0,0,0,0,0,0,0,0,0,0,0,0,0,0,0,0,0,0,4,0,4,1,1,0,0,0,0,0,0,0,0,0,0,0,0,7,5,0,0,2,2,1,0,0,0,0,0,2,1,1
52 - Δωδεκανήσου,177 E.T. Δήμου Ρόδου,420,242,1,0,1,241,67,4,11,1,6,0,2,50,114,52,27,29,4,30,31,16,2,9,3,0,2,23,1,3,15,3,0,4,0,2,0,0,0,0,1,1,1,1,0,0,0,0,0,0,0,0,0,0,0,0,0,0,0,0,0,0,0,12,1,3,4,3,1,0,0,0,0,0,0,0,3,2,0,2,3,1,0,0,1,0,0,0,0,0,0,0,0,0,0
52 - Δωδεκανήσου,178 E.T. Δήμου Ρόδου,515,294,7,5,12,282,64,6,5,2,4,3,0,42,129,61,27,38,3,41,35,26,2,15,4,1,10,31,3,6,22,0,2,3,1,4,0,0,0,1,1,1,0,4,1,0,0,1,0,0,0,0,0,0,0,4,3,0,1,3,0,0,0,8,3,1,1,3,0,0,0,0,0,2,0,0,0,0,0,0,5,2,0,0,1,2,0,0,0,0,0,0,5,4,2
52 - Δωδεκανήσου,179 E.T. Δήμου Ρόδου,399,175,4,1,5,170,75,28,18,6,7,10,3,49,44,6,17,25,3,8,19,3,1,0,0,1,0,25,3,4,21,0,0,12,1,1,0,0,0,0,0,1,0,3,2,0,0,1,0,1,0,0,0,0,0,0,0,0,0,0,0,0,0,7,3,2,2,3,0,0,0,0,0,0,0,0,0,0,0,0,9,4,1,1,1,4,1,1,0,0,0,1,2,2,2
52 - Δωδεκανήσου,180 E.T. Δήμου Ρόδου,389,132,7,0,7,125,54,10,13,5,8,0,6,36,38,2,10,24,8,5,13,3,1,0,1,2,0,11,1,0,11,0,0,4,0,1,0,0,0,0,0,0,0,0,0,0,0,0,0,0,0,0,0,0,0,0,0,0,0,0,0,0,0,5,0,1,0,4,1,1,0,1,0,0,0,0,1,0,1,1,5,0,0,3,0,1,5,3,2,2,0,0,0,0,0
52 - Δωδεκανήσου,181 E.T. Δήμου Ρόδου,389,148,1,0,1,147,53,9,18,5,4,4,4,35,60,6,14,36,13,16,15,0,0,0,0,0,0,16,2,1,15,0,0,3,1,1,0,0,0,0,0,1,0,1,0,0,0,0,0,0,0,0,1,0,0,1,0,0,0,1,1,0,0,4,0,2,0,1,0,0,0,0,0,2,0,0,0,0,0,0,4,2,1,0,1,2,1,0,0,1,0,0,3,2,1
52 - Δωδεκανήσου,182 E.T. Δήμου Ρόδου,499,273,3,0,3,270,67,6,13,4,7,2,4,34,143,30,27,82,10,27,47,0,0,0,0,0,0,26,0,7,17,0,1,10,2,0,0,0,0,0,0,0,0,3,0,1,0,0,0,2,0,0,0,0,0,0,0,0,0,0,0,0,0,14,3,3,3,6,2,0,0,0,0,1,0,0,1,1,0,0,8,3,0,0,2,1,2,1,2,0,0,0,5,3,2
52 - Δωδεκανήσου,183 E.T. Δήμου Ρόδου,518,266,4,1,5,261,57,7,16,2,4,3,7,36,130,20,32,74,7,30,49,2,1,1,1,0,1,38,0,16,25,0,0,13,1,4,0,2,0,0,1,2,0,3,1,0,0,2,1,0,0,0,1,1,0,1,1,1,0,0,0,0,0,9,2,3,3,4,2,0,0,1,1,0,0,0,0,0,0,0,8,4,2,1,3,1,0,0,0,0,0,0,7,3,1
52 - Δωδεκανήσου,184 E.T. Δήμου Ρόδου,492,257,5,0,5,252,77,12,21,5,6,10,6,45,101,16,20,58,4,29,25,0,0,0,0,0,0,37,2,5,32,1,2,12,0,2,0,1,0,0,1,2,0,1,0,0,0,0,0,0,0,0,0,0,0,1,1,0,0,0,0,1,0,16,6,4,4,6,1,0,0,0,0,1,1,1,0,0,0,0,9,2,4,1,2,4,1,1,1,0,0,0,6,4,3
52 - Δωδεκανήσου,185 E.T. Δήμου Ρόδου,252,165,3,0,3,162,44,6,12,4,7,4,2,25,82,26,17,42,6,9,31,3,2,1,0,0,1,25,1,4,19,2,1,3,1,0,0,0,0,0,0,0,0,2,0,0,0,0,0,0,0,0,0,0,0,0,0,0,0,0,0,0,0,1,0,1,0,0,0,0,0,0,0,1,1,0,0,0,0,0,2,1,0,0,1,0,1,0,1,0,0,0,1,1,0
52 - Δωδεκανήσου,186 E.T. Δήμου Ρόδου,455,211,14,0,14,197,89,17,37,5,13,6,10,56,48,11,15,29,0,12,13,10,3,2,3,3,5,15,0,2,10,0,0,3,0,16,1,7,0,3,7,9,0,2,0,0,1,0,0,1,0,0,0,0,0,0,0,0,0,0,0,0,0,2,1,0,1,1,0,0,0,0,0,1,0,1,1,0,0,0,6,4,0,0,3,4,1,1,0,1,0,0,6,5,4
52 - Δωδεκανήσου,187 E.T. Δήμου Ρόδου,385,161,1,0,1,160,62,15,6,4,9,5,6,33,46,14,11,17,2,8,17,5,1,3,1,0,0,20,3,3,12,2,1,3,1,7,0,1,1,0,4,5,0,4,0,0,0,1,0,1,0,0,2,0,0,0,0,0,0,0,0,0,0,1,1,0,0,0,0,0,0,0,0,0,0,0,1,1,0,1,9,0,0,1,1,5,1,0,0,0,0,0,2,1,1
52 - Δωδεκανήσου,188 E.T. Δήμου Ρόδου,461,224,3,2,5,219,46,1,19,4,1,5,6,33,112,20,10,72,6,30,49,4,0,2,0,1,0,32,1,12,14,0,0,19,2,1,0,1,1,0,0,0,0,1,0,0,0,0,0,1,0,0,1,0,0,0,0,0,0,0,0,0,0,4,0,3,3,1,0,0,0,0,0,2,2,1,0,0,0,0,9,1,1,0,5,6,1,1,1,0,0,0,6,2,2
52 - Δωδεκανήσου,189 E.T. Δήμου Ρόδου,400,127,2,1,3,124,28,7,6,3,4,5,1,14,41,8,9,25,3,10,15,3,1,3,0,0,0,42,0,16,15,1,0,33,0,3,0,0,0,0,2,3,1,0,0,0,0,0,0,0,0,0,0,0,0,0,0,0,0,0,0,0,0,2,0,0,0,0,0,0,0,0,0,1,1,1,0,0,0,0,3,1,0,0,0,2,1,1,0,0,0,1,0,0,0
52 - Δωδεκανήσου,190 E.T. Δήμου Ρόδου,565,461,6,4,10,451,106,13,15,6,2,3,5,47,193,48,62,55,6,64,48,24,5,8,2,2,4,82,5,58,28,3,1,8,1,0,0,0,0,0,0,0,0,2,1,1,0,0,0,0,0,0,0,0,0,0,0,0,0,0,0,0,0,18,1,9,2,3,2,0,0,0,0,0,0,0,2,0,0,0,16,6,2,2,0,3,1,0,0,0,1,0,7,4,1
52 - Δωδεκανήσου,191 E.T. Δήμου Ρόδου,557,443,2,2,4,439,96,12,8,3,8,3,2,63,183,45,36,69,12,70,59,22,9,6,2,3,3,93,2,75,33,1,0,11,1,7,1,3,0,1,1,4,2,8,2,1,0,0,2,2,0,0,0,0,0,1,1,0,1,0,0,0,0,16,5,3,2,4,2,1,0,0,0,1,0,0,0,0,0,0,6,2,0,0,2,0,4,0,0,0,1,0,1,0,1
52 - Δωδεκανήσου,192 E.T. Δήμου Ρόδου,566,492,8,6,14,478,115,8,16,9,4,8,3,70,215,44,22,51,10,55,93,26,6,5,3,2,5,80,2,76,25,5,1,4,1,3,0,1,0,1,1,2,0,8,3,1,1,2,2,1,0,0,0,0,0,2,1,0,0,1,1,0,1,10,3,1,2,2,0,0,0,0,0,1,1,0,0,0,0,0,7,4,2,0,1,4,6,1,0,1,0,1,5,2,2
52 - Δωδεκανήσου,193 E.T. Δήμου Ρόδου,540,385,3,5,8,377,95,7,16,5,12,3,4,66,190,38,42,70,6,62,78,11,5,6,2,2,2,52,4,40,13,0,0,4,0,1,1,1,0,0,0,0,0,0,0,0,0,0,0,0,0,0,0,0,0,0,0,0,0,0,0,0,0,11,0,0,0,0,0,0,0,0,0,0,0,0,0,0,0,0,13,0,0,0,0,0,0,0,0,0,0,0,4,0,0
52 - Δωδεκανήσου,194 E.T. Δήμου Ρόδου,557,416,8,6,14,402,116,9,13,2,8,9,6,72,179,34,46,61,12,70,71,15,2,7,6,1,3,58,2,49,24,3,0,5,0,7,0,0,1,0,1,1,0,2,0,0,0,0,1,1,0,0,0,0,0,0,0,0,0,0,0,0,0,9,1,1,2,4,2,0,0,0,0,0,0,0,0,0,0,0,12,8,1,0,4,2,2,1,0,1,0,0,2,0,0
52 - Δωδεκανήσου,195 E.T. Δήμου Ρόδου,539,363,4,0,4,359,102,13,20,1,7,5,10,68,160,43,40,44,20,55,45,5,0,3,0,1,2,58,0,52,18,2,0,7,0,7,0,1,0,1,1,2,0,5,1,0,0,1,1,0,0,0,0,0,0,1,1,0,0,1,0,0,0,8,1,1,1,3,0,0,0,0,0,0,0,0,2,1,0,1,10,2,0,0,2,4,0,0,0,0,0,0,1,0,1
52 - Δωδεκανήσου,196 E.T. Δήμου Ρόδου,565,390,3,0,3,387,110,11,23,4,9,9,2,73,167,39,36,54,6,56,74,8,3,3,1,2,3,74,4,53,30,2,1,18,0,8,1,1,0,1,5,0,0,3,0,0,0,0,0,0,0,0,0,0,0,0,0,0,0,0,0,0,0,3,1,1,0,1,1,0,0,0,0,3,0,0,0,0,0,0,8,2,0,0,1,2,1,0,0,0,0,0,2,0,0
52 - Δωδεκανήσου,197 E.T. Δήμου Ρόδου,534,398,6,3,9,389,97,17,10,9,8,5,6,49,184,63,53,49,12,44,65,16,8,11,1,2,3,51,2,47,13,4,0,5,0,6,2,2,1,1,0,1,0,6,1,1,0,1,1,1,0,0,0,0,0,0,0,0,0,0,0,0,0,9,3,3,2,4,0,0,0,0,0,1,1,1,1,0,0,0,13,8,2,2,4,3,2,0,1,0,1,0,3,2,0
52 - Δωδεκανήσου,198 E.T. Δήμου Ρόδου,556,369,1,4,5,364,100,4,28,3,3,5,2,54,156,28,44,57,8,47,58,14,3,3,3,1,7,64,2,51,25,4,0,4,0,4,0,2,0,1,0,1,0,2,0,0,0,0,0,0,0,0,0,0,0,0,0,0,0,0,0,0,0,8,0,2,3,1,1,1,1,0,0,0,0,0,2,1,1,0,5,1,0,2,3,1,3,2,1,0,0,0,5,2,0
52 - Δωδεκανήσου,199 E.T. Δήμου Ρόδου,360,346,13,5,18,328,122,20,25,7,9,7,8,63,112,35,31,27,8,41,30,21,3,8,4,1,5,22,4,6,11,3,1,1,1,2,1,2,0,1,0,0,0,4,0,1,0,1,0,0,0,0,2,2,1,0,0,0,0,0,0,0,0,15,2,7,7,2,2,1,0,0,0,3,1,1,1,1,0,1,7,5,0,0,3,0,6,0,1,0,1,0,10,5,4
52 - Δωδεκανήσου,200 E.T. Δήμου Ρόδου,437,242,1,0,1,241,83,12,20,3,5,9,6,68,88,20,31,30,2,41,21,16,1,9,4,4,7,29,1,18,14,4,1,10,1,4,0,1,0,0,1,1,0,0,0,0,0,0,0,0,0,0,0,0,0,0,0,0,0,0,0,0,0,11,1,7,4,3,2,0,0,0,0,1,1,1,0,0,0,0,4,2,0,1,3,2,2,2,1,0,0,0,3,2,2
52 - Δωδεκανήσου,201 E.T. Δήμου Ρόδου,563,352,6,4,10,342,104,15,30,8,7,5,7,56,150,36,37,70,14,35,39,14,3,8,2,1,3,28,2,4,11,7,0,10,2,8,2,4,0,0,3,2,0,3,0,0,1,0,0,1,0,0,0,0,0,0,0,0,0,0,0,0,0,17,1,6,3,3,1,0,0,0,0,1,1,1,0,0,0,0,9,3,1,1,2,3,3,0,1,3,1,0,5,1,1
52 - Δωδεκανήσου,202 E.T. Δήμου Ρόδου,560,340,15,3,18,322,101,15,34,8,9,7,12,58,143,32,33,77,7,37,46,9,2,6,0,1,3,23,3,4,17,2,0,7,2,9,1,1,1,1,5,5,0,3,1,0,1,1,0,1,0,0,4,4,4,2,1,0,1,2,0,0,0,8,1,3,3,3,2,0,0,0,0,1,0,0,0,0,0,0,13,7,0,2,1,6,2,0,1,1,0,0,4,2,1
52 - Δωδεκανήσου,203 E.T. Δήμου Ρόδου,566,331,1,1,2,329,107,10,21,8,6,4,6,47,148,36,27,61,2,41,47,21,3,11,1,1,4,24,0,1,15,1,0,4,3,2,0,0,0,0,0,2,0,3,1,0,0,0,0,1,0,0,0,0,0,0,0,0,0,0,0,0,0,6,2,0,3,0,1,0,0,0,0,0,0,0,0,0,0,0,12,3,1,4,2,1,2,0,0,0,0,0,4,2,2
52 - Δωδεκανήσου,204 E.T. Δήμου Ρόδου,548,309,8,4,12,297,115,12,49,6,11,6,4,55,114,29,26,54,5,23,23,4,0,2,0,1,0,32,1,3,21,5,2,9,1,4,0,1,0,0,2,1,0,7,0,0,1,0,2,1,0,0,0,0,0,1,1,0,0,1,0,0,0,6,1,0,1,2,2,0,0,0,0,1,0,0,0,0,0,0,8,3,2,1,0,0,0,0,0,0,0,0,5,4,1
52 - Δωδεκανήσου,205 E.T. Δήμου Ρόδου,528,294,6,0,6,288,109,13,42,8,8,2,9,39,108,32,27,42,6,43,27,3,0,2,1,0,2,28,0,6,18,1,0,7,0,6,1,2,0,1,2,2,0,4,2,1,0,0,1,2,0,0,0,0,0,1,0,0,1,0,0,0,0,7,1,5,0,3,0,3,1,0,0,1,0,0,1,1,0,0,10,4,1,1,4,1,4,1,0,0,0,0,3,0,0
52 - Δωδεκανήσου,206 E.T. Δήμου Ρόδου,554,324,6,2,8,316,113,20,35,7,7,3,10,64,125,28,36,55,10,40,35,10,2,7,2,0,1,14,0,2,8,2,2,5,0,6,0,0,1,0,1,3,0,4,0,0,0,0,0,0,0,0,1,0,0,3,2,0,1,2,0,1,0,21,4,5,5,11,0,0,0,0,0,1,1,1,1,1,0,1,12,2,1,2,5,8,3,0,0,0,0,0,2,1,0
52 - Δωδεκανήσου,207 E.T. Δήμου Ρόδου,541,307,5,3,8,299,78,4,26,6,7,4,10,36,121,24,24,57,10,37,32,12,1,6,1,1,4,33,8,3,23,2,1,5,0,7,0,3,1,0,0,4,0,6,2,0,1,2,0,2,0,0,0,0,0,1,0,0,0,0,0,0,0,14,4,3,3,5,2,0,0,0,0,4,1,0,2,1,1,0,12,6,1,2,1,7,3,0,0,0,0,0,6,5,2
52 - Δωδεκανήσου,208 E.T. Δήμου Ρόδου,553,323,15,0,15,308,100,9,33,5,3,4,9,57,131,36,28,50,9,32,35,6,0,2,1,1,0,27,1,10,19,4,1,4,0,5,1,1,0,0,2,2,1,3,1,0,0,0,1,0,0,0,2,1,1,0,0,0,0,0,0,0,0,6,1,1,0,1,0,1,1,0,0,1,1,1,0,0,0,0,16,5,3,4,2,5,2,1,0,0,1,0,8,6,3
52 - Δωδεκανήσου,209 E.T. Δήμου Ρόδου,529,296,6,0,6,290,86,11,24,5,6,3,7,39,110,20,19,53,4,20,39,16,1,6,3,2,4,34,1,3,26,2,1,9,1,7,0,5,0,0,1,6,0,3,1,0,0,0,0,1,0,0,0,0,0,1,0,0,0,0,0,0,0,14,2,3,4,3,1,1,1,0,0,3,2,1,2,1,0,1,10,2,0,0,1,2,2,1,1,0,0,0,1,0,0
52 - Δωδεκανήσου,210 E.T. Δήμου Ρόδου,538,305,0,3,3,302,111,14,50,5,5,8,10,55,127,41,46,45,9,30,39,4,1,0,2,1,2,26,4,6,21,0,2,6,0,2,0,0,0,0,1,1,0,1,0,1,0,1,0,0,0,0,1,1,1,0,0,0,0,0,0,0,0,7,1,3,2,1,1,0,0,0,0,3,1,2,0,0,0,0,10,2,2,3,3,5,5,2,1,0,1,0,5,4,2
52 - Δωδεκανήσου,211 E.T. Δήμου Ρόδου,569,336,6,3,9,327,108,11,47,3,3,4,5,44,145,26,57,53,8,38,32,20,1,6,2,1,12,22,0,5,14,0,0,6,0,3,1,0,0,0,1,0,0,0,0,0,0,0,0,0,0,0,0,0,0,3,1,0,1,1,0,1,0,6,1,2,0,3,0,0,0,0,0,0,0,0,1,0,0,0,11,4,1,0,5,2,3,0,1,0,0,0,5,4,2
52 - Δωδεκανήσου,212 E.T. Δήμου Ρόδου,530,279,10,3,13,266,85,14,18,4,5,3,7,34,112,23,15,57,9,31,26,17,1,8,1,3,3,22,2,4,18,2,0,5,1,3,0,0,0,1,0,2,0,3,0,1,0,0,0,0,1,1,2,1,1,0,0,0,0,0,0,0,0,10,1,3,2,6,1,0,0,0,0,1,0,0,0,0,0,0,6,1,0,0,2,0,3,0,0,0,1,0,1,1,1
52 - Δωδεκανήσου,213 E.T. Δήμου Ρόδου,551,349,2,3,5,344,105,16,37,5,10,4,7,59,153,33,31,66,17,51,52,12,1,7,1,2,4,31,5,7,17,1,0,13,0,5,0,5,0,0,0,4,1,0,0,0,0,0,0,0,0,0,0,0,0,2,2,0,0,2,0,0,0,10,1,0,1,5,0,1,0,1,0,1,1,1,2,0,0,0,16,6,0,1,3,4,1,0,0,0,0,0,4,3,3
52 - Δωδεκανήσου,214 E.T. Δήμου Ρόδου,520,452,4,5,9,443,78,14,11,4,14,5,5,30,253,17,147,58,4,81,61,27,4,4,1,0,14,17,0,11,11,0,0,4,0,2,0,0,0,1,1,1,0,2,0,0,0,0,1,1,0,0,1,0,0,1,0,0,0,0,0,1,1,30,8,6,2,12,12,0,0,1,0,0,0,0,4,3,1,0,19,4,2,7,5,3,4,1,1,1,0,2,4,2,2
52 - Δωδεκανήσου,215 E.T. Δήμου Ρόδου,524,337,2,1,3,334,49,9,18,4,5,5,5,20,202,9,126,47,7,60,49,14,4,7,5,5,5,12,2,2,9,0,0,7,0,5,1,0,0,0,3,2,0,3,1,0,0,1,0,0,0,0,0,0,0,0,0,0,0,0,0,0,0,30,5,10,7,10,10,0,0,0,0,0,0,0,0,0,0,0,14,8,0,6,5,2,0,0,0,0,0,0,5,4,5
52 - Δωδεκανήσου,216 E.T. Δήμου Ρόδου,521,316,2,5,7,309,47,7,11,6,9,5,9,28,201,6,123,51,5,62,61,5,0,1,4,4,1,20,3,3,13,0,2,9,2,2,0,0,0,0,0,0,0,1,0,0,0,0,0,0,0,0,0,0,0,2,0,0,2,0,1,0,0,20,6,8,3,4,9,0,0,0,0,1,0,0,0,0,0,0,5,1,0,2,2,2,1,0,0,0,0,0,4,2,2
52 - Δωδεκανήσου,217 E.T. Δήμου Ρόδου,541,362,11,3,14,348,63,11,15,7,5,3,5,37,226,9,151,72,7,58,65,7,1,4,2,1,2,10,0,6,4,0,1,5,0,0,0,0,0,0,0,0,0,0,0,0,0,0,0,0,0,0,0,0,0,2,2,0,0,2,0,0,0,12,3,7,1,4,4,0,0,0,0,1,0,0,2,2,2,0,21,8,0,8,3,6,2,1,0,1,0,0,2,2,2
52 - Δωδεκανήσου,218 E.T. Δήμου Ρόδου,545,360,3,1,4,356,94,25,17,4,12,10,9,65,188,11,116,42,6,58,66,12,4,0,2,3,5,24,3,7,14,1,1,7,1,1,0,0,0,0,1,1,0,0,0,0,0,0,0,0,0,0,0,0,0,2,0,0,0,1,0,0,0,19,3,14,1,6,6,0,0,0,0,2,2,0,1,0,0,1,6,2,1,6,0,1,1,0,1,0,1,0,6,3,2
52 - Δωδεκανήσου,219 E.T. Δήμου Ρόδου,528,352,10,2,12,340,46,5,10,10,12,0,7,25,212,13,155,52,10,59,44,17,4,3,1,3,3,15,1,5,8,1,1,5,0,7,1,1,0,1,4,1,3,2,1,1,0,1,1,0,1,0,0,0,0,3,1,0,2,1,0,0,1,11,2,2,3,5,5,0,0,0,0,1,1,1,0,0,0,0,16,11,0,1,8,8,3,1,1,0,2,0,6,3,4
52 - Δωδεκανήσου,220 E.T. Δήμου Ρόδου,519,334,1,5,6,328,79,17,16,11,5,5,14,41,180,21,106,46,7,38,61,10,1,3,1,1,4,9,2,6,3,0,0,2,0,1,1,1,0,0,0,0,0,3,0,0,1,0,0,2,0,0,1,1,1,2,0,0,2,2,0,0,0,14,2,2,1,5,7,0,0,1,1,1,1,1,3,1,0,2,21,5,2,6,7,7,1,1,1,0,0,0,2,2,1
52 - Δωδεκανήσου,221 E.T. Δήμου Ρόδου,490,363,3,4,7,356,96,18,23,7,14,6,10,56,170,36,35,74,13,57,53,17,3,9,2,3,2,29,0,5,21,0,0,9,2,7,2,3,0,0,2,2,1,4,1,1,1,1,0,2,0,0,1,0,0,3,3,0,1,0,0,0,2,12,5,6,1,4,2,0,0,0,0,4,2,3,0,0,0,0,7,2,0,0,0,3,2,2,0,0,0,1,4,4,2
52 - Δωδεκανήσου,222 E.T. Δήμου Ρόδου,488,349,12,5,17,332,77,14,12,9,6,4,5,39,152,13,69,48,8,54,33,18,7,7,4,4,1,30,3,11,16,2,1,18,1,13,0,1,0,2,9,2,0,2,0,0,0,1,1,0,1,1,1,1,1,4,1,0,0,1,1,0,2,9,2,3,0,0,1,0,0,0,0,1,1,0,1,1,0,1,14,3,2,4,3,0,2,1,0,1,0,0,7,4,3
52 - Δωδεκανήσου,223 E.T. Δήμου Ρόδου,480,354,7,6,13,341,87,12,21,7,9,3,5,54,160,34,75,55,11,44,50,16,3,9,1,0,4,29,3,2,20,0,1,26,0,5,2,0,0,2,0,3,1,4,3,0,1,1,0,1,1,1,1,0,0,0,0,0,0,0,0,0,0,12,3,5,0,9,1,0,0,0,0,4,1,1,0,0,0,0,13,3,0,0,3,4,1,0,1,0,1,0,8,6,4
52 - Δωδεκανήσου,224 E.T. Δήμου Ρόδου,487,321,8,3,11,310,83,10,17,11,8,4,11,40,140,21,55,48,8,32,42,11,2,8,3,3,2,27,1,6,16,1,1,13,2,4,1,1,0,0,1,1,0,6,1,2,2,1,1,1,0,0,2,2,2,1,0,0,0,0,0,0,0,10,1,6,1,3,1,0,0,0,0,1,0,1,3,2,1,0,15,6,0,4,3,8,4,2,1,0,1,1,3,2,3
52 - Δωδεκανήσου,225 E.T. Δήμου Ρόδου,510,334,5,1,6,328,81,18,18,8,7,6,9,46,142,40,53,45,7,45,38,15,4,7,6,1,4,29,2,5,18,3,0,15,0,5,1,0,0,1,2,2,1,1,0,0,0,0,0,0,0,0,0,0,0,3,0,0,0,0,0,0,0,17,3,5,3,10,2,0,0,1,0,0,0,0,0,0,0,0,14,5,2,1,2,3,4,0,1,1,1,0,16,9,8
52 - Δωδεκανήσου,226 E.T. Δήμου Ρόδου,481,329,9,4,13,316,103,27,44,4,9,1,7,37,132,22,45,62,2,32,34,8,1,2,0,1,4,26,1,5,19,1,1,10,1,14,0,1,0,1,10,11,0,3,0,1,1,0,0,2,0,0,1,1,0,0,0,0,0,0,0,0,0,14,3,4,0,4,1,0,0,0,0,0,0,0,0,0,0,0,11,5,2,2,2,2,1,1,0,1,0,0,3,2,1
52 - Δωδεκανήσου,227 E.T. Δήμου Ρόδου,522,319,4,0,4,315,111,17,58,7,8,11,3,61,111,12,53,56,2,19,51,10,2,4,1,1,5,51,1,23,45,3,0,13,0,14,1,1,1,1,8,9,0,1,0,0,0,0,0,0,0,0,0,0,0,0,0,0,0,0,0,0,0,7,1,3,1,5,1,0,0,0,0,0,0,0,0,0,0,0,4,1,1,2,0,1,3,2,1,0,0,1,3,0,0
52 - Δωδεκανήσου,228 E.T. Δήμου Ρόδου,489,312,5,4,9,303,108,17,53,3,3,1,6,63,82,15,14,49,6,22,17,11,1,10,0,0,5,23,0,6,10,4,0,10,0,49,0,7,0,0,43,20,1,3,0,0,0,0,0,0,0,0,0,0,0,0,0,0,0,0,0,0,0,10,0,4,4,2,1,0,0,0,0,0,0,0,1,0,0,0,11,2,0,0,1,1,0,0,0,0,0,0,5,5,2
52 - Δωδεκανήσου,229 E.T. Δήμου Ρόδου,467,273,5,0,5,268,113,8,61,10,7,3,6,59,48,6,13,15,3,11,8,5,1,0,0,1,2,24,1,4,10,9,1,12,0,47,0,2,1,2,39,21,4,3,0,0,0,0,0,0,0,0,4,0,3,0,0,0,0,0,0,0,0,3,1,1,0,0,0,1,1,0,0,1,1,1,1,0,0,0,11,1,1,1,0,5,3,2,1,1,1,1,4,4,3
52 - Δωδεκανήσου,230 E.T. Δήμου Ρόδου,475,283,3,3,6,277,105,17,53,5,3,3,7,44,67,10,12,25,6,19,24,9,0,5,3,2,1,30,1,2,18,9,0,8,0,34,0,3,0,1,31,13,1,0,0,0,0,0,0,0,0,0,0,0,0,6,6,0,0,5,0,0,0,4,1,0,1,0,0,0,0,0,0,1,0,0,1,1,0,1,9,1,0,2,0,5,3,0,2,0,2,0,8,7,4
52 - Δωδεκανήσου,231 E.T. Δήμου Ρόδου,509,269,3,3,6,263,74,8,20,5,5,6,4,45,104,12,17,69,3,19,49,10,4,2,3,1,1,41,2,8,37,2,0,7,0,3,1,1,0,0,1,0,1,3,0,0,0,0,0,0,0,0,0,0,0,0,0,0,0,0,0,0,0,12,0,11,1,3,0,0,0,1,1,1,0,0,0,0,0,0,7,1,1,0,2,3,4,0,2,2,0,0,3,2,1
52 - Δωδεκανήσου,232 E.T. Δήμου Ρόδου,601,332,5,6,11,321,59,9,10,1,5,5,4,32,117,9,16,77,1,30,47,13,1,2,0,1,2,82,6,7,67,6,0,28,1,5,2,0,0,0,2,0,3,3,1,1,0,1,0,1,0,0,0,0,0,0,0,0,0,0,0,0,0,13,0,12,0,3,0,0,0,0,0,3,2,0,0,0,0,0,10,1,1,1,3,3,8,0,0,1,2,1,8,6,3
52 - Δωδεκανήσου,233 E.T. Δήμου Ρόδου,289,192,9,3,12,180,64,11,16,6,4,5,7,31,41,4,11,32,3,7,7,6,1,4,1,2,2,35,4,9,18,10,0,14,1,8,1,2,0,1,3,6,0,0,0,0,0,0,0,0,0,0,1,0,0,0,0,0,0,0,0,0,0,13,1,7,4,2,2,0,0,0,0,0,0,0,1,0,0,0,8,3,0,1,3,3,0,0,0,0,0,0,3,2,2
52 - Δωδεκανήσου,234 E.T. Δήμου Ρόδου,317,200,2,2,4,196,82,3,28,5,4,6,0,43,57,4,20,32,4,10,19,3,0,0,0,0,0,26,0,7,17,5,2,8,1,8,1,1,0,0,4,6,0,2,0,0,0,0,0,0,0,0,0,0,0,2,0,0,0,0,0,0,0,3,0,0,2,2,0,0,0,0,0,0,0,0,0,0,0,0,6,2,0,1,0,3,0,0,0,0,0,0,7,0,0
52 - Δωδεκανήσου,235 E.T. Δήμου Ρόδου,585,348,6,4,10,338,123,20,43,9,9,8,14,63,132,17,36,89,6,24,54,10,0,4,2,2,3,30,1,4,26,2,0,11,0,7,2,1,0,0,1,1,1,2,1,0,0,0,0,1,0,0,0,0,0,0,0,0,0,0,0,0,0,14,4,8,3,6,1,0,0,0,0,0,0,0,2,1,0,0,14,9,1,1,0,8,1,0,0,0,0,1,3,3,2
52 - Δωδεκανήσου,236 E.T. Δήμου Ρόδου,329,171,1,2,3,168,47,3,9,3,2,3,1,30,66,4,16,34,1,29,19,7,0,4,1,1,3,21,0,10,16,1,0,8,0,1,0,0,0,0,0,0,0,1,0,0,0,1,0,1,0,0,0,0,0,1,0,0,1,0,0,0,1,11,0,10,1,6,0,0,0,0,0,0,0,0,0,0,0,0,6,2,0,0,1,4,2,2,0,2,0,0,5,5,4
52 - Δωδεκανήσου,237 E.T. Δήμου Ρόδου,449,215,2,2,4,211,58,11,16,5,5,6,3,31,87,28,13,46,4,20,23,8,1,3,1,0,1,28,0,5,12,3,0,19,0,3,0,2,1,1,0,0,2,4,1,0,1,0,1,0,0,0,0,0,0,0,0,0,0,0,0,0,0,10,2,3,2,2,2,1,0,0,0,0,0,0,1,1,0,0,8,0,0,1,0,6,1,0,1,0,0,1,2,1,0
52 - Δωδεκανήσου,238 E.T. Δήμου Ρόδου,444,230,2,1,3,227,69,7,21,2,3,2,3,19,85,20,15,34,12,10,24,1,0,1,0,0,0,37,0,6,19,0,2,32,0,3,0,0,0,0,0,0,0,2,1,1,0,0,0,0,0,0,0,0,0,1,0,0,0,1,0,0,0,9,3,3,0,2,1,0,0,0,0,1,0,0,0,0,0,0,15,7,3,2,1,6,0,0,0,0,0,0,4,1,1
52 - Δωδεκανήσου,239 E.T. Δήμου Ρόδου,518,330,6,1,7,323,120,8,33,8,6,6,7,62,88,12,14,47,6,33,23,12,0,6,1,0,7,39,0,2,29,8,1,16,1,22,1,1,0,0,14,13,1,2,0,0,0,0,0,0,0,0,1,0,0,2,2,0,0,2,0,0,0,16,2,7,3,5,1,0,0,0,0,0,0,0,0,0,0,0,9,1,0,1,0,2,1,0,0,0,0,0,11,9,2
52 - Δωδεκανήσου,240 E.T. Δήμου Ρόδου,428,287,3,3,6,281,70,9,18,6,5,6,6,26,132,27,16,82,7,42,40,9,4,4,2,0,4,25,0,1,19,5,0,9,0,10,0,0,0,0,6,8,1,3,0,0,0,1,1,0,0,0,1,0,0,3,2,1,0,0,0,0,0,7,0,4,4,2,2,0,0,1,1,1,1,1,0,0,0,0,8,4,1,0,1,3,2,0,0,0,0,0,9,7,2
52 - Δωδεκανήσου,241 E.T. Δήμου Ρόδου,537,309,0,1,1,308,53,13,10,5,8,6,3,17,169,34,30,67,3,55,89,10,4,6,2,0,3,56,7,7,43,6,2,21,1,2,0,0,0,0,2,0,0,1,0,0,0,1,1,0,0,0,0,0,0,1,1,0,0,1,0,0,0,8,3,3,1,4,0,0,0,0,0,0,0,0,0,0,0,0,3,1,0,1,2,1,3,1,2,1,2,0,2,0,2
52 - Δωδεκανήσου,242 E.T. Δήμου Ρόδου,528,301,8,3,11,290,52,21,11,2,5,6,6,31,167,35,46,75,2,51,81,3,1,2,2,0,1,35,3,10,28,2,3,8,0,3,0,0,0,0,0,2,0,3,0,0,0,1,1,0,0,0,2,2,2,0,0,0,0,0,0,0,0,11,3,3,3,4,1,0,0,0,0,1,1,1,0,0,0,0,9,6,0,1,6,1,1,1,0,1,0,0,3,2,1
52 - Δωδεκανήσου,243 E.T. Δήμου Ρόδου,533,309,3,1,4,305,60,15,16,6,4,5,3,29,169,32,32,85,3,54,78,16,2,10,5,2,1,24,1,1,15,2,0,12,2,8,2,3,0,0,4,3,0,4,0,1,1,0,1,2,0,0,1,1,1,0,0,0,0,0,0,0,0,7,1,5,3,2,0,0,0,0,0,3,1,1,2,1,0,1,7,4,0,2,2,4,2,1,2,0,0,1,2,1,1
52 - Δωδεκανήσου,244 E.T. Δήμου Ρόδου,523,341,5,4,9,332,111,17,24,8,7,9,7,53,108,34,41,42,4,17,31,24,9,9,6,6,3,35,3,5,19,2,2,20,1,2,0,1,0,0,1,2,0,3,2,2,0,1,1,0,0,0,1,0,0,1,1,0,0,0,0,0,0,11,1,5,1,1,1,0,0,0,0,0,0,0,3,1,0,2,22,5,3,9,9,2,3,0,0,0,0,0,8,4,4
52 - Δωδεκανήσου,245 E.T. Δήμου Ρόδου,435,220,2,0,2,218,47,6,6,3,4,0,5,31,106,25,31,53,7,17,37,5,0,3,2,2,0,31,2,4,23,0,1,16,0,11,0,10,0,0,1,6,2,0,0,0,0,0,0,0,0,0,1,0,1,0,0,0,0,0,0,0,0,7,2,4,1,2,0,0,0,0,0,1,0,1,0,0,0,0,6,4,0,1,2,1,1,1,1,0,0,0,2,2,1
52 - Δωδεκανήσου,246 E.T. Δήμου Ρόδου,528,233,2,0,2,231,48,4,9,3,3,6,4,18,108,34,19,57,1,25,25,10,1,8,0,1,1,28,0,6,26,1,1,17,1,14,1,13,1,0,2,3,2,1,0,0,0,1,0,0,0,0,0,0,0,0,0,0,0,0,0,0,0,10,2,5,2,2,1,0,0,0,0,0,0,0,0,0,0,0,8,4,1,0,0,4,0,0,0,0,0,0,4,1,1
52 - Δωδεκανήσου,247 E.T. Δήμου Ρόδου,450,184,6,0,6,178,38,7,9,1,3,2,1,21,99,28,19,59,1,18,37,2,0,0,0,0,0,22,4,9,18,2,0,4,0,2,1,1,0,0,0,0,0,1,0,0,0,0,0,0,0,0,0,0,0,0,0,0,0,0,0,0,0,5,0,2,1,2,2,0,0,0,0,1,1,1,0,0,0,0,4,2,1,0,1,0,1,0,1,1,0,0,3,2,0
52 - Δωδεκανήσου,248 E.T. Δήμου Ρόδου,480,237,0,2,2,235,46,14,4,4,8,5,3,24,122,49,20,57,3,22,45,9,0,0,0,0,0,35,5,10,23,0,1,11,1,3,0,0,0,0,1,3,0,2,0,0,0,0,0,0,0,0,0,0,0,0,0,0,0,0,0,0,0,5,1,0,3,1,2,0,0,0,0,0,0,0,1,0,0,0,7,2,1,1,0,2,2,0,0,0,0,0,3,0,0
52 - Δωδεκανήσου,249 E.T. Δήμου Ρόδου,475,254,3,2,5,249,57,12,7,10,7,5,7,36,118,29,22,67,6,22,43,5,3,2,1,1,2,35,4,16,25,0,1,9,0,4,0,0,0,0,2,0,0,2,1,1,0,0,0,0,0,0,0,0,0,1,1,0,0,0,1,0,0,12,7,0,5,5,2,0,0,0,0,0,0,0,1,0,0,0,4,1,0,1,1,2,1,1,1,0,0,0,9,7,7
52 - Δωδεκανήσου,250 E.T. Δήμου Ρόδου,473,249,1,1,2,247,63,5,13,4,3,2,3,32,123,56,28,57,2,34,44,7,1,2,1,0,1,19,4,4,14,0,1,1,1,8,1,3,1,2,1,6,0,2,1,0,0,0,0,1,0,0,0,0,0,2,2,0,1,0,0,0,0,9,1,2,1,4,0,0,0,0,0,1,0,0,0,0,0,0,9,4,1,1,2,2,0,0,0,0,0,0,4,3,3
52 - Δωδεκανήσου,251 E.T. Δήμου Ρόδου,369,138,3,1,4,134,30,8,17,3,4,3,0,11,57,15,21,28,5,11,18,4,1,3,1,0,0,29,10,4,9,4,2,19,2,2,0,1,0,0,0,2,1,0,0,0,0,0,0,0,0,0,1,0,0,1,0,0,0,0,0,0,0,4,3,1,0,0,1,0,0,0,0,0,0,0,0,0,0,0,5,3,0,1,2,0,0,0,0,0,0,0,1,0,1
52 - Δωδεκανήσου,252 E.T. Δήμου Ρόδου,358,192,12,4,16,176,59,17,12,7,7,6,3,11,47,10,22,12,3,5,17,15,2,7,2,1,4,17,4,3,9,2,1,5,1,4,2,1,0,0,0,0,3,1,0,0,0,0,0,0,0,0,0,0,0,0,0,0,0,0,0,0,0,15,5,3,5,2,2,0,0,0,0,2,2,1,0,0,0,0,6,2,1,1,1,2,5,2,0,1,0,0,5,5,2
52 - Δωδεκανήσου,253 E.T. Δήμου Ρόδου,436,141,0,0,0,141,52,11,20,1,4,7,1,28,50,14,9,16,8,9,17,3,0,3,0,0,0,21,6,0,8,0,1,15,5,0,0,0,0,0,0,0,0,2,0,0,1,0,0,1,0,0,0,0,0,0,0,0,0,0,0,0,0,3,1,1,1,3,0,0,0,0,0,0,0,0,0,0,0,0,8,3,0,2,2,2,0,0,0,0,0,0,2,0,0
52 - Δωδεκανήσου,254 E.T. Δήμου Ρόδου,294,161,3,0,3,158,37,5,6,0,1,1,2,23,69,7,15,38,1,32,25,3,1,0,1,0,0,21,3,10,10,1,0,8,5,16,1,6,0,0,8,2,7,1,0,0,0,0,0,0,0,0,1,0,0,0,0,0,0,0,0,0,0,0,0,0,0,0,0,0,0,0,0,2,1,0,0,0,0,0,2,1,1,1,0,1,1,0,0,0,0,0,5,4,3
52 - Δωδεκανήσου,255 E.T. Δήμου Ρόδου,362,209,2,1,3,206,54,6,25,3,4,5,1,29,77,6,22,55,1,31,22,2,0,0,1,0,2,40,1,20,17,3,1,21,8,20,0,11,0,1,7,5,13,1,0,0,0,0,0,0,0,0,0,0,0,0,0,0,0,0,0,0,0,0,0,0,0,0,0,0,0,0,0,0,0,0,0,0,0,0,7,3,1,0,3,1,0,0,0,0,0,0,5,2,1
52 - Δωδεκανήσου,256 E.T. Δήμου Ρόδου,211,120,1,0,1,119,34,6,8,2,2,1,0,22,44,7,2,27,0,12,21,4,0,2,1,1,1,26,3,13,18,0,0,8,0,1,1,0,0,0,0,0,1,1,0,0,0,0,0,0,0,0,0,0,0,0,0,0,0,0,0,0,0,2,1,1,1,1,0,0,0,0,0,0,0,0,0,0,0,0,4,1,0,0,0,1,2,0,0,0,0,0,1,0,0
52 - Δωδεκανήσου,257 E.T. Δήμου Ρόδου,446,235,0,0,0,235,68,29,20,4,3,2,3,45,118,11,52,60,3,22,36,2,1,1,0,0,0,24,0,1,13,1,0,15,0,3,0,1,0,0,0,1,2,2,0,0,1,0,0,0,0,0,0,0,0,1,1,0,0,0,1,0,0,8,1,1,0,2,1,0,0,0,0,0,0,0,0,0,0,0,3,2,0,0,1,0,1,0,1,0,0,0,5,5,1
52 - Δωδεκανήσου,258 E.T. Δήμου Ρόδου,491,271,2,1,3,268,104,50,22,2,12,8,5,70,118,25,47,61,5,41,38,3,0,2,1,0,1,22,1,7,9,1,0,16,1,1,0,1,0,0,0,0,1,0,0,0,0,0,0,0,0,0,0,0,0,1,1,0,0,0,0,0,1,6,0,1,1,3,2,0,0,0,0,0,0,0,0,0,0,0,4,1,1,0,3,0,5,0,2,1,0,2,4,4,2
52 - Δωδεκανήσου,259 E.T. Δήμου Ρόδου,211,131,2,0,2,129,26,2,10,0,0,0,0,10,75,8,10,34,4,12,38,1,0,1,0,0,0,23,1,1,4,0,1,19,0,1,0,0,0,0,0,0,0,0,0,0,0,0,0,0,0,0,0,0,0,0,0,0,0,0,0,0,0,0,0,0,0,0,0,0,0,0,0,0,0,0,0,0,0,0,2,1,0,0,1,1,0,0,0,0,0,0,1,1,0
52 - Δωδεκανήσου,260 E.T. Δήμου Ρόδου,301,128,5,1,6,122,35,9,4,3,1,1,2,27,48,11,6,35,0,14,24,5,1,3,0,0,1,23,1,6,14,2,0,15,0,4,0,1,0,1,1,3,1,0,0,0,0,0,0,0,0,0,0,0,0,0,0,0,0,0,0,0,0,3,0,2,1,0,1,0,0,0,0,0,0,0,0,0,0,0,1,1,0,0,0,0,1,0,0,1,1,0,2,2,2
52 - Δωδεκανήσου,261 E.T. Δήμου Ρόδου,350,140,1,2,3,137,33,4,7,1,0,0,0,18,59,3,5,31,5,12,25,4,0,1,0,1,0,16,0,7,7,0,0,7,1,8,0,7,0,1,4,0,1,0,0,0,0,0,0,0,0,0,0,0,0,2,0,0,0,1,0,0,0,3,1,1,0,1,0,0,0,0,0,2,0,1,1,0,0,0,5,0,0,2,0,1,2,1,0,0,0,0,2,1,0
52 - Δωδεκανήσου,262 E.T. Δήμου Ρόδου,458,181,10,1,11,170,50,5,12,3,4,4,2,32,76,7,9,45,3,20,24,7,3,5,0,0,2,17,0,5,10,1,0,9,1,4,0,2,0,0,1,1,2,0,0,0,0,0,0,0,0,0,0,0,0,0,0,0,0,0,0,0,0,3,0,2,1,2,0,0,0,0,0,0,0,0,0,0,0,0,12,4,1,0,0,9,1,0,0,1,1,0,0,0,0
52 - Δωδεκανήσου,263 E.T. Δήμου Ρόδου,371,132,0,1,1,131,18,2,7,3,2,3,1,9,69,10,12,39,3,18,23,4,0,3,0,1,1,8,0,3,4,0,0,5,1,19,1,6,1,1,5,5,14,0,0,0,0,0,0,0,0,0,0,0,0,0,0,0,0,0,0,0,0,3,1,0,1,1,0,0,0,0,0,0,0,0,0,0,0,0,5,2,1,0,0,2,1,0,0,0,0,0,4,3,2
52 - Δωδεκανήσου,264 E.T. Δήμου Ρόδου,386,158,1,1,2,156,27,6,11,3,0,1,2,15,78,28,12,35,0,27,22,3,0,0,0,0,0,33,0,11,22,0,0,17,0,2,0,0,0,0,2,0,0,1,0,0,0,0,0,0,0,0,0,0,0,0,0,0,0,0,0,0,0,4,0,1,2,1,1,0,0,0,0,2,0,0,0,0,0,0,5,0,0,1,1,1,0,0,0,0,0,0,1,0,0
52 - Δωδεκανήσου,265 E.T. Δήμου Ρόδου,180,100,1,0,1,99,18,1,6,2,0,0,0,16,57,2,9,32,0,23,23,1,0,1,0,0,0,11,0,1,8,4,0,4,0,2,0,0,0,0,0,0,1,0,0,0,0,0,0,0,0,0,0,0,0,0,0,0,0,0,0,0,0,0,0,0,0,0,0,0,0,1,0,0,0,0,0,0,0,0,7,2,1,4,1,3,0,0,0,0,0,0,2,1,1
52 - Δωδεκανήσου,266 E.T. Δήμου Ρόδου,489,274,9,3,12,262,75,11,22,8,5,4,3,31,100,12,21,43,5,48,19,9,1,4,2,0,4,32,2,6,21,2,0,9,0,16,0,10,0,0,1,13,0,2,0,0,0,0,0,0,0,0,2,2,1,0,0,0,0,0,0,0,0,8,3,3,3,3,1,0,0,0,0,2,0,0,0,0,0,0,7,2,0,0,2,0,2,2,2,0,0,0,7,5,2
52 - Δωδεκανήσου,267 E.T. Δήμου Ρόδου,492,305,6,1,7,298,93,27,27,10,17,6,8,48,127,17,21,71,9,42,41,11,2,5,2,1,6,20,2,3,14,1,1,8,0,16,0,8,0,1,5,11,3,4,1,1,1,0,1,2,0,0,0,0,0,1,1,0,0,0,0,0,0,7,2,2,3,4,2,0,0,0,0,0,0,0,0,0,0,0,7,3,2,1,2,3,2,0,0,1,0,0,10,9,5
52 - Δωδεκανήσου,268 E.T. Δήμου Ρόδου,489,302,3,2,5,297,101,15,19,5,11,10,9,41,109,15,32,69,6,24,28,12,4,7,0,3,1,25,1,5,16,3,0,13,1,20,0,14,1,0,0,18,0,4,1,0,0,0,0,0,0,0,0,0,0,0,0,0,0,0,0,0,0,9,4,3,1,4,1,0,0,0,0,0,0,0,1,0,0,1,9,1,0,1,2,2,2,0,1,1,0,0,5,3,1
52 - Δωδεκανήσου,269 E.T. Δήμου Ρόδου,506,290,6,1,7,283,94,19,33,8,7,8,4,58,103,14,36,51,1,45,26,10,3,7,1,0,4,35,2,12,21,1,2,11,1,12,0,6,0,0,2,8,1,2,1,1,0,0,1,1,0,0,0,0,0,0,0,0,0,0,0,0,0,9,1,4,4,3,2,0,0,0,0,1,1,1,1,1,0,1,12,5,1,1,5,5,2,0,0,1,0,2,2,2,2
52 - Δωδεκανήσου,270 E.T. Δήμου Ρόδου,493,259,4,6,10,249,81,9,17,6,6,9,6,38,105,20,26,51,9,30,27,5,0,2,1,0,1,23,8,4,12,2,0,2,1,11,1,5,0,0,3,7,0,2,0,1,0,1,0,0,0,0,1,0,1,1,0,1,1,0,0,0,0,7,2,1,2,1,1,1,1,0,0,1,0,0,1,0,0,0,6,1,1,0,1,2,0,0,0,0,0,0,4,2,0
52 - Δωδεκανήσου,271 E.T. Δήμου Ρόδου,504,301,5,2,7,294,98,15,25,3,9,8,6,56,131,23,35,64,10,48,31,10,0,3,1,1,5,17,2,2,9,4,0,4,1,17,1,8,0,1,3,12,2,2,1,1,1,0,0,1,0,0,0,0,0,0,0,0,0,0,0,0,0,6,3,1,2,2,0,1,0,0,0,0,0,0,0,0,0,0,5,1,0,1,0,2,4,2,2,0,0,0,3,3,1
52 - Δωδεκανήσου,272 E.T. Δήμου Ρόδου,500,280,3,0,3,277,85,13,20,5,2,3,3,49,130,25,28,62,14,47,22,8,4,4,1,1,1,18,2,5,9,1,0,6,2,13,1,9,0,0,0,12,0,4,0,0,0,3,0,2,0,0,0,0,0,0,0,0,0,0,0,0,0,6,2,1,0,0,0,0,0,0,0,0,0,0,1,1,0,1,7,0,0,1,0,3,4,3,1,0,1,0,1,1,0
52 - Δωδεκανήσου,273 E.T. Δήμου Ρόδου,495,292,6,2,8,284,81,9,18,4,8,6,0,48,103,14,33,62,7,30,22,14,2,2,1,3,7,24,2,5,14,1,1,8,1,26,2,10,0,1,8,15,0,0,0,0,0,0,0,0,0,0,1,1,0,3,3,0,0,2,0,0,0,13,5,1,2,2,3,0,0,0,0,0,0,0,0,0,0,0,16,8,2,0,3,3,0,0,0,0,0,0,3,1,0
52 - Δωδεκανήσου,274 E.T. Δήμου Ρόδου,484,330,9,3,12,318,85,13,21,4,4,6,4,48,123,21,27,62,4,35,12,15,4,5,3,1,4,55,2,17,30,6,1,19,1,3,1,1,0,0,0,3,0,5,0,2,0,1,2,1,0,0,0,0,0,3,1,0,1,1,0,0,2,12,1,4,0,4,1,0,0,0,0,0,0,0,1,0,0,0,8,2,1,1,1,1,2,0,0,2,0,2,6,3,0
52 - Δωδεκανήσου,275 E.T. Δήμου Ρόδου,307,354,11,3,14,340,108,20,22,5,10,8,8,57,115,18,51,28,9,19,33,16,3,1,2,1,5,37,5,4,19,0,0,19,1,8,1,3,0,1,1,5,2,4,1,0,1,0,0,2,0,0,4,1,1,0,0,0,0,0,0,0,0,19,6,4,6,6,2,0,0,0,0,2,1,0,1,1,1,0,14,4,3,1,2,4,1,0,0,0,0,0,11,7,1
52 - Δωδεκανήσου,276 E.T. Δήμου Ρόδου,380,275,7,3,10,265,76,12,21,2,9,7,3,50,118,29,57,50,11,17,46,11,1,4,3,0,5,24,2,6,13,4,2,13,0,6,0,1,0,1,3,4,0,2,1,0,1,0,0,0,0,0,2,2,1,0,0,0,0,0,0,0,0,11,2,2,4,5,0,1,0,0,0,0,0,0,1,0,0,0,8,3,1,1,3,2,1,1,1,0,0,0,4,4,3
52 - Δωδεκανήσου,277 E.T. Δήμου Ρόδου,420,337,16,5,21,316,79,8,17,3,3,4,3,37,123,20,39,59,5,28,35,21,3,11,1,1,7,26,1,11,17,3,0,7,1,17,1,4,1,0,4,9,2,0,0,0,0,0,0,0,0,0,2,1,0,13,5,0,0,13,0,0,0,17,5,4,1,4,3,0,0,1,0,1,1,1,0,0,0,0,8,0,1,0,1,1,3,0,1,2,1,0,5,4,3
52 - Δωδεκανήσου,278 E.T. Δήμου Ρόδου,426,271,3,2,5,266,56,7,8,3,3,6,3,24,127,17,32,78,6,34,35,11,1,4,0,0,5,16,1,8,4,2,0,4,0,11,1,3,0,0,3,8,1,4,0,2,0,0,1,1,0,0,0,0,0,11,7,0,0,11,0,0,0,8,3,1,4,1,2,0,0,0,0,0,0,0,1,1,0,1,13,5,2,3,1,3,6,2,1,0,1,0,2,1,1
52 - Δωδεκανήσου,279 E.T. Δήμου Ρόδου,493,276,2,2,4,272,56,9,27,5,3,5,0,36,110,14,35,62,5,32,33,8,1,4,1,0,4,28,4,7,22,1,2,5,2,22,1,9,1,0,8,16,2,2,0,0,1,1,0,1,0,0,0,0,0,19,13,0,2,19,0,0,2,8,2,3,4,2,3,0,0,0,0,3,1,1,0,0,0,0,6,2,0,3,0,1,7,2,4,1,0,1,3,2,1
52 - Δωδεκανήσου,280 E.T. Δήμου Ρόδου,437,258,2,0,2,256,51,14,11,3,4,9,7,24,123,12,33,87,7,40,31,5,0,2,1,3,3,26,1,7,17,3,0,11,2,23,0,3,0,1,12,23,4,1,0,1,0,0,0,1,0,0,0,0,0,14,10,0,0,14,0,0,0,5,1,4,1,2,0,0,0,0,0,0,0,0,0,0,0,0,2,1,0,0,1,0,1,0,0,0,0,1,5,4,3
52 - Δωδεκανήσου,281 E.T. Δήμου Ρόδου,533,355,10,4,14,341,53,12,12,1,2,7,4,25,155,23,38,77,9,35,61,14,7,5,1,1,3,32,3,11,21,2,3,6,4,26,0,1,0,0,1,25,1,0,0,0,1,0,0,1,1,0,0,0,0,1,1,0,1,0,0,0,0,17,2,3,11,6,1,0,0,0,0,1,0,1,2,1,1,2,10,3,2,3,3,4,7,3,2,1,0,2,22,22,2
52 - Δωδεκανήσου,282 E.T. Δήμου Ρόδου,530,271,1,2,3,268,71,11,15,6,6,8,5,71,88,8,24,46,6,22,34,12,1,8,1,0,8,29,1,1,23,3,2,10,0,21,1,0,0,0,5,21,1,3,1,1,0,0,0,0,0,0,0,0,0,0,0,0,0,0,0,0,0,6,2,1,0,3,0,0,0,0,0,2,1,1,0,0,0,0,11,3,1,0,0,4,1,0,0,0,1,1,24,24,1
52 - Δωδεκανήσου,283 E.T. Δήμου Ρόδου,530,265,7,2,9,256,69,12,19,6,9,6,6,44,78,8,15,36,4,20,44,11,3,4,3,3,6,26,3,6,19,2,3,11,0,28,1,2,0,3,5,26,3,1,0,1,0,1,0,0,0,0,0,0,0,1,0,0,1,0,0,0,1,6,2,1,0,2,1,0,0,0,0,2,2,2,1,1,0,0,3,1,0,1,0,1,0,0,0,0,0,0,30,29,4
52 - Δωδεκανήσου,284 E.T. Δήμου Ρόδου,538,310,7,2,9,301,67,0,7,15,3,4,8,5,115,7,33,55,8,33,50,14,0,0,0,0,0,35,1,6,29,1,1,0,1,32,0,0,0,1,4,31,2,3,0,0,0,0,0,0,0,0,0,0,0,1,0,0,0,0,0,0,0,8,6,5,2,1,0,0,0,0,0,1,0,0,1,0,0,0,4,0,0,1,2,2,4,0,0,0,0,0,16,0,0
52 - Δωδεκανήσου,285 E.T. Δήμου Ρόδου,558,328,1,0,1,327,79,11,11,6,15,8,3,53,142,17,35,81,7,46,50,5,2,1,1,2,3,40,2,5,37,4,2,12,0,26,1,0,1,0,9,24,1,3,1,0,0,0,0,0,0,0,0,0,0,0,0,0,0,0,0,0,0,6,2,0,1,2,0,0,0,0,0,0,0,0,0,0,0,0,6,1,0,0,0,0,1,0,0,0,0,0,19,19,2
52 - Δωδεκανήσου,286 E.T. Δήμου Ρόδου,528,332,3,1,4,328,106,11,22,11,5,13,17,58,152,43,57,63,26,27,46,18,1,3,5,4,6,18,0,4,8,6,0,5,0,3,0,2,0,0,1,2,0,3,0,0,1,0,0,1,0,0,0,0,0,1,0,0,0,0,1,0,1,13,3,5,2,5,2,1,0,0,0,4,3,2,0,0,0,0,4,1,0,0,1,1,0,0,0,0,0,0,5,3,2
52 - Δωδεκανήσου,287 E.T. Δήμου Ρόδου,530,420,10,0,10,410,136,26,28,15,10,9,9,73,150,48,46,58,10,30,25,12,5,5,4,1,1,51,8,19,34,5,3,14,3,7,0,2,1,1,2,5,1,2,0,1,0,0,0,1,0,0,0,0,0,2,0,0,0,0,0,0,0,19,3,5,5,6,6,0,0,0,0,2,0,2,1,0,0,0,22,11,1,1,1,9,2,0,1,0,0,0,4,3,2
52 - Δωδεκανήσου,288 E.T. Δήμου Ρόδου,553,430,16,4,20,410,125,16,22,4,4,8,6,57,132,22,41,65,4,30,23,26,4,6,4,3,8,53,4,11,35,3,1,23,0,14,0,3,0,0,0,7,0,4,0,0,0,2,0,0,0,0,1,1,0,1,1,0,0,1,0,0,0,26,8,6,7,8,1,0,0,0,0,3,1,2,0,0,0,0,14,5,1,4,1,2,4,2,3,0,0,1,7,2,0
52 - Δωδεκανήσου,289 E.T. Δήμου Ρόδου,546,153,0,0,0,153,57,13,8,3,4,7,3,32,58,11,9,25,7,8,29,4,1,0,0,0,0,9,0,1,8,0,0,3,1,4,0,1,0,0,1,1,0,1,0,0,1,0,0,1,0,0,1,0,1,0,0,0,0,0,0,0,0,8,2,1,1,2,0,0,0,0,0,1,1,1,0,0,0,0,7,1,1,1,0,0,0,0,0,0,0,0,3,2,2
52 - Δωδεκανήσου,290 E.T. Δήμου Ρόδου,550,118,2,1,3,115,38,4,8,1,6,6,3,20,41,9,7,17,1,7,26,7,1,3,2,1,4,9,1,0,6,0,2,4,1,3,2,1,0,1,0,1,0,1,0,0,0,1,0,0,0,0,0,0,0,0,0,0,0,0,0,0,0,8,4,2,3,5,0,0,0,0,0,0,0,0,0,0,0,0,4,2,0,0,1,2,1,0,0,0,1,0,3,2,2
52 - Δωδεκανήσου,291 E.T. Δήμου Ρόδου,554,178,3,1,4,174,38,13,2,3,3,3,2,19,72,8,23,25,5,10,36,12,3,6,1,2,3,21,1,9,14,0,1,4,0,0,0,0,0,0,0,0,0,4,1,1,0,1,1,1,0,0,0,0,0,0,0,0,0,0,0,0,0,11,2,4,1,2,1,0,0,0,0,2,0,0,0,0,0,0,8,3,0,0,1,5,3,1,1,1,0,1,3,2,2
52 - Δωδεκανήσου,292 E.T. Δήμου Ρόδου,532,224,0,2,2,222,57,7,13,6,3,5,4,29,94,15,25,19,9,21,41,17,3,5,5,2,5,12,1,1,8,0,0,3,0,9,1,6,0,0,1,0,6,2,0,0,1,0,0,2,0,0,0,0,0,0,0,0,0,0,0,0,0,20,7,3,9,5,5,0,0,0,0,0,0,0,0,0,0,0,6,3,0,1,1,2,2,1,1,0,0,0,3,1,2
52 - Δωδεκανήσου,293 E.T. Δήμου Ρόδου,536,220,3,2,5,215,68,12,14,2,3,8,5,43,87,21,27,34,5,17,34,10,3,4,3,1,3,22,1,1,18,1,0,6,1,5,2,2,1,0,1,1,1,2,0,1,0,0,1,0,0,0,1,0,0,1,0,1,0,0,0,1,0,5,1,2,2,0,0,0,0,0,0,0,0,0,0,0,0,0,4,0,0,1,2,1,5,2,1,1,1,0,5,4,3
52 - Δωδεκανήσου,294 E.T. Δήμου Ρόδου,536,155,4,2,6,149,52,8,18,3,6,3,5,30,54,17,15,26,2,18,17,8,1,4,1,1,5,15,2,5,8,1,2,7,0,2,0,0,0,0,0,0,0,2,0,0,1,0,0,1,0,0,0,0,0,0,0,0,0,0,0,0,0,9,1,1,1,7,0,0,0,0,0,0,0,0,0,0,0,0,2,0,0,1,1,0,0,0,0,0,0,0,5,4,3
52 - Δωδεκανήσου,295 E.T. Δήμου Ρόδου,545,203,2,1,3,200,90,9,19,3,2,4,1,35,44,13,5,16,2,11,19,12,1,5,0,0,3,15,1,2,9,2,0,3,2,6,0,2,0,1,0,0,0,3,1,1,0,0,0,1,0,0,0,0,0,0,0,0,0,0,0,0,0,16,1,3,6,8,1,0,0,0,0,0,0,0,0,0,0,0,11,7,0,0,1,3,1,0,0,1,0,1,2,1,1
52 - Δωδεκανήσου,296 E.T. Δήμου Ρόδου,534,226,9,2,11,215,70,11,20,5,8,5,11,36,92,19,22,28,9,20,50,7,0,3,0,0,2,22,4,2,13,6,2,10,1,7,0,3,0,1,1,3,2,2,1,0,0,1,0,1,0,0,0,0,0,1,1,1,0,0,0,0,0,2,1,2,0,1,0,0,0,0,0,1,1,0,1,1,0,0,8,4,2,1,2,2,1,0,0,1,0,0,1,0,1
52 - Δωδεκανήσου,297 E.T. Δήμου Ρόδου,562,196,3,3,6,190,66,7,9,12,11,4,7,0,72,14,14,22,2,17,32,8,0,3,2,0,1,14,2,4,7,2,0,8,0,5,2,2,0,0,0,0,0,1,0,1,0,0,1,0,0,0,0,0,0,0,0,0,0,0,0,0,0,13,3,1,6,5,2,0,0,0,0,1,1,1,0,0,0,0,5,1,0,0,1,2,3,0,0,0,0,0,2,2,1
52 - Δωδεκανήσου,298 E.T. Δήμου Ρόδου,531,332,4,2,6,326,68,16,17,5,5,9,4,39,195,36,25,100,14,45,93,11,2,9,1,1,5,15,1,4,6,0,1,3,0,8,1,1,1,1,3,1,1,2,0,0,1,0,0,1,0,0,0,0,0,0,0,0,0,0,0,0,0,12,2,5,2,7,1,0,0,0,0,1,0,0,0,0,0,0,10,3,1,0,2,4,1,0,0,0,0,0,3,1,0
52 - Δωδεκανήσου,299 E.T. Δήμου Ρόδου,554,340,7,1,8,332,85,11,27,6,8,7,12,44,168,28,27,69,13,49,91,14,0,7,3,1,4,29,1,8,16,4,1,9,4,7,0,2,1,0,3,1,0,3,0,1,2,1,0,0,0,0,0,0,0,0,0,0,0,0,0,0,0,13,3,5,5,8,3,0,0,0,0,1,1,1,0,0,0,0,8,2,0,1,2,3,1,1,1,0,0,0,3,1,2
52 - Δωδεκανήσου,300 E.T. Δήμου Ρόδου,531,312,3,2,5,307,76,13,18,6,5,7,7,43,183,32,21,100,16,41,76,3,0,3,1,0,1,12,1,3,6,0,1,3,0,12,1,4,1,0,6,2,3,1,0,1,0,0,0,1,0,0,0,0,0,2,0,0,0,0,1,1,0,4,1,2,1,2,0,0,0,0,0,1,1,1,0,0,0,0,8,6,0,1,0,2,2,1,2,0,0,1,3,0,2
52 - Δωδεκανήσου,301 E.T. Δήμου Ρόδου,532,268,2,1,3,265,77,17,27,4,6,3,2,42,125,28,22,59,7,20,61,9,2,3,0,1,5,18,0,3,14,1,0,4,0,6,0,0,0,0,0,0,0,2,0,1,0,1,0,1,0,0,0,0,0,1,1,1,0,0,0,0,0,11,0,4,2,7,2,0,0,0,0,1,1,1,0,0,0,0,7,1,0,0,1,2,1,0,0,0,0,0,7,3,2
52 - Δωδεκανήσου,302 E.T. Δήμου Ρόδου,541,212,8,1,9,203,47,8,13,5,5,3,3,31,97,14,16,47,11,20,38,5,1,1,1,2,1,11,0,3,9,0,0,4,0,13,2,6,1,3,3,5,0,5,0,1,0,2,0,0,0,0,1,0,0,0,0,0,0,0,0,0,0,6,0,0,1,1,1,0,0,0,0,4,4,4,0,0,0,0,6,1,0,0,1,1,4,2,0,1,2,1,4,3,2
52 - Δωδεκανήσου,303 E.T. Δήμου Ρόδου,540,190,0,2,2,188,34,10,0,2,0,4,3,26,109,20,21,59,14,23,43,4,0,1,2,2,1,17,1,0,13,0,0,4,0,4,0,2,0,0,2,1,0,2,1,0,0,0,1,0,0,0,0,0,0,0,0,0,0,0,0,0,0,4,0,2,0,3,0,0,0,1,1,0,0,0,0,0,0,0,7,5,0,2,2,2,0,0,0,0,0,0,6,4,3
52 - Δωδεκανήσου,304 E.T. Δήμου Ρόδου,552,329,5,3,8,321,69,11,50,4,5,4,6,32,163,35,24,77,21,25,75,13,0,12,3,0,5,28,2,10,9,0,0,11,10,15,1,4,0,1,5,0,2,5,1,0,0,1,0,0,0,0,1,0,0,1,0,1,0,1,0,0,0,10,3,2,1,5,0,0,0,0,0,1,1,0,0,0,0,0,7,1,0,0,2,4,5,2,0,2,0,0,3,2,1
52 - Δωδεκανήσου,305 E.T. Δήμου Ρόδου,544,361,7,4,11,350,78,11,27,7,5,12,4,40,187,40,27,80,20,43,93,8,1,5,0,4,4,29,5,6,17,3,0,12,2,8,1,3,1,0,2,1,0,4,1,1,0,1,0,0,0,0,0,0,0,1,1,0,0,0,0,1,0,14,3,3,2,7,1,1,1,0,0,1,0,0,0,0,0,0,9,2,0,2,3,1,4,0,0,0,0,0,6,1,2
52 - Δωδεκανήσου,306 E.T. Δήμου Ρόδου,560,337,11,3,14,323,88,8,33,1,11,1,5,40,142,30,11,69,9,38,70,6,0,4,1,0,3,23,1,4,17,1,0,3,1,12,1,5,0,0,2,3,2,2,0,0,0,0,0,0,0,0,0,0,0,1,0,0,1,0,1,0,0,18,5,2,3,9,1,1,0,0,0,1,0,0,1,1,1,0,15,2,3,2,0,4,2,0,0,1,0,0,11,5,3
52 - Δωδεκανήσου,307 E.T. Δήμου Ρόδου,544,334,1,1,2,332,94,15,21,4,9,8,4,49,172,31,27,77,11,34,75,7,0,2,1,0,3,22,3,7,10,1,2,8,1,9,0,1,1,0,2,0,0,1,0,0,0,0,0,0,0,0,0,0,0,1,0,0,0,1,0,0,0,9,3,1,2,3,1,0,0,0,0,1,1,1,1,1,0,0,9,3,0,0,2,4,0,0,0,0,0,0,6,0,2
52 - Δωδεκανήσου,308 E.T. Δήμου Ρόδου,552,353,3,2,5,348,65,12,20,6,5,4,8,34,190,31,20,91,12,40,99,13,1,6,1,0,5,31,1,2,21,1,1,8,6,12,0,6,0,0,5,5,0,4,0,1,0,0,0,1,0,0,0,0,0,1,1,0,0,1,0,0,0,7,1,3,2,2,2,0,0,0,0,2,2,1,1,0,0,0,12,3,3,1,2,3,1,0,0,0,0,0,9,3,3
52 - Δωδεκανήσου,309 E.T. Δήμου Ρόδου,556,288,2,2,4,284,89,9,27,10,9,7,5,39,123,21,24,61,7,26,53,8,1,4,2,2,1,23,2,7,14,0,0,4,2,7,0,5,0,1,0,2,2,3,0,1,0,0,0,0,0,0,1,1,1,0,0,0,0,0,0,0,0,7,0,2,1,6,0,0,0,0,0,1,1,0,1,0,1,1,12,5,1,1,3,2,3,0,0,0,2,1,6,3,2
52 - Δωδεκανήσου,310 E.T. Δήμου Ρόδου,555,294,6,4,10,284,75,10,17,7,8,8,7,41,144,28,24,70,23,30,55,13,3,3,4,2,6,18,2,3,10,1,0,8,1,6,0,1,0,0,1,2,0,2,0,0,1,0,0,1,0,0,0,0,0,0,0,0,0,0,0,0,0,7,2,4,2,1,0,0,0,0,0,0,0,0,0,0,0,0,12,4,1,1,5,6,1,0,0,0,0,0,6,0,3
52 - Δωδεκανήσου,311 E.T. Δήμου Ρόδου,547,322,13,5,18,304,80,6,14,6,6,7,8,53,140,28,38,58,6,34,64,11,0,6,0,0,3,24,1,9,16,1,0,6,0,13,0,9,0,0,5,6,0,1,1,0,0,0,0,1,0,0,0,0,0,0,0,0,0,0,0,0,0,11,3,3,0,7,3,0,0,0,0,3,1,1,2,0,0,0,7,3,2,0,1,1,4,1,1,0,0,0,8,6,3
52 - Δωδεκανήσου,312 E.T. Δήμου Ρόδου,568,311,8,3,11,300,81,15,30,6,13,4,5,45,142,40,24,70,13,20,66,7,0,4,2,0,2,25,2,6,15,2,2,10,3,6,0,3,0,1,2,3,1,2,0,0,0,0,0,1,0,0,1,1,1,1,1,1,0,0,0,0,0,12,1,2,3,6,1,0,0,1,1,3,3,3,2,2,0,1,8,7,1,1,3,1,1,0,0,0,0,1,8,4,1
52 - Δωδεκανήσου,313 E.T. Δήμου Ρόδου,565,201,3,1,4,197,66,2,12,7,7,3,4,26,78,20,4,34,4,16,32,4,0,2,0,0,1,12,0,0,8,0,0,3,1,8,0,3,1,1,2,2,0,0,0,0,0,0,0,0,0,0,1,1,1,0,0,0,0,0,0,0,0,13,0,2,4,5,5,0,0,0,0,3,2,2,2,0,0,0,7,0,0,0,0,4,3,0,0,0,0,0,0,0,0
52 - Δωδεκανήσου,314 E.T. Δήμου Ρόδου,564,186,7,2,9,177,50,6,14,2,2,6,3,26,85,24,9,40,7,25,44,2,0,1,0,1,0,12,1,1,10,1,1,3,0,8,0,4,0,0,6,1,1,2,1,0,0,0,0,0,0,0,0,0,0,0,0,0,0,0,0,0,0,5,3,0,1,2,1,0,0,0,0,0,0,0,2,2,1,1,6,4,0,2,1,3,1,0,0,0,0,0,4,4,3
52 - Δωδεκανήσου,315 E.T. Δήμου Ρόδου,566,216,1,1,2,214,55,7,13,6,3,8,3,28,112,22,20,59,3,19,36,8,2,2,2,2,5,20,0,6,8,1,1,6,1,5,0,1,0,0,3,1,0,1,0,0,0,0,0,1,0,0,0,0,0,2,2,0,0,2,0,0,0,2,0,0,1,1,1,0,0,0,0,0,0,0,1,0,0,1,3,0,0,0,1,2,1,0,0,0,1,0,4,2,1
52 - Δωδεκανήσου,316 E.T. Δήμου Ρόδου,563,206,1,0,1,205,56,5,17,2,2,4,2,37,103,22,18,61,7,25,39,5,0,3,0,0,4,11,1,2,7,0,0,7,1,7,2,5,0,0,0,3,0,1,0,0,0,0,0,0,0,0,2,2,2,1,1,1,0,0,0,0,0,9,1,5,4,5,1,0,0,0,0,0,0,0,1,0,0,0,5,3,0,1,3,3,2,0,0,0,0,0,2,0,1
52 - Δωδεκανήσου,317 E.T. Δήμου Ρόδου,566,301,17,2,19,282,78,15,16,4,7,4,5,39,137,25,29,71,11,25,57,3,1,2,0,0,2,17,1,4,8,3,1,4,0,10,2,7,0,0,2,2,2,2,0,0,1,1,1,0,0,0,1,0,0,0,0,0,0,0,0,0,0,7,1,2,2,3,2,0,0,0,0,0,0,0,1,1,1,0,13,4,1,3,3,4,5,0,0,0,1,1,8,3,4
52 - Δωδεκανήσου,318 E.T. Δήμου Ρόδου,566,311,5,1,6,305,88,10,32,8,8,8,8,57,151,32,32,69,12,34,67,6,2,3,2,2,1,23,2,4,15,1,2,12,4,6,0,3,0,0,1,2,1,2,1,0,1,0,0,2,0,0,0,0,0,0,0,0,0,0,0,0,0,10,2,2,2,6,0,0,0,1,0,2,1,1,1,1,0,1,4,2,1,0,1,1,2,0,1,1,0,0,9,8,7
52 - Δωδεκανήσου,319 E.T. Δήμου Ρόδου,539,315,4,4,8,307,109,16,32,6,12,5,7,64,124,33,30,52,10,30,30,17,2,15,1,0,1,25,3,5,13,3,1,12,1,4,0,2,0,1,1,1,0,4,0,0,0,1,0,0,0,0,1,0,0,0,0,0,0,0,0,0,0,6,1,1,3,2,1,0,0,0,0,1,1,1,0,0,0,0,5,0,1,1,0,1,2,1,1,0,0,0,9,6,3
52 - Δωδεκανήσου,320 E.T. Δήμου Ρόδου,557,305,3,3,6,299,104,11,18,6,4,8,34,0,127,43,16,73,15,43,59,8,0,5,1,0,3,30,3,1,8,1,0,8,0,5,1,2,0,1,0,0,0,4,0,0,0,0,0,0,0,0,0,0,0,1,0,0,0,0,0,0,0,9,0,3,2,6,2,0,0,0,0,2,0,0,0,0,0,0,5,3,1,0,2,2,3,0,0,0,1,1,1,1,1
52 - Δωδεκανήσου,321 E.T. Δήμου Ρόδου,565,322,4,4,8,314,92,15,26,6,8,5,6,42,146,32,37,55,10,39,60,12,3,2,0,1,3,18,1,4,9,1,1,12,0,10,3,3,0,1,3,3,0,4,2,0,1,1,0,2,1,0,0,0,0,3,3,0,2,0,0,0,0,10,3,3,2,5,0,0,0,0,0,5,4,4,1,0,0,0,9,5,1,1,2,2,0,0,0,0,0,0,3,1,1
52 - Δωδεκανήσου,322 E.T. Δήμου Ρόδου,544,299,1,1,2,297,108,17,29,7,15,7,11,67,119,32,23,55,13,18,48,13,4,2,2,2,5,20,1,3,15,1,0,7,2,3,1,0,0,0,2,1,0,1,0,0,0,0,1,0,0,0,0,0,0,0,0,0,0,0,0,0,0,15,5,6,3,7,1,0,0,0,0,1,0,0,1,1,1,0,7,2,0,2,3,1,4,1,1,1,1,2,5,4,4
52 - Δωδεκανήσου,323 E.T. Δήμου Ρόδου,564,300,3,1,4,296,89,13,31,3,8,2,6,43,129,32,16,60,16,35,40,15,0,5,0,0,1,18,0,4,10,2,0,7,0,9,0,3,0,0,1,6,1,9,0,0,0,0,0,0,0,0,0,0,0,0,0,0,0,0,0,0,0,7,4,0,0,2,2,0,0,0,0,1,0,0,1,0,0,0,13,5,0,5,4,1,2,0,0,0,0,0,3,0,0
52 - Δωδεκανήσου,324 E.T. Δήμου Ρόδου,565,293,9,2,11,282,82,16,21,6,9,4,7,45,118,21,24,56,10,30,46,11,6,7,1,1,3,21,3,0,11,2,0,16,1,8,0,3,0,1,0,4,0,6,1,0,0,1,2,2,0,0,0,0,0,1,0,1,1,0,0,0,0,18,2,3,2,8,2,0,0,0,0,2,1,1,0,0,0,0,9,2,2,0,1,3,3,2,0,2,0,0,3,0,0
52 - Δωδεκανήσου,325 E.T. Δήμου Ρόδου,567,302,3,1,4,298,103,17,18,14,6,6,7,54,127,27,24,49,9,22,54,9,0,3,1,2,4,24,0,5,5,1,0,14,2,5,0,0,0,1,0,2,1,1,0,0,0,0,0,0,0,0,0,0,0,1,1,0,0,0,0,0,0,9,2,2,2,4,1,0,0,0,0,2,1,1,0,0,0,0,11,3,0,3,3,4,0,0,0,0,0,0,6,3,2
52 - Δωδεκανήσου,326 E.T. Δήμου Ρόδου,560,318,41,3,44,274,83,8,24,4,5,5,7,47,116,36,14,58,5,14,45,12,0,10,0,1,7,17,2,4,8,2,0,8,1,11,2,3,0,1,3,5,1,6,3,1,0,0,0,1,0,0,0,0,0,0,0,0,0,0,0,0,0,5,0,1,1,5,1,0,0,0,0,4,3,3,0,0,0,0,12,4,1,0,3,3,1,0,0,0,0,0,7,4,3
52 - Δωδεκανήσου,327 E.T. Δήμου Ρόδου,564,307,3,5,8,299,91,18,28,4,15,9,11,53,124,48,13,59,11,27,50,17,0,0,0,0,0,22,3,5,10,2,0,9,0,10,1,4,0,1,3,2,2,3,0,0,0,0,0,0,0,0,0,0,0,1,0,0,0,0,0,0,0,8,1,1,1,5,1,0,0,0,0,1,0,0,0,0,0,0,17,8,2,4,5,9,3,0,0,0,0,0,2,0,0
52 - Δωδεκανήσου,328 E.T. Δήμου Ρόδου,568,303,1,2,3,300,85,11,18,6,4,8,6,34,152,43,16,73,15,43,59,11,0,5,1,0,3,16,3,1,8,1,0,8,0,7,1,2,0,1,1,1,0,2,0,0,0,0,0,0,0,0,0,0,0,0,0,0,0,0,0,0,0,11,0,3,2,6,2,1,0,0,0,0,0,0,0,0,0,0,10,3,1,0,2,2,3,0,0,0,1,1,2,2,1
52 - Δωδεκανήσου,329 E.T. Δήμου Ρόδου,564,294,1,2,3,291,73,9,19,3,5,7,4,32,127,17,22,70,11,24,42,10,0,7,0,0,4,30,0,4,17,2,2,15,0,6,0,0,0,0,3,3,0,5,0,1,1,0,1,0,0,0,0,0,0,0,0,0,0,0,0,0,0,8,1,0,2,4,1,1,0,0,0,2,1,1,0,0,0,0,21,11,4,0,3,9,1,0,0,0,0,0,7,4,3
52 - Δωδεκανήσου,330 E.T. Δήμου Ρόδου,562,285,3,1,4,281,86,10,28,6,3,6,7,40,116,28,26,48,11,58,41,7,0,5,1,1,2,19,0,5,6,2,1,13,1,8,1,3,0,0,3,0,3,5,0,1,1,2,1,0,0,0,0,0,0,0,0,0,0,0,0,0,0,14,3,1,2,6,1,0,0,0,0,1,1,1,0,0,0,0,12,4,2,1,2,1,0,0,0,0,0,0,13,6,5
52 - Δωδεκανήσου,331 E.T. Δήμου Ρόδου,566,304,2,2,4,300,76,9,20,4,5,4,6,38,162,33,35,95,10,31,62,8,2,6,0,0,1,18,2,5,12,1,0,7,0,6,0,0,0,0,2,1,0,1,0,0,0,0,0,1,0,0,1,0,0,0,0,0,0,0,0,0,0,15,0,3,5,7,1,0,0,0,0,0,0,0,0,0,0,0,6,2,0,1,1,4,3,0,0,0,0,0,4,0,0
52 - Δωδεκανήσου,332 E.T. Δήμου Ρόδου,554,302,5,3,8,294,118,21,84,6,6,3,8,30,93,17,17,38,4,42,27,14,3,8,1,4,3,17,2,2,11,0,2,10,1,11,0,4,1,0,6,4,6,4,0,0,0,0,0,0,0,0,1,1,1,2,0,0,1,2,0,0,1,7,0,0,0,2,1,0,0,0,0,0,0,0,2,0,0,0,18,5,2,7,2,3,0,0,0,0,0,0,7,5,4
52 - Δωδεκανήσου,333 E.T. Δήμου Ρόδου,550,303,3,2,5,298,98,18,28,6,11,6,12,45,109,19,21,54,7,25,46,8,1,5,0,1,4,30,2,13,18,6,1,4,0,6,0,2,0,0,3,3,0,7,2,3,1,1,0,2,0,0,1,1,1,2,1,0,0,2,0,0,0,12,2,3,7,1,0,0,0,0,0,1,0,1,0,0,0,0,7,1,0,0,0,3,0,0,0,0,0,0,17,15,8
52 - Δωδεκανήσου,334 E.T. Δήμου Ρόδου,529,307,7,2,9,298,99,18,29,6,9,6,9,58,124,28,24,61,3,28,52,10,2,8,0,2,3,19,1,6,12,1,0,6,0,11,0,5,1,2,5,3,0,2,0,0,0,2,0,0,0,0,0,0,0,1,0,0,0,0,0,0,0,12,3,4,3,5,2,0,0,0,0,2,2,1,0,0,0,0,13,3,2,1,2,3,1,0,0,0,0,0,4,4,2
52 - Δωδεκανήσου,335 E.T. Δήμου Ρόδου,532,294,3,5,8,286,96,19,20,9,9,5,4,54,106,17,23,52,9,25,37,8,2,2,2,0,0,26,1,4,18,2,2,7,2,8,1,2,2,0,1,2,2,4,1,1,0,0,0,2,0,0,1,1,1,0,0,0,0,0,0,0,0,10,1,5,2,5,0,1,0,0,0,3,0,2,1,1,1,0,9,3,2,1,3,4,2,0,0,0,1,1,11,11,6
52 - Δωδεκανήσου,336 E.T. Δήμου Ρόδου,534,332,9,6,15,317,115,17,35,9,10,4,10,71,116,20,28,57,15,22,36,11,2,6,0,0,1,16,0,0,8,0,1,6,2,5,2,2,1,1,1,1,0,4,0,1,0,1,1,1,0,0,0,0,0,3,1,0,1,0,0,1,0,14,3,4,7,4,2,0,0,0,0,1,0,0,1,1,0,1,23,10,2,3,6,6,3,0,1,1,0,0,5,4,3
52 - Δωδεκανήσου,337 E.T. Δήμου Ρόδου,537,297,1,5,6,291,96,12,28,3,12,7,5,46,107,16,22,63,7,28,38,13,2,6,4,2,3,23,2,4,7,1,1,10,5,8,0,4,0,0,2,2,2,4,2,1,1,1,0,1,0,0,0,0,0,1,1,0,1,0,0,0,0,14,1,5,3,4,0,0,0,0,0,5,2,2,3,0,0,1,13,5,2,3,3,5,2,1,0,0,0,0,2,1,2
52 - Δωδεκανήσου,338 E.T. Δήμου Ρόδου,545,319,2,2,4,315,116,16,23,11,8,10,13,68,113,23,29,58,8,23,59,9,0,4,3,1,2,29,2,9,20,0,0,21,1,6,0,2,0,1,1,0,1,5,0,0,1,0,0,1,0,0,0,0,0,2,1,0,0,0,1,0,1,10,2,2,1,3,1,0,0,1,1,3,0,0,0,0,0,0,11,2,1,3,1,4,2,1,1,0,0,0,8,7,6
52 - Δωδεκανήσου,339 E.T. Δήμου Ρόδου,529,265,3,2,5,260,104,18,22,6,6,13,4,61,70,17,9,31,3,14,38,10,2,7,0,1,2,24,0,1,14,1,1,10,1,11,3,3,0,1,2,1,1,4,1,0,1,1,0,0,0,0,0,0,0,0,0,0,0,0,0,0,0,13,4,5,2,6,4,0,0,0,0,0,0,0,0,0,0,0,15,6,0,5,5,5,0,0,0,0,0,0,9,5,6
52 - Δωδεκανήσου,340 E.T. Δήμου Ρόδου,535,307,3,3,6,301,91,14,27,11,7,6,9,51,113,26,27,48,12,14,47,15,1,9,2,2,3,25,0,4,16,5,3,13,1,17,3,4,0,1,3,2,1,3,0,0,0,1,1,0,0,0,0,0,0,0,0,0,0,0,0,0,0,14,1,6,3,10,0,0,0,0,0,1,1,0,0,0,0,0,15,4,1,3,6,4,1,1,0,0,1,0,6,2,1
52 - Δωδεκανήσου,341 E.T. Δήμου Ρόδου,539,277,2,2,4,273,98,14,21,3,5,6,9,51,89,15,25,49,7,16,31,19,1,11,1,2,6,15,1,1,10,2,0,7,0,4,0,2,0,0,0,0,0,6,2,2,1,1,0,2,0,0,0,0,0,1,0,0,1,0,0,0,1,19,5,5,4,9,0,0,0,0,0,0,0,0,1,1,0,0,10,3,0,1,5,2,3,1,0,0,1,0,8,4,3
52 - Δωδεκανήσου,342 E.T. Δήμου Ρόδου,563,310,6,6,12,298,103,14,18,8,11,3,12,56,108,23,24,45,8,27,36,13,2,9,0,1,5,21,1,5,10,3,0,8,1,4,0,2,0,0,1,4,1,3,1,0,0,2,0,0,0,0,0,0,0,3,0,0,1,1,0,0,0,15,2,5,5,3,1,0,0,1,1,3,3,3,0,0,0,0,11,2,1,1,4,5,1,0,0,0,0,0,12,6,8
52 - Δωδεκανήσου,343 E.T. Δήμου Ρόδου,554,301,7,4,11,290,79,14,10,10,7,4,8,41,127,15,33,52,7,29,54,8,1,7,0,0,0,28,2,5,15,6,1,3,1,7,0,1,0,0,2,3,1,6,0,1,1,2,0,4,0,0,0,0,0,1,0,0,1,0,1,0,0,9,3,2,1,4,2,0,0,2,1,0,0,0,1,0,0,0,16,9,0,3,5,4,1,0,1,1,0,0,5,3,1
52 - Δωδεκανήσου,344 E.T. Δήμου Ρόδου,562,294,9,2,11,283,100,11,21,10,6,8,8,50,113,29,24,47,4,30,35,7,2,2,3,1,2,25,5,3,17,1,0,7,2,9,1,2,0,0,2,4,0,0,0,0,0,0,0,0,0,0,0,0,0,3,1,1,1,0,0,0,1,8,0,1,0,5,1,0,0,0,0,2,1,1,0,0,0,0,8,3,1,2,0,3,1,0,0,0,0,0,7,4,3
52 - Δωδεκανήσου,345 E.T. Δήμου Ρόδου,539,327,11,2,13,314,101,18,25,8,10,6,4,49,113,17,26,61,7,26,41,12,5,5,0,0,5,24,1,1,15,0,0,9,1,5,0,0,0,0,4,4,0,5,2,0,1,0,1,2,0,0,2,0,0,1,0,1,0,0,0,0,1,18,3,4,2,9,2,0,0,0,0,2,0,1,1,0,0,0,10,4,0,1,2,6,3,0,0,0,0,0,17,10,9
52 - Δωδεκανήσου,346 E.T. Δήμου Ρόδου,542,319,8,2,10,309,110,18,25,8,9,7,5,72,108,16,25,60,4,27,40,11,2,6,1,1,1,25,1,11,19,0,0,5,1,18,1,7,1,2,5,7,5,2,0,0,1,0,1,1,0,0,1,1,1,2,1,1,0,0,0,0,0,9,2,0,3,5,3,1,0,0,0,0,0,0,1,0,0,0,12,4,0,2,6,2,0,0,0,0,0,0,9,5,6
52 - Δωδεκανήσου,347 E.T. Δήμου Ρόδου,545,271,7,0,7,264,76,13,52,6,5,6,7,31,116,24,20,52,7,31,53,4,0,1,0,0,2,27,1,6,18,4,1,11,1,6,2,3,0,2,2,2,1,3,2,1,0,0,0,1,0,0,1,1,1,1,0,0,0,0,0,0,0,5,1,2,2,1,1,0,0,0,0,3,3,3,0,0,0,0,13,5,1,1,1,7,0,0,0,0,0,0,9,6,6
52 - Δωδεκανήσου,348 E.T. Δήμου Ρόδου,554,328,1,5,6,322,105,22,27,7,14,10,6,49,115,25,23,50,3,25,48,14,1,8,7,1,4,36,2,5,18,0,3,16,2,3,2,0,0,1,0,1,0,4,1,1,0,1,0,0,0,0,0,0,0,0,0,0,0,0,0,0,0,11,1,4,2,7,3,0,0,0,0,2,2,2,1,0,1,0,20,8,0,3,7,2,4,2,1,0,1,0,7,5,1
52 - Δωδεκανήσου,349 E.T. Δήμου Ρόδου,537,293,9,3,12,281,96,19,27,9,17,5,8,51,105,30,21,49,7,26,31,8,2,2,1,2,2,20,1,5,10,3,0,8,1,10,1,6,1,0,6,6,0,5,1,0,0,0,1,1,0,0,0,0,0,1,1,0,0,0,0,0,0,13,2,3,3,5,0,0,0,0,0,0,0,0,2,2,0,1,11,4,1,2,3,4,2,1,1,1,1,0,8,4,5
52 - Δωδεκανήσου,350 E.T. Δήμου Ρόδου,532,325,10,2,12,313,121,21,32,12,11,13,5,62,106,35,28,41,8,16,38,17,2,9,0,3,4,26,1,2,12,2,0,12,3,4,0,1,0,0,1,1,0,5,0,2,0,2,0,1,0,0,0,0,0,1,1,0,0,1,0,0,0,8,1,4,1,4,0,0,0,0,0,2,2,1,1,1,0,1,10,2,0,0,2,6,4,2,1,0,0,1,8,5,5
52 - Δωδεκανήσου,351 E.T. Δήμου Ρόδου,540,310,4,1,5,305,96,11,24,10,9,3,7,55,118,18,30,65,6,22,48,19,3,11,6,0,2,28,1,9,11,2,1,11,1,3,0,2,0,0,0,1,0,2,0,1,0,1,0,0,0,0,1,0,0,2,0,0,2,0,0,0,0,8,1,1,2,6,1,0,0,0,0,0,0,0,0,0,0,0,11,3,0,0,1,4,2,0,0,0,0,0,15,10,8
52 - Δωδεκανήσου,352 E.T. Δήμου Ρόδου,564,319,2,3,5,314,105,12,25,7,7,11,6,61,125,31,33,64,5,23,40,16,3,11,2,0,9,29,3,9,17,3,1,13,0,6,0,4,0,1,2,1,1,3,1,0,0,1,0,0,0,0,1,0,0,0,0,0,0,0,0,0,0,12,3,6,2,3,0,0,0,0,0,0,0,0,1,0,0,0,10,5,0,1,4,6,2,0,0,1,1,0,4,3,3
52 - Δωδεκανήσου,353 E.T. Δήμου Ρόδου,564,334,2,2,4,330,117,16,37,11,9,11,5,63,112,24,21,50,11,24,48,11,0,5,0,0,8,29,5,3,15,2,0,13,2,18,1,5,0,0,4,5,2,2,0,0,1,0,0,1,0,0,0,0,0,0,0,0,0,0,0,0,0,12,1,3,7,6,1,0,0,1,0,2,1,0,0,0,0,0,16,0,1,3,0,3,3,0,0,0,0,0,7,5,1
52 - Δωδεκανήσου,354 E.T. Δήμου Ρόδου,554,343,2,2,4,339,107,27,30,8,14,6,15,47,146,21,32,60,26,44,53,13,5,10,2,1,5,20,1,6,7,3,1,10,0,8,0,6,0,1,3,1,5,3,0,0,0,1,0,1,0,0,0,0,0,2,2,0,0,2,0,0,0,13,6,3,3,7,2,0,0,0,0,0,0,0,1,0,0,0,17,6,1,3,4,8,2,1,1,0,0,0,7,3,5
52 - Δωδεκανήσου,355 E.T. Δήμου Ρόδου,566,327,6,1,7,320,107,18,55,9,14,26,15,54,142,42,30,66,17,25,44,10,3,6,2,1,3,21,1,6,14,0,0,3,1,7,1,3,0,2,3,1,0,3,1,2,0,0,0,0,0,0,0,0,0,1,0,0,1,1,0,0,0,9,1,2,2,4,1,0,0,1,1,0,0,0,1,1,0,1,7,0,4,1,0,0,2,1,2,0,0,0,9,7,1
52 - Δωδεκανήσου,356 E.T. Δήμου Ρόδου,516,284,6,1,7,277,89,8,21,6,7,8,4,51,112,28,23,44,12,24,48,13,1,10,0,3,4,15,0,6,5,2,1,5,0,11,3,4,0,0,1,2,1,6,0,0,3,1,0,3,0,0,0,0,0,0,0,0,0,0,0,0,0,14,0,4,3,6,3,1,1,0,0,0,0,0,0,0,0,0,8,4,0,0,1,2,2,0,0,0,0,0,6,4,4
52 - Δωδεκανήσου,357 E.T. Δήμου Ρόδου,521,285,1,1,2,283,86,10,15,8,4,9,6,46,121,36,26,49,7,2,53,11,2,7,0,0,4,26,0,5,12,0,2,11,0,9,0,2,0,1,0,4,2,1,0,0,0,0,0,0,0,0,0,0,0,0,0,0,0,0,0,0,0,6,0,4,3,2,0,1,1,0,0,2,2,2,1,1,0,1,9,1,1,1,0,4,3,2,2,0,0,0,7,5,2
52 - Δωδεκανήσου,358 E.T. Δήμου Ρόδου,528,308,12,4,16,292,116,16,25,12,13,16,6,65,111,22,21,41,16,27,48,15,2,11,2,3,3,14,2,7,5,0,1,4,1,9,1,0,0,3,5,3,2,2,1,0,0,0,0,0,0,0,0,0,0,0,0,0,0,0,0,0,0,5,0,1,1,4,0,0,0,0,0,1,0,0,2,0,0,0,6,0,0,2,2,6,2,0,0,0,0,0,9,6,5
52 - Δωδεκανήσου,359 E.T. Δήμου Ρόδου,527,285,7,0,7,278,90,10,27,3,9,13,11,45,126,33,26,56,12,14,57,6,0,3,2,1,1,11,1,1,3,1,1,3,0,10,3,3,0,0,2,1,0,4,1,1,0,2,1,1,0,0,0,0,0,0,0,0,0,0,0,0,0,11,0,5,3,3,0,0,0,0,0,1,1,0,1,0,0,0,10,2,2,0,1,4,2,0,0,0,0,0,6,4,3
52 - Δωδεκανήσου,360 E.T. Δήμου Ρόδου,521,311,4,3,7,304,110,7,37,7,13,8,9,55,109,20,17,46,14,30,36,9,2,1,0,0,2,31,1,9,21,0,1,12,3,5,1,3,0,1,1,1,1,0,0,0,0,0,0,0,0,0,1,0,0,0,0,0,0,0,0,0,0,11,2,3,5,2,2,1,0,0,0,2,2,2,1,0,0,0,12,3,1,1,2,6,7,0,0,2,2,1,5,4,4
52 - Δωδεκανήσου,361 E.T. Δήμου Ρόδου,518,291,3,1,4,287,98,13,34,11,7,10,8,52,121,26,32,57,9,22,45,9,2,8,0,1,2,22,2,2,16,2,2,11,4,8,2,4,0,0,0,3,1,4,1,0,0,1,1,1,0,0,0,0,0,1,0,0,1,1,0,0,0,7,1,1,4,5,1,0,0,0,0,0,0,0,0,0,0,0,11,3,2,4,0,4,4,1,2,1,0,1,2,1,1
52 - Δωδεκανήσου,362 E.T. Δήμου Ρόδου,532,205,3,2,5,200,64,5,17,8,7,5,7,35,85,17,13,36,7,25,44,5,1,4,1,2,2,15,0,4,5,1,1,8,2,4,0,1,0,0,2,3,1,1,0,1,1,0,0,0,0,0,0,0,0,0,0,0,0,0,0,0,0,10,0,3,1,9,0,0,0,0,0,2,0,0,1,0,1,1,7,3,0,0,3,2,1,0,1,0,0,0,5,5,3
52 - Δωδεκανήσου,363 E.T. Δήμου Ρόδου,518,176,6,2,8,168,61,9,20,3,4,7,1,30,59,12,8,26,3,12,24,6,0,0,0,0,0,12,1,3,6,1,0,5,0,6,3,1,0,0,1,3,0,4,0,0,0,0,0,0,0,0,0,0,0,1,0,0,0,0,0,0,0,4,1,2,0,3,0,0,0,0,0,1,0,0,2,0,0,0,6,0,2,0,3,2,2,0,0,0,0,0,4,0,0
52 - Δωδεκανήσου,364 E.T. Δήμου Ρόδου,522,216,5,2,7,209,89,22,26,6,4,7,4,33,74,22,9,35,8,14,34,5,0,3,1,2,1,19,0,12,7,0,2,3,0,6,1,2,0,0,1,4,3,0,0,0,0,0,0,0,0,0,0,0,0,0,0,0,0,0,0,0,0,5,0,2,1,2,0,1,0,0,0,0,0,0,0,0,0,0,4,2,1,0,0,1,2,1,1,0,0,0,4,3,1
52 - Δωδεκανήσου,365 E.T. Δήμου Ρόδου,517,201,1,1,2,199,53,15,8,5,4,4,4,27,90,21,10,46,9,23,39,8,0,7,1,2,2,19,0,2,9,0,1,11,1,4,0,1,0,2,4,0,0,3,2,1,1,0,0,1,0,0,1,0,0,0,0,0,0,0,0,0,0,7,3,5,2,0,1,0,0,0,0,0,0,0,1,1,1,0,8,4,0,1,3,2,2,0,0,0,1,0,3,1,1
52 - Δωδεκανήσου,366 E.T. Δήμου Ρόδου,557,219,7,3,10,209,68,8,18,8,7,11,8,42,77,14,9,30,4,20,36,12,1,3,1,1,5,33,0,5,22,1,1,16,2,4,0,1,0,0,1,0,0,0,0,0,0,0,0,0,0,0,0,0,0,1,1,0,1,0,0,0,0,1,1,0,0,0,1,0,0,0,0,1,0,1,0,0,0,0,6,1,0,0,1,2,4,1,1,0,0,0,2,2,0
52 - Δωδεκανήσου,367 E.T. Δήμου Σύμης,539,291,9,3,12,279,77,8,6,3,4,7,1,44,101,33,20,46,7,20,28,11,4,3,0,1,4,40,4,6,21,0,2,19,2,9,0,4,0,1,3,1,0,1,0,0,0,0,0,0,0,0,4,0,0,0,0,0,0,0,0,0,0,19,6,3,6,7,4,0,0,0,0,1,1,1,3,0,0,0,10,2,0,1,2,1,1,0,0,1,0,0,2,2,2
52 - Δωδεκανήσου,368 E.T. Δήμου Σύμης,550,170,5,1,6,164,45,4,5,0,0,4,1,36,67,16,15,25,10,5,25,4,0,0,0,1,1,31,4,6,22,1,0,5,0,1,0,0,0,0,0,0,0,0,0,0,0,0,0,0,0,0,0,0,0,0,0,0,0,0,0,0,0,9,2,1,4,2,0,0,0,0,0,1,0,0,0,0,0,0,3,0,1,0,0,1,2,0,0,2,0,0,1,0,0
52 - Δωδεκανήσου,369 E.T. Δήμου Σύμης,543,122,2,1,3,119,33,6,8,3,1,2,2,28,57,17,9,26,4,11,24,6,0,2,1,1,1,10,2,1,9,0,1,2,0,1,1,1,0,0,0,0,0,1,1,0,0,0,0,1,0,0,1,1,1,0,0,0,0,0,0,0,0,5,0,0,2,2,0,0,0,0,0,0,0,0,0,0,0,0,4,3,0,0,0,0,0,0,0,0,0,0,1,1,0
52 - Δωδεκανήσου,370 E.T. Δήμου Σύμης,528,171,8,0,8,163,50,8,12,3,3,2,2,39,68,22,11,38,4,1,30,4,3,2,1,0,0,25,3,2,10,0,5,8,0,0,0,0,0,0,0,0,0,1,0,0,0,0,0,0,0,0,0,0,0,0,0,0,0,0,0,0,0,4,2,0,0,0,0,0,0,0,0,1,0,0,0,0,0,0,6,1,0,2,1,0,1,0,0,0,0,0,3,0,0
52 - Δωδεκανήσου,371 E.T. Δήμου Σύμης,522,183,2,4,6,177,53,5,4,1,3,4,3,42,64,21,16,28,7,5,32,10,0,5,4,2,0,23,5,7,11,0,3,2,0,3,1,1,0,2,0,1,1,1,0,0,0,0,0,0,0,0,0,0,0,0,0,0,0,0,0,0,0,10,3,1,1,4,2,0,0,0,0,0,0,0,0,0,0,0,9,3,1,0,0,0,0,0,0,0,0,0,4,4,3
52 - Δωδεκανήσου,372 E.T. Δήμου Σύμης,534,179,5,1,6,173,61,2,14,0,0,2,1,47,66,25,15,36,1,6,18,5,0,2,0,0,1,19,3,2,10,0,1,9,0,1,0,1,0,0,0,0,0,2,0,0,1,0,0,2,0,0,1,1,1,0,0,0,0,0,0,0,0,5,1,0,3,3,0,0,0,0,0,1,1,1,0,0,0,0,9,1,0,2,1,3,1,0,0,0,0,0,2,1,1
52 - Δωδεκανήσου,373 E.T. Δήμου Σύμης,540,189,2,0,2,187,63,10,6,3,3,6,1,47,67,29,13,25,3,11,19,10,3,4,5,2,2,25,16,4,20,0,1,5,0,1,0,1,0,0,0,0,0,2,1,0,0,2,0,1,0,0,1,1,1,1,0,0,0,1,0,0,0,5,0,0,0,0,5,0,0,0,0,1,0,0,0,0,0,0,5,2,0,0,2,2,2,0,1,2,0,1,4,3,3
52 - Δωδεκανήσου,374 E.T. Δήμου Σύμης,530,197,3,0,3,194,53,4,9,2,2,4,2,43,77,29,9,28,1,6,50,6,2,4,2,0,1,30,5,5,24,0,1,9,0,2,0,0,0,0,0,0,0,3,1,0,0,1,1,0,0,0,0,0,0,1,1,0,0,0,0,0,0,4,1,1,0,2,0,0,0,0,0,2,0,0,0,0,0,0,4,0,0,0,0,4,2,1,1,0,0,0,10,1,5
52 - Δωδεκανήσου,375 E.T. Δήμου Τήλου,431,207,4,2,6,201,73,24,14,2,8,8,5,49,57,7,6,38,7,10,26,11,2,4,2,2,3,18,3,0,14,0,1,3,5,20,0,11,0,1,9,1,1,4,2,1,0,2,0,1,0,0,1,1,1,0,0,0,0,0,0,0,0,5,2,2,2,0,0,0,0,0,0,1,0,0,0,0,0,0,8,1,0,1,7,2,0,0,0,0,0,0,3,1,3
52 - Δωδεκανήσου,376 E.T. Δήμου Τήλου,630,280,0,2,2,278,125,19,56,7,1,21,9,101,109,28,19,80,1,21,33,4,2,1,1,0,0,9,1,0,7,0,0,4,0,15,3,3,2,3,5,3,3,1,1,0,0,0,0,1,0,0,1,1,1,0,0,0,0,0,0,0,0,8,4,3,3,1,1,0,0,0,0,1,0,0,0,0,0,0,0,0,0,0,0,0,0,0,0,0,0,0,5,3,2
52 - Δωδεκανήσου,377 E.T. Δήμου Χάλκης,403,167,0,1,1,166,43,10,9,3,3,7,3,23,61,21,9,24,4,22,17,4,0,3,0,1,1,37,2,0,35,0,0,6,2,11,1,1,1,0,4,6,5,1,0,0,0,0,0,1,0,0,1,1,1,2,2,0,0,1,0,0,0,3,2,2,0,0,1,0,0,0,0,0,0,0,0,0,0,0,3,1,0,0,0,1,0,0,0,0,0,0,0,0,0
52 - Δωδεκανήσου,378 E.T. Δήμου Χάλκης,488,251,1,0,1,250,81,12,26,1,9,18,1,45,84,9,19,38,4,23,30,2,0,1,0,0,1,57,8,1,53,2,0,7,0,13,2,1,0,1,7,5,6,1,0,0,0,0,0,0,0,0,0,0,0,0,0,0,0,0,0,0,0,5,0,1,0,2,0,0,0,0,0,1,1,1,0,0,0,0,3,1,0,0,1,0,0,0,0,0,0,0,3,3,2
52 - Δωδεκανήσου,Ετερ. Δωδεκανήσου (από Εφετείο Θεσσαλονίκης),109,56,3,0,3,53,24,2,6,1,3,8,1,13,13,1,0,6,3,2,5,2,0,0,0,0,1,2,0,1,1,0,0,1,0,5,2,0,2,1,1,0,1,1,1,0,1,0,0,0,1,1,0,0,0,0,0,0,0,0,0,0,0,2,1,0,1,0,0,0,0,0,0,0,0,0,0,0,0,0,2,0,0,1,1,0,1,0,0,0,0,0,0,0,0
52 - Δωδεκανήσου,Ετερ. Δωδεκανήσου (από 34ο Ε.Τ. Νομ. Αττικής-Αθηνών),577,327,2,3,5,322,85,21,22,7,8,14,11,45,164,44,40,80,24,25,51,7,1,1,4,4,0,22,10,2,15,0,4,1,6,16,3,4,2,4,1,1,2,1,0,0,0,0,0,0,0,0,1,0,0,0,0,0,0,0,0,0,0,4,2,2,0,2,0,0,0,0,0,0,0,0,0,0,0,0,12,0,1,2,3,2,6,1,1,1,0,3,4,4,3
52 - Δωδεκανήσου,Ετερ. Δωδεκανήσου (από 35ο Ε.Τ. Νομ. Αττικής-Αθηνών),581,325,4,1,5,320,100,17,16,12,11,30,16,39,148,75,29,71,18,23,41,4,0,1,0,0,1,29,8,2,19,0,3,6,4,14,2,4,0,5,1,1,2,1,0,0,0,1,0,1,0,0,2,1,1,0,0,0,0,0,0,0,0,3,1,1,1,0,2,0,0,0,0,1,1,1,2,0,1,1,12,4,3,4,0,1,1,1,0,1,1,0,3,0,2
52 - Δωδεκανήσου,Ετερ. Δωδεκανήσου (από 6ο Ε.Τ. Νομ. Αττικής-Πειραιώς),415,225,0,0,0,225,55,23,10,10,6,11,8,20,102,24,21,61,9,15,33,7,2,4,1,3,2,26,6,4,17,0,3,1,7,6,1,4,0,0,1,2,0,6,2,2,0,2,0,1,0,0,3,0,0,0,0,0,0,0,0,0,0,4,1,1,2,1,1,0,0,0,0,0,0,0,1,0,0,0,6,0,1,1,2,0,1,0,1,0,0,1,8,7,6
52 - Δωδεκανήσου,ΚΑΤΑΣΤΗΜΑ ΚΡΑΤΗΣΗΣ ΚΩ,61,56,5,0,5,51,24,6,1,1,3,5,7,4,17,4,4,4,2,6,6,1,0,0,0,0,0,4,1,2,3,0,1,0,0,2,0,0,0,2,0,0,0,0,0,0,0,0,0,0,0,0,0,0,0,0,0,0,0,0,0,0,0,2,0,0,0,0,0,0,0,0,0,0,0,0,0,0,0,0,1,0,0,0,0,0,0,0,0,0,0,0,0,0,0
Σύνολο,,190842,99588,1801,821,2622,96966,28831,4630,6123,2201,2040,5639,2636,13544,40033,8808,9642,17774,4121,9560,12936,3575,886,1184,585,406,1031,10062,2094,2041,5756,504,969,2341,682,3100,602,627,443,628,710,824,336,981,199,157,100,135,84,193,25,5,186,67,61,392,142,40,54,123,35,81,96,3745,1292,818,841,1108,469,78,26,33,15,464,192,245,226,88,38,61,2915,994,386,447,658,690,672,151,143,97,136,69,1648,961,682
