ΠΕΡΙΦΕΡΕΙΑ,ΕΚΛΟΓΙΚΟ ΤΜΗΜΑ,ΕΓΓΕΓΡΑΜΜΕΝΟΙ,ΨΗΦΙΣΑΝΤΕΣ,ΑΚΥΡΑ,ΛΕΥΚΑ,ΑΚΥΡΑ & ΛΕΥΚΑ,ΕΓΚΥΡΑ,ΣΥΡΙΖΑ,ΒΑΒΟΥΛΗ ΣΤΑΜΑΤΑ (ΜΑΤΙΝΑ) του Διονυσίου,ΜΠΑΛΤΑΣ ΑΡΙΣΤΕΙΔΗΣ-ΝΙΚΟΛΑΟΣ-ΔΗΜΗΤΡΙΟΣ του Αλεξάνδρου,ΠΑΝΤΖΑΣ ΓΕΩΡΓΙΟΣ του Σπυρίδωνα-Αριστοτέλη,ΤΣΙΠΡΑΣ ΓΕΩΡΓΙΟΣ του Ηρακλή,ΧΑΤΖΟΠΟΥΛΟΣ ΒΑΣΙΛΕΙΟΣ του Χαράλαμπου,ΧΗΡΑ ΜΑΡΙΑ του Αλέξανδρου,Νέα Δημοκρατία,ΚΟΠΑΝΑΚΗ ΕΥΑΓΓΕΛΙΑ του Εμμανουήλ,ΚΩΤΣΗΡΑΣ ΓΕΩΡΓΙΟΣ του Αναστασίου,ΛΙΑΚΟΣ ΕΥΑΓΓΕΛΟΣ του Γεωργίου,ΜΠΑΡΑ ΕΥΓΕΝΙΑ του Γεωργίου,ΜΠΟΥΡΑΣ ΑΘΑΝΑΣΙΟΣ του Κωνσταντίνου,ΠΟΥΛΗΣ ΣΤΑΜΑΤΙΟΣ του Κυριάκου,Λαϊκός Σύνδεσμος - Χρυσή Αυγή,ΓΙΑΝΝΟΓΚΩΝΑΣ ΜΙΧΑΗΛ του Ιωάννη,ΚΑΤΑΤΣΗ ΜΑΡΙΑ του Κωνσταντίνου,ΚΩΝΣΤΑΝΤΙΝΟΥ ΕΥΘΥΜΙΑ του Νικολάου,ΠΑΠΠΑΣ ΧΡΗΣΤΟΣ του Ηλία,ΦΡΑΓΚΟΥΛΗΣ ΔΗΜΗΤΡΙΟΣ του Αθανασίου,Κίνημα Αλλαγής,ΑΚΑΜΙΩΤΑΚΗ ΜΑΡΓΑΡΙΤΑ του Κωνσταντίνου,ΑΝΑΣΤΑΣΑΚΗΣ ΜΗΝΑΣ του Μιχαήλ,ΛΙΟΣΗΣ ΑΓΓΕΛΟΣ του Αθανασίου,ΜΟΥΣΤΑΚΑΚΗ ΓΕΩΡΓΙΑ του Τιμολέων,ΞΑΝΘΟΠΟΥΛΟΣ ΠΑΝΑΓΙΩΤΗΣ του Λάζαρου,ΥΨΗΛΑΝΤΗΣ ΑΝΤΩΝΙΟΣ του Γεωργίου,Κ.Κ.Ε.,ΚΟΥΜΠΟΥΡΗΣ ΔΗΜΟΣ του Ιωάννη,ΜΕΝΙΔΙΑΤΗ ΑΛΕΞΑΝΔΡΑ (ΑΛΕΚΑ) του Ιωάννη,ΜΠΑΚΑΛΗΣ ΔΗΜΗΤΡΙΟΣ του Αθανασίου,ΠΑΠΑΔΑΤΟΥ ΑΓΓΕΛΙΚΗ του Γεωργίου,ΠΑΠΑΣΤΑΥΡΟΥ ΚΥΡΙΛΛΟΣ του Χρυσοστόμου,ΧΡΙΣΤΙΔΗΣ ΣΤΑΥΡΟΣ του Θωμά,Ένωση Κεντρώων,ΔΩΡΗΣ ΣΠΥΡΙΔΩΝ του Κοσμά,ΖΩΓΟΠΟΥΛΟΥ ΕΥΓΕΝΙΑ του Γεωργίου,ΘΕΟΔΩΡΟΥ ΕΥΑΓΓΕΛΟΣ του Θεοδώρου,ΠΑΓΚΑΛΗΣ ΚΩΝΣΤΑΝΤΙΝΟΣ του Δημητρίου,ΣΑΓΚΟΥΡΗ ΑΘΑΝΑΣΙΑ του Δημητρίου,ΤΑΜΗΛΙΑΣ ΣΠΥΡΟΣ του Αλεξάνδρου,Ο.Κ.Δ.Ε.,ΑΣΛΑΝΙΔΗ ΑΝΝΑ του Γεωργίου,ΑΝΤ.ΑΡ.ΣΥ.Α.,ΑΝΤΩΝΑΡΟΠΟΥΛΟΥ ΧΡΥΣΑΝΘΗ του Ιωάννη,ΚΑΤΑΡΑΧΙΑΣ ΒΑΣΙΛΕΙΟΣ του Νικολάου,ΜΠΕΚΟΣ ΒΑΣΙΛΕΙΟΣ της Ελένης,Ελλήνων Συνέλευσις,ΣΙΔΗΡΟΠΟΥΛΟΣ ΓΕΩΡΓΙΟΣ του Σάββα,ΕΕΚ Τροτσκιστές - Εργ.Επ.Κόμμα,ΑΓΓΕΛΗ-ΚΑΡΔΟΥΛΑΚΗ ΑΡΤΕΜΙΣ του Εμμανουήλ,Ελληνική Λύση - Κ. Βελόπουλος,ΜΑΝΩΛΗ ΕΛΕΝΗ του Βασιλείου,ΜΠΟΥΓΕΣΗ ΜΑΡΙΑ του Δημητρίου,ΠΕΤΡΙΔΗΣ ΣΤΥΛΙΑΝΟΣ του Σταύρου,ΤΣΟΥΤΣΟΥΡΑΣ ΙΩΑΝΝΗΣ του Ιωάννη,Κ.Κ.Ε. (μ-λ),ΑΝΑΣΤΑΣΟΠΟΥΛΟΥ ΑΝΑΣΤΑΣΙΑ του Θεοφίλου,ΛΑΜΠΡΟΠΟΥΛΟΣ ΑΝΑΣΤΑΣΙΟΣ του Δημητρίου,ΣΑΡΡΗΣ ΑΠΟΣΤΟΛΟΣ του Αντωνίου,Μ-Λ Κ.Κ.Ε.,ΑΔΡΙΑΝΟΣ ΙΑΣΩΝ- ΚΩΝΣΤΑΝΤΙΝΟΣ του Ιωάννη,Ε.ΠΑ.Μ - Α.Κ.Κ.ΕΛ,ΔΕΔΕΣ ΚΩΝΣΤΑΝΤΙΝΟΣ του Ανδρέα,ΣΜΙΤΖ ΙΩΑΝΝΑ του Βασιλείου,Λαϊκή Ενότητα,ΚΑΤΣΙΚΕΑ ΟΥΡΑΝΙΑ ΕΛΕΝΗ του Γεωργίου,ΛΕΒΕΝΤΗ-ΓΙΑΚΟΥΜΑΤΟΥ ΑΓΓΕΛΙΚΗ συζ. Ιωάννη,ΡΟΔΗΣ ΕΥΑΓΓΕΛΟΣ του Κωνσταντίνου,ΤΣΙΑΝΤΟΣ ΝΙΚΟΛΑΟΣ του Γεωργίου,ΜέΡΑ25,ΑΝΤΩΝΟΠΟΥΛΟΣ ΔΙΟΝΥΣΙΟΣ του Γεωργίου,ΓΕΓΙΟΥ ΜΑΡΙΑ του Βασιλείου,ΘΕΑΚΟΣ ΓΡΗΓΟΡΙΟΣ του Επαμεινώνδα,ΜΑΡΑΚΗΣ ΙΩΑΝΝΗΣ του Στυλιανού,ΠΑΤΕΛΗ ΟΥΡΑΝΙΑ του Αντωνίου,ΧΡΑΝΙΩΤΗΣ ΓΕΩΡΓΙΟΣ του Ιωάννη,Δημιουργία ξανά - Θ. Τζήμερος,ΦΩΚΑΣ ΙΩΑΝΝΗΣ του Κοσμά,ΣΥΝ...ΦΩΝΙΑ ΚΟΜΜΑΤΩΝ,ΛΙΣΑΓΚΟΡ-ΒΕΡΓΗ ΣΒΕΤΛΑΝΑ του Γκριγκόρι,Πλεύση Ελευθερίας - Ζωή Κωνστ.,ΦΟΥΦΟΠΟΥΛΟΣ ΔΗΜΗΤΡΙΟΣ του Αντωνίου
64 - Β' Δυτικής Αττικής,1 E.T. Δήμου Ασπροπύργου,554,345,8,1,9,336,109,27,22,16,46,14,8,119,12,22,76,4,36,12,14,6,3,3,9,4,14,5,4,5,0,2,0,18,9,1,9,1,0,2,6,0,2,0,0,2,0,0,0,0,0,0,0,4,4,0,0,35,18,7,19,10,1,1,0,0,0,0,1,0,0,1,0,0,0,0,9,3,6,0,2,1,4,1,0,0,0,4,3
64 - Β' Δυτικής Αττικής,2 E.T. Δήμου Ασπροπύργου,534,298,5,3,8,290,103,30,9,30,46,13,8,108,10,23,74,4,29,26,25,8,4,1,12,2,10,3,4,3,1,2,2,17,8,0,8,0,1,1,1,0,0,0,0,0,0,0,0,1,0,0,0,1,0,0,0,15,5,1,7,3,0,0,0,0,0,0,2,1,0,1,0,0,1,0,4,1,1,1,0,1,1,1,0,0,0,1,0
64 - Β' Δυτικής Αττικής,3 E.T. Δήμου Ασπροπύργου,532,348,7,7,14,334,127,41,18,33,67,13,15,113,12,18,88,9,26,15,27,11,5,1,15,8,6,0,1,2,0,2,0,13,3,2,8,2,4,0,5,0,1,0,1,0,0,0,0,0,0,0,0,0,0,0,0,18,6,3,7,5,0,0,0,0,0,0,2,1,0,0,0,0,0,0,16,2,2,6,2,4,7,1,1,0,0,6,4
64 - Β' Δυτικής Αττικής,4 E.T. Δήμου Ασπροπύργου,530,378,24,2,26,352,102,37,28,25,45,6,9,160,17,18,101,12,51,16,32,12,8,6,17,8,8,2,3,2,1,1,1,10,5,1,5,3,1,1,4,4,1,2,0,0,1,0,0,1,0,0,0,1,0,0,0,20,11,7,10,3,0,0,0,0,0,0,0,0,0,0,0,0,0,0,6,0,1,1,0,0,0,2,0,0,0,6,6
64 - Β' Δυτικής Αττικής,5 E.T. Δήμου Ασπροπύργου,531,310,4,3,7,303,113,28,19,33,57,8,24,101,18,16,66,6,25,21,18,3,5,6,11,6,9,2,2,1,1,1,1,13,5,0,7,1,0,2,2,0,1,0,0,1,0,0,0,0,0,0,0,3,3,0,0,27,13,5,9,4,2,1,2,0,0,0,2,0,0,0,0,0,0,0,6,1,2,0,0,1,0,2,2,0,0,5,2
64 - Β' Δυτικής Αττικής,6 E.T. Δήμου Ασπροπύργου,540,322,9,1,10,312,140,33,26,37,88,16,12,90,9,12,71,2,31,15,19,7,3,4,14,8,6,2,1,1,1,2,1,17,5,2,9,3,5,2,4,1,0,2,0,3,2,0,0,1,0,0,0,1,1,0,0,18,6,3,9,6,0,0,0,0,0,0,0,0,0,3,0,1,1,1,7,1,0,4,0,2,3,0,0,0,0,6,2
64 - Β' Δυτικής Αττικής,7 E.T. Δήμου Ασπροπύργου,539,329,3,1,4,325,102,17,20,18,45,4,8,139,14,26,115,6,24,17,19,2,4,3,12,3,10,1,6,3,0,1,0,31,15,2,21,0,1,7,3,0,1,2,1,0,0,0,0,0,0,0,0,1,1,0,0,11,3,2,4,3,0,0,0,0,0,0,1,0,0,0,0,0,0,0,5,0,0,1,0,0,1,0,0,0,0,3,2
64 - Β' Δυτικής Αττικής,8 E.T. Δήμου Ασπροπύργου,552,335,7,2,9,326,123,30,27,27,60,14,20,96,11,29,66,1,26,18,22,11,8,4,11,6,17,4,5,6,2,8,2,26,14,4,15,0,5,0,1,1,0,0,0,0,1,1,0,0,0,0,0,1,1,0,0,22,11,6,11,3,0,0,0,0,2,0,1,0,0,1,0,0,1,1,8,4,4,0,2,2,1,2,1,0,0,3,2
64 - Β' Δυτικής Αττικής,9 E.T. Δήμου Ασπροπύργου,531,259,3,4,7,252,126,33,24,31,62,7,22,64,3,11,47,0,16,7,12,3,3,1,6,3,5,2,0,2,0,2,0,16,6,0,8,0,3,2,0,0,0,0,0,0,0,0,0,0,0,0,0,0,0,0,0,17,5,2,9,6,0,0,0,0,0,0,1,0,0,0,0,0,0,0,5,2,0,0,1,2,4,1,0,0,0,5,3
64 - Β' Δυτικής Αττικής,10 E.T. Δήμου Ασπροπύργου,536,297,7,0,7,290,124,32,24,24,65,20,22,71,4,13,60,3,23,12,21,10,4,7,12,3,12,3,0,2,3,3,3,31,17,3,14,4,3,2,3,1,1,0,0,1,1,0,0,1,0,0,0,0,0,0,0,9,4,5,3,2,0,0,0,0,0,0,1,0,0,3,3,1,0,2,7,4,1,0,2,0,0,3,3,0,0,4,3
64 - Β' Δυτικής Αττικής,11 E.T. Δήμου Ασπροπύργου,538,326,7,4,11,315,102,28,16,29,50,14,12,137,18,20,102,15,34,12,14,3,4,2,9,2,9,0,3,2,1,5,0,14,8,10,10,0,1,0,2,0,0,2,0,2,0,0,0,0,0,0,0,2,2,0,0,13,8,2,7,6,4,2,1,1,0,0,2,2,1,3,0,1,3,0,9,2,1,0,2,2,3,2,1,0,0,2,1
64 - Β' Δυτικής Αττικής,12 E.T. Δήμου Ασπροπύργου,565,326,6,3,9,317,109,25,23,24,52,7,20,113,13,18,71,3,36,10,23,5,4,6,13,4,11,5,3,4,4,1,0,27,10,3,12,3,7,6,6,2,2,0,2,2,1,0,0,2,1,1,0,0,0,0,0,13,9,3,2,5,2,2,1,1,0,0,1,1,1,1,1,0,1,0,8,3,3,1,1,1,2,0,0,0,0,1,1
64 - Β' Δυτικής Αττικής,13 E.T. Δήμου Ασπροπύργου,536,323,3,1,4,319,107,56,24,23,49,17,16,113,41,26,97,3,24,17,15,4,3,2,13,1,13,5,1,9,2,0,0,19,16,0,18,2,1,0,4,1,3,1,0,0,1,1,1,0,0,0,0,8,8,2,2,27,19,8,15,8,2,2,2,0,0,0,0,0,0,1,0,0,1,0,5,4,1,1,0,1,0,0,0,0,0,2,2
64 - Β' Δυτικής Αττικής,14 E.T. Δήμου Ασπροπύργου,545,299,6,0,6,293,99,24,3,21,37,3,10,104,9,20,72,7,28,15,16,5,4,1,10,4,15,7,6,5,0,3,1,27,17,1,15,1,2,0,1,0,0,1,0,0,0,0,0,1,0,0,0,0,0,0,0,15,5,8,11,2,1,0,1,0,0,0,1,1,0,0,0,0,0,0,4,0,1,0,0,1,1,2,0,0,0,7,3
64 - Β' Δυτικής Αττικής,15 E.T. Δήμου Ασπροπύργου,530,305,8,2,10,295,91,29,15,24,46,7,18,123,8,25,96,4,41,15,18,4,5,3,8,6,9,5,3,1,4,3,1,20,11,1,13,2,2,0,3,1,1,1,1,0,0,0,0,0,0,0,0,0,0,0,0,14,2,4,6,4,1,0,0,0,0,0,0,0,0,1,0,1,1,0,9,2,3,2,1,2,3,1,0,0,0,5,4
64 - Β' Δυτικής Αττικής,16 E.T. Δήμου Ασπροπύργου,546,314,8,1,9,305,120,42,16,18,34,12,13,96,13,11,56,3,24,12,16,3,4,5,7,0,12,5,4,1,1,3,3,32,13,5,18,3,3,2,2,0,1,0,0,1,0,0,0,1,0,1,0,1,1,0,0,6,3,1,3,4,0,0,0,0,0,0,1,1,1,1,0,1,0,0,10,0,2,0,0,2,3,2,1,0,0,5,4
64 - Β' Δυτικής Αττικής,17 E.T. Δήμου Ασπροπύργου,557,318,7,1,8,310,117,31,20,20,61,22,19,96,10,21,74,5,17,6,14,6,7,0,9,3,13,4,4,7,0,8,1,19,7,5,8,6,3,4,1,0,1,0,0,0,0,0,0,1,0,0,0,6,5,0,0,26,14,3,22,6,1,1,1,0,0,0,0,0,0,0,0,0,0,0,10,3,0,2,0,1,4,2,0,0,0,4,2
64 - Β' Δυτικής Αττικής,18 E.T. Δήμου Ασπροπύργου,536,283,3,2,5,278,109,22,12,20,43,6,13,85,12,12,63,3,22,8,11,0,0,1,4,1,10,1,3,2,0,1,1,20,6,2,17,1,1,3,0,0,0,0,0,0,0,0,0,1,1,1,0,0,0,0,0,24,11,2,13,7,1,1,0,0,1,1,1,1,1,1,0,1,1,0,7,1,0,0,1,1,1,0,0,0,0,7,5
64 - Β' Δυτικής Αττικής,19 E.T. Δήμου Ασπροπύργου,547,306,5,0,5,301,102,25,16,15,48,12,16,125,15,13,94,3,47,20,18,7,2,3,9,7,9,2,4,4,2,1,1,16,7,3,7,2,2,1,2,0,0,0,1,0,1,0,0,0,0,0,0,2,1,0,0,14,4,2,7,3,0,0,0,0,0,0,1,0,0,0,0,0,0,0,4,2,1,0,1,1,1,0,0,0,0,8,3
64 - Β' Δυτικής Αττικής,20 E.T. Δήμου Ασπροπύργου,558,282,4,3,7,275,113,45,11,26,47,10,14,80,12,17,49,8,16,9,8,4,1,3,3,1,8,2,2,4,1,0,2,16,7,1,8,3,2,2,3,0,1,1,0,1,1,0,0,0,0,0,0,5,5,0,0,16,4,3,7,3,1,1,0,1,0,0,1,1,1,1,0,0,1,0,17,6,1,0,2,1,5,2,1,0,0,4,3
64 - Β' Δυτικής Αττικής,21 E.T. Δήμου Ασπροπύργου,530,305,10,2,12,293,100,30,25,23,42,10,11,112,6,27,87,9,31,17,17,7,3,0,7,5,7,1,3,4,0,1,1,13,7,0,11,0,3,1,4,1,0,0,0,2,0,0,0,2,2,0,1,10,8,0,0,19,7,3,11,7,1,1,1,0,0,0,0,0,0,0,0,0,0,0,4,3,3,0,0,2,0,1,0,0,0,3,2
64 - Β' Δυτικής Αττικής,22 E.T. Δήμου Ασπροπύργου,569,297,4,2,6,291,91,15,16,8,38,10,8,125,8,20,94,1,34,10,10,3,3,0,7,2,18,3,11,5,1,7,0,18,6,2,10,2,4,0,1,0,1,0,1,0,0,0,0,0,0,0,0,1,0,0,0,13,3,4,5,4,0,0,0,0,0,0,2,1,1,1,0,0,0,0,7,3,0,0,1,1,1,1,1,0,0,3,2
64 - Β' Δυτικής Αττικής,23 E.T. Δήμου Ασπροπύργου,551,325,13,5,18,307,137,37,17,23,64,19,20,94,14,20,65,6,20,6,15,7,2,4,7,2,4,1,2,1,2,2,0,23,9,2,15,1,4,1,2,0,1,0,2,0,1,0,0,0,0,0,0,6,5,0,0,13,5,4,8,4,0,0,0,0,1,0,0,0,0,1,1,0,0,1,8,0,1,0,3,4,1,0,0,0,0,3,1
64 - Β' Δυτικής Αττικής,24 E.T. Δήμου Ασπροπύργου,534,299,6,1,7,292,92,25,27,24,52,11,11,138,16,25,101,7,37,11,10,4,3,1,6,2,8,0,2,5,2,1,0,12,4,3,3,3,2,2,2,1,1,0,0,0,0,1,1,0,0,0,0,1,1,0,0,12,5,3,9,3,0,0,0,0,0,0,0,0,0,1,0,0,0,0,9,3,1,0,3,4,3,1,0,0,0,5,2
64 - Β' Δυτικής Αττικής,25 E.T. Δήμου Ασπροπύργου,537,299,9,4,13,286,93,20,19,20,53,14,16,88,3,18,60,1,22,10,20,9,6,4,11,5,17,6,5,8,2,3,2,21,7,2,10,6,3,2,6,1,3,0,1,2,2,0,0,2,2,0,0,8,7,0,0,18,12,3,11,4,2,0,0,0,0,0,0,0,0,1,1,1,0,0,7,1,3,5,2,0,2,0,0,0,0,3,3
64 - Β' Δυτικής Αττικής,26 E.T. Δήμου Ασπροπύργου,556,301,8,2,10,291,123,28,17,20,55,17,18,89,7,14,63,6,17,14,24,14,5,3,13,3,12,2,2,5,0,1,1,13,7,1,5,4,2,1,1,1,0,1,0,0,0,0,0,0,0,0,0,1,1,0,0,16,5,5,6,4,1,1,1,0,0,0,0,0,0,1,0,1,0,0,7,2,1,1,2,1,1,0,0,0,0,3,3
64 - Β' Δυτικής Αττικής,27 E.T. Δήμου Ασπροπύργου,556,276,4,2,6,270,109,17,18,43,65,22,14,66,6,17,55,4,22,8,17,4,6,1,6,0,10,2,2,0,0,8,0,8,3,1,2,2,1,4,1,1,0,0,0,1,0,0,0,2,0,0,0,0,0,0,0,39,14,7,27,8,1,1,1,0,1,0,4,4,2,0,0,0,0,0,6,1,2,0,1,3,2,0,0,0,0,6,3
64 - Β' Δυτικής Αττικής,28 E.T. Δήμου Ασπροπύργου,564,286,8,1,9,277,114,28,16,22,42,16,15,71,2,19,53,4,17,3,29,9,3,2,17,2,8,0,2,2,1,4,0,17,8,3,7,2,4,1,6,1,3,0,0,4,1,0,0,1,0,0,0,3,2,0,0,14,4,2,6,5,0,0,0,0,0,0,1,0,0,0,0,0,0,0,7,0,2,1,1,0,2,3,1,0,0,3,2
64 - Β' Δυτικής Αττικής,29 E.T. Δήμου Ασπροπύργου,570,271,7,3,10,261,97,14,14,16,48,17,13,71,7,15,52,8,17,5,11,1,3,2,6,3,3,1,0,1,0,2,0,21,4,3,6,0,5,7,4,2,2,0,0,1,0,0,0,1,1,0,1,8,8,0,0,28,9,1,19,7,0,0,0,0,0,0,0,0,0,1,0,0,0,0,10,0,3,1,0,1,3,0,0,0,0,6,3
64 - Β' Δυτικής Αττικής,30 E.T. Δήμου Ασπροπύργου,569,297,5,2,7,290,129,26,37,22,61,22,19,67,9,13,52,4,18,5,20,10,2,5,14,3,11,3,1,5,0,6,1,11,5,1,3,2,1,2,2,0,1,0,0,1,0,0,0,2,0,0,0,4,2,0,0,29,21,5,21,3,1,1,1,0,0,0,3,3,3,0,0,0,0,0,6,1,1,0,2,1,3,0,0,0,0,5,1
64 - Β' Δυτικής Αττικής,31 E.T. Δήμου Ασπροπύργου,566,338,9,2,11,327,104,24,17,22,54,16,13,132,8,39,93,10,37,20,17,2,4,3,13,3,10,3,3,2,0,5,0,18,9,2,9,2,5,2,3,1,1,0,0,1,0,0,0,1,0,0,0,3,3,1,0,25,9,4,21,10,0,0,0,0,0,0,3,2,2,1,0,0,1,0,6,2,0,0,3,0,2,0,0,0,0,3,2
64 - Β' Δυτικής Αττικής,32 E.T. Δήμου Ασπροπύργου,568,281,6,3,9,272,128,21,25,21,66,20,25,60,5,15,46,1,9,7,13,4,2,4,9,2,9,1,4,0,3,5,0,7,1,0,3,2,2,3,1,0,1,0,0,1,0,0,0,1,0,0,0,3,3,0,0,26,12,4,16,5,1,0,0,0,1,0,3,3,1,1,0,1,0,1,11,2,3,1,1,3,3,2,1,0,0,5,4
64 - Β' Δυτικής Αττικής,33 E.T. Δήμου Ασπροπύργου,559,274,11,3,14,260,99,24,24,18,50,17,15,68,13,11,51,5,19,6,16,3,6,3,7,2,13,4,0,3,4,6,2,18,10,2,10,2,4,4,1,1,1,0,0,0,0,1,1,1,1,0,0,5,2,0,0,27,4,4,18,10,5,2,0,2,0,0,1,0,0,1,0,1,1,0,3,1,1,0,2,0,0,0,0,0,0,1,0
64 - Β' Δυτικής Αττικής,34 E.T. Δήμου Ασπροπύργου,561,330,6,3,9,321,104,31,28,20,48,17,15,123,12,23,86,10,36,21,15,4,5,1,8,5,5,2,1,0,1,1,0,23,8,3,12,3,8,3,0,0,0,0,0,0,0,0,0,2,2,1,1,7,6,0,0,26,12,2,18,6,1,1,1,0,0,0,0,0,0,1,1,0,1,0,9,1,5,3,4,1,4,0,0,0,0,5,3
64 - Β' Δυτικής Αττικής,35 E.T. Δήμου Ασπροπύργου,570,280,10,2,12,268,100,20,21,19,54,20,8,69,13,16,45,11,14,7,17,6,2,2,6,2,5,1,1,1,0,3,0,18,1,2,3,1,2,3,2,0,1,0,0,1,0,1,0,0,0,0,0,11,8,0,0,27,10,5,18,7,0,0,0,0,0,0,5,3,3,0,0,0,0,0,7,2,3,0,1,1,2,2,1,0,0,4,3
64 - Β' Δυτικής Αττικής,36 E.T. Δήμου Ασπροπύργου,564,267,2,3,5,262,94,29,24,24,32,7,14,84,12,18,54,5,21,9,18,4,1,6,7,1,9,0,2,2,1,3,0,22,6,4,9,5,2,0,7,3,2,2,2,1,0,0,0,0,0,0,0,8,6,0,0,11,5,2,5,2,0,0,0,0,1,0,0,0,0,1,0,0,1,1,5,0,1,1,0,0,1,1,0,0,0,1,1
64 - Β' Δυτικής Αττικής,37 E.T. Δήμου Ασπροπύργου,564,302,7,2,9,293,141,30,27,33,77,31,24,61,6,12,49,5,9,7,17,7,5,4,9,5,3,0,0,0,0,2,0,13,3,2,7,3,2,6,3,1,2,0,0,0,0,0,0,0,0,0,0,7,6,0,0,34,13,7,26,6,2,1,1,2,0,0,4,3,3,0,0,0,0,0,4,1,0,0,0,1,2,0,0,0,0,4,4
64 - Β' Δυτικής Αττικής,38 E.T. Δήμου Ασπροπύργου,567,348,2,1,3,345,104,22,27,20,52,13,10,127,18,35,89,8,32,16,23,11,3,4,13,3,16,3,5,10,1,5,1,16,6,2,4,1,1,2,6,1,3,1,1,4,1,1,1,0,0,0,0,3,2,0,0,33,12,3,25,8,2,2,2,0,2,1,0,0,0,1,0,0,0,0,6,1,3,0,2,2,1,1,0,0,0,4,2
64 - Β' Δυτικής Αττικής,39 E.T. Δήμου Ασπροπύργου,566,298,5,3,8,290,118,25,27,19,52,18,15,72,8,13,60,1,19,5,18,9,4,5,9,3,7,2,0,1,2,2,1,24,6,3,8,4,5,8,0,0,0,0,0,0,0,0,0,0,0,0,0,5,3,0,0,39,14,6,25,5,1,1,0,1,1,0,1,0,0,1,0,0,0,0,1,0,0,0,0,0,0,0,0,0,0,2,0
64 - Β' Δυτικής Αττικής,40 E.T. Δήμου Ασπροπύργου,567,296,14,2,16,280,126,14,29,28,79,27,26,62,4,19,44,3,16,8,9,3,3,1,8,1,11,4,2,2,2,5,0,20,6,3,9,0,6,6,4,2,2,0,1,1,0,0,0,0,0,0,0,7,7,0,0,23,10,8,15,5,2,2,2,0,0,0,1,0,1,0,0,0,0,0,8,4,2,1,0,1,4,0,0,0,0,7,6
64 - Β' Δυτικής Αττικής,41 E.T. Δήμου Ασπροπύργου,556,280,4,1,5,275,122,35,28,25,62,25,22,57,6,11,48,1,12,9,21,5,5,3,18,2,6,1,4,2,0,4,0,18,6,2,10,1,6,6,5,3,2,1,1,0,1,0,0,0,0,0,0,7,7,0,0,24,10,8,18,6,1,1,0,1,0,0,0,0,0,0,0,0,0,0,7,2,1,1,3,1,3,1,1,0,0,6,3
64 - Β' Δυτικής Αττικής,42 E.T. Δήμου Ασπροπύργου,558,279,9,1,10,269,125,31,18,17,64,15,20,61,9,16,44,7,10,5,13,3,3,2,10,5,11,2,3,2,1,6,0,17,5,2,8,3,4,6,2,1,1,0,0,0,1,0,0,0,0,0,0,0,0,0,0,27,12,7,24,6,3,3,2,0,0,0,1,1,1,0,0,0,0,0,7,1,5,0,0,3,5,1,1,0,0,1,1
64 - Β' Δυτικής Αττικής,43 E.T. Δήμου Ασπροπύργου,567,325,8,3,11,314,111,27,23,22,52,15,19,102,9,30,70,8,25,8,15,7,4,1,7,4,13,7,1,1,4,4,1,18,8,5,8,1,5,4,0,0,0,0,0,0,0,1,1,1,0,1,0,2,1,0,0,40,13,6,22,11,1,0,0,0,0,0,1,1,0,0,0,0,0,0,7,2,1,2,0,0,2,1,0,0,0,1,1
64 - Β' Δυτικής Αττικής,44 E.T. Δήμου Ασπροπύργου,568,302,8,5,13,289,106,13,12,20,45,17,13,93,10,19,77,5,26,6,30,9,3,3,16,8,8,2,0,3,1,4,0,16,4,2,5,2,1,2,2,0,0,1,0,1,0,0,0,0,0,0,0,4,4,0,0,19,9,2,14,4,2,2,0,1,2,0,0,0,0,0,0,0,0,0,6,3,2,0,0,3,3,1,0,0,0,0,0
64 - Β' Δυτικής Αττικής,45 E.T. Δήμου Ελευσίνας,563,355,6,4,10,345,110,2,17,28,55,17,11,126,34,25,42,11,46,32,18,4,2,2,11,4,27,6,17,2,2,3,2,19,16,3,0,2,10,0,3,1,1,0,2,0,0,0,0,3,1,1,0,1,1,1,0,17,9,3,4,10,0,0,0,0,0,0,1,0,0,0,0,0,0,0,12,5,2,0,0,1,2,3,1,0,0,4,1
64 - Β' Δυτικής Αττικής,46 E.T. Δήμου Ελευσίνας,552,329,4,0,4,325,124,29,23,25,70,9,20,104,23,41,34,1,25,30,14,2,0,3,11,6,18,5,10,4,2,4,0,20,17,5,0,1,9,0,6,2,2,1,0,1,0,0,0,0,0,0,0,0,0,0,0,14,8,4,4,5,1,0,0,0,0,0,4,4,1,0,0,0,0,0,10,4,3,0,0,2,3,1,1,0,0,9,6
64 - Β' Δυτικής Αττικής,47 E.T. Δήμου Ελευσίνας,549,375,16,3,19,356,102,15,16,16,37,6,4,145,35,36,58,5,49,25,16,4,5,3,5,3,17,3,10,7,0,1,1,29,19,2,2,0,10,2,9,3,3,1,0,3,1,0,0,1,0,0,0,0,0,0,0,16,6,3,3,4,1,0,1,0,0,0,2,1,1,1,0,1,0,0,9,0,3,1,1,2,4,1,0,0,0,7,5
64 - Β' Δυτικής Αττικής,48 E.T. Δήμου Ελευσίνας,536,321,3,2,5,316,102,25,17,24,47,6,9,106,27,33,38,7,34,32,15,6,3,3,9,4,22,4,16,3,3,0,2,24,15,3,2,1,9,2,3,1,1,1,0,1,0,1,1,3,1,0,1,1,1,0,0,18,7,3,8,8,0,0,0,0,0,0,1,0,0,3,0,3,1,1,10,3,1,0,2,4,4,2,0,0,0,5,4
64 - Β' Δυτικής Αττικής,49 E.T. Δήμου Ελευσίνας,562,326,1,3,4,322,104,0,0,0,0,0,0,106,0,0,0,0,0,0,8,0,0,0,0,0,20,0,0,0,0,0,0,30,0,0,0,0,0,0,3,0,0,0,0,0,0,0,0,0,0,0,0,2,0,0,0,19,0,0,0,0,1,0,0,0,1,0,0,0,0,2,0,0,0,0,16,0,0,0,0,0,0,1,0,0,0,9,0
64 - Β' Δυτικής Αττικής,50 E.T. Δήμου Ελευσίνας,556,290,9,5,14,276,94,14,15,22,48,9,10,93,24,25,41,6,23,19,15,5,1,0,8,2,20,6,11,2,1,2,1,21,8,1,0,2,4,1,3,2,0,0,0,0,0,0,0,2,0,0,0,0,0,0,0,10,5,2,1,3,1,1,1,0,1,0,0,0,0,0,0,0,0,0,10,5,0,1,1,1,2,1,1,0,0,5,2
64 - Β' Δυτικής Αττικής,51 E.T. Δήμου Ελευσίνας,532,326,6,2,8,318,96,23,10,26,46,17,11,124,30,29,35,5,47,34,11,2,0,1,1,3,25,1,20,7,0,3,3,35,24,3,1,4,9,4,4,2,1,0,1,0,0,0,0,0,0,0,0,0,0,0,0,7,5,1,0,3,0,0,0,0,0,0,1,0,0,0,0,0,0,0,13,1,1,0,2,3,7,0,0,0,0,2,1
64 - Β' Δυτικής Αττικής,52 E.T. Δήμου Ελευσίνας,567,344,8,3,11,333,101,22,23,17,51,9,11,119,27,41,44,8,32,25,18,2,7,5,9,6,25,1,12,6,2,4,1,30,21,4,2,3,7,3,5,0,1,1,0,0,0,0,0,2,2,2,0,0,0,0,0,9,6,5,1,5,1,1,1,0,0,0,1,1,1,0,0,0,0,0,14,1,2,0,1,4,5,3,0,0,0,5,4
64 - Β' Δυτικής Αττικής,53 E.T. Δήμου Ελευσίνας,570,330,14,1,15,315,119,20,25,29,58,17,22,108,32,28,31,6,34,34,8,1,3,2,3,0,23,8,12,7,2,4,2,21,14,3,2,4,7,3,1,1,1,0,0,0,0,0,0,1,1,0,0,0,0,1,0,14,11,3,5,7,0,0,0,0,0,0,5,1,0,1,0,1,1,0,5,0,1,1,1,0,2,1,1,0,0,7,4
64 - Β' Δυτικής Αττικής,54 E.T. Δήμου Ελευσίνας,562,340,3,2,5,335,103,27,12,25,50,7,6,125,36,34,36,6,30,36,13,4,3,0,7,1,23,2,17,1,4,2,2,33,23,4,3,1,12,3,3,0,0,0,0,0,0,0,0,0,0,0,0,1,0,1,1,14,10,3,3,6,0,0,0,0,0,0,2,2,0,0,0,0,0,0,9,1,1,1,1,2,3,1,0,0,0,7,5
64 - Β' Δυτικής Αττικής,55 E.T. Δήμου Ελευσίνας,565,328,6,1,7,321,100,25,14,14,44,4,8,110,26,32,42,2,35,25,10,4,2,0,3,1,21,3,12,3,5,1,1,37,22,7,1,5,13,3,2,0,0,0,0,1,0,0,0,0,0,0,0,1,1,0,0,13,5,0,2,3,0,0,0,0,0,0,1,0,1,2,0,0,0,2,16,3,2,0,1,5,5,3,1,0,0,5,4
64 - Β' Δυτικής Αττικής,56 E.T. Δήμου Ελευσίνας,548,316,3,2,5,311,95,27,16,20,56,7,16,110,22,29,34,4,40,23,10,2,0,1,4,4,21,3,15,5,2,4,0,31,20,2,2,1,12,3,8,1,2,0,0,3,2,0,0,0,0,0,0,0,0,0,0,9,4,3,3,5,0,0,0,0,0,0,3,2,1,2,1,1,1,1,8,2,4,1,1,1,1,6,5,0,0,8,6
64 - Β' Δυτικής Αττικής,57 E.T. Δήμου Ελευσίνας,570,284,2,0,2,282,82,17,21,18,42,8,5,98,37,25,29,8,36,27,9,4,4,2,5,2,21,4,14,3,4,2,0,25,17,3,1,5,7,3,4,0,1,1,0,1,1,0,0,3,0,1,1,0,0,0,0,15,9,3,5,8,3,1,1,0,0,0,2,1,1,1,0,1,1,0,11,1,1,0,3,2,6,1,1,0,0,7,3
64 - Β' Δυτικής Αττικής,58 E.T. Δήμου Ελευσίνας,538,352,19,4,23,329,97,15,13,23,50,8,13,116,116,25,45,5,36,26,23,7,6,6,11,6,15,2,10,1,1,2,0,38,34,13,1,5,19,1,2,1,1,1,1,0,0,0,0,0,0,0,0,0,0,0,0,15,4,3,5,8,0,0,0,0,0,0,0,0,0,1,0,1,0,0,11,2,1,1,1,1,3,5,2,0,0,6,3
64 - Β' Δυτικής Αττικής,59 E.T. Δήμου Ελευσίνας,553,346,6,7,13,333,110,20,25,17,55,14,13,101,28,23,41,8,35,26,15,2,1,2,10,7,21,7,17,5,4,4,0,33,23,6,1,4,16,2,9,1,8,2,0,5,0,0,0,1,0,0,0,0,0,0,0,17,7,3,2,11,0,0,0,0,1,0,3,3,3,2,0,2,2,0,12,3,4,3,2,3,3,4,4,0,0,4,1
64 - Β' Δυτικής Αττικής,60 E.T. Δήμου Ελευσίνας,553,345,5,2,7,338,98,28,21,23,36,14,12,109,25,33,32,3,31,25,16,5,6,3,5,6,19,5,15,3,0,1,0,36,20,3,2,9,11,4,5,4,1,0,0,0,0,0,0,2,0,0,0,1,1,0,0,23,13,5,6,9,0,0,0,0,0,0,3,3,2,2,0,0,0,0,13,6,3,2,3,0,4,3,0,0,0,8,7
64 - Β' Δυτικής Αττικής,61 E.T. Δήμου Ελευσίνας,555,342,4,5,9,333,88,28,12,21,43,7,13,127,41,31,32,6,27,32,14,4,6,3,9,2,22,5,12,6,2,5,1,33,29,3,2,0,16,0,4,0,0,0,0,0,1,0,0,2,0,1,1,0,0,1,0,19,5,3,5,10,2,2,1,1,0,0,6,4,4,0,0,0,0,0,8,0,3,0,0,0,2,0,0,0,0,7,3
64 - Β' Δυτικής Αττικής,62 E.T. Δήμου Ελευσίνας,535,348,3,0,3,345,122,25,16,29,50,8,18,121,50,19,39,3,26,31,12,2,5,2,8,0,18,3,8,5,3,0,1,31,25,3,1,4,16,5,2,0,0,1,1,0,0,0,0,0,0,0,0,1,1,0,0,16,9,5,4,5,3,2,1,1,0,0,0,0,0,3,1,2,0,1,10,3,2,0,3,3,3,2,1,0,0,4,2
64 - Β' Δυτικής Αττικής,63 E.T. Δήμου Ελευσίνας,557,371,10,4,14,357,103,20,16,23,42,6,11,134,45,19,40,6,54,20,9,2,3,3,1,0,20,1,10,3,2,1,4,37,27,2,2,6,15,2,9,2,2,1,0,1,1,0,0,1,0,0,0,4,2,0,0,11,5,1,4,4,1,0,0,0,0,0,2,1,1,3,1,1,0,0,19,3,1,2,4,2,4,2,0,0,0,2,2
64 - Β' Δυτικής Αττικής,64 E.T. Δήμου Ελευσίνας,565,367,8,2,10,357,154,25,30,37,60,7,24,113,25,25,44,3,39,20,5,1,0,1,1,2,14,3,7,4,1,2,1,24,19,1,3,1,13,0,9,1,2,1,1,0,2,0,0,1,0,0,0,0,0,0,0,18,5,4,3,6,1,1,0,0,0,0,3,2,1,0,0,0,0,0,11,4,3,0,1,2,4,0,0,0,0,4,1
64 - Β' Δυτικής Αττικής,65 E.T. Δήμου Ελευσίνας,544,340,7,3,10,330,98,12,6,20,44,4,17,110,37,27,36,5,35,27,13,3,2,2,6,2,18,0,14,3,1,0,2,33,25,3,1,3,14,1,2,1,0,0,0,0,1,0,0,1,1,0,0,0,0,0,0,19,8,3,4,6,0,0,0,0,0,0,1,0,0,0,0,0,0,0,24,4,3,2,4,4,5,2,2,0,0,9,6
64 - Β' Δυτικής Αττικής,66 E.T. Δήμου Ελευσίνας,541,333,5,7,12,321,91,14,21,21,49,16,10,131,37,35,50,3,52,31,6,4,0,1,5,0,10,2,6,2,1,0,0,28,24,2,2,4,13,0,8,2,6,1,1,3,0,0,0,6,3,2,1,0,0,0,0,16,8,3,4,8,0,0,0,0,1,0,2,2,1,0,0,0,0,0,14,1,2,2,2,3,6,3,1,0,0,5,3
64 - Β' Δυτικής Αττικής,67 E.T. Δήμου Ελευσίνας,531,370,3,5,8,362,123,24,21,23,51,6,15,131,45,30,47,10,46,33,17,7,4,2,4,1,14,3,8,1,2,2,0,34,24,4,3,7,10,4,4,0,1,1,0,0,2,0,0,2,1,1,0,2,0,1,0,19,5,7,6,7,0,0,0,0,0,0,1,0,0,1,0,0,0,1,10,0,1,0,1,0,4,1,0,0,0,2,2
64 - Β' Δυτικής Αττικής,68 E.T. Δήμου Ελευσίνας,541,348,9,3,12,336,114,21,10,31,47,9,17,127,32,34,50,2,53,37,8,3,0,0,7,3,16,0,11,5,0,2,1,28,20,2,0,0,13,0,5,1,0,0,0,0,1,0,0,1,0,0,0,1,1,0,0,14,5,2,4,5,3,0,1,0,0,0,1,1,0,1,0,1,0,1,10,1,2,0,2,1,4,3,3,0,0,4,3
64 - Β' Δυτικής Αττικής,69 E.T. Δήμου Ελευσίνας,541,350,6,3,9,341,117,21,14,30,39,13,15,120,27,20,42,4,49,42,16,3,5,3,11,2,22,5,10,2,3,3,1,22,15,2,2,1,9,3,4,0,0,0,0,0,0,1,0,0,0,0,0,1,0,0,0,11,2,1,4,5,0,0,0,0,0,0,2,1,0,2,0,1,2,1,14,1,3,0,1,5,6,3,2,0,0,6,2
64 - Β' Δυτικής Αττικής,70 E.T. Δήμου Ελευσίνας,530,332,5,4,9,323,112,38,17,21,64,14,14,110,38,26,26,13,40,17,8,2,1,3,3,2,19,7,8,0,9,3,1,18,10,5,1,3,7,2,2,1,2,0,0,1,0,0,0,1,1,1,0,0,0,0,0,21,11,2,4,8,0,0,0,0,0,0,2,1,0,1,0,0,1,0,21,2,4,3,3,4,5,4,2,0,0,4,3
64 - Β' Δυτικής Αττικής,71 E.T. Δήμου Ελευσίνας,552,355,9,5,14,341,102,15,17,21,45,4,16,119,27,23,41,7,36,40,19,6,4,7,12,2,20,3,10,4,1,0,0,26,20,5,2,5,13,0,11,3,3,2,1,3,0,0,0,0,0,0,0,1,1,0,0,15,8,7,5,2,1,0,0,0,1,0,2,1,0,2,1,1,1,1,11,5,0,0,1,1,6,5,2,0,0,6,5
64 - Β' Δυτικής Αττικής,72 E.T. Δήμου Ελευσίνας,543,365,6,2,8,357,121,27,14,29,56,9,43,115,23,28,45,5,32,34,20,10,3,4,7,3,23,2,16,2,2,1,2,26,15,2,3,1,7,1,3,1,0,1,1,0,1,0,0,4,2,1,1,1,0,0,0,18,6,2,6,4,0,0,0,0,0,0,6,3,2,1,1,0,1,0,10,0,4,1,2,3,5,3,1,0,0,6,4
64 - Β' Δυτικής Αττικής,73 E.T. Δήμου Ελευσίνας,547,367,8,1,9,358,158,20,29,34,67,10,17,104,27,23,26,13,26,24,21,4,2,4,12,4,10,2,9,3,3,3,1,21,14,1,1,2,11,2,6,0,1,3,0,1,2,0,0,1,1,0,0,0,0,0,0,11,2,2,4,2,1,0,0,0,0,0,2,2,0,1,0,1,0,0,14,2,1,2,1,2,3,2,0,0,0,6,6
64 - Β' Δυτικής Αττικής,74 E.T. Δήμου Ελευσίνας,570,359,5,1,6,353,140,24,11,41,55,19,13,110,31,17,22,6,32,30,12,1,1,1,6,3,27,4,14,9,3,2,4,25,14,1,2,2,12,5,3,0,0,0,0,1,1,0,0,0,0,0,0,0,0,0,0,9,3,3,4,3,0,0,0,0,0,0,6,1,0,0,0,0,0,0,15,4,1,0,3,1,5,0,0,0,0,6,4
64 - Β' Δυτικής Αττικής,75 E.T. Δήμου Ελευσίνας,569,385,5,4,9,376,130,30,19,26,59,19,12,131,33,30,27,10,35,41,18,4,2,2,10,5,23,6,14,2,2,4,3,14,10,5,1,3,1,2,5,0,2,1,1,0,2,0,0,4,2,1,0,0,0,0,0,16,6,4,5,6,0,0,0,0,0,0,3,3,1,1,0,0,0,0,22,5,5,1,1,4,6,1,1,0,0,8,5
64 - Β' Δυτικής Αττικής,76 E.T. Δήμου Ελευσίνας,567,402,9,3,12,390,117,26,19,31,55,15,16,143,42,42,44,11,48,25,14,6,3,2,7,3,24,6,13,5,5,2,0,40,29,6,2,3,19,1,8,4,3,1,0,2,0,0,0,0,0,0,0,0,0,0,0,7,2,3,3,3,1,0,0,0,0,0,1,1,1,4,0,3,1,1,17,4,4,1,0,4,6,5,1,0,0,9,6
64 - Β' Δυτικής Αττικής,77 E.T. Δήμου Ελευσίνας,557,336,5,3,8,328,99,20,21,18,44,6,9,114,36,27,36,5,36,28,11,2,2,1,8,1,25,7,14,5,2,9,2,29,20,1,4,1,10,3,7,3,2,1,1,0,0,0,0,0,0,0,0,1,1,1,1,10,2,3,5,2,0,0,0,0,0,0,1,0,0,2,0,1,0,1,12,1,1,0,2,1,3,6,3,0,0,10,4
64 - Β' Δυτικής Αττικής,78 E.T. Δήμου Ελευσίνας,554,338,5,4,9,329,113,24,20,20,50,7,14,123,37,29,35,10,45,23,11,5,3,2,5,2,15,4,10,2,4,3,1,13,8,1,1,1,4,1,4,2,1,1,0,3,1,0,0,0,0,0,0,1,1,0,0,21,6,3,13,11,0,0,0,0,0,0,0,0,0,1,0,0,0,0,14,3,3,2,4,2,4,2,1,0,0,11,7
64 - Β' Δυτικής Αττικής,79 E.T. Δήμου Ελευσίνας,557,333,7,2,9,324,93,20,19,13,47,13,8,115,23,29,31,5,47,27,9,2,1,1,4,1,18,6,10,2,1,1,4,29,19,1,3,1,16,2,9,5,4,1,0,3,3,0,0,3,0,0,0,0,0,1,1,21,10,4,9,4,0,0,0,0,0,0,1,0,0,1,0,1,0,0,16,2,3,3,1,4,3,1,0,0,0,7,4
64 - Β' Δυτικής Αττικής,80 E.T. Δήμου Ελευσίνας,555,334,16,3,19,315,106,24,16,23,45,14,14,87,23,26,22,6,29,11,14,2,1,2,4,5,23,7,8,3,3,3,2,33,16,7,3,4,12,2,0,0,0,0,0,0,0,0,0,1,0,1,1,1,0,0,0,20,6,4,5,4,2,0,0,0,1,1,1,1,0,1,1,0,1,0,17,2,2,0,1,1,7,2,1,0,0,6,1
64 - Β' Δυτικής Αττικής,81 E.T. Δήμου Ελευσίνας,558,335,3,3,6,329,136,29,27,44,69,14,16,94,26,21,26,6,38,27,9,4,2,1,5,1,26,9,14,3,3,7,2,17,10,7,1,5,4,3,4,1,2,0,0,0,0,0,0,0,0,0,0,0,0,0,0,20,9,4,7,6,1,1,1,0,0,0,1,1,1,2,0,0,0,0,14,3,2,0,1,4,6,3,2,0,0,2,1
64 - Β' Δυτικής Αττικής,82 E.T. Δήμου Ελευσίνας,570,361,2,6,8,353,126,29,21,32,59,13,11,102,29,20,28,7,42,31,20,7,1,4,13,4,22,4,7,2,3,5,3,21,16,4,1,2,7,3,7,2,2,1,1,1,3,0,0,1,0,0,0,2,2,1,0,16,5,2,5,5,4,2,1,2,0,0,2,0,0,2,1,2,0,0,19,3,1,1,3,6,10,3,0,0,0,5,3
64 - Β' Δυτικής Αττικής,83 E.T. Δήμου Ελευσίνας,566,321,6,2,8,313,125,27,21,21,43,16,13,67,17,15,19,4,22,16,23,7,2,1,12,7,20,3,8,3,1,3,1,29,18,2,1,2,10,4,5,0,2,0,1,2,0,0,0,2,1,1,0,0,0,0,0,18,6,0,7,7,1,1,1,0,1,0,2,2,2,2,1,1,0,0,12,2,6,0,1,4,4,0,0,0,0,6,1
64 - Β' Δυτικής Αττικής,84 E.T. Δήμου Ελευσίνας,522,333,7,3,10,323,123,18,20,28,60,12,21,89,20,22,35,5,37,26,14,3,2,3,10,4,25,3,10,7,3,2,1,12,6,4,2,1,2,0,3,1,1,0,0,0,1,0,0,0,0,0,0,0,0,0,0,20,12,4,4,7,0,0,0,0,0,0,3,2,2,1,0,0,1,0,26,14,2,0,2,6,6,3,2,0,0,4,2
64 - Β' Δυτικής Αττικής,85 E.T. Δήμου Ελευσίνας,507,298,3,3,6,292,128,20,23,25,78,10,17,82,25,9,32,5,40,43,8,1,3,4,2,1,15,0,9,4,1,1,1,23,14,6,3,4,6,2,1,0,1,0,0,0,1,0,0,0,0,0,0,0,0,0,0,17,4,1,7,2,0,0,0,0,0,0,0,0,0,1,0,0,0,1,10,4,0,1,1,1,3,4,2,0,0,3,3
64 - Β' Δυτικής Αττικής,86 E.T. Δήμου Ελευσίνας,507,358,7,1,8,350,128,21,15,37,59,12,16,99,25,23,25,7,35,23,19,4,6,4,8,5,24,0,15,3,0,2,2,19,14,4,0,6,6,2,2,0,2,0,0,2,0,0,0,1,0,0,0,0,0,0,0,20,8,1,9,6,3,1,0,1,0,0,5,1,1,0,0,0,0,0,21,9,1,2,2,6,6,3,2,0,0,6,4
64 - Β' Δυτικής Αττικής,87 E.T. Δήμου Ελευσίνας,502,338,4,0,4,334,131,32,24,27,57,17,11,114,28,18,34,6,48,26,15,1,3,2,9,3,9,2,5,1,0,3,0,23,16,5,0,3,8,0,3,2,1,1,0,0,0,0,0,0,0,0,0,2,0,0,0,12,3,1,2,3,0,0,0,0,0,0,5,0,2,0,0,0,0,0,15,6,3,0,4,1,2,1,0,0,0,4,1
64 - Β' Δυτικής Αττικής,88 E.T. Δήμου Ελευσίνας,500,312,3,3,6,306,125,21,34,29,76,11,19,90,27,25,41,5,30,18,13,6,5,2,8,3,26,3,12,10,3,5,0,10,7,1,0,0,3,0,2,1,1,0,1,0,0,0,0,0,0,0,0,1,1,0,0,17,8,5,8,6,0,0,0,0,0,0,2,2,2,1,1,1,0,0,14,6,4,1,0,1,5,1,1,0,0,4,3
64 - Β' Δυτικής Αττικής,89 E.T. Δήμου Ελευσίνας,500,328,4,3,7,321,125,21,23,22,53,13,19,114,32,25,26,9,42,24,9,2,3,2,5,1,18,0,9,9,1,0,1,16,13,0,3,1,10,0,2,1,0,1,0,0,0,0,0,0,0,0,0,0,0,1,1,16,7,3,6,4,0,0,0,0,0,0,2,0,1,2,1,1,0,0,10,3,1,0,1,1,3,2,1,0,0,4,2
64 - Β' Δυτικής Αττικής,90 E.T. Δήμου Ελευσίνας,500,331,7,1,8,323,118,18,16,30,52,16,14,106,30,62,38,8,31,26,11,5,0,2,2,2,25,3,20,7,0,5,2,9,5,3,0,3,2,2,1,1,0,0,0,0,1,0,0,4,0,0,0,0,0,1,0,23,11,5,11,7,0,0,0,0,0,0,1,0,0,0,0,0,0,0,14,5,2,2,3,3,3,3,2,0,0,7,2
64 - Β' Δυτικής Αττικής,91 E.T. Δήμου Μάνδρας - Ειδυλλίας,465,256,2,1,3,253,81,24,15,19,42,9,11,100,14,6,19,10,47,35,9,2,1,1,6,3,18,6,6,7,0,1,4,13,8,8,0,3,0,0,4,0,1,4,2,0,1,0,0,1,0,0,0,1,1,0,0,11,7,2,5,3,1,0,0,0,0,0,1,0,0,0,0,0,0,0,8,2,1,2,0,2,2,2,0,0,0,3,3
64 - Β' Δυτικής Αττικής,92 E.T. Δήμου Μάνδρας - Ειδυλλίας,450,281,2,0,2,279,85,14,27,15,40,15,9,124,19,14,42,8,62,52,7,1,2,0,2,2,12,1,5,7,1,2,0,17,9,8,2,1,1,1,9,2,5,1,1,1,0,0,0,0,0,0,0,2,2,1,1,8,3,2,3,3,2,2,1,1,0,0,0,0,0,1,1,1,0,0,8,1,4,0,0,2,2,0,0,0,0,3,1
64 - Β' Δυτικής Αττικής,93 E.T. Δήμου Μάνδρας - Ειδυλλίας,452,296,3,1,4,292,83,19,16,13,50,11,11,134,23,28,41,14,47,53,10,5,3,1,4,4,8,7,3,0,5,0,1,20,8,7,0,7,0,1,4,2,0,0,0,1,0,0,0,1,0,0,0,0,0,1,1,12,7,2,4,2,0,0,0,0,0,0,1,0,0,0,0,0,0,0,13,4,3,4,2,3,5,2,2,0,0,3,2
64 - Β' Δυτικής Αττικής,94 E.T. Δήμου Μάνδρας - Ειδυλλίας,484,286,8,1,9,277,93,17,20,16,34,5,10,112,14,10,51,10,64,39,15,4,2,2,10,1,19,4,10,9,2,2,3,10,6,4,1,0,1,0,4,0,1,2,0,0,1,0,0,0,0,0,0,0,0,0,0,7,4,3,2,1,0,0,0,0,0,0,0,0,0,0,0,0,0,0,11,1,3,0,3,1,2,4,1,0,0,2,1
64 - Β' Δυτικής Αττικής,95 E.T. Δήμου Μάνδρας - Ειδυλλίας,552,353,2,0,2,351,100,12,16,22,43,14,12,159,19,27,42,5,79,68,16,2,1,0,10,2,20,3,5,5,2,1,2,13,6,6,0,1,0,0,11,1,3,0,2,1,2,1,1,1,1,1,0,1,0,0,0,11,2,2,5,2,1,0,0,0,0,0,2,1,0,0,0,0,0,0,7,1,1,0,0,1,1,1,0,0,0,7,1
64 - Β' Δυτικής Αττικής,96 E.T. Δήμου Μάνδρας - Ειδυλλίας,553,337,4,2,6,331,93,21,19,15,37,15,15,152,30,26,41,6,73,65,11,1,2,0,9,3,20,4,8,9,1,0,1,22,13,9,0,5,1,0,0,0,0,0,0,0,0,0,0,1,0,0,0,0,0,0,0,13,6,5,3,4,0,0,0,0,0,0,0,0,0,0,0,0,0,0,11,1,1,2,0,2,2,4,1,0,0,4,3
64 - Β' Δυτικής Αττικής,97 E.T. Δήμου Μάνδρας - Ειδυλλίας,560,344,3,1,4,340,85,15,19,16,28,14,6,156,20,20,40,9,82,59,11,2,2,3,9,1,15,6,1,4,5,2,0,18,10,9,2,3,2,0,7,1,1,1,3,1,0,0,0,4,2,1,0,2,2,0,0,19,10,6,7,4,0,0,0,0,0,0,4,1,1,1,0,1,0,1,9,2,1,0,1,2,1,3,2,0,0,6,2
64 - Β' Δυτικής Αττικής,98 E.T. Δήμου Μάνδρας - Ειδυλλίας,523,305,2,4,6,299,61,11,13,5,19,8,8,134,23,21,21,10,97,29,12,3,2,2,4,2,19,4,4,8,3,0,0,37,21,5,2,10,4,6,0,0,0,0,0,0,0,0,0,5,1,0,3,1,1,0,0,10,7,1,3,2,1,1,1,0,2,0,1,0,0,0,0,0,0,0,11,2,1,2,1,1,2,1,0,0,0,4,2
64 - Β' Δυτικής Αττικής,99 E.T. Δήμου Μάνδρας - Ειδυλλίας,450,290,3,2,5,285,86,26,12,7,31,10,13,121,14,13,38,5,81,30,7,2,2,0,3,3,26,2,5,15,5,2,1,21,12,2,1,6,2,3,2,0,0,1,0,0,0,0,0,4,2,1,0,0,0,0,0,8,4,6,2,1,0,0,0,0,0,0,1,0,0,1,1,0,1,0,3,1,0,0,0,1,0,1,1,0,0,4,2
64 - Β' Δυτικής Αττικής,100 E.T. Δήμου Μάνδρας - Ειδυλλίας,469,303,4,1,5,298,91,22,24,13,33,13,19,127,25,12,20,5,98,24,7,1,4,0,5,1,17,4,5,7,5,0,1,22,12,4,1,3,2,3,2,0,0,0,0,0,0,0,0,3,0,0,0,0,0,0,0,11,7,2,3,2,2,1,1,1,0,0,2,2,2,0,0,0,0,0,7,0,1,0,0,0,2,2,1,0,0,5,1
64 - Β' Δυτικής Αττικής,101 E.T. Δήμου Μάνδρας - Ειδυλλίας,455,273,1,2,3,270,66,10,14,4,25,7,11,132,14,16,26,4,98,20,5,0,1,1,2,1,27,11,5,9,5,2,3,24,11,6,1,4,3,4,1,0,0,0,0,0,0,0,0,0,0,0,0,0,0,0,0,8,6,3,2,0,0,0,0,0,0,0,2,1,1,0,0,0,0,0,4,2,1,0,0,1,2,0,0,0,0,1,0
64 - Β' Δυτικής Αττικής,102 E.T. Δήμου Μάνδρας - Ειδυλλίας,460,273,0,0,0,273,91,21,12,18,33,13,7,118,11,13,22,6,70,26,4,1,0,0,1,0,15,1,1,7,1,1,0,15,10,1,0,4,1,1,3,1,0,1,0,0,0,0,0,5,1,1,1,0,0,0,0,8,4,1,3,2,1,1,1,0,0,0,3,0,0,0,0,0,0,0,7,1,1,0,0,1,3,0,0,0,0,3,2
64 - Β' Δυτικής Αττικής,103 E.T. Δήμου Μάνδρας - Ειδυλλίας,453,269,2,1,3,266,87,29,9,10,41,9,19,96,20,15,9,4,57,13,16,0,3,0,8,4,21,4,2,11,2,1,1,18,10,3,0,3,3,3,3,2,3,0,0,1,0,0,0,1,0,0,0,0,0,0,0,7,5,1,2,2,1,0,0,0,0,0,2,2,0,0,0,0,0,0,5,2,1,1,0,1,0,6,2,0,0,3,2
64 - Β' Δυτικής Αττικής,104 E.T. Δήμου Μάνδρας - Ειδυλλίας,489,295,3,4,7,288,88,17,11,5,34,6,10,130,18,14,26,5,93,20,6,3,1,1,2,1,16,2,4,8,3,1,0,10,4,1,2,2,1,2,5,1,2,0,0,0,0,0,0,3,0,0,0,0,0,0,0,13,3,2,4,3,1,0,1,1,0,0,3,0,0,0,0,0,0,0,10,4,0,0,0,3,0,0,0,0,0,3,0
64 - Β' Δυτικής Αττικής,105 E.T. Δήμου Μάνδρας - Ειδυλλίας,522,339,6,5,11,328,85,14,18,38,39,25,13,149,30,63,68,5,45,31,14,4,1,2,4,1,12,4,5,4,3,1,0,21,15,4,0,2,9,2,2,0,0,0,0,0,0,1,0,2,1,1,0,2,1,0,0,19,8,4,7,8,0,0,0,0,1,0,2,1,0,1,1,1,0,0,6,0,0,0,1,1,1,1,0,0,0,10,4
64 - Β' Δυτικής Αττικής,106 E.T. Δήμου Μάνδρας - Ειδυλλίας,520,316,5,4,9,307,92,27,17,20,34,15,14,121,31,54,51,2,37,27,11,3,1,2,6,3,22,6,6,7,2,2,3,17,8,3,2,3,4,1,2,1,0,0,1,0,0,0,0,1,0,1,1,0,0,0,0,13,9,1,4,1,0,0,0,0,0,0,1,0,0,1,0,1,1,0,13,6,6,3,0,2,4,2,0,0,0,11,4
64 - Β' Δυτικής Αττικής,107 E.T. Δήμου Μάνδρας - Ειδυλλίας,520,289,8,1,9,280,80,19,7,20,36,8,7,127,26,37,62,6,59,24,9,2,2,0,4,4,9,4,1,3,3,1,1,21,14,8,1,6,6,1,5,0,3,1,1,1,0,0,0,1,1,0,1,1,1,0,0,12,7,3,5,1,0,0,0,0,0,0,2,1,1,1,0,1,0,1,6,2,0,1,0,0,2,1,1,0,0,5,2
64 - Β' Δυτικής Αττικής,108 E.T. Δήμου Μάνδρας - Ειδυλλίας,523,337,3,4,7,330,96,23,15,21,29,8,19,144,22,40,69,6,69,33,17,5,4,4,9,3,20,1,7,6,1,6,1,14,6,4,0,2,3,1,10,3,2,1,0,1,1,0,0,0,0,0,0,0,0,0,0,12,4,2,3,5,0,0,0,0,0,0,1,0,0,0,0,0,0,0,14,1,1,1,1,5,3,0,0,0,0,2,0
64 - Β' Δυτικής Αττικής,109 E.T. Δήμου Μάνδρας - Ειδυλλίας,562,353,6,3,9,344,106,30,15,26,49,16,17,131,34,29,49,9,45,29,15,3,6,7,7,2,19,2,6,8,3,4,2,20,13,2,2,7,4,1,5,3,3,1,0,1,0,0,0,1,0,0,0,0,0,0,0,18,5,2,5,5,0,0,0,0,0,0,2,2,2,0,0,0,0,0,15,3,5,2,1,6,3,4,4,0,0,8,4
64 - Β' Δυτικής Αττικής,110 E.T. Δήμου Μάνδρας - Ειδυλλίας,523,333,11,4,15,318,125,17,15,28,57,18,12,101,27,28,28,3,35,16,10,2,1,3,5,4,18,4,3,7,2,2,1,15,9,4,0,3,8,1,7,1,2,0,1,3,1,0,0,1,1,1,0,0,0,0,0,14,4,2,4,2,0,0,0,0,0,0,4,2,1,0,0,0,0,0,15,4,0,2,2,3,5,1,0,0,0,7,2
64 - Β' Δυτικής Αττικής,111 E.T. Δήμου Μάνδρας - Ειδυλλίας,530,301,6,3,9,292,102,13,11,32,30,9,13,106,18,26,53,1,37,32,13,4,3,0,5,5,23,4,7,12,4,1,3,17,9,2,2,1,9,0,3,0,2,0,0,1,0,0,0,0,0,0,0,1,1,0,0,6,4,1,0,1,0,0,0,0,0,0,0,0,0,0,0,0,0,0,11,1,2,0,0,2,1,2,1,0,0,8,6
64 - Β' Δυτικής Αττικής,112 E.T. Δήμου Μάνδρας - Ειδυλλίας,533,339,10,2,12,327,117,23,18,28,49,14,13,106,28,38,29,3,42,26,9,1,0,1,2,2,22,7,2,13,2,3,0,16,9,1,1,2,7,2,8,2,1,2,0,3,0,0,0,0,0,0,0,0,0,0,0,26,14,2,5,5,1,0,0,0,1,0,2,1,1,3,0,1,0,1,13,3,0,0,1,0,4,1,1,0,0,2,0
64 - Β' Δυτικής Αττικής,113 E.T. Δήμου Μάνδρας - Ειδυλλίας,531,345,2,5,7,338,108,19,13,27,42,13,15,129,29,31,35,7,55,39,8,1,0,1,3,3,23,2,10,12,2,1,3,22,17,2,1,2,9,1,2,1,0,0,0,1,0,0,0,3,1,0,0,0,0,0,0,12,4,3,3,4,2,1,1,0,0,0,1,0,0,2,1,2,0,0,11,1,0,0,1,2,1,4,1,0,0,11,5
64 - Β' Δυτικής Αττικής,114 E.T. Δήμου Μάνδρας - Ειδυλλίας,523,338,4,4,8,330,102,20,21,28,44,16,14,141,30,48,65,2,56,30,11,1,2,1,7,5,27,5,14,12,4,2,2,15,8,3,1,2,5,3,6,1,3,2,0,0,2,0,0,1,0,0,0,1,0,0,0,14,5,4,4,6,0,0,0,0,0,0,1,0,0,2,0,1,0,1,6,2,1,0,0,2,3,2,1,0,0,1,0
64 - Β' Δυτικής Αττικής,115 E.T. Δήμου Μάνδρας - Ειδυλλίας,528,319,4,3,7,312,116,31,16,32,55,17,20,105,24,22,42,1,48,29,12,1,1,1,6,4,20,3,7,9,5,1,2,17,12,2,1,4,7,1,1,0,0,0,0,0,0,0,0,2,1,0,0,2,1,0,0,13,6,2,2,4,1,0,0,0,0,0,2,1,0,0,0,0,0,0,14,2,1,0,1,3,2,0,0,0,0,7,3
64 - Β' Δυτικής Αττικής,116 E.T. Δήμου Μάνδρας - Ειδυλλίας,520,327,10,0,10,317,93,14,12,29,42,21,14,120,21,38,39,9,45,33,16,3,3,1,10,4,30,12,2,15,4,3,0,12,9,2,0,1,5,2,5,3,0,2,1,0,1,0,0,1,0,0,0,0,0,1,1,17,9,4,5,5,0,0,0,0,0,0,1,1,1,0,0,0,0,0,12,1,3,0,3,0,4,1,0,0,0,8,5
64 - Β' Δυτικής Αττικής,117 E.T. Δήμου Μάνδρας - Ειδυλλίας,522,331,5,5,10,321,97,19,14,27,41,14,19,134,20,36,55,9,52,44,13,3,4,2,6,2,22,6,13,9,2,5,0,12,9,2,0,0,5,2,1,0,1,0,0,0,1,0,0,1,0,0,0,1,1,1,0,17,6,6,3,5,0,0,0,0,0,0,1,1,1,3,1,1,2,0,9,3,2,0,0,1,2,3,1,0,0,6,5
64 - Β' Δυτικής Αττικής,118 E.T. Δήμου Μάνδρας - Ειδυλλίας,526,343,5,1,6,337,114,23,10,22,45,22,15,127,22,41,49,7,33,20,10,4,2,1,2,0,25,3,10,12,1,1,3,12,9,2,1,1,5,0,9,4,2,1,0,1,0,0,0,2,1,0,0,0,0,0,0,15,5,1,6,3,0,0,0,0,0,0,1,0,0,2,0,0,0,0,13,2,3,0,3,2,1,1,0,0,0,6,3
64 - Β' Δυτικής Αττικής,119 E.T. Δήμου Μάνδρας - Ειδυλλίας,555,304,4,2,6,298,106,18,26,28,47,22,11,106,20,38,43,3,45,25,5,0,3,1,2,0,20,4,8,9,3,0,3,7,2,0,2,0,3,0,3,1,0,1,0,0,0,0,0,3,2,0,1,5,4,0,0,19,5,3,8,5,1,1,0,1,0,0,0,0,0,1,1,1,0,0,17,4,6,2,2,3,6,1,0,0,0,4,2
64 - Β' Δυτικής Αττικής,120 E.T. Δήμου Μάνδρας - Ειδυλλίας,558,320,4,4,8,312,97,18,13,16,31,12,9,121,28,48,41,8,46,38,12,3,3,3,4,4,16,5,8,9,1,7,0,22,14,4,2,3,8,2,4,1,2,0,0,1,0,0,0,0,0,0,0,1,0,0,0,20,15,3,4,7,1,0,0,0,0,0,1,0,0,2,0,1,1,0,8,2,1,1,0,2,4,1,1,0,0,6,2
64 - Β' Δυτικής Αττικής,121 E.T. Δήμου Μάνδρας - Ειδυλλίας,523,313,6,3,9,304,128,21,14,35,44,31,15,105,19,36,46,5,31,15,5,0,2,1,2,0,12,4,4,2,5,3,0,8,5,1,1,1,4,1,4,2,1,0,1,0,0,0,0,1,0,0,0,0,0,0,0,18,8,2,5,1,1,1,1,0,0,0,4,0,0,0,0,0,0,0,9,0,2,0,0,3,2,1,1,0,0,8,6
64 - Β' Δυτικής Αττικής,122 E.T. Δήμου Μάνδρας - Ειδυλλίας,520,311,5,3,8,303,86,11,6,14,34,9,9,131,30,40,32,4,54,31,2,1,0,0,1,1,21,4,4,8,0,3,0,20,12,2,2,3,6,0,5,3,2,1,0,1,0,0,0,0,0,0,0,0,0,0,0,9,4,2,0,1,1,0,1,0,0,0,2,1,0,5,0,4,0,2,10,0,0,0,0,2,4,4,3,0,0,7,3
64 - Β' Δυτικής Αττικής,123 E.T. Δήμου Μάνδρας - Ειδυλλίας,524,323,0,0,0,323,118,37,30,47,69,17,28,115,65,55,33,6,34,27,12,2,3,1,2,1,23,3,10,5,0,5,2,12,8,1,0,2,6,3,1,0,0,0,0,0,0,0,0,2,2,0,0,2,2,0,0,21,7,5,4,5,0,0,0,0,0,0,0,0,0,0,0,0,0,0,9,1,2,1,1,3,3,1,1,0,0,7,4
64 - Β' Δυτικής Αττικής,124 E.T. Δήμου Μάνδρας - Ειδυλλίας,328,209,4,0,4,205,87,23,8,20,38,5,12,52,7,8,15,4,36,8,9,2,1,0,3,4,10,2,1,8,1,1,0,20,15,3,4,7,0,6,4,2,1,0,2,1,0,0,0,0,0,0,0,3,3,0,0,5,5,0,2,1,0,0,0,0,0,0,0,0,0,0,0,0,0,0,12,3,4,3,1,4,3,1,0,0,0,2,1
64 - Β' Δυτικής Αττικής,125 E.T. Δήμου Μάνδρας - Ειδυλλίας,381,234,2,0,2,232,99,19,15,32,45,7,10,66,10,16,22,4,30,9,8,3,2,0,4,2,19,3,4,13,2,0,0,14,7,2,0,5,2,2,0,0,0,0,0,0,0,0,0,1,0,0,0,1,1,0,0,10,3,6,1,3,0,0,0,0,0,0,2,1,1,0,0,0,0,0,6,1,0,0,0,0,0,1,0,0,0,5,3
64 - Β' Δυτικής Αττικής,126 E.T. Δήμου Μεγαρέων,550,388,4,4,8,380,119,5,12,17,22,84,1,148,10,68,25,8,81,18,24,4,4,2,12,3,21,2,2,1,1,2,7,8,1,3,1,2,1,0,8,1,4,2,1,2,0,1,0,1,0,0,1,0,0,0,0,23,13,0,4,6,0,0,0,0,0,0,3,1,0,1,1,0,0,1,15,2,2,1,1,4,0,3,2,0,0,5,3
64 - Β' Δυτικής Αττικής,127 E.T. Δήμου Μεγαρέων,522,384,13,2,15,369,102,10,14,16,28,60,5,158,15,100,37,7,79,23,21,3,8,4,11,10,31,9,8,3,3,3,20,6,2,6,0,0,2,1,2,0,1,0,0,1,0,0,0,0,0,0,0,1,0,0,0,22,13,2,8,4,0,0,0,0,1,1,6,5,3,2,0,0,0,2,12,3,1,0,0,3,3,2,2,0,0,3,1
64 - Β' Δυτικής Αττικής,128 E.T. Δήμου Μεγαρέων,511,335,6,3,9,326,91,7,10,25,26,52,3,139,9,79,20,9,73,21,17,2,5,1,12,7,16,2,3,3,1,0,11,10,5,8,1,0,0,0,9,2,2,3,0,3,0,0,0,0,0,0,0,0,0,0,0,22,15,5,6,4,2,1,1,0,0,0,1,1,1,0,0,0,0,0,10,3,3,0,1,3,4,3,1,0,0,6,3
64 - Β' Δυτικής Αττικής,129 E.T. Δήμου Μεγαρέων,551,331,0,3,3,328,129,9,12,30,35,87,3,109,8,68,13,4,54,10,24,3,1,1,11,7,22,7,2,6,1,1,14,6,2,2,1,0,0,0,3,2,0,1,1,0,0,0,0,0,0,0,0,0,0,0,0,21,15,2,6,3,0,0,0,0,0,0,2,1,0,1,0,0,1,1,7,0,1,0,1,1,2,3,2,0,0,1,0
64 - Β' Δυτικής Αττικής,130 E.T. Δήμου Μεγαρέων,522,305,3,2,5,300,94,11,6,16,28,54,4,126,15,79,16,2,68,12,27,5,6,3,13,14,11,1,2,5,0,0,8,7,2,6,0,0,2,1,2,0,1,1,0,0,0,0,0,0,0,0,0,1,1,0,0,20,14,2,5,4,0,0,0,0,0,0,2,2,2,0,0,0,0,0,7,1,2,0,0,2,1,0,0,0,0,3,1
64 - Β' Δυτικής Αττικής,131 E.T. Δήμου Μεγαρέων,527,280,5,1,6,274,98,6,2,14,24,62,7,95,9,59,7,2,47,16,13,2,1,2,8,6,19,5,2,4,0,3,16,2,1,2,0,1,0,0,5,1,1,0,1,2,0,0,0,5,3,3,2,1,1,0,0,10,8,1,2,2,1,0,0,0,0,0,4,4,1,2,1,1,0,1,13,2,5,1,1,3,1,2,1,0,0,4,1
64 - Β' Δυτικής Αττικής,132 E.T. Δήμου Μεγαρέων,510,304,5,7,12,292,72,5,4,16,22,43,8,140,12,97,20,1,73,12,16,3,0,2,5,8,17,5,6,2,2,0,10,10,4,5,0,1,1,1,2,0,1,0,0,0,1,0,0,0,0,0,0,0,0,0,0,13,10,2,2,1,0,0,0,0,0,0,4,4,2,3,0,2,0,3,7,1,4,0,0,1,2,1,1,0,0,7,4
64 - Β' Δυτικής Αττικής,133 E.T. Δήμου Μεγαρέων,514,318,3,1,4,314,110,7,7,22,22,75,4,128,9,96,13,4,74,14,20,2,2,2,12,7,19,5,3,0,2,0,15,7,3,3,0,0,0,1,1,0,0,0,0,1,0,0,0,0,0,0,0,1,1,0,0,10,7,1,0,2,0,0,0,0,0,0,2,2,0,2,0,0,0,2,9,7,1,0,0,2,1,1,0,0,0,4,3
64 - Β' Δυτικής Αττικής,134 E.T. Δήμου Μεγαρέων,549,317,5,2,7,310,84,7,5,17,22,45,5,126,11,62,15,6,73,18,28,1,3,3,11,21,21,5,6,2,1,0,15,16,6,9,1,5,0,2,5,2,1,0,1,1,2,0,0,0,0,0,0,0,0,0,0,17,10,4,2,3,0,0,0,0,0,0,2,1,1,1,0,0,0,0,6,0,0,3,1,1,3,0,0,0,0,4,3
64 - Β' Δυτικής Αττικής,135 E.T. Δήμου Μεγαρέων,522,340,3,1,4,336,102,14,6,18,25,73,5,153,11,87,15,4,95,16,20,1,2,1,11,14,9,3,0,1,1,0,9,12,3,9,0,2,0,2,3,0,0,0,0,0,2,0,0,2,2,1,0,0,0,2,2,18,13,3,0,3,0,0,0,0,0,0,5,4,1,0,0,0,0,0,5,3,0,1,2,0,1,0,0,0,0,5,4
64 - Β' Δυτικής Αττικής,136 E.T. Δήμου Μεγαρέων,528,332,6,5,11,321,103,11,10,15,26,66,5,139,7,81,20,4,91,14,14,0,1,1,7,4,21,7,3,2,2,1,10,8,3,6,0,0,1,1,1,0,0,1,0,0,1,0,0,3,0,1,2,0,0,0,0,10,6,3,0,2,0,0,0,0,0,0,2,1,0,2,0,0,0,2,12,3,2,0,1,3,3,2,0,0,0,4,2
64 - Β' Δυτικής Αττικής,137 E.T. Δήμου Μεγαρέων,532,332,1,3,4,328,93,9,13,15,24,56,2,145,4,94,22,3,84,15,9,3,0,0,8,4,19,4,5,3,0,1,15,8,4,8,0,0,1,3,6,0,3,2,1,1,1,0,0,0,0,0,0,0,0,0,0,31,27,5,5,8,1,0,0,1,0,0,2,2,1,2,0,1,0,2,8,1,1,2,1,1,1,2,2,0,0,2,1
64 - Β' Δυτικής Αττικής,138 E.T. Δήμου Μεγαρέων,524,307,2,4,6,301,99,10,17,15,23,62,8,119,13,71,22,3,68,17,24,1,1,3,13,16,14,0,4,5,0,4,7,9,3,7,0,1,1,0,4,0,0,1,0,1,1,0,0,1,0,0,0,0,0,0,0,10,8,1,2,4,0,0,0,0,0,0,6,6,3,1,0,0,0,0,7,0,0,0,0,1,2,1,0,0,0,6,4
64 - Β' Δυτικής Αττικής,139 E.T. Δήμου Μεγαρέων,518,301,3,1,4,297,77,7,6,25,17,39,2,129,13,83,19,6,61,14,11,2,2,1,6,5,25,8,6,7,1,0,17,16,4,10,1,0,2,6,4,0,1,1,1,0,2,0,0,0,0,0,0,0,0,0,0,13,10,0,1,1,0,0,0,0,0,0,4,4,1,0,0,0,0,0,9,0,0,0,1,3,3,0,0,0,0,9,4
64 - Β' Δυτικής Αττικής,140 E.T. Δήμου Μεγαρέων,519,339,6,1,7,332,84,6,16,18,21,45,2,154,15,106,27,5,69,9,16,1,0,0,11,9,28,9,6,4,0,0,22,5,1,0,1,1,0,0,1,0,0,0,0,0,0,0,0,1,1,0,1,0,0,0,0,8,6,0,0,0,0,0,0,0,0,0,7,6,1,1,0,1,0,1,15,1,3,1,0,3,5,1,1,0,0,11,7
64 - Β' Δυτικής Αττικής,141 E.T. Δήμου Μεγαρέων,519,334,2,3,5,329,90,6,11,9,24,57,6,149,10,87,15,2,99,14,19,0,0,1,9,9,20,3,3,2,2,2,10,6,0,5,0,1,0,0,2,0,0,1,0,1,0,0,0,3,2,1,0,0,0,0,0,18,16,2,1,1,0,0,0,0,0,0,4,4,0,0,0,0,0,0,14,2,1,0,1,3,2,3,2,0,0,1,0
64 - Β' Δυτικής Αττικής,142 E.T. Δήμου Μεγαρέων,553,335,4,1,5,330,114,5,15,24,30,75,5,140,5,88,17,2,83,30,21,8,3,3,12,11,19,5,1,9,0,1,11,6,3,5,0,0,1,1,4,1,0,1,1,1,2,0,0,0,0,0,0,0,0,0,0,18,13,2,5,2,0,0,0,0,0,0,1,1,1,2,0,0,0,2,2,0,0,1,0,0,1,0,0,0,0,3,2
64 - Β' Δυτικής Αττικής,143 E.T. Δήμου Μεγαρέων,510,282,11,1,12,270,112,10,7,17,34,76,6,89,6,56,14,4,37,40,14,1,0,1,8,5,14,3,3,1,1,1,11,5,1,3,0,1,1,2,3,1,0,1,0,0,0,0,0,0,0,0,0,3,2,0,0,18,12,1,2,4,0,0,0,0,0,0,1,0,0,2,0,0,0,2,4,2,0,0,0,2,0,0,0,0,0,5,4
64 - Β' Δυτικής Αττικής,144 E.T. Δήμου Μεγαρέων,511,318,5,0,5,313,99,7,6,27,21,66,4,137,7,93,23,6,91,22,21,5,1,1,9,11,12,2,2,2,1,0,7,5,3,4,0,0,0,3,2,1,1,0,0,1,1,0,0,0,0,0,0,0,0,0,0,17,13,3,2,5,1,0,0,1,0,0,3,3,1,2,0,1,0,1,11,0,3,1,2,3,5,2,0,0,0,1,1
64 - Β' Δυτικής Αττικής,145 E.T. Δήμου Μεγαρέων,531,313,3,3,6,307,102,8,6,22,22,51,2,134,8,68,18,3,74,25,12,1,1,1,8,3,11,1,1,2,0,2,7,11,2,7,0,1,0,2,3,0,1,0,1,0,1,0,0,0,0,0,0,0,0,0,0,15,8,5,3,1,0,0,0,0,0,0,2,2,0,0,0,0,0,0,9,1,0,0,0,0,1,2,1,0,0,6,1
64 - Β' Δυτικής Αττικής,146 E.T. Δήμου Μεγαρέων,528,307,0,6,6,301,106,6,4,15,20,69,7,112,3,68,19,1,62,17,18,3,4,2,10,8,16,2,1,2,0,2,12,16,1,13,1,5,0,3,1,0,0,0,0,0,0,0,0,0,0,0,0,1,1,0,0,12,10,1,1,2,0,0,0,0,0,0,4,3,1,0,0,0,0,0,9,2,1,1,1,6,3,2,2,0,0,4,4
64 - Β' Δυτικής Αττικής,147 E.T. Δήμου Μεγαρέων,553,308,10,0,10,298,140,8,7,11,19,108,5,94,4,66,16,3,58,13,16,2,1,1,6,12,16,3,3,4,1,0,15,5,3,4,0,0,0,2,6,0,0,1,0,1,1,0,0,0,0,0,0,0,0,0,0,13,10,3,2,3,0,0,0,0,1,1,0,0,0,1,1,0,0,1,5,1,2,0,0,2,1,1,0,0,0,0,0
64 - Β' Δυτικής Αττικής,148 E.T. Δήμου Μεγαρέων,531,318,5,3,8,310,127,1,17,18,32,84,4,105,6,67,17,2,64,15,10,1,2,0,4,4,17,4,0,3,4,1,11,8,1,7,0,2,0,2,5,1,1,2,0,1,1,0,0,0,0,0,0,0,0,0,0,11,9,0,2,2,0,0,0,0,0,0,2,2,0,4,0,1,0,4,15,3,2,1,3,0,3,1,0,0,0,5,2
64 - Β' Δυτικής Αττικής,149 E.T. Δήμου Μεγαρέων,527,367,4,3,7,360,101,6,10,21,26,67,6,176,14,108,38,7,95,15,13,1,2,1,10,7,16,3,1,6,1,2,10,8,2,5,0,0,0,3,3,1,1,0,1,0,1,1,1,0,0,0,0,0,0,0,0,19,14,2,5,0,1,1,1,0,0,0,7,5,2,1,0,0,0,0,9,1,0,0,1,4,6,1,0,0,0,4,1
64 - Β' Δυτικής Αττικής,150 E.T. Δήμου Μεγαρέων,529,334,2,1,3,331,97,13,10,10,34,66,4,144,12,89,33,5,81,14,15,11,1,2,4,6,23,5,2,4,2,1,19,11,2,8,0,0,1,5,5,3,2,2,0,1,1,0,0,0,0,0,0,0,0,0,0,10,9,1,3,2,0,0,0,0,0,0,6,6,2,1,0,1,0,1,14,3,2,2,3,3,4,1,1,0,0,4,4
64 - Β' Δυτικής Αττικής,151 E.T. Δήμου Μεγαρέων,560,338,4,2,6,332,98,8,8,25,27,59,3,135,18,91,18,1,75,12,15,3,0,1,10,11,22,8,3,2,1,3,17,10,5,8,1,3,0,1,6,0,2,0,1,2,1,0,0,2,1,1,0,0,0,0,0,13,13,4,1,3,0,0,0,0,0,0,5,5,0,2,0,1,0,1,15,2,1,2,1,6,5,4,2,0,0,5,2
64 - Β' Δυτικής Αττικής,152 E.T. Δήμου Μεγαρέων,537,314,5,1,6,308,106,8,4,12,16,72,1,126,4,75,8,0,87,19,12,0,0,1,4,7,20,5,4,3,0,1,12,10,0,6,0,3,4,0,4,1,1,1,0,1,1,0,0,0,0,0,0,1,1,0,0,18,15,3,3,2,0,0,0,0,0,0,1,1,0,0,0,0,0,0,8,1,1,0,2,2,0,0,0,0,0,2,1
64 - Β' Δυτικής Αττικής,153 E.T. Δήμου Μεγαρέων,514,309,2,1,3,306,87,8,7,10,23,51,4,151,11,94,21,10,83,21,12,0,5,2,9,6,24,9,8,4,1,0,18,3,1,2,1,0,0,0,3,1,1,0,1,0,0,0,0,1,0,1,0,0,0,0,0,13,11,1,1,3,0,0,0,0,0,0,2,1,0,2,1,0,1,0,6,2,1,0,0,4,1,2,1,0,0,0,0
64 - Β' Δυτικής Αττικής,154 E.T. Δήμου Μεγαρέων,535,359,4,1,5,354,106,15,15,23,30,64,12,156,9,90,34,2,100,16,18,3,1,3,11,8,23,6,6,5,4,1,12,11,2,9,0,0,2,4,4,1,0,0,0,1,2,0,0,2,1,0,1,0,0,0,0,18,14,7,5,2,0,0,0,0,0,0,3,3,0,0,0,0,0,0,11,5,3,0,2,2,2,0,0,0,0,2,2
64 - Β' Δυτικής Αττικής,155 E.T. Δήμου Μεγαρέων,543,335,3,3,6,329,100,12,6,21,25,58,5,138,6,89,20,12,66,15,16,0,0,1,6,10,22,7,3,4,1,5,15,12,1,7,0,0,1,2,5,0,2,0,0,1,1,0,0,0,0,0,0,0,0,0,0,15,11,4,1,1,0,0,0,0,1,0,0,0,0,0,0,0,0,0,10,1,1,0,1,1,4,5,0,0,0,5,5
64 - Β' Δυτικής Αττικής,156 E.T. Δήμου Μεγαρέων,521,310,3,4,7,303,104,7,10,23,19,66,3,124,2,72,20,2,76,17,3,0,0,0,3,3,27,5,2,2,0,2,17,11,5,7,1,1,0,1,3,0,0,0,0,0,1,0,0,2,1,0,0,1,1,0,0,7,6,0,3,1,0,0,0,0,0,0,4,4,0,0,0,0,0,0,10,1,1,0,0,2,0,1,0,0,0,6,2
64 - Β' Δυτικής Αττικής,157 E.T. Δήμου Μεγαρέων,552,360,1,3,4,356,86,8,12,14,20,41,4,181,12,107,24,7,90,20,11,0,0,0,6,3,22,5,1,4,1,0,14,10,3,4,2,0,0,0,4,1,1,0,0,0,1,0,0,1,0,0,0,0,0,0,0,18,15,2,6,3,0,0,0,0,0,0,4,4,0,0,0,0,0,0,8,1,0,0,2,3,2,1,0,0,0,10,5
64 - Β' Δυτικής Αττικής,158 E.T. Δήμου Μεγαρέων,510,324,2,0,2,322,87,6,6,12,17,64,2,154,9,95,26,2,90,16,9,2,0,0,7,6,22,5,0,3,1,1,15,6,1,4,0,1,0,3,7,2,1,1,1,3,2,0,0,1,1,0,0,0,0,0,0,17,13,1,1,1,0,0,0,0,0,0,3,3,1,1,0,0,0,0,12,3,3,0,2,2,3,2,1,0,0,1,0
64 - Β' Δυτικής Αττικής,159 E.T. Δήμου Μεγαρέων,514,281,0,1,1,280,89,0,0,0,0,0,0,120,0,0,0,0,0,0,11,0,0,0,0,0,15,0,0,0,0,0,0,8,0,0,0,0,0,0,4,0,0,0,0,0,0,0,0,1,0,0,0,0,0,0,0,18,0,0,0,0,1,0,0,0,1,0,2,0,0,0,0,0,0,0,5,0,0,0,0,0,0,2,0,0,0,3,0
64 - Β' Δυτικής Αττικής,160 E.T. Δήμου Μεγαρέων,518,335,3,4,7,328,75,9,4,12,13,48,0,166,6,94,29,5,96,24,19,3,3,0,8,10,18,8,3,3,3,0,13,6,0,4,0,1,1,1,3,0,1,0,0,1,0,0,0,0,0,0,0,0,0,0,0,13,9,2,0,1,0,0,0,0,0,0,12,8,3,2,1,0,0,0,11,3,1,0,1,1,3,1,0,0,0,2,1
64 - Β' Δυτικής Αττικής,161 E.T. Δήμου Μεγαρέων,536,358,5,3,8,350,89,8,3,11,20,55,4,179,8,121,29,0,106,22,6,0,0,0,2,2,30,4,1,4,1,1,18,9,6,5,0,0,0,0,5,0,1,0,0,1,1,0,0,1,0,0,0,0,0,0,0,10,9,0,0,0,1,0,0,0,1,0,2,1,0,1,0,0,0,0,6,2,0,0,0,0,0,1,0,0,0,9,2
64 - Β' Δυτικής Αττικής,162 E.T. Δήμου Μεγαρέων,551,360,1,3,4,356,119,8,14,21,24,69,5,156,4,90,33,2,79,29,10,2,3,0,7,4,24,11,4,1,3,1,15,8,3,7,0,0,2,2,4,0,1,1,0,1,1,0,0,0,0,0,0,0,0,0,0,8,6,3,1,0,0,0,0,0,0,0,6,5,0,0,0,0,0,0,14,2,2,1,1,3,2,0,0,0,0,7,3
64 - Β' Δυτικής Αττικής,163 E.T. Δήμου Μεγαρέων,530,322,2,2,4,318,121,10,8,13,18,83,5,138,7,87,14,3,70,18,11,1,1,2,7,4,10,2,0,3,1,0,7,5,1,4,0,1,1,0,2,2,0,0,1,0,0,0,0,1,1,1,0,0,0,0,0,12,10,3,1,1,0,0,0,0,0,0,4,4,1,1,1,0,0,1,7,0,2,1,2,1,1,2,0,0,0,4,3
64 - Β' Δυτικής Αττικής,164 E.T. Δήμου Μεγαρέων,523,337,4,1,5,332,109,13,12,15,30,65,5,131,4,77,60,10,73,24,12,1,3,4,4,3,16,1,1,1,0,1,9,13,4,11,0,2,0,1,10,1,4,0,0,4,5,0,0,0,0,0,0,0,0,0,0,15,10,4,5,3,0,0,0,0,0,0,3,2,0,0,0,0,0,0,13,2,3,2,2,5,5,1,1,0,0,9,5
64 - Β' Δυτικής Αττικής,165 E.T. Δήμου Μεγαρέων,534,315,6,0,6,309,99,8,12,14,24,67,6,120,7,63,12,3,60,22,15,3,5,3,8,3,24,2,5,4,1,6,10,9,4,7,0,1,1,1,8,1,3,1,1,1,3,0,0,1,1,1,0,1,1,1,0,14,8,0,6,3,0,0,0,0,0,0,1,0,0,1,0,1,0,1,9,1,2,0,1,2,1,1,1,0,0,5,2
64 - Β' Δυτικής Αττικής,166 E.T. Δήμου Μεγαρέων,510,297,6,0,6,291,97,9,4,14,23,62,5,120,7,84,16,2,61,15,16,1,2,3,8,7,5,0,1,2,0,1,4,10,4,4,1,2,3,3,1,0,1,0,0,0,1,0,0,0,0,0,0,0,0,0,0,22,19,2,5,2,0,0,0,0,0,0,2,2,0,1,0,0,0,0,8,1,1,0,0,3,3,1,0,0,0,8,6
64 - Β' Δυτικής Αττικής,167 E.T. Δήμου Μεγαρέων,563,472,7,4,11,461,141,20,25,47,51,58,14,176,32,71,28,13,93,30,27,5,4,1,17,13,34,10,12,4,5,6,11,31,3,20,0,4,2,16,4,1,2,2,0,1,1,0,0,0,0,0,0,0,0,0,0,15,13,5,5,3,0,0,0,0,0,0,0,0,0,4,1,1,0,0,13,3,0,2,3,3,5,1,1,0,0,15,7
64 - Β' Δυτικής Αττικής,168 E.T. Δήμου Μεγαρέων,536,346,12,2,14,332,125,27,20,27,43,45,12,100,16,32,18,9,45,19,26,8,7,3,13,9,16,3,2,5,1,4,8,15,5,10,1,1,0,7,4,1,2,2,0,2,0,0,0,2,2,2,0,1,0,0,0,15,7,5,6,2,0,0,0,0,0,0,4,1,0,1,1,0,0,0,14,3,1,2,2,5,3,2,2,0,0,7,5
64 - Β' Δυτικής Αττικής,169 E.T. Δήμου Μεγαρέων,535,370,3,6,9,361,111,9,12,33,44,29,9,154,30,41,31,9,72,25,9,2,3,1,5,1,13,3,2,2,3,0,1,15,2,8,0,1,1,6,6,0,3,1,0,3,1,0,0,0,0,0,0,0,0,1,0,23,11,3,5,5,0,0,0,0,0,0,5,3,3,0,0,0,0,0,16,0,2,2,2,3,6,1,0,0,0,7,3
64 - Β' Δυτικής Αττικής,170 E.T. Δήμου Μεγαρέων,520,337,6,1,7,330,90,11,10,23,32,33,6,108,24,42,14,8,42,23,36,8,8,0,25,7,14,1,3,4,2,4,3,20,5,15,0,0,0,10,8,2,3,0,1,1,1,0,0,0,0,0,0,3,3,0,0,21,7,7,8,8,0,0,0,0,0,0,1,1,0,7,0,0,0,7,11,5,5,1,2,2,1,1,1,0,0,10,4
64 - Β' Δυτικής Αττικής,171 E.T. Δήμου Μεγαρέων,530,350,5,7,12,338,102,14,15,28,47,30,12,132,16,56,25,4,59,35,19,4,4,4,9,7,11,3,2,3,1,2,4,15,2,7,2,2,1,9,5,0,2,0,0,2,0,0,0,2,0,1,1,0,0,0,0,21,10,2,5,5,0,0,0,0,0,0,2,2,2,5,1,1,0,4,16,3,4,0,1,2,6,4,1,0,0,4,3
64 - Β' Δυτικής Αττικής,172 E.T. Δήμου Μεγαρέων,535,394,10,10,20,374,117,11,13,0,42,31,7,125,10,44,14,7,60,19,22,8,4,7,6,6,25,3,5,6,2,2,7,13,3,6,0,1,0,4,5,0,1,2,0,1,0,0,0,1,1,1,0,2,2,0,0,32,10,5,5,6,1,1,0,0,0,0,4,3,2,1,0,0,0,0,10,1,1,0,0,0,2,6,4,0,0,10,5
64 - Β' Δυτικής Αττικής,173 E.T. Δήμου Μεγαρέων,523,359,3,3,6,353,125,20,10,25,38,40,6,119,11,40,21,5,41,26,23,3,2,1,8,6,20,3,3,7,0,7,2,15,3,9,1,1,0,9,0,0,0,0,0,0,0,0,0,3,0,0,0,2,2,1,1,17,6,2,5,5,0,0,0,0,0,0,7,2,1,1,0,0,0,1,7,0,2,1,0,4,1,6,3,0,0,7,3
64 - Β' Δυτικής Αττικής,174 E.T. Δήμου Μεγαρέων,528,325,7,3,10,315,118,14,10,33,39,51,9,124,16,56,25,7,62,25,7,2,2,3,3,2,11,6,4,1,0,2,6,9,1,4,2,1,0,3,1,0,0,1,0,0,0,0,0,0,0,0,0,1,1,0,0,17,11,4,6,3,0,0,0,0,1,0,2,1,1,6,0,1,1,6,9,1,3,1,1,0,2,7,4,0,0,2,2
64 - Β' Δυτικής Αττικής,175 E.T. Δήμου Μεγαρέων,529,320,10,5,15,305,117,22,17,29,51,37,15,112,10,44,23,7,53,28,14,1,0,5,6,2,13,3,2,3,2,2,3,6,1,5,0,2,1,1,3,1,0,2,0,1,0,0,0,0,0,0,0,1,1,0,0,20,6,7,9,0,0,0,0,0,0,0,1,1,1,1,0,0,0,1,12,1,2,1,3,2,4,2,1,0,0,3,3
64 - Β' Δυτικής Αττικής,176 E.T. Δήμου Μεγαρέων,523,335,10,0,10,325,113,0,0,0,0,0,0,127,0,0,0,0,0,0,13,0,0,0,0,0,14,0,0,0,0,0,0,24,0,0,0,0,0,0,1,0,0,0,0,0,0,0,0,0,0,0,0,3,0,0,0,13,0,0,0,0,1,0,0,0,0,0,1,0,0,2,0,0,0,0,9,0,0,0,0,0,0,1,0,0,0,3,0
64 - Β' Δυτικής Αττικής,177 E.T. Δήμου Μεγαρέων,521,320,10,5,15,305,99,14,12,23,33,31,5,89,14,34,19,10,51,19,19,6,4,4,11,6,16,2,6,4,0,4,5,18,0,12,0,4,0,7,2,0,2,0,0,2,0,0,0,1,0,0,0,1,1,1,0,22,12,6,3,7,0,0,0,0,0,0,3,2,2,3,0,0,0,3,19,2,4,3,3,2,3,3,1,0,0,9,3
64 - Β' Δυτικής Αττικής,178 E.T. Δήμου Μεγαρέων,520,309,4,3,7,302,118,14,12,25,40,43,9,106,11,39,15,4,48,20,14,2,1,5,7,1,15,2,4,4,0,2,8,5,0,2,0,1,0,3,3,1,1,0,0,1,1,0,0,0,0,0,0,1,1,0,0,12,5,2,0,0,2,1,0,0,0,0,3,3,0,4,0,0,0,4,13,1,2,0,1,1,1,1,1,0,0,5,5
64 - Β' Δυτικής Αττικής,179 E.T. Δήμου Μεγαρέων,521,326,2,1,3,323,109,8,10,27,44,36,12,121,12,50,18,10,55,38,17,3,0,3,8,3,16,0,5,8,0,1,7,7,0,4,1,2,0,4,2,0,1,0,0,1,0,0,0,0,0,0,0,2,0,0,0,18,9,5,3,4,0,0,0,0,0,0,0,0,0,5,1,1,0,5,17,1,3,0,1,3,2,1,1,0,0,8,5
64 - Β' Δυτικής Αττικής,180 E.T. Δήμου Φυλής,524,339,6,3,9,330,180,36,21,56,78,19,24,64,9,14,15,8,39,14,9,2,5,3,1,2,19,3,3,8,4,6,0,15,4,1,1,8,5,1,1,1,1,0,0,0,0,0,0,1,1,0,0,0,0,0,0,15,7,7,4,3,0,0,0,0,0,0,3,1,1,0,0,0,0,0,16,4,2,1,2,5,6,0,0,0,0,7,2
64 - Β' Δυτικής Αττικής,181 E.T. Δήμου Φυλής,547,337,20,2,22,315,144,26,23,34,82,15,25,66,15,16,20,6,24,11,18,5,1,0,9,5,10,2,1,4,1,3,2,32,8,31,1,22,10,0,4,0,2,2,1,1,1,0,0,0,0,0,0,2,2,0,0,17,6,5,8,4,1,1,0,1,0,0,1,0,0,1,0,0,0,0,14,5,5,2,1,2,2,2,2,0,0,3,1
64 - Β' Δυτικής Αττικής,182 E.T. Δήμου Φυλής,546,317,7,3,10,307,123,22,23,30,51,9,16,76,12,22,26,6,35,16,14,3,3,5,9,2,15,2,4,8,2,4,0,29,5,4,0,22,11,2,6,2,4,1,1,1,0,1,1,2,0,0,0,2,0,2,1,15,7,3,4,3,0,0,0,0,0,0,1,0,0,0,0,0,0,0,13,4,5,0,2,4,3,1,1,0,0,7,4
64 - Β' Δυτικής Αττικής,183 E.T. Δήμου Φυλής,520,289,7,1,8,281,142,23,23,43,75,9,14,66,13,18,15,9,33,16,15,3,3,1,9,6,10,3,2,5,0,3,2,15,5,1,1,11,6,2,2,0,0,0,0,0,0,0,0,4,3,1,1,0,0,0,0,9,4,3,3,3,0,0,0,0,0,0,1,1,1,0,0,0,0,0,10,3,2,0,1,2,4,1,1,0,0,6,3
64 - Β' Δυτικής Αττικής,184 E.T. Δήμου Φυλής,533,324,8,1,9,315,144,36,25,40,56,14,18,69,15,8,18,7,23,16,16,5,5,1,10,3,14,1,2,11,4,3,2,24,8,3,0,19,9,0,3,0,0,0,0,1,1,0,0,3,1,0,1,0,0,0,0,14,8,5,5,3,1,0,0,0,0,0,2,1,0,1,0,0,0,0,16,1,4,2,3,6,6,6,0,0,0,2,2
64 - Β' Δυτικής Αττικής,185 E.T. Δήμου Φυλής,521,307,6,1,7,300,125,15,16,41,54,9,11,78,18,13,28,5,37,12,19,3,3,1,9,2,14,2,2,9,5,4,1,35,2,8,1,26,15,4,1,0,0,0,0,0,0,0,0,2,2,1,0,1,0,0,0,12,2,0,9,2,0,0,0,0,0,0,1,0,0,1,0,1,0,1,5,0,0,0,0,1,1,0,0,0,0,6,2
64 - Β' Δυτικής Αττικής,186 E.T. Δήμου Φυλής,522,323,8,4,12,311,116,19,19,37,51,13,12,113,16,24,40,17,49,19,21,5,6,6,9,4,10,0,3,5,3,0,2,16,2,2,3,12,6,1,3,1,1,0,0,0,0,0,0,0,0,0,0,0,0,0,0,12,4,4,4,4,1,0,0,0,0,0,1,1,1,1,0,1,1,0,9,3,3,0,1,2,3,0,0,0,0,8,5
64 - Β' Δυτικής Αττικής,187 E.T. Δήμου Φυλής,526,337,3,8,11,326,126,21,27,34,56,14,16,99,23,33,36,18,44,20,18,3,5,0,11,1,18,4,0,9,3,3,0,22,8,2,0,19,5,0,12,5,5,2,0,2,1,0,0,0,0,0,0,0,0,0,0,12,6,4,3,5,0,0,0,0,1,0,0,0,0,1,0,0,0,0,10,1,1,0,4,2,4,3,0,0,0,4,1
64 - Β' Δυτικής Αττικής,188 E.T. Δήμου Φυλής,528,302,5,1,6,296,134,26,23,26,73,11,22,83,22,15,20,10,29,10,19,8,3,3,11,2,14,2,4,6,5,0,0,14,5,3,0,9,3,0,5,2,2,1,1,1,1,0,0,0,0,0,0,0,0,0,0,10,3,1,8,3,0,0,0,0,0,0,3,1,2,1,1,0,0,0,6,2,2,0,0,0,3,0,0,0,0,7,6
64 - Β' Δυτικής Αττικής,189 E.T. Δήμου Φυλής,524,295,7,1,8,287,119,18,17,32,53,6,11,72,15,18,17,5,25,18,17,2,3,0,13,4,12,3,1,8,2,2,0,28,7,2,3,11,6,1,5,1,2,0,0,2,0,0,0,1,0,0,0,0,0,0,0,14,2,7,5,7,0,0,0,0,1,0,1,1,1,0,0,0,0,0,11,2,0,1,0,3,1,0,0,0,0,6,2
64 - Β' Δυτικής Αττικής,190 E.T. Δήμου Φυλής,522,311,18,1,19,292,129,22,19,28,47,8,16,71,6,20,14,9,29,23,13,2,3,1,7,1,19,3,2,14,3,4,1,19,2,2,1,16,6,3,0,0,0,0,0,0,0,0,0,1,0,0,0,1,1,0,0,19,8,7,6,6,0,0,0,0,0,0,2,1,1,1,0,0,1,0,10,2,2,2,0,3,3,1,0,0,0,6,3
64 - Β' Δυτικής Αττικής,191 E.T. Δήμου Φυλής,521,310,9,3,12,298,122,36,22,24,54,12,14,86,16,17,32,14,41,12,15,2,4,3,9,3,11,3,2,2,2,1,0,20,5,0,1,15,7,1,8,2,3,2,1,3,0,0,0,1,0,0,0,1,1,0,0,18,8,2,7,3,0,0,0,0,1,0,1,1,1,2,1,1,1,0,8,1,1,0,1,0,2,1,0,0,0,3,3
64 - Β' Δυτικής Αττικής,192 E.T. Δήμου Φυλής,531,339,4,4,8,331,147,32,24,45,67,21,18,73,12,9,23,9,20,22,14,1,4,3,6,3,20,2,4,12,1,2,1,27,7,3,4,19,10,0,8,2,2,0,0,2,2,0,0,2,1,0,1,0,0,0,0,20,9,4,8,7,1,0,0,0,0,0,0,0,0,0,0,0,0,0,11,5,3,2,2,4,2,5,2,0,0,3,2
64 - Β' Δυτικής Αττικής,193 E.T. Δήμου Φυλής,511,366,3,3,6,360,140,27,23,37,48,16,13,100,18,18,26,6,41,20,24,5,5,2,15,3,19,6,7,7,3,4,1,20,6,1,3,11,7,0,10,2,6,0,1,3,0,0,0,3,2,0,1,0,0,1,1,20,11,4,8,7,1,1,0,1,0,0,3,1,0,0,0,0,0,0,7,2,2,1,1,1,1,4,1,0,0,8,7
64 - Β' Δυτικής Αττικής,194 E.T. Δήμου Φυλής,539,270,6,5,11,259,112,19,24,28,50,5,10,61,9,11,15,6,28,15,15,2,5,0,10,5,17,4,4,6,0,2,2,21,3,1,0,12,6,1,5,2,1,0,0,1,1,0,0,0,0,0,0,0,0,0,0,8,2,0,2,3,0,0,0,0,0,0,1,0,0,1,1,1,0,0,12,7,3,0,0,3,6,2,1,0,0,4,2
64 - Β' Δυτικής Αττικής,195 E.T. Δήμου Φυλής,524,282,6,5,11,271,112,25,23,29,49,7,14,66,13,24,24,4,25,22,14,3,3,5,8,1,17,6,4,12,5,1,0,12,2,2,1,8,0,0,3,0,0,1,2,0,0,0,0,0,0,0,0,0,0,0,0,23,11,9,11,5,1,0,0,0,0,0,3,2,2,3,2,0,1,0,11,5,2,1,3,0,1,0,0,0,0,6,5
64 - Β' Δυτικής Αττικής,196 E.T. Δήμου Φυλής,529,280,2,1,3,277,127,15,28,28,52,12,12,68,12,25,37,6,27,9,6,1,1,0,5,2,14,4,2,2,6,3,1,34,6,5,2,19,7,1,0,0,0,0,0,0,0,0,0,0,0,0,0,1,0,0,0,6,3,0,1,2,0,0,0,0,0,0,2,1,0,1,1,0,0,0,8,1,2,0,0,2,2,1,0,0,0,9,4
64 - Β' Δυτικής Αττικής,197 E.T. Δήμου Φυλής,558,351,7,4,11,340,168,40,22,50,77,13,23,88,10,22,33,16,51,14,10,2,0,1,4,1,12,4,0,8,1,2,1,21,3,1,1,17,11,0,2,0,0,1,0,1,0,0,0,1,1,0,0,2,0,1,1,16,5,5,5,4,0,0,0,0,0,0,4,2,1,2,0,0,0,0,9,3,1,0,0,1,4,1,0,0,0,3,2
64 - Β' Δυτικής Αττικής,198 E.T. Δήμου Φυλής,521,295,3,2,5,290,124,14,18,30,47,8,8,75,9,19,23,9,24,17,15,2,2,1,5,3,14,0,3,8,3,1,1,18,4,1,0,13,6,2,2,0,0,0,1,0,1,0,0,0,0,0,0,0,0,0,0,18,3,2,4,7,2,1,0,0,0,0,2,2,1,0,0,0,0,0,14,0,3,0,1,2,4,2,1,0,0,4,3
64 - Β' Δυτικής Αττικής,199 E.T. Δήμου Φυλής,511,314,7,3,10,304,116,32,18,29,53,8,9,86,9,18,41,6,32,18,18,5,6,6,8,5,21,3,3,13,8,0,0,15,1,2,1,11,4,0,3,2,1,0,0,1,0,0,0,3,1,2,0,1,1,0,0,20,7,1,6,3,0,0,0,0,1,1,5,3,1,0,0,0,0,0,9,1,2,0,0,3,3,3,1,0,0,3,1
64 - Β' Δυτικής Αττικής,200 E.T. Δήμου Φυλής,553,298,9,1,10,288,135,22,20,32,55,15,11,66,12,12,25,9,23,14,12,2,4,5,7,4,12,5,5,4,5,0,0,20,3,3,0,12,4,0,7,4,2,3,0,1,0,0,0,1,1,0,1,1,1,0,0,13,5,2,6,4,0,0,0,0,0,0,4,1,1,2,1,1,1,1,6,2,2,0,1,2,2,1,0,0,0,8,3
64 - Β' Δυτικής Αττικής,201 E.T. Δήμου Φυλής,510,286,6,4,10,276,126,29,26,23,52,17,17,58,11,12,15,4,33,14,18,1,4,3,9,4,11,3,0,6,0,5,2,23,7,2,1,18,8,2,2,0,0,1,0,0,1,0,0,1,0,0,0,1,0,0,0,17,7,2,10,3,1,0,0,0,0,0,1,0,0,1,0,0,1,0,12,3,4,0,1,5,4,1,0,0,0,3,1
64 - Β' Δυτικής Αττικής,202 E.T. Δήμου Φυλής,523,246,7,2,9,237,96,23,19,14,44,10,17,47,4,11,14,4,25,13,12,4,7,2,4,0,6,0,0,3,0,0,0,17,2,2,0,14,5,2,4,0,2,1,0,1,0,0,0,0,0,0,0,0,0,0,0,24,9,8,13,8,1,0,1,0,0,0,4,4,4,2,0,1,0,1,19,7,3,1,1,2,9,3,1,0,0,2,1
64 - Β' Δυτικής Αττικής,203 E.T. Δήμου Φυλής,515,270,11,0,11,259,110,20,22,26,62,5,10,83,12,19,31,4,31,21,10,1,2,2,6,3,3,0,1,1,0,1,0,11,4,2,1,8,2,2,7,0,1,2,0,0,0,0,0,0,0,0,0,0,0,0,0,19,6,2,7,5,0,0,0,0,0,0,2,0,1,1,0,0,0,0,7,2,1,0,1,0,0,1,0,0,0,5,1
64 - Β' Δυτικής Αττικής,204 E.T. Δήμου Φυλής,522,269,3,1,4,265,139,24,13,42,59,10,8,61,9,6,35,4,29,20,10,2,1,1,3,3,9,2,0,4,1,2,0,18,4,2,2,11,3,1,1,0,1,0,0,0,0,0,0,1,0,0,0,0,0,0,0,9,3,1,4,3,1,1,1,0,2,0,0,0,0,2,1,0,1,0,7,1,1,0,0,1,2,3,0,0,0,2,1
64 - Β' Δυτικής Αττικής,205 E.T. Δήμου Φυλής,554,266,14,6,20,246,126,18,14,22,47,7,9,52,7,12,13,5,27,8,14,1,3,1,2,2,12,2,7,1,1,3,0,11,1,2,0,8,3,1,2,0,0,0,1,0,0,0,0,2,0,2,2,0,0,0,0,14,6,3,5,3,0,0,0,0,1,0,1,1,1,0,0,0,0,0,7,2,3,0,0,2,1,0,0,0,0,4,0
64 - Β' Δυτικής Αττικής,206 E.T. Δήμου Φυλής,536,332,7,1,8,324,123,27,23,31,71,10,11,103,27,19,35,14,45,20,15,1,4,4,7,6,8,1,0,5,0,1,0,26,8,4,0,13,9,0,6,0,2,0,0,2,2,0,0,5,4,1,0,1,1,0,0,19,5,8,5,11,0,0,0,0,1,0,1,0,0,0,0,0,0,0,10,3,2,0,1,2,4,3,2,0,0,3,1
64 - Β' Δυτικής Αττικής,207 E.T. Δήμου Φυλής,535,317,5,2,7,310,137,25,19,39,62,9,18,71,14,13,23,5,31,14,17,4,3,4,7,4,15,5,3,4,1,3,1,26,4,5,1,10,5,3,3,1,2,1,0,1,0,0,0,1,0,1,0,0,0,0,0,13,5,4,1,3,0,0,0,0,0,0,1,0,0,0,0,0,0,0,18,6,4,1,2,5,3,1,0,0,0,7,5
64 - Β' Δυτικής Αττικής,208 E.T. Δήμου Φυλής,559,365,5,0,5,360,139,38,33,34,62,17,24,112,26,20,32,10,45,23,11,3,4,5,3,0,16,3,3,7,6,0,2,33,6,7,3,21,11,3,4,0,2,0,0,1,1,0,0,0,0,0,0,2,1,0,0,17,8,5,4,4,0,0,0,0,0,0,0,0,0,1,0,0,1,1,13,1,5,2,0,5,3,2,0,0,0,10,6
64 - Β' Δυτικής Αττικής,209 E.T. Δήμου Φυλής,513,262,1,0,1,261,145,44,25,33,74,11,16,48,9,12,12,5,17,17,11,4,0,0,9,4,5,2,0,2,0,2,1,18,1,5,3,11,3,1,10,4,5,3,2,2,1,0,0,0,0,0,0,0,0,0,0,10,6,1,4,2,0,0,0,0,0,0,4,3,2,0,0,0,0,0,7,1,2,0,2,1,2,0,0,0,0,3,1
64 - Β' Δυτικής Αττικής,210 E.T. Δήμου Φυλής,511,275,3,2,5,270,121,30,34,33,64,12,14,82,15,20,36,6,36,19,13,3,4,1,11,3,15,3,3,10,0,1,2,14,6,3,1,11,2,0,1,0,0,0,0,0,0,0,0,1,1,0,1,0,0,0,0,16,12,8,5,4,0,0,0,0,0,0,1,0,0,0,0,0,0,0,5,0,2,2,2,1,3,1,0,0,0,0,0
64 - Β' Δυτικής Αττικής,211 E.T. Δήμου Φυλής,517,311,1,3,4,307,125,19,27,32,60,7,25,87,7,16,33,7,34,2,13,1,4,1,8,5,8,2,2,3,2,0,0,33,9,4,1,23,12,2,3,1,1,0,1,1,1,0,0,1,1,0,0,2,2,0,0,15,9,6,4,4,0,0,0,0,0,0,3,2,1,1,0,0,0,0,10,2,3,1,1,4,2,1,0,0,0,5,4
64 - Β' Δυτικής Αττικής,212 E.T. Δήμου Φυλής,516,288,8,0,8,280,126,29,27,22,63,9,19,76,13,20,17,16,34,15,13,2,4,4,4,3,9,2,0,4,3,2,1,15,4,6,1,8,2,2,7,0,1,2,1,1,2,0,0,0,0,0,0,0,0,0,0,18,9,4,13,4,0,0,0,0,0,0,4,3,2,1,0,1,0,0,5,2,1,0,2,2,2,1,1,0,0,5,5
64 - Β' Δυτικής Αττικής,213 E.T. Δήμου Φυλής,533,267,8,2,10,257,132,14,20,30,48,6,15,54,11,11,14,8,25,10,11,0,1,1,4,2,7,1,3,4,1,0,0,24,5,2,2,13,6,1,0,0,0,0,0,0,0,0,0,0,0,0,0,1,0,0,0,16,4,2,6,4,0,0,0,0,0,0,2,1,1,0,0,0,0,0,7,1,2,2,0,2,1,0,0,0,0,3,1
64 - Β' Δυτικής Αττικής,214 E.T. Δήμου Φυλής,553,315,3,4,7,308,130,27,17,25,52,8,26,81,15,22,22,7,43,14,13,3,3,0,8,2,20,5,4,9,4,3,2,22,1,1,1,14,6,0,9,0,3,0,0,1,1,3,0,0,0,1,1,0,0,0,0,13,8,4,1,2,0,0,0,0,0,0,2,1,1,1,0,0,0,0,8,1,3,1,1,3,1,2,0,0,0,4,3
64 - Β' Δυτικής Αττικής,215 E.T. Δήμου Φυλής,517,250,1,1,2,248,112,22,14,27,45,15,10,93,14,23,18,8,32,31,9,1,3,5,3,0,6,1,1,3,2,1,0,10,2,0,0,5,2,1,2,0,1,1,0,0,0,0,0,0,0,0,0,1,0,0,0,6,0,0,2,2,0,0,0,0,0,0,1,1,0,0,0,0,0,0,3,0,2,0,0,0,2,3,0,0,0,2,0
64 - Β' Δυτικής Αττικής,216 E.T. Δήμου Φυλής,518,289,2,2,4,285,118,26,11,37,57,7,11,74,7,13,20,10,31,31,15,2,3,4,6,3,19,1,3,14,4,3,1,19,6,1,0,14,4,1,6,2,1,0,1,3,0,0,0,3,1,3,0,0,0,0,0,15,5,4,2,6,0,0,0,0,0,0,3,1,1,0,0,0,0,0,10,2,2,2,2,5,1,1,0,0,0,2,0
64 - Β' Δυτικής Αττικής,217 E.T. Δήμου Φυλής,534,312,2,3,5,307,115,28,16,34,66,8,18,100,20,37,35,11,50,46,8,3,0,2,6,3,12,1,2,4,1,5,1,18,5,3,1,14,2,0,3,1,0,1,0,2,1,0,0,5,1,0,0,1,1,0,0,25,12,9,10,9,2,2,2,0,0,0,2,1,1,2,1,1,0,1,10,0,1,0,0,1,5,1,0,0,0,3,3
64 - Β' Δυτικής Αττικής,218 E.T. Δήμου Φυλής,511,282,8,3,11,271,118,17,27,26,59,12,12,78,12,16,28,6,31,25,11,0,0,3,7,1,11,3,3,4,1,7,0,15,4,3,0,7,1,1,5,0,0,0,0,0,0,1,0,1,0,1,1,0,0,0,0,14,9,2,7,1,0,0,0,0,0,0,1,1,0,1,1,0,1,0,9,5,3,1,0,2,3,3,0,0,0,3,2
64 - Β' Δυτικής Αττικής,219 E.T. Δήμου Φυλής,528,302,19,4,23,279,132,17,17,29,52,11,12,84,6,18,16,18,32,24,9,1,0,0,6,3,5,0,1,2,0,2,0,12,1,2,0,8,5,1,2,0,1,0,0,0,0,0,0,0,0,0,0,4,4,0,0,16,3,4,7,1,0,0,0,0,0,0,1,0,0,0,0,0,0,0,6,0,0,0,1,1,4,2,2,0,0,6,2
64 - Β' Δυτικής Αττικής,220 E.T. Δήμου Φυλής,510,303,7,1,8,295,135,18,27,30,50,10,15,72,9,10,16,7,34,19,18,0,3,1,10,5,21,2,2,15,3,7,1,16,2,3,1,11,6,1,2,0,0,0,0,0,0,0,0,0,0,0,0,0,0,0,0,14,5,2,3,2,0,0,0,0,0,0,0,0,0,0,0,0,0,0,13,3,2,0,2,2,2,0,0,0,0,4,0
64 - Β' Δυτικής Αττικής,221 E.T. Δήμου Φυλής,517,243,15,1,16,227,129,20,35,33,70,4,10,50,5,13,17,2,22,24,6,2,1,0,3,3,4,0,1,1,0,1,0,15,2,2,0,12,5,1,4,0,1,0,0,1,0,0,0,1,0,0,0,0,0,0,0,12,6,4,8,4,0,0,0,0,0,0,0,0,0,0,0,0,0,0,3,2,0,0,0,0,1,0,0,0,0,3,2
64 - Β' Δυτικής Αττικής,222 E.T. Δήμου Φυλής,516,299,4,4,8,291,131,22,22,40,61,6,14,63,16,29,16,6,22,15,8,1,2,0,7,2,14,2,3,7,3,3,1,34,8,1,1,0,1,1,3,1,1,1,0,1,1,0,0,0,0,0,0,0,0,1,1,19,9,6,6,8,0,0,0,0,0,0,0,0,0,2,1,0,1,1,8,3,1,0,1,1,3,3,2,0,0,5,4
64 - Β' Δυτικής Αττικής,223 E.T. Δήμου Φυλής,517,256,7,2,9,247,110,21,19,42,54,15,12,74,10,25,22,10,37,12,13,4,3,5,7,2,11,1,6,2,4,2,1,11,1,4,0,10,3,0,3,3,1,2,0,0,0,0,0,0,0,0,0,1,1,0,0,12,8,4,6,2,0,0,0,0,0,0,2,2,2,0,0,0,0,0,5,2,2,0,1,2,1,2,2,0,0,3,1
64 - Β' Δυτικής Αττικής,224 E.T. Δήμου Φυλής,560,333,7,4,11,322,147,25,25,31,69,12,17,92,16,16,33,14,41,22,8,0,2,3,2,1,11,1,3,5,2,3,1,10,1,0,0,5,3,2,6,1,3,0,0,2,0,0,0,0,0,0,0,1,1,2,2,25,6,4,8,9,2,0,0,0,0,0,4,4,2,2,1,0,1,1,7,2,1,0,1,1,3,2,0,0,0,3,0
64 - Β' Δυτικής Αττικής,225 E.T. Δήμου Φυλής,557,324,10,2,12,312,174,27,25,47,74,12,18,63,15,19,9,7,32,18,5,1,2,0,3,1,12,3,0,2,3,4,1,17,5,1,1,7,3,2,7,1,1,1,0,0,1,1,1,5,0,1,0,0,0,0,0,14,4,2,4,4,0,0,0,0,0,0,1,0,0,0,0,0,0,0,7,0,0,0,1,2,1,4,1,0,0,2,1
64 - Β' Δυτικής Αττικής,226 E.T. Δήμου Φυλής,560,348,6,3,9,339,154,29,32,32,76,20,25,94,23,18,34,18,45,23,16,2,2,0,7,1,14,5,4,6,3,0,0,15,1,1,0,8,5,1,3,0,1,0,1,2,0,0,0,3,2,1,0,1,1,0,0,21,11,2,11,8,0,0,0,0,0,0,0,0,0,0,0,0,0,0,9,2,4,1,2,4,1,3,1,0,0,6,4
64 - Β' Δυτικής Αττικής,227 E.T. Δήμου Φυλής,560,326,4,0,4,322,122,20,18,37,61,15,19,86,23,19,59,7,29,18,25,5,6,3,12,5,11,4,2,8,2,1,0,32,4,8,1,29,8,1,1,1,0,0,1,0,0,0,0,1,0,0,0,1,1,0,0,25,13,5,7,11,0,0,0,0,1,0,1,1,1,0,0,0,0,0,7,1,3,2,1,3,2,1,0,0,0,8,4
64 - Β' Δυτικής Αττικής,228 E.T. Δήμου Φυλής,534,295,2,2,4,291,135,31,14,32,55,18,21,67,19,17,24,3,22,20,15,4,7,4,7,4,15,3,2,5,4,3,1,17,2,1,0,16,6,1,4,2,1,0,0,1,1,0,0,2,0,0,0,2,1,0,0,13,6,1,7,4,1,1,1,0,0,0,4,2,2,0,0,0,0,0,9,3,2,1,1,1,3,3,0,0,0,4,2
64 - Β' Δυτικής Αττικής,229 E.T. Δήμου Φυλής,539,331,12,3,15,316,168,28,22,41,74,9,13,66,9,9,10,8,33,10,14,1,1,0,7,3,17,3,5,2,6,1,0,22,8,1,0,18,4,1,3,0,0,0,0,0,0,0,0,0,0,0,0,1,0,1,0,10,3,3,1,6,0,0,0,0,0,0,0,0,0,0,0,0,0,0,12,2,0,1,1,2,1,1,0,0,0,1,1
64 - Β' Δυτικής Αττικής,230 E.T. Δήμου Φυλής,531,300,7,4,11,289,110,22,12,30,60,6,16,105,23,10,19,23,56,21,17,4,6,6,7,1,10,1,1,5,4,2,1,19,2,5,0,12,5,0,2,0,1,1,0,2,0,0,0,1,1,1,0,0,0,0,0,10,2,3,3,0,0,0,0,0,1,0,1,0,0,1,1,0,1,0,8,1,2,0,0,4,3,1,0,0,0,3,2
64 - Β' Δυτικής Αττικής,231 E.T. Δήμου Φυλής,534,258,4,1,5,253,126,10,11,34,64,5,12,64,9,3,7,16,44,8,8,2,1,0,6,3,14,1,3,6,2,2,1,20,7,1,0,17,8,1,1,0,1,1,0,0,0,0,0,2,0,0,0,0,0,0,0,11,2,1,2,1,0,0,0,0,0,0,1,0,0,0,0,0,0,0,3,1,0,0,0,0,1,0,0,0,0,3,3
64 - Β' Δυτικής Αττικής,232 E.T. Δήμου Φυλής,560,288,11,3,14,274,173,11,12,44,111,8,7,50,6,8,7,8,31,10,8,2,3,1,4,0,7,1,3,3,2,1,1,11,3,0,0,9,2,0,8,0,1,0,0,0,0,0,0,0,0,0,0,0,0,0,0,8,5,1,3,3,3,2,1,1,0,0,1,0,0,0,0,0,0,0,4,0,1,0,0,0,1,0,0,0,0,1,1
64 - Β' Δυτικής Αττικής,233 E.T. Δήμου Φυλής,566,329,9,1,10,319,152,26,3,41,93,12,18,67,9,11,7,13,38,10,16,3,1,3,5,3,14,3,5,4,3,2,1,35,9,3,2,21,11,2,2,0,1,0,0,0,1,0,0,0,0,0,0,0,0,0,0,10,5,3,4,5,1,1,0,1,0,0,2,1,2,1,1,0,0,0,12,0,2,2,1,1,0,3,2,0,0,4,2
64 - Β' Δυτικής Αττικής,234 E.T. Δήμου Φυλής,569,348,7,2,9,339,133,30,30,32,73,9,9,93,13,12,16,30,41,21,16,4,6,6,4,2,18,2,1,5,8,4,1,45,6,8,3,35,16,1,5,2,1,0,0,1,0,0,0,0,0,0,0,0,0,0,0,11,6,3,3,3,0,0,0,0,0,0,1,0,0,1,1,0,0,0,7,5,2,0,1,3,1,2,1,0,0,7,1
64 - Β' Δυτικής Αττικής,235 E.T. Δήμου Φυλής,569,298,14,4,18,280,129,26,19,27,72,6,13,69,16,7,16,12,40,11,11,2,3,1,6,2,16,2,3,2,5,3,1,30,5,1,3,24,7,1,2,0,2,0,0,2,0,0,0,0,0,0,0,0,0,2,0,6,5,4,1,0,0,0,0,0,0,0,3,1,1,1,1,1,0,0,8,2,0,0,2,3,1,1,1,0,0,2,2
64 - Β' Δυτικής Αττικής,236 E.T. Δήμου Φυλής,570,337,10,2,12,325,139,38,19,36,79,8,14,77,20,14,15,9,41,12,17,4,6,3,9,2,16,3,4,6,6,1,1,24,4,3,2,17,5,1,6,2,3,0,1,1,1,0,0,1,0,0,0,0,0,0,0,22,12,9,9,6,1,1,0,1,0,0,2,0,0,0,0,0,0,0,10,2,1,1,0,2,1,3,1,0,0,7,3
64 - Β' Δυτικής Αττικής,237 E.T. Δήμου Φυλής,565,327,10,3,13,314,128,24,21,47,79,10,11,89,16,11,17,27,45,25,15,5,5,3,9,6,13,2,4,5,7,2,1,28,6,6,0,23,8,1,5,1,1,1,0,2,0,0,0,3,0,1,1,1,0,0,0,19,9,6,9,7,1,1,0,1,0,0,2,2,2,1,1,0,1,0,7,1,1,0,1,2,1,0,0,0,0,2,1
64 - Β' Δυτικής Αττικής,238 E.T. Δήμου Φυλής,561,276,15,2,17,259,110,23,19,42,52,4,9,82,11,17,15,10,43,18,9,2,2,1,5,1,11,0,0,5,4,0,0,15,2,2,0,7,2,1,3,1,1,0,0,2,0,0,0,1,1,0,0,2,1,0,0,9,2,3,2,2,1,0,0,0,0,0,1,1,1,1,0,0,1,0,7,2,0,1,0,1,1,1,0,0,0,6,1
64 - Β' Δυτικής Αττικής,239 E.T. Δήμου Φυλής,568,262,16,4,20,242,161,21,14,68,90,6,6,32,3,2,11,5,13,5,3,1,0,1,1,0,13,2,1,5,6,2,2,12,5,2,2,5,1,1,2,1,0,0,0,0,0,0,0,1,0,0,0,0,0,0,0,8,1,2,1,0,0,0,0,0,0,0,1,1,1,1,1,0,0,0,7,0,3,2,1,1,1,1,0,0,0,0,0
64 - Β' Δυτικής Αττικής,240 E.T. Δήμου Φυλής,561,320,7,2,9,311,111,18,20,34,55,8,12,88,16,15,22,17,37,21,19,3,5,2,9,5,21,2,2,10,5,7,3,34,3,1,0,24,13,5,3,1,0,0,0,1,0,0,0,1,0,0,0,0,0,0,0,17,8,4,8,2,0,0,0,0,0,0,1,0,0,1,1,1,0,0,11,3,2,0,1,2,4,1,1,0,0,3,2
64 - Β' Δυτικής Αττικής,241 E.T. Δήμου Φυλής,500,376,4,4,8,368,104,16,13,21,40,3,10,134,11,12,52,4,37,73,12,3,2,0,0,1,35,1,0,30,0,2,0,22,4,4,0,11,7,2,3,1,1,0,0,0,0,0,0,1,1,0,0,1,1,0,0,25,9,3,5,10,1,0,0,0,0,0,6,4,3,1,0,0,1,1,13,2,0,1,2,1,4,2,1,0,0,8,3
64 - Β' Δυτικής Αττικής,242 E.T. Δήμου Φυλής,472,311,5,3,8,303,96,17,7,21,39,1,13,118,14,9,48,4,41,56,15,2,3,2,6,1,22,1,0,20,2,1,1,13,3,1,0,4,1,0,0,0,0,0,0,0,0,0,0,1,0,0,0,0,0,0,0,10,1,1,0,6,2,0,1,0,1,0,1,1,1,1,0,0,0,0,12,3,2,0,3,3,1,2,1,0,0,9,4
64 - Β' Δυτικής Αττικής,243 E.T. Δήμου Φυλής,473,290,3,0,3,287,81,19,22,15,33,2,6,122,11,7,57,7,50,50,13,2,5,1,9,1,30,3,0,27,1,1,0,12,2,1,0,8,3,1,0,0,0,0,0,0,0,0,0,2,1,1,1,0,0,0,0,20,4,2,6,13,0,0,0,0,0,0,3,2,2,0,0,0,0,0,2,1,0,1,0,0,0,0,0,0,0,2,2
64 - Β' Δυτικής Αττικής,244 E.T. Δήμου Φυλής,497,300,1,1,2,298,76,18,17,17,32,3,13,115,12,12,47,8,44,48,10,1,4,1,6,1,31,0,1,26,4,4,0,17,6,2,1,6,9,0,3,0,1,0,0,0,1,0,0,1,1,0,1,0,0,1,1,15,6,1,2,5,0,0,0,0,0,0,3,2,2,0,0,0,0,0,15,2,5,0,1,2,5,1,0,0,0,10,5
64 - Β' Δυτικής Αττικής,245 E.T. Δήμου Φυλής,471,314,2,2,4,310,84,6,9,14,30,2,8,128,8,8,49,3,46,64,12,3,1,1,4,1,31,0,2,28,1,0,0,19,3,7,1,8,4,0,3,0,1,1,1,0,0,0,0,3,0,0,0,0,0,0,0,11,2,2,2,9,0,0,0,0,0,0,0,0,0,1,0,0,0,0,5,0,0,0,0,1,2,3,2,0,0,10,4
64 - Β' Δυτικής Αττικής,246 E.T. Δήμου Φυλής,470,333,7,3,10,323,100,20,6,24,34,1,7,126,8,10,61,3,41,60,5,2,0,2,4,0,30,0,0,26,0,2,0,20,4,2,1,11,5,3,2,0,0,0,1,0,0,0,0,2,1,0,0,0,0,0,0,16,5,2,1,7,0,0,0,0,0,0,3,0,1,0,0,0,0,0,9,2,0,0,0,1,2,4,0,0,0,6,3
Σύνολο,,131066,78302,1472,605,2077,76225,27627,5025,4169,6122,11575,5261,3037,26131,4163,8019,8860,1591,10805,5287,3525,806,674,509,1809,895,3995,788,1159,1292,483,558,752,4518,1884,921,593,1283,1129,468,925,209,285,134,78,194,120,19,10,248,90,57,37,267,201,34,19,3995,1866,789,1433,1042,131,67,47,27,40,6,484,294,160,238,52,77,52,93,2441,512,445,172,269,492,657,406,168,0,0,1201,649
