ΠΕΡΙΦΕΡΕΙΑ,ΕΚΛΟΓΙΚΟ ΤΜΗΜΑ,ΕΓΓΕΓΡΑΜΜΕΝΟΙ,ΨΗΦΙΣΑΝΤΕΣ,ΑΚΥΡΑ,ΛΕΥΚΑ,ΑΚΥΡΑ & ΛΕΥΚΑ,ΕΓΚΥΡΑ,ΣΥΡΙΖΑ,ΓΚΑΡΑ ΑΝΑΣΤΑΣΙΑ (ΝΑΤΑΣΑ) του Γεωργίου,ΚΑΪΣΑΣ ΓΕΩΡΓΙΟΣ του Δημητρίου,ΚΑΛΕΣΗ ΕΛΙΣΑΒΕΤ (ΕΛΙΖΑ) του Δημητρίου,ΜΑΛΤΕΖΟΣ ΜΕΝΕΛΑΟΣ του Φωτεινού,ΡΙΖΟΣ ΔΗΜΗΤΡΙΟΣ του Γεωργίου,ΤΣΟΛΑΚΙΔΗΣ ΒΑΣΙΛΕΙΟΣ του Δήμου,Νέα Δημοκρατία,ΔΕΡΜΕΝΤΖΟΠΟΥΛΟΣ ΧΡΗΣΤΟΣ του Αλεξάνδρου,ΔΗΜΟΣΧΑΚΗΣ ΑΝΑΣΤΑΣΙΟΣ του Σπύρου,ΚΕΛΕΤΣΗΣ ΣΤΑΥΡΟΣ του Δημητρίου,ΜΠΑΧΑΡΙΔΟΥ ΧΡΥΣΗ του Γεωργίου,ΣΩΚΟΥ ΕΛΕΝΗ (ΕΛΕΝΑ) του Παντελή,ΦΑΡΑΝΤΑΤΟΣ ΠΑΝΑΓΙΩΤΗΣ του Χρήστου,Λαϊκός Σύνδεσμος - Χρυσή Αυγή,ΔΙΜΗΝΙΔΟΥ ΔΗΜΗΤΡΟΥΛΑ του Ευαγγέλου,ΔΟΥΛΑΚΗΣ ΜΙΧΑΗΛ του Γεωργίου,ΘΕΟΧΑΡΙΔΗΣ ΚΩΝΣΤΑΝΤΙΝΟΣ του Νικολάου,ΚΑΡΑΓΓΕΛΙΔΗΣ ΑΓΓΕΛΟΣ του Αθανασίου,ΤΣΙΓΓΕΡΛΙΩΤΟΥ ΜΑΡΙΑ του Νικολάου,Κίνημα Αλλαγής,ΒΑΣΙΛΕΙΑΔΟΥ ΚΩΝΣΤΑΝΤΙΝΑ του Χαράλαμπου,ΖΑΠΑΡΤΑΣ ΠΑΝΑΓΙΩΤΗΣ του Εμμανουήλ,ΚΑΡΑΦΥΛΛΗΣ ΑΘΑΝΑΣΙΟΣ του Τραϊανού,ΜΑΛΚΟΠΟΥΛΟΥ ΜΟΡΦΩ του Θεοδώρου,ΟΥΣΤΟΓΛΟΥ ΓΕΩΡΓΙΟΣ του Βασιλείου,ΧΑΜΑΛΙΔΗΣ ΕΛΕΥΘΕΡΙΟΣ του Δημητρίου,Κ.Κ.Ε.,ΓΚΑΤΖΙΔΗΣ ΣΤΑΜΑΤΙΟΣ του Χρήστου,ΔΕΥΤΕΡΑΙΟΣ ΣΑΒΒΑΣ του Παναγή,ΜΙΧΑΗΛΙΔΗΣ ΣΙΔΕΡΗΣ του Γεωργίου,ΣΙΣΚΟΥ ΑΝΝΑ- ΜΑΡΙΑ του Ευαγγέλου,ΤΡΕΛΛΗ ΦΑΝΗ του Αποστόλου,ΧΙΩΝΗΣ ΙΩΑΝΝΗΣ του Νικολάου,Ένωση Κεντρώων,ΛΥΣΙΜΑΧΟΥ ΑΓΓΕΛΙΚΗ του Νικολάου,ΜΟΥΣΙΩΝΗΣ ΝΙΚΟΛΑΟΣ του Χρήστου,ΜΠΑΔΑΝΗΣ ΙΩΑΝΝΗΣ του Δημητρίου,ΣΑΓΚΟΥΡΗ ΒΑΣΙΛΙΚΗ του Νικολάου,ΧΑΡΝΙΔΗΣ ΔΗΜΗΤΡΙΟΣ του Παναγιώτη,Ο.Κ.Δ.Ε.,ΝΤΕΜΗΣ ΔΗΜΗΤΡΙΟΣ του Θεοδώρου,ΑΝΤ.ΑΡ.ΣΥ.Α.,ΚΟΥΣΙΝΟΒΑΛΗ ΑΙΚΑΤΕΡΙΝΑ του Δημητρίου,ΛΑΖΟΣ ΒΑΣΙΛΕΙΟΣ του Βασιλείου,ΜΠΟΤΣΙΔΗΣ ΓΕΩΡΓΙΟΣ του Δημητρίου,Ελλήνων Συνέλευσις,ΑΛΕΞΑΝΔΡΙΔΟΥ ΠΑΡΑΣΚΕΥΗ του Γεωργίου,ΗΛΙΑΔΗΣ ΧΡΗΣΤΟΣ του Δημητρίου,ΚΥΡΟΥ ΜΑΡΙΑ του Παναγιώτη,ΛΑΖΙΔΗΣ ΙΩΑΝΝΗΣ του Δημητρίου,ΠΑΠΑΔΟΠΟΥΛΟΣ ΕΛΕΥΘΕΡΙΟΣ ΚΩΝΣΤΑΝΤΙΝΟΣ του Δημητρίου,ΠΟΛΥΜΕΡΟΠΟΥΛΟΣ ΒΑΣΙΛΕΙΟΣ του Κωνσταντίνου,Ελληνική Λύση - Κ. Βελόπουλος,ΔΕΡΜΕΝΤΖΟΓΛΟΥ ΙΩΑΝΝΗΣ του Γεωργίου,ΚΙΡΚΟΣ ΜΑΡΓΑΡΙΤΗΣ του Δημητρίου,ΚΙΤΣΟΠΟΥΛΟΣ ΧΡΗΣΤΟΣ του Ευαγγέλου,ΠΑΠΟΥΛΙΔΟΥ ΕΛΠΙΔΑ του Γεωργίου,ΠΑΥΛΙΔΗΣ ΚΩΝΣΤΑΝΤΙΝΟΣ του Γεωργίου,ΣΑΧΙΝΙΔΟΥ ΛΥΓΕΡΗ του Γεωργίου,Κ.Κ.Ε. (μ-λ),ΜΑΛΛΙΑΔΑ ΑΝΘΟΥΛΑ του Ευσταθίου,ΜΠΑΪΡΑΚΤΑΡΗΣ ΑΝΑΣΤΑΣΙΟΣ του Χρήστου,Μ-Λ Κ.Κ.Ε.,ΣΠΑΧΗ ΣΤΥΛΙΑΝΗ του Λέανδρου,Ε.ΠΑ.Μ - Α.Κ.Κ.ΕΛ,ΑΒΡΑΜΙΔΟΥ ΒΑΣΙΛΕΙΑ του Κυριάκου,ΑΠΟΣΤΟΛΟΠΟΥΛΟΣ ΓΕΩΡΓΙΟΣ του Κωνσταντίνου,ΓΑΖΗ ΕΛΕΝΗ του Χρήστου,ΖΕΛΙΑΣΚΟΣ ΙΩΑΝΝΗΣ του Σάββα,ΚΟΣΜΙΔΗΣ ΧΡΗΣΤΟΣ του Γεωργίου,Λαϊκή Ενότητα,ΑΝΔΡΕΑΔΑΚΗΣ ΓΕΩΡΓΙΟΣ του Βασιλείου,ΜέΡΑ25,ΒΑΪΔΟΥ ΑΝΝΑ του Ζήση,ΓΕΡΑΣΙΜΟΥ ΗΛΙΑΣ του Ιωάννη,ΛΟΥΪΖΟΥ ΜΑΡΙΑ ΙΩΑΝΝΑ του Βασιλείου,ΜΗΤΡΙΤΖΙΚΟΣ ΝΙΚΟΛΑΟΣ του Πέτρου,Δημιουργία ξανά - Θ. Τζήμερος,ΑΣΗΜΑΚΟΠΟΥΛΟΥ ΕΙΡΗΝΗ του Γεωργίου,ΙΩΣΗΦΙΔΗΣ ΣΑΒΒΑΣ του Στεφάνου,ΚΑΡΑΜΑΝΙΔΗΣ ΧΡΗΣΤΟΣ του Βασιλείου,ΤΣΟΜΠΑΡΗ ΕΥΑΝΘΙΑ του Ευστρατίου,Πλεύση Ελευθερίας - Ζωή Κωνστ.,ΚΙΟΥΜΟΥΡΤΖΗ ΕΛΕΝΗ του Ζήση
1 - Έβρου,1 E.T. Δήμου Αλεξανδρούπολης,532,320,3,3,6,314,98,34,21,15,40,14,22,108,28,36,48,6,18,24,11,4,5,3,3,3,31,7,17,5,0,8,5,15,1,11,2,2,3,4,2,1,0,1,1,0,0,0,1,0,0,0,1,1,0,0,0,0,0,17,6,0,0,3,7,2,0,0,0,0,0,2,0,0,1,0,1,1,1,21,5,1,6,3,3,0,0,2,0,3,1
1 - Έβρου,2 E.T. Δήμου Αλεξανδρούπολης,560,288,12,1,13,275,86,18,27,5,40,19,22,125,32,55,39,12,24,31,4,2,2,0,1,1,17,7,10,1,1,2,2,5,0,2,2,1,2,1,6,3,0,0,0,2,0,0,1,1,0,0,0,0,0,0,0,0,0,18,7,2,2,2,7,1,2,0,0,0,0,3,1,0,1,0,0,0,0,5,2,2,0,2,1,0,1,0,0,2,1
1 - Έβρου,3 E.T. Δήμου Αλεξανδρούπολης,551,316,3,3,6,310,94,23,26,9,52,15,16,151,37,67,54,12,32,46,5,0,2,4,0,0,19,3,11,2,1,1,5,9,1,5,2,0,2,0,0,0,0,0,0,0,0,0,0,0,0,0,0,0,0,0,0,0,0,8,4,1,3,2,0,2,0,0,0,0,0,5,0,2,1,2,2,1,1,12,4,2,2,3,4,1,1,2,0,2,1
1 - Έβρου,4 E.T. Δήμου Αλεξανδρούπολης,570,350,7,7,14,336,102,20,13,6,43,23,28,131,26,53,49,9,25,30,4,0,1,1,0,0,23,6,15,1,1,3,2,21,1,11,2,2,4,4,5,1,0,0,0,0,0,0,2,2,0,1,0,0,0,0,0,0,0,20,11,2,3,3,7,3,0,0,0,0,0,3,0,0,0,0,0,1,1,14,2,2,3,3,9,0,5,3,1,1,1
1 - Έβρου,5 E.T. Δήμου Αλεξανδρούπολης,539,377,3,3,6,371,103,23,25,4,43,14,20,160,37,58,54,8,30,42,13,5,4,1,2,2,14,0,10,2,0,3,2,18,2,14,0,0,3,5,3,1,1,0,0,1,0,0,1,1,1,0,1,0,0,1,0,0,0,29,18,3,2,3,4,4,0,0,0,0,0,0,0,0,0,0,0,1,1,16,5,3,4,4,9,2,3,1,0,3,2
1 - Έβρου,6 E.T. Δήμου Αλεξανδρούπολης,560,314,6,4,10,304,88,17,16,5,41,14,15,134,27,61,42,6,24,39,6,3,2,0,0,0,28,5,14,5,0,3,2,11,1,7,1,2,2,1,1,0,1,0,0,0,0,0,0,0,0,0,1,0,0,1,0,0,1,21,11,6,1,3,6,1,0,0,0,0,0,0,0,0,0,0,0,1,1,10,0,1,1,1,2,0,0,0,0,1,1
1 - Έβρου,7 E.T. Δήμου Αλεξανδρούπολης,548,323,4,2,6,317,115,24,38,7,54,24,22,124,33,49,44,15,25,20,9,5,3,1,1,2,19,5,9,4,1,1,1,14,2,8,4,1,2,1,3,0,0,0,2,1,0,0,0,0,0,0,0,0,0,0,0,0,0,17,8,2,1,1,8,1,0,0,0,0,0,0,0,0,0,0,0,0,0,10,1,0,2,3,3,0,1,2,1,3,2
1 - Έβρου,8 E.T. Δήμου Αλεξανδρούπολης,545,362,4,4,8,354,93,27,28,7,44,10,22,156,49,69,54,10,29,28,12,5,1,7,0,3,35,5,20,7,2,5,2,10,0,6,4,3,2,1,6,3,0,1,1,0,0,0,1,0,0,0,0,0,0,0,0,0,0,23,11,3,3,1,9,1,0,0,0,0,0,2,0,0,0,0,1,2,1,11,6,2,1,5,2,1,1,1,1,1,0
1 - Έβρου,9 E.T. Δήμου Αλεξανδρούπολης,557,309,7,4,11,298,81,20,16,1,40,10,15,137,26,50,54,6,29,36,11,2,4,5,2,1,20,2,12,2,1,6,3,12,0,7,3,1,4,2,1,0,0,1,0,0,0,0,1,0,0,0,0,0,0,0,0,0,0,19,10,1,0,2,6,2,0,0,0,0,0,0,0,0,0,0,0,0,0,10,2,2,1,2,5,1,2,0,0,1,0
1 - Έβρου,10 E.T. Δήμου Αλεξανδρούπολης,547,338,7,4,11,327,99,27,25,13,46,25,27,128,40,58,44,10,22,32,6,1,4,4,2,0,28,5,24,3,2,2,0,18,3,9,2,4,6,0,2,1,0,0,1,1,0,0,2,2,1,1,2,0,0,1,0,1,2,20,8,1,1,3,8,5,0,0,0,0,0,2,1,0,2,1,0,1,0,8,2,1,3,2,6,2,3,3,1,5,0
1 - Έβρου,11 E.T. Δήμου Αλεξανδρούπολης,531,342,4,1,5,337,103,28,21,13,47,18,28,126,34,49,41,5,32,47,11,3,6,2,2,3,29,7,21,5,0,7,5,21,4,11,3,2,4,8,3,0,1,0,0,1,0,0,2,0,1,2,0,0,0,0,0,0,0,21,10,4,3,2,5,2,0,0,0,0,0,4,0,2,0,0,2,1,0,10,6,0,3,2,4,1,2,1,0,2,1
1 - Έβρου,12 E.T. Δήμου Αλεξανδρούπολης,534,291,4,1,5,286,61,17,8,3,25,8,12,142,33,59,54,15,25,27,11,3,6,4,0,0,26,4,20,4,3,6,3,7,1,4,1,1,1,1,4,1,0,0,0,0,0,0,1,0,0,0,0,0,0,0,0,0,0,11,3,0,1,2,5,1,0,0,0,0,0,1,0,1,0,0,0,0,0,18,5,3,3,5,2,1,2,0,0,2,1
1 - Έβρου,13 E.T. Δήμου Αλεξανδρούπολης,563,303,4,3,7,296,79,17,19,3,37,11,16,139,32,47,47,10,21,26,9,2,3,4,1,1,23,3,16,1,2,6,0,6,0,5,0,2,1,1,5,2,2,2,0,0,0,0,2,1,1,0,0,0,0,0,0,0,0,16,6,1,0,1,3,1,0,0,0,0,0,2,0,1,0,0,0,0,0,10,3,2,3,1,2,0,2,0,0,3,0
1 - Έβρου,14 E.T. Δήμου Αλεξανδρούπολης,554,290,7,3,10,280,83,24,20,1,36,11,16,135,25,65,46,9,28,21,5,2,1,0,0,0,8,1,5,0,0,1,0,12,1,4,4,4,5,3,3,0,0,0,0,0,0,0,2,0,0,1,0,0,0,0,0,0,0,12,4,2,1,1,6,0,0,0,0,0,0,3,0,0,1,1,1,0,0,15,6,2,4,4,1,0,0,1,0,1,1
1 - Έβρου,15 E.T. Δήμου Αλεξανδρούπολης,559,340,6,4,10,330,91,24,22,8,28,10,15,145,30,62,53,9,34,36,11,5,1,3,0,2,25,3,13,4,3,7,2,12,1,4,3,1,1,1,5,2,1,1,1,2,0,0,6,2,2,1,0,0,0,0,0,0,0,16,6,4,3,1,3,0,0,0,0,0,0,4,1,0,2,1,0,1,0,10,5,2,2,3,3,0,1,1,0,1,0
1 - Έβρου,16 E.T. Δήμου Αλεξανδρούπολης,560,313,0,2,2,311,82,15,27,7,33,12,15,144,33,52,48,10,28,40,8,2,2,2,0,2,13,4,8,1,0,3,0,13,0,12,1,0,2,5,5,1,1,1,1,1,0,0,1,0,0,0,1,0,0,0,0,1,1,23,11,2,3,1,3,2,0,0,0,0,0,3,1,1,0,0,0,0,0,11,2,4,1,2,1,1,0,0,0,6,4
1 - Έβρου,17 E.T. Δήμου Αλεξανδρούπολης,530,322,7,0,7,315,109,30,26,9,40,16,18,122,27,43,40,4,30,29,10,5,4,3,2,0,18,6,12,1,3,3,0,7,0,7,0,0,0,1,2,0,1,1,0,1,1,0,0,0,0,0,0,0,0,0,0,0,0,28,14,3,2,1,12,3,1,0,0,0,0,0,0,0,0,0,0,0,0,12,1,4,2,4,5,3,4,2,1,0,0
1 - Έβρου,18 E.T. Δήμου Αλεξανδρούπολης,532,335,8,3,11,324,98,19,16,11,48,11,16,124,23,42,35,8,23,33,10,3,1,0,1,1,24,9,15,5,1,2,0,22,0,12,5,1,6,5,4,0,1,1,0,0,0,0,9,2,0,2,0,0,0,0,0,0,0,15,5,4,2,2,7,1,0,0,0,0,0,2,1,0,1,0,1,1,1,12,5,2,2,1,3,0,0,0,0,0,0
1 - Έβρου,19 E.T. Δήμου Αλεξανδρούπολης,549,323,7,1,8,315,107,27,29,7,53,20,15,116,26,59,45,9,17,14,7,2,2,2,1,0,29,6,24,5,0,5,1,17,1,9,7,1,4,2,4,0,0,0,0,0,0,0,2,0,0,0,0,0,0,0,0,0,0,17,7,2,2,0,9,0,0,0,0,1,0,1,0,0,0,0,0,0,0,9,3,0,0,2,4,0,0,2,0,1,1
1 - Έβρου,20 E.T. Δήμου Αλεξανδρούπολης,562,357,4,4,8,349,95,20,24,10,36,15,17,159,48,68,51,10,23,33,4,1,2,0,1,0,25,5,15,2,6,5,2,4,0,2,1,1,0,1,6,1,0,0,1,0,0,0,0,0,0,0,0,0,0,0,0,0,0,30,9,6,2,2,8,3,1,1,1,0,0,1,0,0,0,0,0,1,0,16,6,3,3,3,0,0,0,0,0,7,2
1 - Έβρου,21 E.T. Δήμου Αλεξανδρούπολης,543,323,3,9,12,311,91,27,26,3,44,17,13,128,41,56,44,8,16,23,10,3,1,3,1,3,23,6,15,3,0,7,4,10,1,6,5,1,5,0,7,4,1,2,1,1,0,0,0,0,0,0,0,0,0,0,0,0,0,23,11,4,1,3,6,4,1,1,1,0,0,2,1,1,0,0,0,0,0,9,6,2,3,2,4,1,2,1,0,3,2
1 - Έβρου,22 E.T. Δήμου Αλεξανδρούπολης,539,339,3,5,8,331,84,25,16,7,40,13,17,158,39,68,55,14,31,33,10,1,1,2,0,0,24,2,17,4,3,2,5,14,1,3,5,1,2,6,2,0,0,1,0,1,0,0,0,0,0,0,2,1,1,1,0,0,0,23,12,8,2,3,3,4,0,0,0,0,0,1,0,0,0,0,0,1,0,10,3,3,1,3,0,0,0,0,0,2,1
1 - Έβρου,23 E.T. Δήμου Αλεξανδρούπολης,225,126,1,1,2,124,31,7,2,2,12,1,8,29,3,11,13,3,5,6,1,0,0,0,0,0,31,0,29,0,8,4,3,14,0,1,13,0,0,3,3,0,0,1,0,0,0,0,0,0,0,0,0,0,0,0,0,0,0,6,1,0,0,0,4,0,0,0,0,0,0,0,0,0,0,0,0,0,0,6,0,0,0,2,2,0,0,1,0,1,1
1 - Έβρου,24 E.T. Δήμου Αλεξανδρούπολης,152,90,0,1,1,89,26,7,4,1,14,1,11,44,5,28,14,4,14,9,1,0,1,0,1,0,6,0,2,3,0,0,1,1,0,1,0,0,1,0,1,0,0,0,1,0,0,0,0,0,0,0,0,0,0,0,0,0,0,5,4,0,2,1,0,1,0,0,0,0,0,0,0,0,0,0,0,0,0,5,2,1,2,2,0,0,0,0,0,0,0
1 - Έβρου,25 E.T. Δήμου Αλεξανδρούπολης,471,313,7,1,8,305,75,17,17,2,28,3,7,150,43,54,57,8,15,33,14,2,4,5,1,1,16,3,10,4,1,2,0,5,0,1,1,0,1,0,1,0,0,0,0,0,0,0,0,0,0,0,0,0,0,0,0,0,0,31,9,3,4,3,11,4,0,0,0,0,0,1,0,0,0,0,0,0,0,8,1,1,1,0,1,0,0,0,0,3,2
1 - Έβρου,26 E.T. Δήμου Αλεξανδρούπολης,471,311,6,3,9,302,82,13,18,6,30,8,21,144,38,60,59,10,18,18,17,6,3,0,2,4,6,1,4,2,0,2,1,6,0,3,1,0,1,0,5,0,1,0,0,2,0,0,1,1,1,0,0,0,0,0,0,0,0,25,6,2,1,1,12,2,0,0,0,0,0,0,0,0,0,0,0,1,1,12,6,1,3,4,1,0,0,0,0,2,2
1 - Έβρου,27 E.T. Δήμου Αλεξανδρούπολης,392,273,1,2,3,270,81,18,27,5,30,12,24,111,35,53,29,7,17,42,10,7,3,1,1,1,21,6,7,5,2,4,2,9,1,5,5,1,1,2,4,1,1,0,0,1,0,0,0,0,0,0,0,0,0,0,0,0,0,20,9,2,2,2,7,3,0,0,0,0,0,0,0,0,0,0,0,0,0,11,4,3,3,7,2,0,0,0,0,1,0
1 - Έβρου,28 E.T. Δήμου Αλεξανδρούπολης,426,307,0,5,5,302,92,23,16,2,31,14,34,134,42,50,43,15,21,25,9,4,6,1,1,1,20,3,14,4,4,4,1,9,0,8,1,1,4,2,4,1,0,0,1,0,1,0,0,0,0,0,1,0,0,1,0,0,0,10,2,1,2,1,6,0,0,0,0,0,0,3,0,0,0,1,0,1,1,14,4,1,0,5,2,0,0,0,0,2,1
1 - Έβρου,29 E.T. Δήμου Αλεξανδρούπολης,556,305,9,3,12,293,142,36,25,2,70,14,19,96,16,36,42,11,19,15,3,0,1,1,0,1,14,4,8,3,0,4,1,10,2,4,2,3,1,3,1,0,0,0,0,0,0,0,0,0,0,0,0,0,0,0,0,0,0,18,5,3,1,0,11,1,0,0,0,0,0,3,1,0,1,0,0,1,0,4,2,0,1,3,1,0,0,0,0,0,0
1 - Έβρου,30 E.T. Δήμου Αλεξανδρούπολης,549,352,6,9,15,337,122,32,32,11,57,18,23,123,36,48,45,7,25,38,10,4,2,2,1,2,26,6,14,6,4,2,1,11,2,4,1,3,3,3,5,2,1,1,1,2,1,1,1,1,1,0,0,0,0,0,0,0,0,24,9,5,2,4,11,2,0,0,0,0,0,1,0,0,0,1,0,2,0,9,2,2,4,3,0,0,0,0,0,2,2
1 - Έβρου,31 E.T. Δήμου Αλεξανδρούπολης,568,351,5,4,9,342,110,34,37,9,66,22,15,153,35,61,50,10,36,41,8,3,2,2,0,0,26,9,18,3,2,7,2,17,2,13,3,4,3,2,2,0,0,0,0,1,0,0,0,0,0,0,0,0,0,0,0,0,0,16,5,6,3,2,9,0,0,0,0,0,0,1,0,1,0,1,0,1,0,8,0,1,2,2,0,0,0,0,0,0,0
1 - Έβρου,32 E.T. Δήμου Αλεξανδρούπολης,541,344,8,5,13,331,128,28,33,14,55,24,31,126,37,56,42,7,20,32,4,0,2,1,1,0,25,5,16,8,1,2,4,9,3,5,3,1,2,0,2,0,0,0,0,0,0,0,1,0,0,1,0,0,0,0,0,0,0,20,9,5,4,2,8,4,0,0,0,1,0,2,0,1,0,0,2,0,0,5,1,2,1,3,3,1,2,0,1,5,4
1 - Έβρου,33 E.T. Δήμου Αλεξανδρούπολης,557,360,14,1,15,345,98,21,14,6,47,14,23,166,55,63,52,19,32,44,16,7,4,3,2,1,14,4,8,1,1,4,3,8,0,4,1,0,1,3,4,1,0,1,2,3,0,0,0,0,0,0,0,0,0,0,0,0,0,21,12,5,3,1,6,2,0,0,0,0,0,1,0,0,0,0,0,0,0,12,3,1,2,3,4,1,0,0,1,1,0
1 - Έβρου,34 E.T. Δήμου Αλεξανδρούπολης,560,334,4,0,4,330,125,24,30,11,59,22,27,129,24,56,53,11,20,28,15,4,4,6,1,3,13,1,7,4,1,6,2,9,0,7,1,2,1,2,2,0,1,0,0,0,0,0,1,0,0,0,0,0,0,0,0,0,0,16,7,2,1,0,5,1,0,0,0,0,0,1,0,0,0,0,0,0,0,9,1,2,1,0,3,1,1,0,0,7,3
1 - Έβρου,35 E.T. Δήμου Αλεξανδρούπολης,537,349,5,3,8,341,100,30,23,4,38,13,16,137,31,45,53,10,17,30,9,4,2,2,1,2,23,6,11,4,1,3,2,16,0,10,3,4,4,2,2,0,1,0,0,0,0,0,2,0,0,0,0,0,0,0,0,0,0,28,14,1,2,3,8,4,0,0,0,1,0,3,0,0,0,0,0,1,1,13,4,1,1,2,3,1,0,1,0,3,2
1 - Έβρου,36 E.T. Δήμου Αλεξανδρούπολης,559,305,11,1,12,293,179,40,16,9,89,7,25,63,20,15,12,9,14,21,8,3,4,5,0,0,2,0,2,0,0,0,0,6,0,1,3,1,3,0,2,0,0,0,0,0,0,0,0,0,0,0,3,0,0,2,0,0,2,13,4,4,1,0,5,2,1,0,0,1,0,2,2,0,0,2,0,0,0,3,1,0,1,2,5,1,1,0,0,5,2
1 - Έβρου,37 E.T. Δήμου Αλεξανδρούπολης,552,371,11,3,14,357,110,25,28,6,52,15,20,138,45,59,36,8,30,29,13,2,3,5,2,0,29,3,17,3,5,4,0,11,0,7,3,3,4,0,4,2,1,0,0,3,1,0,0,0,0,0,0,0,0,0,0,0,0,26,6,2,2,3,11,1,0,0,0,0,0,4,0,0,0,0,3,0,0,11,3,1,1,3,2,1,1,1,0,8,4
1 - Έβρου,38 E.T. Δήμου Αλεξανδρούπολης,544,359,5,0,5,354,120,28,30,7,56,13,20,143,40,49,47,17,29,17,7,1,2,2,0,0,17,1,12,2,3,5,3,17,0,13,3,5,4,4,6,1,0,1,1,0,0,0,2,0,0,0,0,0,0,0,0,0,0,18,7,3,1,0,9,0,0,0,0,0,0,1,0,0,0,0,0,1,0,14,6,2,3,4,4,1,0,2,0,4,3
1 - Έβρου,39 E.T. Δήμου Αλεξανδρούπολης,530,357,6,4,10,347,138,32,33,5,67,17,22,127,38,51,50,12,18,29,14,2,4,6,3,2,21,3,12,4,2,0,4,12,0,4,0,4,3,4,2,0,1,1,0,2,0,0,1,0,0,0,0,0,0,0,0,0,0,16,2,2,1,3,7,3,0,0,0,0,0,2,1,1,1,0,1,1,1,7,3,4,0,4,2,0,1,0,0,4,3
1 - Έβρου,40 E.T. Δήμου Αλεξανδρούπολης,534,348,3,3,6,342,113,24,22,10,57,18,19,146,39,64,53,13,31,29,10,3,3,4,2,0,19,15,8,4,2,7,2,8,0,6,1,0,1,3,7,1,1,1,2,3,0,0,0,0,0,0,1,0,1,0,0,0,0,17,5,0,1,2,4,2,0,0,0,0,0,1,0,0,1,0,0,2,2,12,3,1,3,2,3,0,0,1,0,3,3
1 - Έβρου,41 E.T. Δήμου Αλεξανδρούπολης,568,355,5,3,8,347,99,16,18,6,53,21,7,138,45,63,42,15,36,27,15,4,2,4,2,0,25,3,16,3,2,3,2,15,0,10,2,7,2,4,8,1,1,2,1,4,0,0,1,0,0,0,0,0,0,0,0,0,0,20,5,4,1,4,5,3,0,0,0,0,0,4,2,1,0,1,3,0,0,15,2,4,4,1,5,1,1,1,1,2,2
1 - Έβρου,42 E.T. Δήμου Αλεξανδρούπολης,530,339,4,5,9,330,144,29,22,3,76,19,12,106,32,37,28,6,14,38,8,3,3,1,1,0,16,0,6,7,2,3,3,14,0,10,1,0,2,3,7,2,2,1,0,0,1,0,1,1,1,0,0,0,0,0,0,0,0,10,5,0,1,1,3,4,1,0,0,0,0,2,2,0,1,1,0,1,0,9,0,1,0,2,6,0,3,5,0,4,0
1 - Έβρου,43 E.T. Δήμου Αλεξανδρούπολης,548,338,11,3,14,324,136,33,26,5,80,12,37,114,43,41,29,10,22,36,16,6,9,3,0,2,15,0,13,2,1,4,0,6,0,2,0,1,1,1,4,0,1,0,0,1,0,0,0,0,0,0,2,0,1,1,0,0,1,20,9,2,3,4,9,3,0,0,0,0,0,4,3,1,1,0,1,0,0,5,3,1,2,0,1,0,0,0,0,1,1
1 - Έβρου,44 E.T. Δήμου Αλεξανδρούπολης,538,356,3,2,5,351,86,23,27,6,33,16,13,169,47,48,59,8,29,40,9,2,2,2,0,1,24,7,16,5,1,5,4,10,0,8,2,0,3,1,4,2,1,1,1,2,0,0,0,0,0,0,0,0,0,0,0,0,0,26,8,3,2,1,9,2,0,0,0,1,0,0,0,0,0,0,0,2,1,11,1,1,4,4,7,2,2,2,1,2,1
1 - Έβρου,45 E.T. Δήμου Αλεξανδρούπολης,564,320,7,1,8,312,125,37,27,8,52,14,16,117,33,46,43,10,22,25,4,2,0,1,1,1,23,2,18,3,2,4,2,6,0,3,1,1,0,0,3,1,1,0,3,0,0,0,1,1,0,0,0,0,0,0,0,0,0,18,7,3,0,0,6,3,0,0,0,0,0,0,0,0,0,0,0,2,1,11,2,2,3,4,2,0,0,0,0,0,0
1 - Έβρου,46 E.T. Δήμου Αλεξανδρούπολης,566,374,10,4,14,360,116,41,30,6,62,20,18,159,36,63,66,18,27,39,8,2,3,4,2,1,15,2,9,5,3,4,0,4,0,3,1,1,1,0,6,2,0,1,1,1,0,0,0,0,0,0,3,0,2,0,1,1,0,27,13,2,3,2,10,3,0,0,0,0,0,2,1,0,0,0,1,0,0,13,5,1,6,4,3,1,0,1,0,4,2
1 - Έβρου,47 E.T. Δήμου Αλεξανδρούπολης,565,355,5,2,7,348,121,42,31,5,60,21,17,118,30,48,43,13,34,17,12,4,3,1,3,0,19,1,13,6,0,8,0,15,0,9,0,4,7,1,6,2,1,2,0,1,0,0,1,0,0,0,1,0,1,0,1,0,0,27,9,2,3,1,15,1,0,0,0,0,0,1,0,0,0,0,0,1,0,20,8,5,3,6,3,1,0,1,0,3,1
1 - Έβρου,48 E.T. Δήμου Αλεξανδρούπολης,570,305,4,6,10,295,135,30,24,4,74,15,24,92,18,30,31,12,21,21,8,1,1,4,1,0,19,4,14,5,1,1,0,1,0,0,0,0,0,1,7,2,1,0,1,1,0,0,0,0,0,0,0,0,0,0,0,0,0,22,7,1,0,1,11,1,1,0,0,0,0,0,0,0,0,0,0,0,0,5,0,1,1,1,1,0,1,1,0,4,4
1 - Έβρου,49 E.T. Δήμου Αλεξανδρούπολης,565,348,6,2,8,340,114,16,29,2,58,15,29,138,30,60,69,10,23,20,11,3,5,3,2,0,14,4,9,1,2,0,2,9,0,5,1,2,3,1,2,0,0,0,0,0,1,1,2,1,0,0,0,0,0,0,0,0,0,25,10,3,3,1,6,11,0,0,0,0,0,4,0,0,0,0,1,0,0,14,4,0,4,2,2,1,1,0,0,4,2
1 - Έβρου,50 E.T. Δήμου Αλεξανδρούπολης,569,316,4,3,7,309,100,33,23,10,47,19,10,125,25,57,56,14,20,29,14,3,2,6,4,3,16,2,10,1,4,3,0,11,1,9,2,1,3,1,6,1,1,0,1,0,0,0,3,1,0,1,1,1,0,1,0,0,0,20,10,2,5,1,10,2,0,0,0,0,0,3,1,0,1,1,1,0,0,6,1,1,0,1,1,1,0,1,0,3,3
1 - Έβρου,51 E.T. Δήμου Αλεξανδρούπολης,570,342,3,0,3,339,146,45,31,14,61,27,25,104,27,36,44,15,25,12,15,10,4,1,2,5,28,1,17,5,0,5,7,9,0,7,2,1,3,3,1,0,0,0,0,0,0,0,1,0,0,0,0,0,0,0,0,0,0,20,9,3,3,2,7,1,0,0,0,0,0,4,0,1,2,0,3,0,0,6,2,0,3,2,2,2,0,1,1,3,1
1 - Έβρου,52 E.T. Δήμου Αλεξανδρούπολης,570,352,5,0,5,347,115,22,28,12,59,17,18,140,44,53,54,7,29,33,12,4,4,6,4,1,20,6,10,5,3,4,2,15,0,10,2,2,3,1,3,0,0,0,0,0,0,0,1,0,0,0,0,0,0,0,0,0,0,22,12,6,1,4,10,4,0,0,0,0,0,3,1,0,1,0,0,1,0,9,4,1,2,2,4,2,3,2,0,2,1
1 - Έβρου,53 E.T. Δήμου Αλεξανδρούπολης,570,297,13,5,18,279,131,15,19,7,54,8,23,89,27,32,27,6,12,24,5,1,1,1,0,1,12,1,4,2,0,0,0,8,1,5,0,0,1,1,5,0,0,0,1,0,0,0,0,0,0,0,0,0,0,0,0,0,0,12,5,0,2,1,5,2,1,0,0,0,0,1,0,0,0,0,0,2,0,8,1,2,1,1,1,1,0,0,0,4,1
1 - Έβρου,54 E.T. Δήμου Αλεξανδρούπολης,557,306,1,1,2,304,116,24,29,7,51,16,20,118,28,59,53,11,20,22,5,1,0,2,0,0,18,2,12,2,0,1,2,9,1,6,2,2,0,1,6,1,1,0,2,4,0,0,0,0,0,0,0,0,0,0,0,0,0,16,5,2,2,1,9,0,0,0,0,0,0,0,0,0,0,0,0,1,0,11,6,1,3,1,1,0,0,0,0,3,1
1 - Έβρου,55 E.T. Δήμου Αλεξανδρούπολης,535,303,5,1,6,297,93,27,22,5,33,13,34,111,25,36,39,1,21,38,6,3,2,2,0,0,21,4,6,8,2,4,4,16,0,6,3,6,2,8,4,0,0,0,0,0,0,0,2,0,1,0,1,1,1,0,0,0,0,21,2,3,2,1,13,1,0,0,0,0,0,3,0,0,1,0,1,2,0,9,6,2,2,4,0,0,0,0,0,8,4
1 - Έβρου,56 E.T. Δήμου Αλεξανδρούπολης,547,287,12,1,13,274,113,22,25,5,43,13,30,98,30,23,38,7,20,23,2,1,1,0,0,0,14,3,11,5,0,0,0,15,0,11,4,1,4,5,2,1,0,2,0,0,1,0,0,0,0,0,1,1,1,0,0,0,0,17,1,4,1,7,4,1,0,0,0,0,0,1,0,0,1,0,1,0,0,9,4,2,3,1,0,0,0,0,0,1,0
1 - Έβρου,57 E.T. Δήμου Αλεξανδρούπολης,563,309,6,5,11,298,108,26,27,12,52,28,28,109,31,43,48,14,23,21,3,2,1,2,1,0,18,4,12,5,2,1,3,8,1,4,2,2,1,1,3,1,0,1,1,0,0,0,2,1,0,0,3,2,0,2,0,1,1,24,9,4,3,1,6,0,0,0,0,1,0,1,0,1,0,0,0,0,0,8,2,1,2,3,5,4,2,3,0,5,3
1 - Έβρου,58 E.T. Δήμου Αλεξανδρούπολης,567,358,2,2,4,354,111,23,29,5,47,23,21,154,87,54,80,13,27,31,7,0,1,1,0,1,19,11,8,4,3,2,2,11,0,9,2,1,2,2,6,2,1,1,0,1,0,0,3,0,1,1,0,0,0,0,0,0,0,20,12,3,5,0,5,1,0,0,0,0,0,2,1,0,1,1,0,2,0,12,3,5,2,2,2,1,0,0,0,5,4
1 - Έβρου,59 E.T. Δήμου Αλεξανδρούπολης,570,332,4,2,6,326,101,24,29,8,45,19,19,130,27,54,50,6,26,28,9,4,3,4,0,1,30,5,12,7,3,4,2,12,4,8,4,2,3,3,2,0,0,0,0,0,1,1,0,0,0,0,0,0,0,0,0,0,0,18,9,2,1,3,8,1,1,1,1,0,0,0,0,0,0,0,0,2,0,15,5,1,3,5,1,1,0,0,1,4,2
1 - Έβρου,60 E.T. Δήμου Αλεξανδρούπολης,531,408,6,3,9,399,138,24,32,10,50,13,26,152,61,38,54,9,32,40,19,5,4,5,2,1,25,5,11,6,3,3,0,16,1,8,1,3,3,3,5,0,1,0,0,2,0,0,1,1,0,1,1,0,0,1,0,0,1,23,12,2,0,0,6,0,0,0,0,0,0,1,0,1,0,0,1,1,0,11,2,1,1,4,1,0,1,1,0,5,1
1 - Έβρου,61 E.T. Δήμου Αλεξανδρούπολης,559,289,3,1,4,285,99,27,25,9,39,19,22,107,21,39,30,14,25,33,10,3,3,3,4,1,13,1,6,5,1,2,3,4,0,2,0,1,1,3,4,1,0,0,1,0,0,0,1,0,0,0,2,0,2,0,0,0,0,22,9,4,3,4,9,6,0,0,0,0,0,0,0,0,0,0,0,2,2,14,10,4,5,6,6,1,2,2,0,1,1
1 - Έβρου,62 E.T. Δήμου Αλεξανδρούπολης,551,277,9,4,13,264,112,29,15,5,48,20,29,97,24,40,31,8,27,22,5,1,2,2,0,2,21,8,13,5,0,3,0,3,0,2,0,0,0,3,2,0,1,1,0,0,0,0,1,0,0,0,0,0,0,0,0,0,0,15,8,1,0,2,3,4,0,0,0,0,0,0,0,0,0,0,0,1,1,3,1,0,2,0,1,1,0,1,0,3,2
1 - Έβρου,63 E.T. Δήμου Αλεξανδρούπολης,562,339,7,2,9,330,118,25,29,9,41,16,22,131,38,41,46,5,21,38,10,1,3,3,1,0,25,5,15,6,3,4,4,9,0,8,3,2,1,0,5,2,0,1,0,0,1,0,1,0,0,0,0,0,0,0,0,0,0,16,11,3,1,0,6,0,0,0,0,0,0,0,0,0,0,0,0,0,0,6,1,0,1,2,4,2,0,1,0,4,1
1 - Έβρου,64 E.T. Δήμου Αλεξανδρούπολης,553,309,6,2,8,301,102,35,26,9,39,12,28,116,29,52,48,17,22,18,8,2,1,2,2,0,22,3,13,3,2,3,3,8,0,6,0,0,1,0,7,0,0,1,2,2,0,0,3,0,1,2,0,0,0,0,0,0,0,22,13,3,0,1,12,3,0,0,0,0,0,1,1,0,0,0,1,0,0,5,3,2,2,1,2,0,1,1,0,5,2
1 - Έβρου,65 E.T. Δήμου Αλεξανδρούπολης,565,341,5,4,9,332,95,23,24,7,47,18,22,130,30,49,44,16,27,24,10,4,4,3,4,0,24,8,10,6,1,6,3,21,1,12,3,5,6,7,5,1,0,0,1,0,0,0,2,1,1,0,2,0,2,0,0,0,0,21,8,4,1,0,11,1,1,1,1,3,0,0,0,0,0,0,0,0,0,7,4,0,5,1,7,2,1,1,1,4,2
1 - Έβρου,66 E.T. Δήμου Αλεξανδρούπολης,563,323,4,6,10,313,93,18,26,3,44,15,5,132,29,46,59,10,23,23,12,6,3,3,2,1,25,3,16,11,1,1,2,5,1,2,3,0,2,1,2,1,0,0,0,0,0,0,2,0,1,0,1,1,1,0,0,0,0,18,10,3,2,1,5,2,1,1,1,0,0,3,0,0,1,0,0,1,1,11,1,1,3,1,2,0,0,0,0,5,3
1 - Έβρου,67 E.T. Δήμου Αλεξανδρούπολης,552,298,5,3,8,290,104,26,19,5,51,14,25,100,30,41,39,9,15,23,4,1,2,0,2,2,20,2,13,3,1,5,0,17,1,11,2,2,5,4,3,1,0,0,0,1,1,0,1,0,0,0,0,0,0,0,0,0,0,15,9,2,1,1,7,0,0,0,0,0,0,2,0,1,0,0,1,0,0,12,4,5,4,3,5,3,3,0,0,6,1
1 - Έβρου,68 E.T. Δήμου Αλεξανδρούπολης,569,290,4,5,9,281,88,32,24,4,41,11,22,128,44,45,48,7,26,35,8,3,1,4,0,2,12,1,9,2,2,2,0,8,0,5,1,3,1,1,1,1,0,1,0,0,0,0,0,0,0,0,0,0,0,0,0,0,0,18,7,1,3,0,8,3,1,0,0,0,0,1,0,1,0,1,0,0,0,9,1,3,2,3,5,2,2,2,1,2,0
1 - Έβρου,69 E.T. Δήμου Αλεξανδρούπολης,570,302,2,2,4,298,112,25,36,5,50,17,19,114,33,44,37,6,20,33,6,3,2,2,2,0,22,4,14,2,0,3,2,8,1,6,1,1,0,0,5,4,1,1,2,2,1,1,1,1,0,1,0,0,0,0,0,0,0,12,7,0,3,2,3,3,0,0,0,0,0,0,0,0,0,0,0,0,0,9,2,0,2,2,4,1,0,2,1,4,1
1 - Έβρου,70 E.T. Δήμου Αλεξανδρούπολης,568,325,5,2,7,318,110,36,27,4,52,14,23,125,33,47,48,8,23,31,12,4,2,3,3,1,27,9,16,4,3,4,5,8,0,6,1,1,1,0,2,1,1,1,1,0,0,0,1,0,0,1,1,0,1,0,0,0,0,10,1,1,3,1,2,1,0,0,0,0,0,0,0,0,0,0,0,2,2,8,2,0,3,2,8,1,2,1,0,4,1
1 - Έβρου,71 E.T. Δήμου Αλεξανδρούπολης,538,329,7,0,7,322,85,20,26,12,33,9,14,132,39,44,36,6,23,28,4,3,1,0,2,0,17,6,7,1,0,4,2,15,0,8,3,3,5,1,6,3,0,1,3,0,0,0,1,1,0,0,1,0,1,0,1,0,0,34,11,3,2,2,13,2,0,0,0,0,0,3,0,0,1,0,0,0,0,11,5,2,2,1,11,3,3,2,1,2,1
1 - Έβρου,72 E.T. Δήμου Αλεξανδρούπολης,568,261,7,2,9,252,90,13,17,4,35,6,20,91,24,27,29,5,16,17,5,0,2,1,1,0,19,3,11,4,0,3,0,8,0,6,0,1,0,1,2,0,0,0,0,0,0,0,0,0,0,0,0,0,0,0,0,0,0,25,11,0,4,6,6,0,0,0,0,0,0,0,0,0,0,0,0,0,0,8,3,1,1,4,4,1,2,2,1,0,0
1 - Έβρου,73 E.T. Δήμου Αλεξανδρούπολης,552,351,7,6,13,338,104,25,25,8,41,13,14,128,27,49,38,10,43,38,12,4,2,5,4,2,22,9,9,6,1,3,2,9,0,5,1,0,3,1,6,1,1,0,0,0,0,0,1,1,0,0,1,0,0,1,0,0,1,35,13,9,4,3,11,8,1,0,0,0,0,1,1,0,0,1,0,1,1,8,1,1,2,3,5,0,2,2,0,4,0
1 - Έβρου,74 E.T. Δήμου Αλεξανδρούπολης,535,355,7,3,10,345,135,34,38,12,61,19,20,120,35,46,31,8,21,24,11,4,5,3,2,1,20,3,14,4,1,3,2,13,0,11,3,5,1,2,2,1,0,1,0,0,0,0,4,0,1,2,1,1,1,0,0,0,0,14,6,2,0,2,3,1,1,1,0,0,0,2,0,1,0,0,0,0,0,12,3,1,2,3,4,0,2,2,0,6,2
1 - Έβρου,75 E.T. Δήμου Αλεξανδρούπολης,530,306,14,6,20,286,98,20,20,8,34,9,30,116,32,34,41,5,22,31,10,1,5,4,0,1,18,6,7,1,2,3,3,10,0,3,4,2,6,2,1,0,0,0,0,1,0,0,1,0,0,1,0,0,0,0,0,0,0,14,6,1,2,1,3,1,0,0,0,0,0,3,0,0,0,0,0,0,0,9,5,2,1,2,3,1,0,0,0,3,1
1 - Έβρου,76 E.T. Δήμου Αλεξανδρούπολης,531,374,10,5,15,359,94,14,16,14,40,11,20,160,50,60,60,10,23,41,14,2,3,3,1,1,22,2,13,3,0,4,3,13,0,3,2,5,4,1,6,4,0,1,0,2,1,1,2,0,0,1,0,0,0,0,0,0,0,25,7,0,1,4,12,4,0,0,0,0,0,1,0,1,0,0,0,0,0,14,5,3,3,2,7,3,2,1,1,0,0
1 - Έβρου,77 E.T. Δήμου Αλεξανδρούπολης,548,297,5,2,7,290,108,30,24,8,52,9,21,112,34,50,46,6,14,23,4,1,0,0,0,0,13,3,7,2,3,3,0,11,1,9,1,0,1,3,6,3,1,0,2,0,0,0,1,0,0,0,0,0,0,0,0,0,0,15,7,0,0,0,9,2,0,0,0,0,0,2,2,0,1,1,0,0,0,14,4,2,8,6,0,0,0,0,0,4,3
1 - Έβρου,78 E.T. Δήμου Αλεξανδρούπολης,575,384,3,7,10,374,93,27,20,8,38,12,23,153,40,63,56,9,30,28,15,1,5,5,4,0,34,0,19,12,3,11,3,17,0,10,2,2,5,7,3,0,0,0,0,0,0,0,3,2,1,0,0,0,0,0,0,0,0,35,15,5,4,2,13,2,0,0,0,1,0,1,0,0,0,1,1,1,1,8,3,1,3,0,6,3,4,2,1,4,1
1 - Έβρου,79 E.T. Δήμου Αλεξανδρούπολης,564,382,15,4,19,363,114,25,32,7,48,26,27,119,42,48,39,15,25,28,7,1,1,2,2,0,39,9,19,11,2,13,9,18,1,7,3,8,3,8,9,1,0,0,0,0,0,0,1,0,0,0,1,0,1,1,0,0,0,31,16,5,1,3,13,1,2,2,1,0,0,0,0,0,0,0,0,0,0,8,1,3,0,3,7,3,4,3,2,7,3
1 - Έβρου,80 E.T. Δήμου Αλεξανδρούπολης,415,233,1,0,1,232,94,30,18,8,48,6,21,75,14,31,28,6,18,18,10,2,4,1,0,0,12,1,7,2,1,3,1,6,0,2,1,2,2,0,4,1,1,1,1,1,0,0,1,0,0,0,2,1,0,1,0,1,1,18,11,1,3,2,3,3,0,0,0,0,0,3,2,0,2,0,1,0,0,4,2,3,1,2,2,1,1,1,1,1,0
1 - Έβρου,81 E.T. Δήμου Αλεξανδρούπολης,376,184,2,0,2,182,51,1,13,3,29,6,12,80,30,34,24,3,16,17,2,0,0,2,1,0,21,3,13,3,1,8,5,9,0,9,4,1,0,0,5,1,1,0,1,2,0,0,0,0,0,0,1,0,0,0,0,0,0,7,4,1,0,1,2,2,0,0,0,0,0,1,0,0,1,1,0,0,0,3,2,0,1,1,0,0,0,0,0,2,1
1 - Έβρου,82 E.T. Δήμου Αλεξανδρούπολης,398,217,0,2,2,215,75,23,16,3,31,10,20,78,15,42,29,4,12,14,8,4,3,2,1,0,30,7,21,2,0,4,5,3,0,3,0,0,1,1,3,1,1,0,0,1,0,0,0,0,0,0,0,0,0,0,0,0,0,13,2,1,1,0,4,0,0,0,0,0,0,0,0,0,0,0,0,1,0,4,1,1,1,1,0,0,0,0,0,0,0
1 - Έβρου,83 E.T. Δήμου Αλεξανδρούπολης,456,297,2,3,5,292,70,9,17,4,41,7,15,172,52,59,54,5,37,67,4,1,1,1,0,0,15,1,7,4,0,4,1,5,0,3,1,0,0,0,0,0,0,0,0,0,0,0,0,0,0,0,1,0,0,0,0,0,0,17,7,0,0,0,10,5,1,0,0,0,0,0,0,0,0,0,0,0,0,4,2,1,1,1,1,1,0,1,0,2,1
1 - Έβρου,84 E.T. Δήμου Αλεξανδρούπολης,445,248,5,2,7,241,63,7,16,1,35,10,11,130,36,61,46,1,18,29,7,3,4,1,0,1,9,0,5,2,1,2,1,5,0,5,0,0,3,0,1,0,0,0,0,0,0,0,0,0,0,0,1,0,0,1,0,0,1,11,5,0,1,1,2,3,1,0,0,0,0,2,0,1,1,0,2,0,0,5,1,2,0,0,2,1,1,2,0,4,3
1 - Έβρου,85 E.T. Δήμου Αλεξανδρούπολης,280,156,1,0,1,155,43,7,6,3,17,4,15,92,36,20,27,7,22,22,2,0,0,0,1,1,5,2,3,0,1,1,0,2,0,2,1,0,0,1,0,0,0,0,0,0,0,0,1,0,1,1,0,0,0,0,0,0,0,5,1,0,0,1,3,2,0,0,0,0,0,0,0,0,0,0,0,0,0,3,0,1,1,0,0,0,0,0,0,2,2
1 - Έβρου,86 E.T. Δήμου Αλεξανδρούπολης,544,345,7,2,9,336,99,18,28,8,48,10,12,168,56,59,61,15,20,29,7,4,0,2,0,2,20,3,13,6,1,4,2,4,1,3,0,0,0,0,3,0,0,0,0,0,0,0,2,0,0,0,0,0,0,0,0,0,0,18,9,1,0,3,10,1,0,0,0,0,0,0,0,0,0,0,0,1,1,10,4,1,0,3,4,0,2,2,0,0,0
1 - Έβρου,87 E.T. Δήμου Αλεξανδρούπολης,553,330,1,3,4,326,102,35,36,6,36,25,17,148,44,59,56,10,31,26,7,2,2,1,1,0,26,9,15,6,1,5,1,6,0,3,1,1,1,0,2,0,0,0,0,0,0,0,0,0,0,0,0,0,0,0,0,0,0,24,8,3,0,3,9,0,0,0,0,0,0,1,0,0,0,0,0,0,0,8,1,1,0,2,0,0,0,0,0,2,0
1 - Έβρου,88 E.T. Δήμου Αλεξανδρούπολης,319,191,8,3,11,180,77,10,25,5,35,14,7,70,30,33,21,6,7,11,7,1,3,1,1,0,10,1,4,2,0,2,2,3,0,0,3,0,0,0,0,0,0,0,0,0,0,0,0,0,0,0,0,0,0,0,0,0,0,9,3,3,2,1,4,1,0,0,0,0,0,1,0,0,1,0,0,1,0,2,2,0,1,0,0,0,0,0,0,0,0
1 - Έβρου,89 E.T. Δήμου Αλεξανδρούπολης,327,200,6,9,15,185,110,8,36,3,46,18,16,49,16,20,13,9,7,7,2,0,1,0,1,0,7,2,4,0,0,0,1,5,0,3,3,0,0,0,1,0,0,0,0,0,0,0,0,0,0,0,0,0,0,0,0,0,0,6,4,0,3,0,2,0,1,1,0,0,0,0,0,0,0,0,0,0,0,2,0,0,0,0,1,0,0,1,0,1,1
1 - Έβρου,90 E.T. Δήμου Αλεξανδρούπολης,542,273,9,2,11,262,73,23,13,9,22,12,14,124,25,39,64,13,32,22,3,1,0,1,0,0,25,4,13,6,1,8,0,4,0,1,3,0,0,3,3,1,0,1,1,0,1,1,1,1,0,0,1,1,1,0,0,0,0,17,1,1,0,3,8,0,0,0,0,0,0,1,1,0,0,1,0,0,0,5,1,0,0,0,3,0,2,1,1,1,1
1 - Έβρου,91 E.T. Δήμου Αλεξανδρούπολης,423,305,3,4,7,298,166,110,39,3,83,16,10,115,43,16,83,2,35,18,0,0,0,0,0,0,7,0,5,0,0,2,0,7,0,3,0,0,3,0,1,0,0,0,0,1,0,0,0,0,0,0,0,0,0,0,0,0,0,0,0,0,0,0,0,0,1,1,0,1,1,0,0,0,0,0,0,0,0,0,0,0,0,0,0,0,0,0,0,0,0
1 - Έβρου,92 E.T. Δήμου Αλεξανδρούπολης,172,73,1,0,1,72,28,6,1,2,5,14,3,33,7,15,16,5,4,4,2,1,1,2,0,0,8,2,4,1,0,1,0,0,0,0,0,0,0,0,0,0,0,0,0,0,0,0,0,0,0,0,0,0,0,0,0,0,0,1,1,1,0,0,0,0,0,0,0,0,0,0,0,0,0,0,0,0,0,0,0,0,0,0,0,0,0,0,0,0,0
1 - Έβρου,93 E.T. Δήμου Αλεξανδρούπολης,505,332,1,1,2,330,98,31,23,7,46,7,17,134,29,61,58,8,27,17,7,1,5,0,1,1,29,5,15,5,4,6,3,15,0,6,6,7,5,2,2,1,0,1,2,0,0,0,0,0,0,0,3,1,2,0,0,0,1,24,15,2,2,3,7,6,0,0,0,0,0,0,0,0,0,0,0,2,1,9,2,0,1,3,4,1,0,0,1,3,1
1 - Έβρου,94 E.T. Δήμου Αλεξανδρούπολης,506,298,4,0,4,294,91,20,36,7,37,14,16,105,23,51,55,6,16,14,6,3,2,3,0,0,28,6,11,6,3,7,2,12,0,8,5,4,1,1,4,0,1,1,0,1,0,0,0,0,0,0,0,0,0,0,0,0,0,24,11,3,2,1,7,4,0,0,0,0,0,3,1,0,1,1,2,1,1,8,0,0,1,7,6,2,2,5,0,6,4
1 - Έβρου,95 E.T. Δήμου Αλεξανδρούπολης,513,338,1,6,7,331,112,27,34,7,58,6,31,114,25,38,49,6,17,40,12,3,6,3,1,0,8,0,3,1,3,3,2,7,0,4,2,1,1,1,7,0,2,1,2,2,0,0,1,0,0,0,0,0,0,0,0,0,0,28,12,2,1,3,13,2,0,0,0,0,0,4,0,0,0,0,1,1,1,30,4,2,2,24,5,2,1,2,1,2,2
1 - Έβρου,96 E.T. Δήμου Αλεξανδρούπολης,499,277,2,1,3,274,107,29,37,11,55,22,20,108,47,47,40,6,11,14,6,1,1,3,3,0,17,7,7,3,0,8,2,9,0,4,8,0,2,1,3,0,0,1,0,1,0,0,1,0,0,1,0,0,0,0,0,0,0,18,11,3,0,3,8,4,0,0,0,0,0,1,1,0,1,0,0,0,0,1,0,0,0,0,1,1,1,0,0,2,1
1 - Έβρου,97 E.T. Δήμου Αλεξανδρούπολης,103,59,1,0,1,58,31,10,7,3,14,6,2,11,2,4,4,0,6,0,1,0,0,0,0,0,3,0,2,1,0,1,0,0,0,0,0,0,0,0,0,0,0,0,0,0,0,0,0,0,0,0,0,0,0,0,0,0,0,3,1,1,0,0,2,0,0,0,0,0,0,1,1,0,0,0,1,0,0,5,1,0,2,1,2,0,0,1,1,1,0
1 - Έβρου,98 E.T. Δήμου Αλεξανδρούπολης,483,262,3,1,4,258,60,16,15,3,25,3,18,126,26,60,37,8,30,38,12,3,6,2,0,1,15,3,5,6,7,3,2,5,0,2,1,0,1,1,3,3,1,2,0,0,1,0,0,0,0,0,0,0,0,0,0,0,0,24,11,4,2,1,8,2,0,0,0,0,0,1,1,0,0,0,0,1,0,7,2,1,0,6,2,0,1,1,0,1,1
1 - Έβρου,99 E.T. Δήμου Αλεξανδρούπολης,480,281,7,3,10,271,79,14,17,1,42,5,21,87,19,37,25,0,16,27,16,3,5,4,3,1,37,0,19,7,22,8,1,5,1,3,1,0,1,2,4,2,0,1,1,0,0,0,0,0,0,0,1,0,0,1,0,0,1,26,11,5,1,2,9,3,2,1,1,0,0,4,1,2,0,1,1,0,0,8,1,1,1,2,0,0,0,0,0,2,1
1 - Έβρου,100 E.T. Δήμου Αλεξανδρούπολης,485,263,6,3,9,254,43,11,11,4,14,8,10,120,26,40,43,9,25,36,13,2,4,1,1,1,30,5,11,2,19,4,1,5,0,3,0,1,0,2,5,2,0,1,1,2,0,0,1,1,0,0,3,0,1,1,0,0,0,23,6,2,1,1,12,6,0,0,0,0,0,3,1,0,1,1,0,0,0,6,0,0,0,2,1,0,0,0,0,1,1
1 - Έβρου,101 E.T. Δήμου Αλεξανδρούπολης,109,37,1,0,1,36,16,2,3,0,9,5,6,3,1,1,2,0,1,1,0,0,0,0,0,0,6,0,6,0,0,2,0,2,0,1,0,0,1,0,0,0,0,0,0,0,0,0,0,0,0,0,0,0,0,0,0,0,0,4,1,0,0,0,3,1,1,1,1,0,0,0,0,0,0,0,0,0,0,4,2,2,0,0,0,0,0,0,0,0,0
1 - Έβρου,102 E.T. Δήμου Αλεξανδρούπολης,354,180,1,2,3,177,54,16,6,5,24,3,14,86,23,24,52,6,8,14,2,0,1,1,0,0,11,0,11,1,0,3,1,3,0,2,0,1,0,0,0,0,0,0,0,0,0,0,1,1,0,0,0,0,0,0,0,0,0,11,4,3,1,2,5,1,0,0,0,0,0,0,0,0,0,0,0,0,0,5,1,0,2,2,3,1,2,0,1,1,0
1 - Έβρου,103 E.T. Δήμου Αλεξανδρούπολης,368,221,0,7,7,214,65,10,12,3,35,8,14,100,17,29,58,5,10,22,11,3,4,2,2,1,6,0,3,1,0,0,0,3,0,3,0,0,1,0,1,1,0,0,1,0,0,0,1,0,1,0,0,0,0,0,0,0,0,18,4,3,2,1,8,0,0,0,0,0,0,0,0,0,0,0,0,1,1,5,2,1,1,3,2,0,0,0,0,1,1
1 - Έβρου,104 E.T. Δήμου Αλεξανδρούπολης,547,317,1,2,3,314,81,24,22,6,21,16,15,113,26,55,35,11,21,22,19,10,6,1,1,1,41,6,11,2,0,29,6,12,0,10,2,0,2,7,4,1,2,1,2,0,0,0,1,1,1,0,0,0,0,0,0,0,0,27,16,8,1,4,6,1,0,0,0,1,0,5,2,0,1,1,1,0,0,8,3,0,1,0,1,0,1,1,0,1,1
1 - Έβρου,105 E.T. Δήμου Αλεξανδρούπολης,518,288,12,0,12,276,72,11,17,7,17,14,11,128,42,68,35,18,23,29,12,3,6,5,4,0,22,0,5,2,0,17,1,9,0,7,0,2,3,3,1,1,0,1,0,0,0,0,0,0,0,0,0,0,0,0,0,0,0,20,11,2,3,1,9,2,0,0,0,0,0,4,1,1,2,0,0,1,0,2,1,1,0,1,2,1,1,0,0,3,2
1 - Έβρου,106 E.T. Δήμου Αλεξανδρούπολης,510,350,8,4,12,338,76,29,14,9,22,14,14,133,40,57,27,18,9,36,25,6,10,3,2,2,33,1,5,3,2,25,3,18,0,14,0,2,2,5,3,0,0,0,1,1,0,0,3,0,0,0,0,0,0,0,0,0,0,24,12,4,2,5,1,2,0,0,0,0,0,3,1,0,1,0,1,0,0,11,3,1,3,1,3,1,0,2,0,6,2
1 - Έβρου,107 E.T. Δήμου Αλεξανδρούπολης,520,295,3,0,3,292,83,21,11,10,38,13,18,126,57,55,37,11,13,20,10,5,4,0,1,1,21,4,4,2,0,13,2,13,1,10,1,2,3,2,5,0,0,0,0,1,0,0,0,0,0,0,1,0,0,0,0,0,0,18,6,3,3,1,9,3,0,0,0,0,0,1,0,1,0,0,1,0,0,11,6,2,3,1,1,0,0,0,0,2,2
1 - Έβρου,108 E.T. Δήμου Αλεξανδρούπολης,533,267,2,1,3,264,46,9,10,2,19,7,10,130,38,73,29,8,19,30,11,3,2,2,4,2,24,2,6,1,2,18,5,15,2,8,1,2,1,4,8,2,0,0,2,0,0,0,1,1,1,0,0,0,0,0,0,0,0,19,4,2,3,4,4,4,0,0,0,0,0,0,0,0,0,0,0,0,0,8,2,2,4,2,1,0,0,0,0,1,0
1 - Έβρου,109 E.T. Δήμου Αλεξανδρούπολης,532,279,3,2,5,274,85,18,19,5,35,20,10,116,45,55,31,9,14,30,14,7,7,4,0,1,35,0,10,4,2,18,7,7,1,4,2,0,4,0,0,0,0,0,0,0,0,0,0,0,0,0,0,0,0,0,0,0,0,8,5,2,1,2,2,0,0,0,0,0,0,0,0,0,0,0,0,3,1,4,1,1,2,0,1,1,0,0,0,1,1
1 - Έβρου,110 E.T. Δήμου Αλεξανδρούπολης,516,255,5,3,8,247,58,19,12,12,14,11,15,84,28,43,23,5,16,16,11,2,2,1,3,0,45,4,10,3,1,39,1,23,4,21,0,1,5,10,1,0,0,0,0,0,0,0,1,0,1,0,0,0,0,0,0,0,0,9,4,0,3,0,3,1,0,0,0,0,0,3,1,1,0,0,0,0,0,11,2,1,2,3,0,0,0,0,0,1,1
1 - Έβρου,111 E.T. Δήμου Αλεξανδρούπολης,511,307,12,1,13,294,86,20,24,9,25,18,14,109,35,46,34,14,14,27,16,6,8,5,0,1,19,0,6,1,1,12,2,11,0,10,2,1,4,2,3,2,1,1,0,0,0,0,0,0,0,0,0,0,0,0,0,0,0,30,11,5,3,8,7,4,0,0,0,0,0,3,0,2,0,0,0,0,0,9,5,3,3,3,6,1,5,0,1,2,1
1 - Έβρου,112 E.T. Δήμου Αλεξανδρούπολης,534,275,5,1,6,269,73,18,16,5,26,15,15,125,49,69,31,11,20,27,6,1,2,3,1,0,21,1,6,2,0,14,5,19,1,16,3,2,7,3,4,1,0,1,1,2,0,0,0,0,0,0,0,0,0,0,0,0,0,12,4,1,1,1,5,1,0,0,0,0,0,1,0,1,0,0,0,0,0,3,1,1,0,1,2,1,0,0,0,3,2
1 - Έβρου,113 E.T. Δήμου Αλεξανδρούπολης,516,250,3,0,3,247,52,15,11,9,18,14,8,99,26,51,23,17,17,23,13,6,6,5,2,1,22,5,3,0,1,18,4,13,1,11,0,2,2,2,4,0,0,0,0,0,0,0,0,0,0,0,1,0,0,0,1,0,0,28,9,5,1,3,15,5,0,0,0,0,0,2,0,1,1,0,1,1,1,8,4,2,6,2,1,0,1,0,1,3,1
1 - Έβρου,114 E.T. Δήμου Αλεξανδρούπολης,337,193,1,2,3,190,57,18,12,4,14,7,14,57,8,27,29,2,14,5,10,4,3,1,0,1,38,5,7,0,0,26,1,6,0,5,1,0,0,3,1,0,0,0,0,0,0,0,0,0,0,0,0,0,0,0,0,0,0,14,0,0,0,0,0,0,0,0,0,0,0,1,0,0,0,0,0,0,0,5,0,0,0,0,0,0,0,0,0,1,0
1 - Έβρου,115 E.T. Δήμου Αλεξανδρούπολης,481,306,4,0,4,302,101,31,33,14,44,15,23,101,15,53,26,19,27,20,13,10,4,0,1,6,32,21,6,0,0,14,1,8,0,7,1,0,5,1,4,1,0,2,2,1,0,0,0,0,0,0,0,0,0,0,0,0,0,29,10,3,5,5,14,4,0,0,0,0,0,3,1,1,0,0,1,0,0,10,4,0,1,2,0,0,0,0,0,1,1
1 - Έβρου,116 E.T. Δήμου Αλεξανδρούπολης,483,371,15,7,22,349,88,25,20,10,18,20,10,163,89,34,14,14,30,0,25,4,8,6,3,4,24,0,5,0,1,19,1,4,0,1,0,0,1,2,6,2,1,1,1,0,0,0,1,0,1,0,0,0,0,0,0,0,0,23,8,3,1,4,7,1,1,0,0,0,0,2,1,1,0,0,0,0,0,9,2,2,3,1,1,1,0,1,0,2,0
1 - Έβρου,117 E.T. Δήμου Αλεξανδρούπολης,411,242,3,1,4,238,80,21,22,1,24,14,7,88,27,50,25,6,14,16,8,2,4,3,2,1,32,4,15,4,2,16,3,2,0,0,0,0,0,1,0,0,0,0,0,0,0,0,0,0,0,0,0,0,0,0,0,0,0,11,7,0,0,2,3,3,0,0,0,0,0,2,0,0,0,0,0,0,0,9,2,2,1,2,2,0,0,0,0,4,1
1 - Έβρου,118 E.T. Δήμου Αλεξανδρούπολης,252,233,3,4,7,226,70,17,14,7,24,13,15,73,17,22,10,9,13,35,13,3,5,5,1,3,14,2,5,2,2,7,2,15,5,6,0,2,0,3,5,0,2,2,2,0,0,0,2,0,1,2,0,0,0,0,0,0,0,19,7,5,0,2,4,2,2,1,1,0,0,2,0,2,2,0,0,0,0,5,1,1,1,0,3,2,1,3,0,3,0
1 - Έβρου,119 E.T. Δήμου Αλεξανδρούπολης,252,203,2,3,5,198,66,13,22,5,9,17,15,56,19,15,6,7,2,28,21,4,7,6,7,1,14,2,7,0,1,10,0,7,1,6,0,0,2,2,2,1,1,0,0,0,0,0,1,0,1,1,2,0,0,0,1,1,0,15,6,5,0,4,4,1,0,0,0,0,0,4,2,1,1,0,0,0,0,5,1,1,0,0,2,1,0,1,1,3,3
1 - Έβρου,120 E.T. Δήμου Αλεξανδρούπολης,439,211,6,0,6,205,59,28,18,1,29,6,6,75,23,48,9,13,18,10,3,1,3,1,0,1,21,1,7,2,3,17,0,4,0,3,0,0,2,1,6,1,2,2,2,1,0,0,0,0,0,0,5,3,3,1,1,1,0,17,6,3,2,2,7,1,0,0,0,0,0,5,0,1,2,0,0,0,0,5,3,1,3,1,2,2,0,1,0,3,2
1 - Έβρου,121 E.T. Δήμου Αλεξανδρούπολης,453,216,3,1,4,212,61,19,15,4,18,8,14,80,28,38,12,11,16,17,7,2,0,2,1,0,26,0,10,1,0,17,1,3,0,3,1,0,0,0,6,1,1,0,0,2,0,0,0,0,0,0,0,0,0,0,0,0,0,14,5,2,0,1,6,1,0,0,0,1,1,0,0,0,0,0,0,1,0,6,2,0,1,2,1,1,0,0,1,6,4
1 - Έβρου,122 E.T. Δήμου Αλεξανδρούπολης,449,286,7,1,8,278,75,27,21,6,23,17,8,107,29,49,17,15,17,28,12,5,7,3,2,2,28,6,7,2,2,19,0,4,0,1,2,0,0,0,3,2,1,0,1,1,0,0,2,1,0,2,0,0,0,0,0,0,0,25,8,1,2,0,7,2,1,0,0,0,0,0,0,0,0,0,0,0,0,13,4,0,2,4,4,0,1,2,0,4,2
1 - Έβρου,123 E.T. Δήμου Αλεξανδρούπολης,285,169,0,0,0,169,54,17,11,7,16,8,11,70,27,25,16,8,20,18,11,8,1,2,1,7,13,1,3,1,0,10,1,4,1,2,1,1,0,0,4,1,0,0,0,0,0,0,0,0,0,0,0,0,0,0,0,0,0,9,5,2,1,0,2,2,0,0,0,0,0,0,0,0,0,0,0,0,0,3,1,2,2,0,0,0,0,0,0,1,0
1 - Έβρου,124 E.T. Δήμου Αλεξανδρούπολης,257,162,1,0,1,161,45,14,5,2,28,7,4,64,9,32,22,3,21,15,2,0,0,0,0,0,22,1,12,1,0,12,0,11,0,7,2,1,4,0,1,1,1,0,0,0,0,0,0,0,0,0,0,0,0,0,0,0,0,7,3,2,0,0,3,0,0,0,0,0,0,1,1,0,1,0,0,0,0,7,0,0,1,4,0,0,0,0,0,1,1
1 - Έβρου,125 E.T. Δήμου Αλεξανδρούπολης,392,208,2,0,2,206,59,25,16,4,25,4,10,52,15,28,8,3,10,19,3,1,1,1,1,0,55,6,34,1,2,32,5,6,0,6,0,0,0,4,2,0,0,0,1,0,0,0,0,0,0,0,2,0,2,0,0,1,0,15,6,5,1,0,4,1,1,0,0,1,0,0,0,0,0,0,0,1,1,5,3,0,3,0,2,1,1,0,0,2,1
1 - Έβρου,126 E.T. Δήμου Αλεξανδρούπολης,410,208,2,7,9,199,37,14,8,3,9,6,7,104,43,43,22,10,27,13,11,5,2,4,1,1,13,0,8,1,0,5,1,4,0,3,0,0,0,0,2,0,0,0,0,0,0,0,0,0,0,0,2,1,0,0,0,0,0,20,7,1,5,3,3,4,0,0,0,0,0,0,0,0,0,0,0,0,0,1,0,0,0,0,0,0,0,0,0,5,3
1 - Έβρου,127 E.T. Δήμου Αλεξανδρούπολης,182,122,1,1,2,120,11,2,2,1,5,4,3,83,15,43,20,1,28,23,6,1,1,1,4,0,9,0,2,0,0,7,0,3,1,2,1,1,0,0,1,0,0,0,0,0,0,0,0,0,0,0,0,0,0,0,0,0,0,7,5,2,1,1,1,1,0,0,0,0,0,0,0,0,0,0,0,0,0,0,0,0,0,0,0,0,0,0,0,0,0
1 - Έβρου,128 E.T. Δήμου Αλεξανδρούπολης,192,95,0,0,0,95,22,13,7,3,5,1,3,38,10,21,11,3,6,10,5,3,3,0,2,1,9,0,6,0,0,8,0,4,2,3,0,0,0,2,2,1,1,0,1,0,0,0,0,0,0,0,0,0,0,0,0,0,0,11,6,0,3,0,4,0,1,0,0,0,0,1,0,0,1,0,1,0,0,1,1,0,1,0,1,0,1,0,0,0,0
1 - Έβρου,129 E.T. Δήμου Διδυμοτείχου,550,250,4,2,6,244,93,41,12,6,3,2,9,106,16,73,11,18,6,15,5,0,3,0,2,0,9,1,4,0,0,0,4,1,0,0,0,0,1,0,4,1,0,0,1,0,0,0,0,0,0,0,6,1,0,0,0,4,0,7,6,0,0,0,0,0,2,2,1,1,1,0,0,0,0,0,0,4,0,5,2,1,1,1,0,0,0,0,0,1,1
1 - Έβρου,130 E.T. Δήμου Διδυμοτείχου,550,276,8,2,10,266,55,14,13,7,9,3,7,144,28,88,14,28,17,29,7,1,3,2,2,1,19,2,7,3,3,8,5,3,0,1,0,1,2,0,5,0,0,0,0,2,1,0,3,0,1,1,1,1,0,0,0,0,0,11,3,1,0,4,0,2,0,0,0,0,0,7,3,1,0,1,0,0,0,6,3,0,3,0,3,0,1,0,0,1,0
1 - Έβρου,131 E.T. Δήμου Διδυμοτείχου,566,308,1,3,4,304,63,20,19,5,3,6,13,164,39,106,33,27,21,32,13,3,7,1,1,1,13,1,3,1,0,6,4,8,3,2,0,1,3,0,2,0,0,0,1,0,0,0,0,0,0,0,1,0,0,0,0,1,0,23,6,2,2,5,2,3,0,0,0,0,0,4,1,1,0,0,0,2,0,4,0,0,2,1,1,0,0,0,0,6,2
1 - Έβρου,132 E.T. Δήμου Διδυμοτείχου,527,208,3,2,5,203,70,35,12,5,12,3,20,97,28,57,18,17,10,25,4,0,4,0,1,0,15,1,3,1,0,6,10,1,0,0,0,0,0,0,1,0,0,0,0,0,0,0,0,0,0,0,0,0,0,0,0,0,0,7,3,3,2,0,1,0,0,0,0,0,0,2,0,0,0,0,0,1,0,3,0,1,2,0,1,0,1,0,1,1,0
1 - Έβρου,133 E.T. Δήμου Διδυμοτείχου,532,237,5,2,7,230,64,26,10,4,6,1,6,106,25,74,12,10,6,19,18,7,3,2,0,0,9,2,4,0,1,3,4,4,2,0,2,0,0,0,1,1,0,0,0,0,0,0,0,0,0,0,2,0,0,1,0,0,0,10,2,3,1,1,1,1,0,0,0,2,1,5,2,1,3,0,0,0,0,4,1,2,1,0,0,0,0,0,0,5,0
1 - Έβρου,134 E.T. Δήμου Διδυμοτείχου,525,232,2,5,7,225,76,31,18,7,6,4,16,96,20,58,14,19,5,18,4,0,2,0,0,0,12,1,5,3,0,5,1,5,1,3,0,1,0,0,0,0,0,0,0,0,1,0,1,0,0,0,0,0,0,0,0,0,0,16,8,3,1,1,2,0,0,0,0,0,0,5,0,0,3,0,1,0,0,5,2,3,0,1,0,0,0,0,0,4,0
1 - Έβρου,135 E.T. Δήμου Διδυμοτείχου,537,267,5,5,10,257,59,30,25,7,7,2,13,130,15,77,21,26,16,42,13,2,10,1,2,0,11,0,4,0,0,2,1,12,3,5,1,2,3,1,4,1,1,0,1,1,0,0,0,0,0,0,0,0,0,0,0,0,0,20,8,5,2,4,4,3,0,0,0,2,0,0,0,0,0,0,0,0,0,4,2,1,1,1,0,0,0,0,0,2,0
1 - Έβρου,136 E.T. Δήμου Διδυμοτείχου,523,252,4,2,6,246,91,34,21,1,8,2,17,88,20,42,19,9,10,20,7,0,5,2,1,0,17,1,7,1,3,1,4,7,1,1,2,0,0,2,8,0,1,1,0,3,1,0,0,0,0,0,2,0,0,0,0,2,0,18,7,6,0,5,0,1,0,0,0,0,0,1,1,0,0,0,0,0,0,5,1,1,2,0,0,0,0,0,0,1,1
1 - Έβρου,137 E.T. Δήμου Διδυμοτείχου,529,235,4,2,6,229,68,20,18,5,4,2,11,101,26,57,8,10,7,27,9,1,5,2,0,0,19,0,7,1,1,4,11,2,1,0,0,0,0,0,4,1,1,0,1,3,0,0,1,0,0,0,3,0,0,0,0,0,0,11,5,2,0,0,3,0,2,0,0,0,0,2,0,0,1,0,0,1,0,5,1,0,1,1,1,1,0,0,1,0,0
1 - Έβρου,138 E.T. Δήμου Διδυμοτείχου,522,283,5,3,8,275,67,36,26,6,8,4,9,151,40,73,22,22,20,45,5,1,2,2,2,0,12,4,5,0,1,1,0,2,1,1,1,0,1,0,5,3,3,2,0,0,0,0,1,0,0,1,6,0,0,0,0,6,0,10,4,3,0,0,4,0,0,0,0,0,0,2,2,0,1,0,0,0,0,7,1,0,0,0,7,3,5,3,0,0,0
1 - Έβρου,139 E.T. Δήμου Διδυμοτείχου,520,275,1,1,2,273,70,27,11,6,9,2,5,122,29,68,13,24,12,14,13,1,8,3,0,0,18,2,7,0,0,1,8,8,2,2,2,1,0,1,2,1,0,0,0,1,3,0,1,0,0,0,3,0,0,0,0,3,0,12,4,4,1,0,1,0,1,0,0,0,0,8,4,0,1,0,3,2,0,6,1,0,1,1,2,1,0,0,0,2,1
1 - Έβρου,140 E.T. Δήμου Διδυμοτείχου,526,226,3,4,7,219,84,31,21,14,6,11,18,94,26,52,18,19,11,14,3,1,2,0,0,0,14,1,9,1,0,4,8,6,0,4,0,0,0,0,2,0,0,0,0,0,1,0,0,0,0,0,1,0,1,1,0,0,0,6,1,3,0,1,2,0,0,0,0,0,0,0,0,0,0,0,0,0,0,2,0,0,1,1,2,0,1,0,0,4,4
1 - Έβρου,141 E.T. Δήμου Διδυμοτείχου,520,252,10,2,12,240,73,27,20,7,8,2,8,114,25,67,20,20,14,32,14,1,10,5,1,0,14,2,3,0,0,2,5,3,3,0,0,1,1,0,6,1,0,0,0,0,0,0,1,1,0,0,2,0,0,0,0,2,0,3,0,1,1,1,1,1,0,0,0,0,0,4,1,1,3,0,2,0,0,3,1,0,1,0,2,0,0,0,0,1,1
1 - Έβρου,142 E.T. Δήμου Διδυμοτείχου,550,236,5,2,7,229,68,30,17,7,11,2,10,114,20,76,16,21,10,20,6,0,4,1,1,1,17,2,6,1,0,5,13,5,1,0,0,1,2,0,0,0,0,0,0,0,0,0,0,0,0,0,3,2,0,0,0,3,0,8,4,2,0,4,0,1,0,0,0,0,0,1,0,1,1,0,0,0,0,6,2,0,2,1,1,1,1,0,0,0,0
1 - Έβρου,143 E.T. Δήμου Διδυμοτείχου,532,274,6,4,10,264,76,19,20,3,5,6,25,106,16,69,16,17,12,21,4,0,2,0,0,0,22,2,3,1,0,5,15,7,2,3,2,1,3,0,5,0,1,0,0,1,0,0,2,0,0,0,4,0,0,0,3,4,0,17,6,6,0,3,3,0,0,0,0,0,0,2,1,0,0,1,0,1,1,11,2,1,2,1,6,2,2,2,1,1,1
1 - Έβρου,144 E.T. Δήμου Διδυμοτείχου,288,72,2,0,2,70,10,3,3,0,0,0,4,42,12,28,11,7,1,8,2,0,0,0,0,0,10,3,3,1,0,2,3,2,0,1,0,0,1,0,0,0,0,0,0,0,0,0,0,0,0,0,0,0,0,0,0,0,0,3,3,0,0,1,2,0,1,0,1,0,0,0,0,0,0,0,0,0,0,0,0,0,0,0,0,0,0,0,0,0,0
1 - Έβρου,145 E.T. Δήμου Διδυμοτείχου,513,215,4,0,4,211,43,12,10,2,6,1,8,132,29,89,34,28,7,19,3,1,2,0,0,0,16,3,6,1,4,4,3,3,0,1,0,0,2,0,0,0,0,0,0,0,0,0,0,0,0,0,0,0,0,0,0,0,0,11,4,3,1,1,1,1,0,0,0,0,0,2,0,1,0,0,0,0,0,1,0,1,1,0,0,0,0,0,0,0,0
1 - Έβρου,146 E.T. Δήμου Διδυμοτείχου,404,163,1,0,1,162,32,18,8,8,1,1,9,89,6,69,6,53,5,6,4,0,4,1,0,0,12,3,7,0,4,1,2,5,1,0,0,0,2,0,2,1,0,0,1,0,0,0,1,0,1,0,0,0,0,0,0,0,0,7,1,0,0,1,3,1,0,0,0,0,0,0,0,0,0,0,0,0,0,4,3,1,3,0,1,0,1,1,0,5,3
1 - Έβρου,147 E.T. Δήμου Διδυμοτείχου,402,159,5,2,7,152,31,25,7,0,0,2,6,92,12,52,4,50,9,9,3,0,2,1,1,0,5,0,3,0,0,2,1,3,0,0,1,1,2,0,3,2,0,1,1,0,0,0,0,0,0,0,0,0,0,0,0,0,0,10,0,4,0,1,4,0,0,0,0,1,1,0,0,0,0,0,0,0,0,3,3,1,1,0,1,1,0,0,0,0,0
1 - Έβρου,148 E.T. Δήμου Διδυμοτείχου,422,211,2,4,6,205,88,13,74,4,6,2,11,68,10,48,5,8,5,9,3,0,2,1,0,0,9,0,5,0,0,2,6,21,14,12,4,4,1,0,0,0,0,0,0,0,0,0,0,0,0,0,1,1,0,0,0,0,0,9,3,2,0,2,1,0,1,0,1,0,0,0,0,0,0,0,0,1,0,2,0,0,1,1,2,0,0,1,0,0,0
1 - Έβρου,149 E.T. Δήμου Διδυμοτείχου,419,210,4,2,6,204,60,15,51,3,6,3,7,90,17,48,10,14,5,22,8,1,6,0,0,0,4,0,3,0,0,1,1,21,14,5,12,3,0,0,3,1,1,0,0,0,0,0,1,0,0,0,1,0,0,0,0,1,0,4,1,1,0,1,0,1,0,0,0,0,0,2,0,1,1,0,1,0,0,6,2,1,2,1,0,0,0,0,0,4,0
1 - Έβρου,150 E.T. Δήμου Διδυμοτείχου,198,322,8,6,14,308,95,32,15,15,5,12,24,101,19,42,5,23,12,26,29,8,6,9,5,4,8,0,1,0,1,0,0,15,5,1,4,2,3,2,6,2,1,1,0,3,0,0,4,2,2,0,1,0,0,1,0,0,0,21,10,3,3,3,1,1,0,0,0,0,0,3,2,1,1,0,0,2,1,12,3,3,2,3,8,1,4,1,0,3,1
1 - Έβρου,151 E.T. Δήμου Διδυμοτείχου,185,327,23,11,34,293,61,27,26,9,9,9,10,117,24,48,7,33,8,24,48,15,15,14,7,6,6,1,1,0,0,2,3,5,1,0,2,1,0,0,6,0,0,1,0,1,1,0,3,2,0,0,1,0,0,1,0,0,1,23,6,3,5,3,5,2,0,0,0,0,0,4,3,0,1,1,0,1,0,10,2,4,3,0,3,1,1,0,0,4,2
1 - Έβρου,152 E.T. Δήμου Διδυμοτείχου,450,178,7,0,7,171,35,18,22,0,1,0,9,97,13,77,17,19,4,9,12,2,11,0,0,0,6,0,4,0,0,1,1,5,1,1,1,0,2,0,0,0,0,0,0,0,0,0,1,1,0,0,1,0,0,0,0,1,0,10,7,2,0,2,2,0,1,0,0,0,0,0,0,0,0,0,0,0,0,0,0,0,0,0,2,2,0,0,0,1,1
1 - Έβρου,153 E.T. Δήμου Διδυμοτείχου,389,202,5,1,6,196,32,15,10,4,5,2,4,124,17,91,34,11,6,28,15,3,10,2,1,0,12,2,5,0,2,2,6,2,1,1,0,0,0,1,1,1,0,0,0,1,0,0,0,0,0,0,0,0,0,0,0,0,0,8,5,0,1,0,1,1,0,0,0,0,0,0,0,0,0,0,0,0,0,1,0,1,1,0,0,0,0,0,0,1,0
1 - Έβρου,154 E.T. Δήμου Διδυμοτείχου,385,236,3,1,4,232,34,19,9,6,7,2,8,141,21,104,24,23,13,23,12,6,3,2,2,1,19,2,12,0,1,4,7,1,0,0,0,0,0,0,2,0,1,0,0,1,0,0,0,0,0,0,0,0,0,0,0,0,0,10,2,4,2,1,1,3,0,0,0,0,0,3,1,0,0,0,1,1,0,2,0,1,0,0,6,2,2,2,0,1,0
1 - Έβρου,155 E.T. Δήμου Διδυμοτείχου,314,162,0,0,0,162,20,7,7,3,2,1,4,92,23,51,15,11,14,22,3,0,1,1,0,0,23,3,1,6,0,5,18,6,1,0,0,0,2,2,1,0,0,0,0,0,0,0,0,0,0,0,0,0,0,0,0,0,0,7,2,1,0,2,1,1,0,0,0,0,0,1,0,0,0,0,0,0,0,6,1,0,3,1,1,1,1,0,0,2,1
1 - Έβρου,156 E.T. Δήμου Διδυμοτείχου,331,120,0,0,0,120,30,5,12,2,2,0,9,47,14,33,11,1,9,9,4,0,2,0,0,0,17,1,2,1,0,3,13,6,0,1,1,0,1,1,1,0,0,0,0,0,0,0,1,0,0,0,1,0,0,0,0,1,0,4,2,1,0,0,2,1,3,2,1,1,0,1,0,0,0,0,0,0,0,3,2,0,1,1,1,1,0,1,0,0,0
1 - Έβρου,157 E.T. Δήμου Διδυμοτείχου,333,345,11,3,14,331,81,30,30,13,12,12,8,167,40,52,40,29,15,70,18,4,4,5,4,2,21,4,6,2,2,5,3,7,2,3,0,2,3,0,5,0,2,0,0,2,0,0,1,0,0,0,2,0,0,1,0,1,0,19,2,4,1,4,2,3,0,0,0,0,0,0,0,0,0,0,0,0,0,6,2,0,0,1,2,1,1,2,0,2,1
1 - Έβρου,158 E.T. Δήμου Διδυμοτείχου,387,291,11,7,18,273,71,19,31,7,3,7,9,130,25,44,27,28,16,57,18,6,6,5,5,2,19,2,8,5,0,5,4,5,3,1,1,0,0,1,4,0,0,0,0,0,1,0,1,0,0,0,2,2,0,2,0,0,0,11,7,2,3,2,0,2,1,0,0,0,0,2,0,0,0,0,0,1,0,3,1,1,1,1,2,0,1,0,0,2,1
1 - Έβρου,159 E.T. Δήμου Διδυμοτείχου,429,164,2,0,2,162,66,41,15,5,2,4,10,53,12,27,15,13,3,2,7,6,0,0,0,0,16,0,10,0,1,7,5,8,1,0,1,0,7,0,1,1,0,0,0,0,0,0,0,0,0,0,0,0,0,0,0,0,0,4,1,0,0,2,2,1,0,0,0,0,0,1,0,0,1,0,0,0,0,0,0,0,0,0,6,0,3,0,1,0,0
1 - Έβρου,160 E.T. Δήμου Διδυμοτείχου,351,113,2,0,2,111,43,17,20,3,1,1,15,39,4,23,12,4,1,13,2,2,0,0,0,0,5,1,1,0,0,2,4,5,2,0,0,1,3,1,2,1,0,0,1,1,0,0,0,0,0,0,0,0,0,0,0,0,0,10,5,1,0,2,1,0,0,0,0,0,0,0,0,0,0,0,0,1,0,2,0,0,0,0,1,0,0,0,0,1,0
1 - Έβρου,161 E.T. Δήμου Διδυμοτείχου,366,110,1,0,1,109,32,11,9,0,2,1,2,55,41,10,16,1,8,0,2,1,2,0,0,0,7,2,1,0,0,0,4,3,0,2,0,0,0,0,2,2,0,0,0,0,0,0,0,0,0,0,0,0,0,0,0,0,0,5,1,0,1,0,2,0,0,0,0,0,0,1,0,0,0,0,1,0,0,0,0,0,0,0,0,0,0,0,0,2,2
1 - Έβρου,162 E.T. Δήμου Διδυμοτείχου,500,208,4,3,7,201,27,18,8,3,2,0,4,115,28,76,28,16,16,16,9,1,4,1,1,1,38,2,10,7,1,18,11,2,1,1,0,0,1,0,2,0,0,0,0,0,0,0,0,0,0,0,0,0,0,0,0,0,0,3,1,1,0,0,0,0,0,0,0,0,0,0,0,0,0,0,0,0,0,1,0,0,0,0,3,0,1,2,0,1,0
1 - Έβρου,163 E.T. Δήμου Διδυμοτείχου,491,185,1,3,4,181,34,10,10,3,1,1,14,80,21,50,13,11,7,14,7,1,2,0,1,0,38,3,4,0,0,22,13,3,1,0,2,1,1,1,3,0,1,0,2,2,0,0,0,0,0,0,0,0,0,0,0,0,0,11,2,0,1,0,2,3,0,0,0,0,0,1,0,0,0,0,0,0,0,3,3,1,2,0,1,1,0,1,0,0,0
1 - Έβρου,164 E.T. Δήμου Διδυμοτείχου,354,104,0,0,0,104,14,3,7,0,5,1,2,68,17,44,9,13,3,18,2,0,0,1,0,0,5,0,5,0,0,0,0,1,0,0,0,0,1,0,1,0,0,0,0,1,0,0,1,0,0,0,2,1,0,0,0,1,0,6,2,1,0,0,0,0,0,0,0,0,0,2,0,0,0,0,0,1,0,1,0,0,1,0,0,0,0,0,0,0,0
1 - Έβρου,165 E.T. Δήμου Διδυμοτείχου,168,59,1,0,1,58,12,4,6,1,2,0,2,25,5,16,4,7,3,4,4,1,2,0,0,1,2,1,0,0,0,0,1,2,0,0,0,1,0,0,2,0,0,0,0,0,0,0,0,0,0,0,0,0,0,0,0,0,0,9,4,0,0,0,0,1,0,0,0,0,0,0,0,0,0,0,0,0,0,1,0,0,0,0,0,0,0,0,0,1,0
1 - Έβρου,166 E.T. Δήμου Διδυμοτείχου,391,95,0,0,0,95,24,10,4,3,10,1,13,47,47,24,1,7,6,9,3,1,2,0,0,0,2,0,1,0,0,0,1,4,2,0,1,0,3,0,0,0,0,0,0,0,0,0,0,0,0,0,0,0,0,0,0,0,0,11,5,2,2,3,4,2,0,0,0,1,0,1,0,0,0,0,0,0,0,1,1,0,1,0,0,0,0,0,0,1,0
1 - Έβρου,167 E.T. Δήμου Διδυμοτείχου,438,139,2,1,3,136,34,14,8,4,1,2,6,61,18,27,12,19,3,13,6,3,1,2,1,0,21,0,8,0,3,1,13,1,0,0,0,0,0,0,2,1,0,0,1,1,0,0,1,0,0,0,0,0,0,0,0,0,0,8,4,2,0,1,1,1,0,0,0,0,0,0,0,0,0,0,0,0,0,1,0,0,0,0,0,0,0,0,0,1,0
1 - Έβρου,168 E.T. Δήμου Διδυμοτείχου,351,157,0,0,0,157,30,15,8,6,0,3,13,97,45,21,32,35,10,22,4,1,3,1,0,0,13,1,3,1,3,1,11,9,3,8,1,0,2,2,1,0,0,0,1,1,0,0,0,0,0,0,0,0,0,0,0,0,0,2,2,1,0,0,0,1,0,0,0,0,0,0,0,0,0,0,0,0,0,0,0,0,0,0,0,0,0,0,0,1,1
1 - Έβρου,169 E.T. Δήμου Διδυμοτείχου,349,151,0,0,0,151,30,20,5,2,1,0,15,69,24,32,28,18,4,16,13,6,9,0,4,1,20,1,6,0,1,4,14,4,4,4,0,0,0,0,1,0,0,0,0,0,0,0,0,0,0,0,0,0,0,0,0,0,0,10,2,2,1,2,1,1,0,0,0,0,0,0,0,0,0,0,0,0,0,3,2,1,1,2,0,0,0,0,0,1,1
1 - Έβρου,170 E.T. Δήμου Διδυμοτείχου,342,144,1,1,2,142,29,11,4,10,12,0,4,92,24,49,12,20,8,23,1,0,0,1,0,0,4,0,1,1,0,0,3,0,0,0,0,0,0,0,2,0,1,0,0,1,0,0,0,0,0,0,1,0,0,1,0,0,0,10,2,3,0,2,3,0,0,0,0,0,0,0,0,0,0,0,0,0,0,2,1,0,1,0,1,1,0,1,0,0,0
1 - Έβρου,171 E.T. Δήμου Διδυμοτείχου,390,135,2,1,3,132,28,11,4,4,12,2,10,81,17,49,23,11,9,12,2,0,1,0,1,0,5,0,1,0,3,0,4,0,0,0,0,0,0,0,3,1,0,0,1,0,0,0,0,0,0,0,0,0,0,0,0,0,0,6,3,0,1,0,0,0,0,0,0,0,0,4,1,1,2,1,3,0,0,3,2,0,1,0,0,0,0,0,0,0,0
1 - Έβρου,172 E.T. Δήμου Διδυμοτείχου,406,123,2,0,2,121,39,23,3,2,3,4,3,60,6,45,10,9,2,15,3,2,0,0,0,0,7,1,1,0,0,0,6,1,1,0,0,0,1,0,0,0,0,0,0,0,0,0,0,0,0,0,5,4,0,0,0,2,0,4,1,1,1,0,1,0,1,0,0,0,0,0,0,0,0,0,0,0,0,1,0,0,0,0,0,0,0,0,0,0,0
1 - Έβρου,173 E.T. Δήμου Διδυμοτείχου,389,97,0,0,0,97,26,16,4,2,3,3,6,35,5,25,6,7,5,9,5,2,4,1,0,0,16,2,6,1,0,4,13,4,3,2,0,0,2,0,0,0,0,0,0,0,1,1,0,0,0,0,2,1,0,0,0,1,0,5,2,2,0,1,0,2,0,0,0,0,0,1,1,0,1,0,0,0,0,2,1,0,1,0,0,0,0,0,0,0,0
1 - Έβρου,174 E.T. Δήμου Διδυμοτείχου,387,125,3,0,3,122,34,16,4,4,0,3,2,55,8,35,9,9,5,12,5,1,3,0,0,0,6,1,1,0,0,1,4,11,8,4,1,0,6,0,2,1,1,0,0,0,0,0,0,0,0,0,0,0,0,0,0,0,0,4,4,0,0,0,1,0,0,0,0,0,0,1,0,0,0,0,0,1,1,3,2,0,1,1,0,0,0,0,0,0,0
1 - Έβρου,175 E.T. Δήμου Διδυμοτείχου,364,90,2,0,2,88,18,9,1,0,4,1,1,39,13,28,7,3,3,5,4,1,1,0,0,0,10,1,2,0,0,1,2,2,2,0,2,0,0,0,2,0,0,0,0,1,0,0,1,0,0,0,2,0,0,0,0,0,0,4,2,0,1,0,1,0,0,0,0,0,0,3,0,0,1,0,1,0,0,3,1,2,0,0,0,0,0,0,0,0,0
1 - Έβρου,176 E.T. Δήμου Διδυμοτείχου,366,111,0,1,1,110,11,3,2,0,1,2,2,60,7,31,5,33,11,12,3,3,0,0,0,2,15,4,5,2,0,3,6,0,0,0,0,0,0,0,5,2,0,0,1,4,0,0,0,0,0,0,0,0,0,0,0,0,0,13,4,7,0,3,1,1,0,0,0,0,0,2,1,1,0,0,1,0,0,1,1,0,0,0,0,0,0,0,0,0,0
1 - Έβρου,177 E.T. Δήμου Διδυμοτείχου,394,149,2,0,2,147,29,14,7,7,1,4,10,64,11,32,14,27,5,7,1,0,0,0,0,0,28,2,11,3,2,7,13,2,0,2,0,0,0,0,3,1,0,1,0,1,0,0,0,0,0,0,0,0,0,0,0,0,0,15,8,2,3,1,2,7,0,0,0,0,0,2,0,0,1,1,0,0,0,2,0,0,0,0,0,0,0,0,0,1,1
1 - Έβρου,178 E.T. Δήμου Διδυμοτείχου,526,210,1,3,4,206,37,22,7,6,2,3,11,132,27,83,25,46,13,14,3,1,2,0,0,0,12,0,7,0,0,6,3,3,1,0,1,1,0,0,2,1,1,0,1,1,0,0,0,0,0,0,0,0,0,0,0,0,0,13,4,2,0,2,0,2,0,0,0,0,0,0,0,0,0,0,0,0,0,1,0,0,1,0,1,0,0,0,0,2,0
1 - Έβρου,179 E.T. Δήμου Διδυμοτείχου,515,190,1,1,2,188,30,17,1,5,9,0,4,124,34,61,27,32,13,27,4,0,2,2,0,0,12,1,10,0,0,1,8,1,0,0,0,0,0,0,0,0,0,0,0,0,0,0,0,0,0,0,0,0,0,0,0,0,0,11,5,2,2,2,1,1,0,0,0,0,0,1,0,0,1,0,0,0,0,5,2,0,2,0,0,0,0,0,0,0,0
1 - Έβρου,180 E.T. Δήμου Διδυμοτείχου,518,180,6,1,7,173,41,18,6,2,14,0,12,95,25,59,17,25,11,8,1,1,0,0,0,0,15,4,8,1,0,2,7,2,2,0,0,0,0,0,0,0,0,0,0,0,0,0,0,0,0,0,4,2,0,0,1,2,0,9,3,1,0,3,0,1,0,0,0,0,0,1,0,1,0,0,1,0,0,4,1,1,1,1,0,0,0,0,0,1,0
1 - Έβρου,181 E.T. Δήμου Διδυμοτείχου,467,211,1,0,1,210,43,15,9,4,8,2,15,114,16,62,37,7,5,34,5,1,1,1,1,0,15,0,3,3,1,4,7,0,0,0,0,0,0,0,3,1,0,0,0,1,0,0,1,0,0,0,0,0,0,0,0,0,0,23,10,4,0,1,8,2,0,0,0,0,0,0,0,0,0,0,0,0,0,4,2,0,0,0,1,0,0,1,1,1,0
1 - Έβρου,182 E.T. Δήμου Διδυμοτείχου,344,101,1,0,1,100,47,8,3,0,31,1,3,18,5,7,2,1,0,8,4,4,0,0,1,0,20,1,8,2,0,6,13,1,0,0,0,0,0,0,0,0,0,0,0,0,0,0,0,0,0,0,1,0,0,0,0,0,0,8,2,1,0,3,2,0,0,0,0,0,0,0,0,0,0,0,0,0,0,1,0,0,0,0,0,0,0,0,0,0,0
1 - Έβρου,183 E.T. Δήμου Διδυμοτείχου,381,217,5,0,5,212,15,7,4,2,4,0,1,163,83,71,29,15,14,21,7,1,3,1,0,0,8,1,3,0,2,2,1,2,0,1,2,0,0,0,0,0,0,0,0,0,0,0,1,1,0,0,0,0,0,0,0,0,0,11,4,2,0,0,2,1,0,0,0,0,0,1,0,0,0,0,0,0,0,4,2,0,0,2,0,0,0,0,0,0,0
1 - Έβρου,184 E.T. Δήμου Διδυμοτείχου,355,192,4,1,5,187,11,5,0,2,1,0,2,136,67,52,24,20,19,17,12,5,8,2,0,0,7,1,5,1,0,4,1,1,0,0,0,0,0,0,1,0,0,0,0,0,0,0,0,0,0,0,0,0,0,0,0,0,0,3,2,0,0,0,0,1,0,0,0,0,0,2,0,1,0,0,1,0,0,11,3,1,0,0,1,1,0,1,0,2,1
1 - Έβρου,185 E.T. Δήμου Διδυμοτείχου,164,52,0,0,0,52,12,1,2,7,2,7,0,34,17,16,13,1,7,1,0,0,0,0,0,0,4,1,3,1,2,0,0,0,0,0,0,0,0,0,0,0,0,0,0,0,0,0,0,0,0,0,0,0,0,0,0,0,0,2,0,0,0,0,0,0,0,0,0,0,0,0,0,0,0,0,0,0,0,0,0,0,0,0,0,0,0,0,0,0,0
1 - Έβρου,186 E.T. Δήμου Διδυμοτείχου,313,97,0,1,1,96,9,8,1,1,3,0,0,63,12,36,21,6,4,10,4,0,2,0,0,0,7,1,2,2,1,3,0,3,0,1,0,1,0,0,0,0,0,0,0,0,0,0,2,0,1,1,0,0,0,0,0,0,0,4,2,0,0,0,0,0,0,0,0,2,1,1,0,0,0,0,0,0,0,0,0,0,0,0,0,0,0,0,0,1,0
1 - Έβρου,187 E.T. Δήμου Διδυμοτείχου,292,82,1,0,1,81,26,6,4,1,2,0,9,42,7,28,11,9,6,2,6,1,4,2,0,0,2,0,1,0,0,1,0,0,0,0,0,0,0,0,0,0,0,0,0,0,0,0,0,0,0,0,0,0,0,0,0,0,0,4,1,1,1,0,1,0,0,0,0,0,0,0,0,0,0,0,0,0,0,0,0,0,0,0,0,0,0,0,0,1,0
1 - Έβρου,188 E.T. Δήμου Διδυμοτείχου,370,136,2,1,3,133,30,11,4,5,2,3,9,63,29,29,11,15,1,9,7,2,4,1,0,0,11,1,5,1,0,3,4,2,1,0,0,0,0,1,2,0,0,1,0,1,1,0,1,0,0,0,1,0,0,0,1,1,0,11,6,5,0,2,3,2,1,0,0,0,0,1,0,1,1,0,0,0,0,0,0,0,0,0,2,0,0,0,0,0,0
1 - Έβρου,189 E.T. Δήμου Διδυμοτείχου,379,176,0,1,1,175,27,17,3,0,6,1,6,116,38,56,27,21,12,29,7,2,1,1,0,0,6,0,3,1,0,0,1,1,0,0,0,1,1,0,1,1,0,0,0,0,0,0,1,0,0,0,0,0,0,0,0,0,0,12,8,1,1,3,1,0,0,0,0,0,0,1,0,0,1,0,0,0,0,1,0,0,1,1,0,0,0,0,0,2,0
1 - Έβρου,190 E.T. Δήμου Διδυμοτείχου,385,172,1,0,1,171,43,22,6,5,9,2,7,99,28,41,28,27,7,14,3,0,3,0,1,0,3,0,2,0,0,0,2,4,3,1,0,1,0,0,1,0,0,0,1,1,0,0,0,0,0,0,0,0,0,0,0,0,0,11,6,3,2,2,3,3,0,0,0,0,0,0,0,0,0,0,0,0,0,6,0,0,0,1,0,0,0,0,0,1,1
1 - Έβρου,191 E.T. Δήμου Διδυμοτείχου,551,125,3,0,3,122,37,5,13,0,34,1,1,66,28,41,11,13,4,17,1,0,1,0,0,0,4,0,1,0,0,1,4,1,1,0,1,0,0,0,1,0,0,0,0,0,0,0,0,0,0,0,0,0,0,0,0,0,0,3,0,2,0,0,1,0,0,0,0,0,0,1,1,0,1,0,0,1,0,2,1,1,1,0,2,1,1,0,0,3,1
1 - Έβρου,192 E.T. Δήμου Διδυμοτείχου,120,45,1,1,2,43,23,8,7,5,5,0,5,11,0,10,0,0,0,2,0,0,0,0,0,0,1,0,0,0,0,0,1,2,0,1,0,0,0,1,0,0,0,0,0,0,0,0,0,0,0,0,0,0,0,0,0,0,0,3,0,0,0,0,0,0,1,0,0,1,0,0,0,0,0,0,0,0,0,1,0,0,0,0,0,0,0,0,0,0,0
1 - Έβρου,193 E.T. Δήμου Διδυμοτείχου,291,116,2,0,2,114,21,9,10,2,3,1,2,69,27,37,8,12,6,10,1,0,1,0,1,0,7,0,6,0,0,3,0,1,0,0,0,1,1,0,1,1,0,0,1,0,0,0,0,0,0,0,0,0,0,0,0,0,0,11,7,3,2,1,0,0,0,0,0,0,0,0,0,0,0,0,0,0,0,3,2,0,2,0,0,0,0,0,0,0,0
1 - Έβρου,194 E.T. Δήμου Διδυμοτείχου,307,89,3,1,4,85,18,7,5,0,3,0,5,39,9,18,15,18,3,3,3,0,2,0,0,0,12,2,9,1,0,5,2,3,0,0,0,0,0,0,1,1,0,1,0,0,0,0,0,0,0,0,1,1,0,0,0,1,0,8,3,5,2,2,0,0,0,0,0,0,0,0,0,0,0,0,0,0,0,0,0,0,0,0,0,0,0,0,0,0,0
1 - Έβρου,195 E.T. Δήμου Διδυμοτείχου,459,180,3,2,5,175,28,9,9,2,5,0,7,97,19,50,21,26,9,11,6,0,2,0,4,0,31,4,5,8,1,3,21,3,0,0,0,0,0,0,1,1,0,0,1,0,0,0,1,0,0,0,0,0,0,0,0,0,0,7,1,2,0,1,0,0,0,0,0,0,0,0,0,0,0,0,0,0,0,1,0,0,0,0,0,0,0,0,0,0,0
1 - Έβρου,196 E.T. Δήμου Διδυμοτείχου,418,188,0,0,0,188,56,20,13,7,20,2,17,96,25,39,23,34,10,20,4,3,0,2,0,0,14,2,6,1,0,6,8,1,0,1,1,0,0,0,3,2,0,0,1,1,0,0,0,0,0,0,1,0,0,1,0,0,0,5,4,0,0,2,1,0,1,0,0,0,0,2,1,0,0,0,1,0,0,3,0,1,1,1,1,0,0,1,0,1,0
1 - Έβρου,197 E.T. Δήμου Διδυμοτείχου,402,200,1,2,3,197,58,21,18,3,25,3,5,89,17,35,17,26,17,16,6,3,1,1,0,0,22,3,11,1,0,2,12,5,1,4,0,1,0,1,1,0,1,0,1,0,0,0,0,0,0,0,0,0,0,0,0,0,0,6,2,3,0,1,2,0,0,0,0,0,0,1,0,0,0,0,1,0,0,6,4,1,3,0,0,0,0,0,0,3,2
1 - Έβρου,198 E.T. Δήμου Διδυμοτείχου,411,191,2,0,2,189,43,19,13,2,14,1,10,96,22,31,32,45,3,15,3,1,0,2,1,0,28,1,18,1,1,7,12,3,1,2,2,1,0,0,4,0,0,1,1,0,0,0,0,0,0,0,0,0,0,0,0,0,0,6,5,0,0,1,0,1,0,0,0,0,0,2,1,0,0,0,1,0,0,3,0,1,2,1,1,1,0,1,0,0,0
1 - Έβρου,199 E.T. Δήμου Διδυμοτείχου,515,226,4,0,4,222,46,22,15,5,11,3,11,111,43,51,31,17,11,14,3,1,0,0,0,0,31,6,10,3,3,11,9,5,4,1,0,1,4,0,3,1,1,0,0,0,0,0,2,0,1,2,1,0,0,0,1,1,0,11,4,3,0,3,3,1,0,0,0,0,0,1,1,0,1,0,0,0,0,6,4,3,3,1,0,0,0,0,0,2,2
1 - Έβρου,200 E.T. Δήμου Διδυμοτείχου,454,149,3,1,4,145,26,10,9,3,6,0,3,92,27,51,12,13,9,14,5,0,3,0,0,1,11,1,5,2,0,3,3,5,2,1,1,1,1,1,1,0,0,0,1,1,0,0,0,0,0,0,1,1,0,0,0,0,1,2,1,0,0,0,0,0,0,0,0,0,0,0,0,0,0,0,0,0,0,2,1,0,1,0,0,0,0,0,0,0,0
1 - Έβρου,201 E.T. Δήμου Ορεστιάδας,510,236,6,2,8,228,49,28,3,3,3,1,16,148,19,24,20,122,5,3,7,1,3,3,2,2,1,0,0,0,0,0,1,5,2,0,0,2,1,1,1,0,0,0,0,0,0,0,0,0,0,0,0,0,0,0,0,0,0,6,3,3,0,1,0,0,2,1,1,1,0,5,0,2,1,3,0,1,0,2,0,0,0,0,0,0,0,0,0,0,0
1 - Έβρου,202 E.T. Δήμου Ορεστιάδας,490,296,5,1,6,290,52,28,5,4,5,4,16,159,28,30,26,113,11,13,11,2,2,2,4,1,16,0,1,0,0,0,8,14,9,4,2,2,2,0,8,1,1,0,0,4,1,0,0,0,0,0,0,0,0,0,0,0,0,15,5,1,1,0,2,0,1,1,0,0,0,3,0,0,1,1,0,2,0,8,3,1,3,1,0,0,0,0,0,0,0
1 - Έβρου,203 E.T. Δήμου Ορεστιάδας,492,246,3,0,3,243,45,24,6,1,6,4,14,149,23,25,19,108,7,6,10,0,4,1,2,2,14,0,1,2,0,0,14,2,1,0,1,0,1,0,2,0,0,0,1,1,0,0,0,0,0,0,0,0,0,0,0,0,0,14,6,2,0,1,1,1,0,0,0,0,0,1,0,0,1,0,0,0,0,2,0,0,0,1,1,0,0,0,0,3,2
1 - Έβρου,204 E.T. Δήμου Ορεστιάδας,504,255,0,0,0,255,50,28,4,6,11,2,22,163,24,39,27,125,11,12,2,0,0,1,1,0,10,0,2,1,0,0,7,10,8,1,5,2,0,1,2,0,0,0,0,2,0,0,0,0,0,0,0,0,0,0,0,0,0,5,3,0,0,0,0,2,0,0,0,0,0,2,1,0,0,1,0,0,0,8,3,5,3,1,1,1,1,0,0,2,2
1 - Έβρου,205 E.T. Δήμου Ορεστιάδας,502,241,3,1,4,237,34,19,2,3,9,0,7,159,23,49,34,113,8,4,9,1,3,3,0,1,11,1,1,0,0,3,8,10,8,0,1,1,2,0,2,0,0,0,0,1,0,0,0,0,0,0,1,0,1,0,0,1,0,4,2,2,0,0,2,0,1,0,0,0,0,3,0,1,1,0,1,0,0,1,0,0,0,0,2,0,1,0,1,0,0
1 - Έβρου,206 E.T. Δήμου Ορεστιάδας,512,225,3,2,5,220,35,19,3,2,2,4,15,140,25,21,22,104,9,14,4,2,1,0,0,1,8,0,0,0,0,1,8,3,2,0,0,0,1,0,4,0,0,0,0,3,0,0,0,0,0,0,1,0,0,0,1,0,0,14,7,1,2,1,1,1,0,0,0,0,0,2,0,0,2,0,0,1,1,5,2,1,0,0,1,0,0,1,0,2,2
1 - Έβρου,207 E.T. Δήμου Ορεστιάδας,508,233,4,2,6,227,43,24,3,4,4,3,14,133,28,33,25,99,5,10,6,2,0,2,3,0,14,1,0,0,1,0,11,12,6,0,5,1,1,0,4,1,0,0,0,2,0,0,1,0,0,0,0,0,0,0,0,0,0,5,2,1,1,1,0,0,0,0,0,0,0,1,0,0,0,0,0,1,1,6,4,1,3,1,0,0,0,0,0,1,1
1 - Έβρου,208 E.T. Δήμου Ορεστιάδας,455,326,6,5,11,315,74,42,6,5,5,2,17,118,27,42,20,48,9,23,23,7,6,5,5,3,37,1,9,1,2,1,30,9,5,1,0,1,0,0,8,1,1,0,0,6,1,0,1,1,1,0,1,0,1,1,0,0,0,24,9,7,5,2,3,1,0,0,0,0,0,7,1,0,3,0,1,1,0,6,2,2,2,1,1,1,0,0,1,4,2
1 - Έβρου,209 E.T. Δήμου Ορεστιάδας,435,327,9,1,10,317,79,41,13,11,12,8,25,137,32,37,31,53,14,26,22,7,7,9,4,4,19,3,2,1,2,3,15,3,1,1,0,2,0,2,13,3,5,0,6,5,0,0,0,0,0,0,0,0,0,0,0,0,0,25,9,8,3,6,3,4,0,0,0,0,0,1,1,0,0,1,0,0,0,10,3,6,4,3,5,1,1,3,2,3,0
1 - Έβρου,210 E.T. Δήμου Ορεστιάδας,482,250,3,0,3,247,62,33,6,5,4,7,30,135,64,56,28,32,7,30,5,0,4,1,2,1,22,2,6,3,0,5,19,1,1,0,0,0,0,1,6,1,0,1,0,4,0,0,0,0,0,0,4,1,0,0,3,3,0,7,6,2,1,1,0,0,0,0,0,0,0,2,1,0,0,0,2,0,0,2,0,0,0,0,0,0,0,0,0,1,1
1 - Έβρου,211 E.T. Δήμου Ορεστιάδας,485,225,5,3,8,217,57,28,3,1,4,6,31,100,48,31,17,30,3,13,4,0,0,0,1,0,24,0,8,0,1,3,17,3,1,1,1,0,0,1,7,2,0,0,0,0,0,0,1,0,0,0,2,0,1,0,2,1,0,9,6,2,2,0,0,0,1,0,1,0,0,1,0,1,0,0,0,0,0,3,0,0,0,0,5,4,0,1,0,0,0
1 - Έβρου,212 E.T. Δήμου Ορεστιάδας,491,227,2,2,4,223,32,12,4,3,7,4,14,134,63,56,37,33,4,16,9,1,4,5,1,0,28,6,9,9,1,1,15,2,0,0,0,0,0,0,3,1,0,1,0,2,0,0,0,0,0,0,1,0,0,0,1,1,0,8,4,2,0,0,0,1,0,0,0,0,0,1,0,0,0,0,0,0,0,3,0,0,0,0,1,0,0,0,0,1,1
1 - Έβρου,213 E.T. Δήμου Ορεστιάδας,562,280,8,4,12,268,50,13,4,5,6,3,23,134,49,36,8,63,9,9,8,6,3,2,2,1,29,4,10,0,1,2,18,4,2,1,0,1,0,0,2,0,0,0,0,2,0,0,1,0,0,0,6,0,0,3,2,4,3,15,6,3,3,2,1,0,1,0,0,0,0,4,0,0,1,1,1,1,1,5,0,0,0,1,2,0,1,0,0,6,4
1 - Έβρου,214 E.T. Δήμου Ορεστιάδας,553,290,2,2,4,286,43,27,11,3,4,1,26,164,63,55,38,65,13,20,18,13,6,3,1,0,22,2,8,1,0,3,14,2,2,0,0,0,0,0,10,3,3,2,4,3,0,0,0,0,0,0,4,2,2,2,0,1,1,15,2,3,2,1,1,3,0,0,0,0,0,2,1,1,0,0,1,0,0,3,0,1,0,1,2,1,0,0,0,1,0
1 - Έβρου,215 E.T. Δήμου Ορεστιάδας,554,309,4,3,7,302,49,24,13,5,3,6,17,183,70,62,53,61,13,21,15,5,3,6,2,0,27,1,4,3,4,5,17,2,2,0,0,0,0,0,2,1,0,0,0,2,0,0,0,0,0,0,3,1,1,0,2,0,0,10,7,1,2,2,0,2,0,0,0,0,0,1,1,1,0,0,0,0,0,5,2,1,0,0,1,0,0,1,0,4,2
1 - Έβρου,216 E.T. Δήμου Ορεστιάδας,509,264,2,2,4,260,38,19,6,1,1,2,15,150,36,42,60,54,32,5,8,3,2,2,2,0,18,1,4,1,1,5,9,1,1,0,0,1,0,0,4,0,1,0,0,2,0,0,2,0,0,0,7,1,0,1,5,6,0,19,7,3,2,2,3,1,0,0,0,0,0,9,2,0,4,1,3,0,0,4,2,2,1,0,0,0,0,0,0,0,0
1 - Έβρου,217 E.T. Δήμου Ορεστιάδας,526,271,5,0,5,266,42,20,5,3,1,3,15,144,40,42,52,51,30,11,12,6,1,7,0,0,22,0,4,1,1,8,15,10,5,0,0,6,1,0,4,0,0,0,0,3,0,0,1,1,0,0,6,1,2,2,2,2,0,16,9,3,1,3,0,4,0,0,0,0,0,4,1,1,2,0,0,1,0,2,0,0,0,0,1,0,1,1,0,1,1
1 - Έβρου,218 E.T. Δήμου Ορεστιάδας,427,147,3,1,4,143,32,15,12,5,6,2,5,70,22,60,7,9,5,3,6,0,2,0,4,1,14,3,2,2,1,1,8,2,2,1,0,0,0,0,4,1,0,0,1,1,0,0,1,0,0,0,0,0,0,0,0,0,0,9,5,3,0,2,3,3,0,0,0,0,0,0,0,0,0,0,0,0,0,4,2,0,0,0,0,0,0,0,0,1,0
1 - Έβρου,219 E.T. Δήμου Ορεστιάδας,332,187,1,0,1,186,59,32,6,2,5,2,22,67,20,35,23,9,2,5,7,3,1,1,1,0,21,3,8,4,0,3,14,7,6,1,5,0,1,0,0,0,0,0,0,0,0,0,0,0,0,0,0,0,0,0,0,0,0,8,5,1,0,0,0,1,0,0,0,0,0,12,1,0,9,6,0,0,0,4,0,1,1,0,0,0,0,0,0,1,1
1 - Έβρου,220 E.T. Δήμου Ορεστιάδας,158,68,0,1,1,67,7,3,0,0,3,0,4,48,15,22,11,9,11,1,1,0,1,1,0,0,3,1,0,1,0,0,0,0,0,0,0,0,0,0,2,0,1,0,0,0,0,0,1,1,0,0,0,0,0,0,0,0,0,4,1,0,2,2,1,1,0,0,0,0,0,0,0,0,0,0,0,0,0,0,0,0,0,0,1,0,0,0,0,0,0
1 - Έβρου,221 E.T. Δήμου Ορεστιάδας,551,276,4,1,5,271,65,44,8,10,12,1,18,122,69,55,33,23,11,11,13,8,4,5,1,2,41,1,10,2,1,1,36,1,0,0,0,0,0,0,5,1,0,1,1,3,0,0,0,0,0,0,3,0,1,2,0,1,1,17,8,3,2,2,8,4,0,0,0,0,0,0,0,0,0,0,0,0,0,2,0,0,2,1,1,0,0,0,0,1,1
1 - Έβρου,222 E.T. Δήμου Ορεστιάδας,574,277,3,0,3,274,56,27,5,5,2,8,13,131,73,50,38,24,8,10,15,2,4,7,1,0,35,2,9,2,0,1,31,2,2,2,0,0,0,0,5,0,0,0,1,2,0,0,0,0,0,0,2,1,0,1,0,2,0,16,4,2,4,2,4,1,1,1,0,0,0,4,1,0,1,2,0,0,0,3,1,0,1,0,3,1,1,0,0,1,0
1 - Έβρου,223 E.T. Δήμου Ορεστιάδας,372,176,4,0,4,172,54,32,6,2,4,3,16,59,27,29,9,20,3,7,6,3,3,1,1,0,19,1,6,0,0,1,17,3,1,0,0,0,0,0,3,0,0,0,0,2,0,0,0,0,0,0,1,0,0,1,0,0,1,12,4,2,1,2,3,0,0,0,0,0,0,9,0,0,2,9,0,0,0,6,1,0,2,1,0,0,0,0,0,0,0
1 - Έβρου,224 E.T. Δήμου Ορεστιάδας,326,188,9,0,9,179,51,34,2,2,5,3,9,60,21,29,5,40,1,3,4,3,3,0,0,1,27,1,14,0,1,4,19,6,3,1,0,0,0,0,2,0,0,0,0,1,0,0,0,0,0,0,1,0,0,0,0,0,0,12,5,0,1,0,1,1,1,1,0,0,0,8,1,0,0,7,0,0,0,5,0,1,1,1,1,0,0,0,0,1,0
1 - Έβρου,225 E.T. Δήμου Ορεστιάδας,239,108,0,1,1,107,27,21,2,2,1,1,8,32,7,11,2,8,1,12,3,0,0,1,1,0,19,0,2,2,0,1,14,5,5,0,0,0,5,0,3,0,0,0,0,1,0,0,1,0,0,0,0,0,0,0,0,0,0,14,9,1,1,1,0,0,0,0,0,0,0,1,0,0,1,0,0,0,0,2,1,0,0,1,0,0,0,0,0,0,0
1 - Έβρου,226 E.T. Δήμου Ορεστιάδας,468,271,1,6,7,264,11,6,0,1,3,1,4,202,78,77,47,61,18,25,11,1,0,2,0,1,11,0,0,1,0,5,7,4,4,1,1,0,1,1,4,0,0,0,1,3,0,0,0,0,0,0,0,0,0,0,0,0,0,12,6,1,2,3,2,0,0,0,0,0,0,2,0,0,1,1,0,0,0,6,0,2,1,0,0,0,0,0,0,1,0
1 - Έβρου,227 E.T. Δήμου Ορεστιάδας,549,253,8,1,9,244,67,37,6,11,6,2,21,121,46,48,20,29,15,17,8,2,2,4,4,1,11,3,1,1,1,0,7,5,4,3,0,0,0,0,4,0,0,0,0,4,1,0,1,0,0,0,2,1,1,1,0,1,0,15,8,6,0,2,5,2,0,0,0,0,0,2,0,0,2,1,0,1,0,2,0,1,0,0,4,2,2,2,1,0,0
1 - Έβρου,228 E.T. Δήμου Ορεστιάδας,535,306,8,2,10,296,71,36,9,5,4,2,27,136,49,45,31,37,10,15,10,0,3,1,0,1,22,1,4,1,0,2,20,7,5,0,1,2,0,0,7,0,0,0,0,7,0,0,2,1,0,0,1,0,0,0,1,1,0,29,10,1,2,4,1,2,1,0,0,1,1,1,1,0,0,0,0,1,0,4,2,1,0,0,1,0,0,0,0,2,1
1 - Έβρου,229 E.T. Δήμου Ορεστιάδας,555,335,3,1,4,331,71,40,8,5,7,5,19,170,60,53,41,47,24,28,16,5,3,4,5,0,31,5,4,2,0,0,23,5,5,0,2,1,1,0,7,0,0,2,0,7,0,0,2,1,1,0,0,0,0,0,0,0,0,17,9,2,1,1,2,2,0,0,0,0,0,3,0,0,1,1,1,0,0,7,3,3,2,0,2,0,0,1,1,0,0
1 - Έβρου,230 E.T. Δήμου Ορεστιάδας,537,310,4,3,7,303,62,27,9,4,8,5,17,155,58,52,28,44,15,27,9,2,4,5,0,0,26,2,3,3,4,2,19,3,2,2,0,0,0,0,8,0,0,0,2,4,0,0,2,0,0,0,0,0,0,0,0,0,0,19,10,7,3,3,3,1,0,0,0,0,0,3,0,0,1,0,1,0,0,12,6,1,6,2,1,0,1,1,0,3,2
1 - Έβρου,231 E.T. Δήμου Ορεστιάδας,530,311,9,6,15,296,55,32,8,7,4,5,18,144,42,61,32,32,19,23,3,2,0,2,0,0,28,2,6,0,1,3,23,19,15,4,5,1,2,2,6,1,0,1,0,4,0,0,2,1,2,0,2,1,1,0,0,1,1,25,19,3,2,5,5,3,0,0,0,0,0,2,0,1,0,1,0,0,0,5,2,0,4,1,2,0,1,1,0,3,0
1 - Έβρου,232 E.T. Δήμου Ορεστιάδας,530,297,3,3,6,291,76,39,6,3,6,3,24,138,37,58,31,31,14,23,8,0,3,3,0,0,24,1,2,1,0,1,17,5,4,2,1,1,1,1,6,0,0,0,1,3,0,0,0,0,0,0,0,0,0,0,0,0,0,11,4,0,1,1,0,1,0,0,0,0,0,5,1,1,2,2,2,0,0,10,1,2,1,1,2,1,1,0,0,6,2
1 - Έβρου,233 E.T. Δήμου Ορεστιάδας,534,281,3,1,4,277,65,35,9,4,6,3,30,106,42,47,30,38,9,19,12,5,2,7,1,0,27,4,12,1,2,2,17,6,5,2,0,1,0,0,9,0,0,0,0,9,0,0,1,0,0,0,0,0,0,0,0,0,0,37,17,11,3,7,10,5,0,0,0,0,0,5,0,0,3,3,0,1,0,7,4,0,3,4,0,0,0,0,0,1,1
1 - Έβρου,234 E.T. Δήμου Ορεστιάδας,531,342,8,1,9,333,65,34,7,6,5,1,19,164,68,58,30,36,15,18,17,6,6,8,0,0,23,0,4,0,0,3,15,8,4,3,1,1,1,3,11,0,0,0,1,10,0,0,3,1,0,0,0,0,0,0,0,0,0,14,5,3,2,0,1,0,0,0,0,0,0,4,0,0,1,2,1,0,0,16,2,2,2,2,5,0,2,0,1,3,1
1 - Έβρου,235 E.T. Δήμου Ορεστιάδας,532,337,10,4,14,323,88,45,2,8,9,7,18,131,56,53,19,29,12,16,14,4,6,3,1,2,28,1,7,0,0,2,25,6,3,0,0,0,2,0,9,3,1,1,0,6,0,0,1,0,0,0,1,0,1,0,0,0,0,21,14,3,1,0,3,2,0,0,0,0,0,6,0,2,1,1,0,1,0,10,3,0,3,3,5,3,2,1,1,2,2
1 - Έβρου,236 E.T. Δήμου Ορεστιάδας,530,305,7,1,8,297,81,43,15,10,9,9,23,126,60,44,25,38,12,9,13,6,1,4,2,1,28,2,2,1,2,1,24,5,3,1,1,1,0,1,14,0,1,0,1,12,0,0,0,0,0,0,0,0,0,0,0,0,0,21,9,6,2,5,4,2,0,0,0,0,0,2,1,0,0,1,0,0,0,6,1,0,2,1,0,0,0,0,0,1,1
1 - Έβρου,237 E.T. Δήμου Ορεστιάδας,534,292,8,5,13,279,74,43,9,6,6,9,19,101,38,54,19,25,6,26,14,4,3,8,3,0,23,2,3,0,1,0,16,6,4,0,0,0,3,2,15,1,1,1,3,9,0,0,5,2,0,1,0,0,0,0,0,0,0,18,5,1,5,5,4,2,0,0,0,0,0,7,2,0,2,0,1,0,0,7,2,4,2,0,7,3,2,1,0,2,1
1 - Έβρου,238 E.T. Δήμου Ορεστιάδας,532,301,6,3,9,292,85,40,7,4,9,5,24,110,44,48,20,18,10,17,11,2,5,9,0,0,34,0,10,1,0,0,25,9,4,2,1,0,0,1,6,0,0,0,0,5,0,0,0,0,0,0,3,0,1,0,1,1,0,10,3,3,0,0,0,0,3,1,0,0,0,5,2,1,3,0,1,1,0,8,0,0,2,2,2,0,1,0,0,5,0
1 - Έβρου,239 E.T. Δήμου Ορεστιάδας,537,287,2,3,5,282,76,41,7,6,8,4,24,118,30,49,27,36,16,24,9,2,3,5,1,0,21,1,4,0,1,3,18,5,3,2,0,1,1,0,8,0,0,0,0,6,0,0,2,0,0,0,0,0,0,0,0,0,0,22,8,7,2,6,1,2,0,0,0,0,0,4,1,1,2,1,0,0,0,12,2,1,3,2,3,1,2,0,1,2,1
1 - Έβρου,240 E.T. Δήμου Ορεστιάδας,536,312,5,0,5,307,87,41,10,8,7,2,43,122,56,41,34,41,13,12,13,1,1,6,0,2,32,2,6,0,0,3,24,8,6,1,0,0,0,1,4,0,0,0,1,3,0,0,0,0,0,0,2,0,1,1,0,0,0,17,6,1,2,2,4,0,0,0,0,0,0,4,1,1,3,0,0,0,0,13,4,1,4,1,3,1,1,0,0,2,0
1 - Έβρου,241 E.T. Δήμου Ορεστιάδας,530,290,3,9,12,278,54,29,5,1,1,7,17,121,28,54,30,42,11,18,10,3,3,5,0,1,43,2,5,1,1,3,35,7,7,4,0,1,0,0,10,1,0,0,0,9,0,0,1,0,0,0,2,0,1,1,0,0,0,13,5,7,0,2,1,2,1,0,1,0,0,5,1,1,0,3,3,0,0,8,1,1,3,2,2,0,1,1,0,1,1
1 - Έβρου,242 E.T. Δήμου Ορεστιάδας,407,224,5,1,6,218,46,32,2,5,4,4,17,110,48,25,19,51,8,6,17,8,7,6,1,2,16,2,4,3,0,1,11,4,2,0,0,0,1,0,4,0,0,1,0,2,1,0,0,0,0,0,0,0,0,0,0,0,0,11,3,2,2,0,3,1,0,0,0,0,0,4,1,1,2,0,1,0,0,3,0,0,1,1,1,0,0,0,0,1,0
1 - Έβρου,243 E.T. Δήμου Ορεστιάδας,408,211,6,3,9,202,41,19,0,2,5,0,16,114,44,38,23,37,13,11,11,4,4,6,2,1,12,1,1,2,0,1,10,2,2,1,0,0,0,0,2,0,0,0,0,2,1,0,0,0,0,0,0,0,0,0,0,0,0,12,6,3,1,1,1,0,0,0,0,0,0,0,0,0,0,0,0,0,0,4,1,0,1,0,1,1,0,1,0,2,2
1 - Έβρου,244 E.T. Δήμου Ορεστιάδας,400,190,6,1,7,183,34,17,2,4,2,2,18,94,28,23,18,38,12,12,13,4,4,2,1,0,16,0,3,1,0,0,12,1,0,0,0,0,0,0,4,0,0,0,0,3,0,0,0,0,0,0,0,0,0,0,0,0,0,17,12,5,0,1,1,0,0,0,0,0,0,1,0,0,0,0,0,0,0,3,0,1,1,1,0,0,0,0,0,0,0
1 - Έβρου,245 E.T. Δήμου Ορεστιάδας,447,191,4,2,6,185,54,37,4,2,3,4,19,85,33,36,11,19,8,18,3,0,2,1,0,1,16,0,2,0,0,1,16,2,1,0,1,0,0,0,4,2,0,1,1,1,0,0,0,0,0,0,0,0,0,0,0,0,0,13,6,4,3,3,2,1,0,0,0,0,0,3,1,0,3,0,0,0,0,1,0,1,0,1,3,1,1,1,2,1,0
1 - Έβρου,246 E.T. Δήμου Ορεστιάδας,430,195,2,0,2,193,60,36,9,6,5,2,16,79,30,23,19,25,7,17,6,0,2,5,2,0,16,2,1,1,1,2,11,4,2,2,0,1,0,1,7,0,1,0,1,5,0,0,0,0,0,0,0,0,0,0,0,0,0,7,3,1,3,2,0,0,1,1,0,0,0,2,1,0,1,0,0,1,0,5,1,0,0,1,2,0,0,1,0,3,1
1 - Έβρου,247 E.T. Δήμου Ορεστιάδας,427,181,4,0,4,177,55,33,8,12,11,6,27,78,30,36,10,30,6,6,9,3,6,4,0,0,14,0,5,0,2,1,12,0,0,0,0,0,0,0,2,2,0,0,0,0,0,0,2,1,0,0,0,0,0,0,0,0,0,10,2,3,0,1,1,3,0,0,0,0,0,0,0,0,0,0,0,0,0,5,4,0,5,0,2,1,1,2,0,0,0
1 - Έβρου,248 E.T. Δήμου Ορεστιάδας,490,220,1,0,1,219,51,29,7,2,6,1,21,95,37,37,21,29,14,9,15,5,6,5,2,2,18,0,2,0,0,0,15,1,1,0,0,0,0,0,8,0,1,0,1,7,0,0,0,0,0,0,0,0,0,0,0,0,0,22,13,2,4,3,1,0,0,0,0,1,1,2,1,1,1,0,0,0,0,3,0,0,2,1,1,0,0,0,0,2,2
1 - Έβρου,249 E.T. Δήμου Ορεστιάδας,483,212,7,1,8,204,34,18,4,5,2,0,16,108,52,34,9,19,11,17,14,3,7,4,1,1,14,1,1,0,3,6,10,3,0,1,0,1,0,0,5,2,1,0,1,3,0,0,2,1,0,0,0,0,0,0,0,0,0,14,6,6,0,3,1,1,0,0,0,0,0,0,0,0,0,0,0,1,0,5,1,2,1,1,3,0,1,0,1,1,1
1 - Έβρου,250 E.T. Δήμου Ορεστιάδας,256,151,3,1,4,147,47,27,2,2,0,0,26,63,22,23,8,22,9,12,6,1,4,2,0,0,17,0,3,0,0,0,17,2,2,1,0,0,1,0,1,0,0,0,0,1,0,0,0,0,0,0,0,0,0,0,0,0,0,6,2,1,2,0,0,1,0,0,0,0,0,0,0,0,0,0,0,0,0,2,1,0,2,0,2,0,0,1,1,1,0
1 - Έβρου,251 E.T. Δήμου Ορεστιάδας,537,227,4,3,7,220,82,47,7,5,7,12,36,75,29,19,21,28,7,11,11,5,2,3,0,2,11,2,3,0,0,1,10,1,1,0,0,1,0,0,4,1,0,0,1,3,0,0,3,3,1,1,1,1,0,0,0,1,0,15,7,4,0,0,4,1,1,0,1,0,0,1,0,0,1,1,0,2,0,8,1,1,4,1,3,2,1,1,0,2,0
1 - Έβρου,252 E.T. Δήμου Ορεστιάδας,557,239,6,0,6,233,89,43,4,7,6,18,29,94,41,40,13,36,7,4,13,1,4,2,0,1,11,2,1,1,0,0,9,3,2,0,0,1,0,0,6,0,1,0,0,5,0,0,1,0,0,0,0,0,0,0,0,0,0,7,1,2,0,1,0,0,0,0,0,0,0,0,0,0,0,0,0,0,0,4,2,0,2,0,1,0,1,0,0,4,3
1 - Έβρου,253 E.T. Δήμου Ορεστιάδας,568,258,9,2,11,247,62,35,5,5,11,6,11,119,38,34,23,50,8,17,11,1,4,6,1,0,16,2,3,0,0,0,14,2,1,0,0,0,0,0,9,0,1,0,1,4,0,0,0,0,0,0,3,1,1,0,2,0,0,10,8,3,1,1,3,2,0,0,0,0,0,1,0,0,0,0,1,0,0,6,2,1,3,2,2,1,1,2,0,6,3
1 - Έβρου,254 E.T. Δήμου Ορεστιάδας,448,263,6,0,6,257,66,28,9,5,3,3,14,111,34,53,16,37,6,12,18,6,6,6,0,0,22,0,2,1,0,2,16,4,2,0,0,0,0,0,3,0,0,0,0,3,0,0,1,0,0,0,3,0,0,0,0,0,0,17,6,3,2,2,0,1,1,1,1,0,0,3,1,0,0,0,0,0,0,7,0,1,1,2,1,0,0,0,0,0,0
1 - Έβρου,255 E.T. Δήμου Ορεστιάδας,466,231,5,1,6,225,63,29,5,2,4,4,24,97,40,45,13,30,8,14,9,3,1,5,1,0,11,1,3,0,1,2,7,5,4,1,0,0,1,0,2,1,0,0,1,0,0,0,0,0,0,0,0,0,0,0,0,0,0,19,3,3,4,6,4,2,1,1,0,0,0,7,1,0,6,0,4,0,0,9,2,2,2,2,0,0,0,0,0,2,2
1 - Έβρου,256 E.T. Δήμου Ορεστιάδας,450,196,1,1,2,194,62,33,6,4,3,2,24,80,24,33,15,26,3,14,6,4,1,1,0,0,10,1,3,1,1,1,6,6,3,0,0,1,0,1,7,1,1,0,2,5,0,0,0,0,0,0,0,0,0,0,0,0,0,12,9,3,0,4,3,1,0,0,0,0,0,4,2,0,2,0,0,1,1,3,3,1,2,0,1,0,0,0,1,2,0
1 - Έβρου,257 E.T. Δήμου Ορεστιάδας,449,199,4,0,4,195,50,27,3,5,2,4,22,64,25,37,4,13,1,11,7,2,1,1,0,0,24,2,6,0,0,0,15,10,8,3,0,1,0,3,9,1,0,1,0,5,0,0,1,1,0,0,0,0,0,0,0,0,0,18,9,3,1,1,1,1,1,0,0,0,0,1,0,1,0,0,0,0,0,5,1,2,1,1,2,1,1,0,1,3,2
1 - Έβρου,258 E.T. Δήμου Ορεστιάδας,445,123,1,0,1,122,25,15,3,5,1,0,4,66,23,32,10,18,9,2,3,2,0,1,0,0,11,1,2,0,0,6,8,2,2,0,0,1,0,0,1,0,0,0,0,1,0,0,1,0,0,0,1,0,0,0,0,0,0,3,0,0,0,0,1,0,0,0,0,0,0,8,0,0,1,3,2,0,0,1,0,0,1,0,0,0,0,0,0,0,0
1 - Έβρου,259 E.T. Δήμου Ορεστιάδας,493,225,5,1,6,219,57,25,7,7,5,5,28,115,49,56,23,37,2,12,9,2,3,4,0,0,16,1,4,1,0,0,15,3,3,0,0,0,2,0,1,0,0,0,0,1,0,0,1,0,0,0,1,0,0,0,0,0,0,11,5,3,0,1,1,1,0,0,0,0,0,2,0,0,1,0,0,0,0,2,0,0,0,1,1,0,0,0,0,0,0
1 - Έβρου,260 E.T. Δήμου Ορεστιάδας,545,207,1,1,2,205,52,30,2,3,5,1,29,108,39,54,29,19,4,16,8,2,2,2,1,0,10,0,5,0,0,1,10,2,0,0,0,0,0,0,1,0,0,0,0,1,0,0,0,0,0,0,0,0,0,0,0,0,0,15,4,0,1,0,4,2,0,0,0,0,0,0,0,0,0,0,0,0,0,1,1,0,1,0,2,0,1,1,0,6,2
1 - Έβρου,261 E.T. Δήμου Ορεστιάδας,418,177,2,5,7,170,25,18,4,5,0,2,7,91,34,21,20,35,7,6,8,1,2,4,2,0,16,2,0,0,7,0,12,4,1,1,0,2,0,0,3,0,0,0,0,1,0,0,0,0,0,0,0,0,0,0,0,0,0,13,8,2,4,0,1,3,0,0,0,0,0,4,2,0,1,1,2,1,1,3,2,0,2,0,0,0,0,0,0,2,2
1 - Έβρου,262 E.T. Δήμου Ορεστιάδας,482,173,3,0,3,170,25,12,1,2,2,3,4,86,48,25,10,29,8,8,8,3,1,3,0,3,22,0,1,0,1,2,20,2,1,0,1,0,0,0,1,0,0,0,0,0,0,0,1,1,0,1,0,0,0,0,0,0,0,14,6,2,2,0,2,3,0,0,0,0,0,5,0,0,5,4,0,0,0,3,1,1,1,1,1,1,0,0,1,2,0
1 - Έβρου,263 E.T. Δήμου Ορεστιάδας,324,162,3,1,4,158,32,11,3,1,1,3,9,75,26,38,19,13,4,9,2,0,0,0,0,0,14,1,3,0,0,0,14,1,0,0,0,1,0,0,11,0,0,0,0,11,0,0,0,0,0,0,0,0,0,0,0,0,0,17,8,1,1,2,2,2,0,0,0,0,0,5,2,0,3,0,1,0,0,1,1,0,1,0,0,0,0,0,0,0,0
1 - Έβρου,264 E.T. Δήμου Ορεστιάδας,279,139,2,0,2,137,19,10,0,6,1,2,8,58,23,28,13,9,5,7,6,4,1,0,3,1,28,4,3,5,2,0,21,3,1,0,0,1,0,0,3,0,0,0,0,3,0,0,1,1,0,1,1,0,0,1,0,0,0,10,5,1,0,3,0,1,1,1,0,0,0,5,1,0,4,0,0,0,0,2,1,0,2,0,0,0,0,0,0,0,0
1 - Έβρου,265 E.T. Δήμου Ορεστιάδας,462,222,1,2,3,219,73,44,6,5,17,11,14,85,27,44,39,16,1,12,4,0,0,3,0,0,24,0,10,0,0,2,20,5,5,4,1,0,0,0,2,1,0,0,1,2,0,0,0,0,0,0,0,0,0,0,0,0,0,16,6,2,0,1,2,0,0,0,0,0,0,4,2,0,3,0,2,0,0,5,1,1,1,0,0,0,0,0,0,1,1
1 - Έβρου,266 E.T. Δήμου Ορεστιάδας,453,230,1,1,2,228,64,38,11,2,19,6,17,112,27,63,41,27,7,20,4,0,2,1,1,0,30,3,9,1,1,2,24,3,1,1,0,0,0,0,3,0,0,0,0,1,0,0,0,0,0,0,1,0,0,0,0,0,0,6,2,2,0,1,0,1,0,0,0,0,0,0,0,0,0,0,0,0,0,3,1,0,0,1,2,1,1,0,0,0,0
1 - Έβρου,267 E.T. Δήμου Ορεστιάδας,375,253,7,3,10,243,37,11,3,1,1,2,29,134,52,58,27,26,10,28,24,7,6,7,1,1,11,3,2,2,0,0,6,0,0,0,0,0,0,0,2,0,0,0,0,1,0,0,2,1,1,1,3,1,0,1,2,1,0,14,8,3,0,4,3,4,2,2,1,0,0,4,1,2,0,1,1,1,1,7,3,2,2,0,1,0,0,0,0,1,1
1 - Έβρου,268 E.T. Δήμου Ορεστιάδας,384,203,3,1,4,199,43,8,3,2,0,2,37,97,22,47,28,25,7,17,13,2,5,7,0,2,12,2,2,1,0,0,8,9,4,7,1,0,1,1,9,0,0,1,1,6,0,0,0,0,0,0,0,0,0,0,0,0,0,10,3,2,0,0,0,0,0,0,0,0,0,2,0,0,2,1,0,0,0,2,0,0,1,0,0,0,0,0,0,2,1
1 - Έβρου,269 E.T. Δήμου Ορεστιάδας,405,189,0,3,3,186,40,9,3,1,2,2,33,109,44,54,19,21,11,15,14,2,6,5,0,2,2,0,0,0,0,0,2,5,5,2,0,0,2,0,2,0,0,0,0,1,0,0,0,0,0,0,1,0,0,0,1,1,0,10,5,2,0,0,1,1,1,1,1,0,0,2,0,0,0,1,1,0,0,0,0,0,0,0,0,0,0,0,0,0,0
1 - Έβρου,270 E.T. Δήμου Ορεστιάδας,402,203,4,0,4,199,39,18,4,3,3,10,15,85,20,51,15,28,4,7,3,0,1,1,0,0,41,5,8,0,1,0,36,6,5,1,0,2,1,0,3,0,0,0,0,1,0,0,0,0,0,0,4,4,0,0,0,0,0,10,4,2,1,1,3,0,0,0,0,0,0,1,0,0,0,0,0,0,0,2,0,0,0,1,3,1,0,0,2,2,1
1 - Έβρου,271 E.T. Δήμου Ορεστιάδας,294,78,0,1,1,77,16,12,3,2,2,1,2,43,24,18,12,7,2,4,2,0,1,0,0,0,3,1,1,0,0,0,1,3,2,0,0,1,0,0,1,1,0,0,1,0,0,0,0,0,0,0,1,0,1,0,1,0,0,7,3,2,1,0,0,0,0,0,0,0,0,0,0,0,0,0,0,0,0,1,1,0,0,0,0,0,0,0,0,0,0
1 - Έβρου,272 E.T. Δήμου Ορεστιάδας,337,98,2,3,5,93,20,13,3,1,0,0,4,51,21,25,10,11,1,4,3,0,0,1,0,0,7,0,0,0,0,0,6,2,2,0,0,0,0,0,0,0,0,0,0,0,0,0,0,0,0,0,0,0,0,0,0,0,0,6,2,1,0,0,0,0,0,0,0,0,0,2,0,0,2,1,0,0,0,1,0,0,0,0,1,1,0,0,0,0,0
1 - Έβρου,273 E.T. Δήμου Ορεστιάδας,571,269,6,1,7,262,71,61,1,2,5,2,13,103,43,56,11,28,5,9,8,1,3,2,1,1,61,3,37,0,2,6,47,4,2,1,2,0,1,1,0,0,0,0,0,0,0,0,1,0,0,0,0,0,0,0,0,0,0,7,5,1,0,1,1,0,0,0,0,0,0,0,0,0,0,0,0,0,0,3,1,0,0,1,3,0,3,0,1,1,1
1 - Έβρου,274 E.T. Δήμου Ορεστιάδας,539,220,4,2,6,214,44,39,6,1,3,1,3,107,42,48,8,43,20,10,9,1,2,4,2,0,33,1,23,1,1,7,21,8,7,3,0,1,4,0,0,0,0,0,0,0,0,0,3,2,2,0,0,0,0,0,0,0,0,6,5,1,0,1,0,0,0,0,0,0,0,1,0,0,1,1,0,0,0,1,0,1,0,1,2,2,1,0,1,0,0
1 - Έβρου,275 E.T. Δήμου Ορεστιάδας,418,184,6,0,6,178,38,11,4,5,11,3,16,101,50,37,15,24,8,8,7,3,1,3,0,0,16,3,0,0,1,1,14,3,2,1,0,0,0,1,3,1,1,0,0,1,0,0,1,0,0,0,0,0,0,0,0,0,0,7,4,0,0,1,4,0,0,0,0,0,0,1,0,0,0,0,0,0,0,0,0,0,0,0,0,0,0,0,0,1,0
1 - Έβρου,276 E.T. Δήμου Ορεστιάδας,457,216,5,0,5,211,66,12,11,11,30,7,28,90,37,47,15,14,13,7,6,1,2,3,2,0,29,3,8,8,2,1,19,2,1,1,0,0,0,0,2,1,0,0,1,0,0,0,0,0,0,0,1,1,0,0,0,0,0,8,4,3,0,1,3,2,0,0,0,0,0,0,0,0,0,0,0,1,0,3,0,1,1,0,3,1,0,0,2,0,0
1 - Έβρου,277 E.T. Δήμου Ορεστιάδας,395,139,2,0,2,137,14,9,1,2,3,1,3,69,32,31,18,11,8,8,4,0,0,2,0,0,30,1,2,4,0,2,29,2,2,1,0,0,1,0,1,0,0,0,0,0,0,0,0,0,0,0,0,0,0,0,0,0,0,7,1,1,0,0,0,2,1,1,1,0,0,5,0,0,2,0,0,0,0,1,1,1,0,0,0,0,0,0,0,3,1
1 - Έβρου,278 E.T. Δήμου Ορεστιάδας,267,60,0,0,0,60,24,12,1,0,5,2,12,20,8,11,4,6,2,3,2,1,1,0,1,0,9,0,1,0,0,0,9,0,0,0,0,0,0,0,3,1,0,0,1,1,0,0,0,0,0,0,0,0,0,0,0,0,0,1,0,1,1,0,0,0,0,0,0,0,0,0,0,0,0,0,0,0,0,0,0,0,0,0,1,1,1,0,0,0,0
1 - Έβρου,279 E.T. Δήμου Ορεστιάδας,141,36,0,0,0,36,10,8,1,1,0,2,5,23,13,17,1,3,3,3,0,0,0,0,0,0,2,0,0,0,0,2,2,0,0,0,0,0,0,0,0,0,0,0,0,0,0,0,0,0,0,0,0,0,0,0,0,0,0,0,0,0,0,0,0,0,0,0,0,0,0,0,0,0,0,0,0,0,0,0,0,0,0,0,1,0,0,1,0,0,0
1 - Έβρου,280 E.T. Δήμου Ορεστιάδας,393,172,4,0,4,168,28,16,3,1,1,1,7,93,42,46,19,28,6,9,3,1,0,0,0,0,34,1,3,0,0,3,32,0,0,0,0,0,0,0,0,0,0,0,0,0,0,0,0,0,0,0,0,0,0,0,0,0,0,6,0,1,0,0,0,0,0,0,0,0,0,0,0,0,0,0,0,0,0,2,0,0,1,0,0,0,0,0,0,2,0
1 - Έβρου,281 E.T. Δήμου Ορεστιάδας,313,173,5,0,5,168,51,22,2,3,1,0,20,78,31,42,16,27,12,1,4,0,1,2,0,0,8,0,1,0,0,3,6,0,0,0,0,0,0,0,2,1,0,0,0,1,0,0,2,1,1,0,0,0,0,0,0,0,0,12,3,3,0,2,2,0,0,0,0,1,0,3,0,0,2,0,1,0,0,3,1,1,0,1,1,0,0,0,0,3,2
1 - Έβρου,282 E.T. Δήμου Ορεστιάδας,341,183,0,2,2,181,45,25,5,2,0,1,11,83,50,28,13,31,10,5,3,1,0,1,1,0,30,0,1,3,0,2,25,12,5,1,0,0,8,0,2,1,0,0,0,1,0,0,0,0,0,0,0,0,0,0,0,0,0,3,1,0,0,1,1,0,0,0,0,0,0,0,0,0,0,0,0,0,0,2,0,1,0,1,1,0,1,0,0,0,0
1 - Έβρου,283 E.T. Δήμου Ορεστιάδας,406,185,2,1,3,182,46,31,5,2,3,3,16,75,47,22,14,20,4,5,9,4,2,5,1,0,27,2,4,2,0,1,23,10,7,1,0,0,5,2,3,0,0,0,1,0,0,0,0,0,0,0,0,0,0,0,0,0,0,5,1,0,0,1,0,0,0,0,0,0,0,4,2,2,2,0,0,1,1,1,1,0,0,1,0,0,0,0,0,1,0
1 - Έβρου,284 E.T. Δήμου Ορεστιάδας,489,245,6,1,7,238,40,21,3,5,2,1,12,100,43,52,16,37,11,14,8,2,3,4,2,0,68,0,3,0,1,1,68,5,4,0,0,1,1,0,5,1,1,2,0,4,0,0,0,0,0,0,0,0,0,0,0,0,0,5,2,2,0,0,0,0,0,0,0,0,0,1,0,0,0,1,0,1,1,4,1,1,2,0,0,0,0,0,0,1,0
1 - Έβρου,285 E.T. Δήμου Ορεστιάδας,538,281,8,2,10,271,45,28,2,1,1,0,16,132,44,72,39,30,3,15,6,1,0,3,0,0,67,6,0,0,1,1,66,0,0,0,0,0,0,0,2,0,0,0,0,2,0,0,0,0,0,0,0,0,0,0,0,0,0,8,7,0,1,0,2,1,0,0,0,0,0,5,1,0,4,0,0,0,0,4,0,0,2,0,2,1,0,1,0,0,0
1 - Έβρου,286 E.T. Δήμου Ορεστιάδας,353,138,4,2,6,132,34,25,1,3,2,3,8,58,27,28,8,8,5,3,9,2,2,4,1,1,3,0,1,0,0,0,1,6,6,0,0,0,6,0,7,0,0,0,0,6,1,0,0,0,0,0,0,0,0,0,0,0,0,9,3,2,1,3,0,1,0,0,0,0,0,2,0,0,1,0,0,0,0,1,0,0,0,0,1,1,0,1,0,1,1
1 - Έβρου,287 E.T. Δήμου Ορεστιάδας,548,198,6,0,6,192,48,29,4,4,9,9,15,99,31,61,37,22,5,8,13,1,0,12,0,0,17,1,2,0,0,4,13,2,0,1,0,0,1,0,4,0,2,0,0,0,0,0,0,0,0,0,0,0,0,0,0,0,0,5,1,2,1,1,2,1,0,0,0,0,0,0,0,0,0,0,0,0,0,4,0,1,1,1,0,0,0,0,0,0,0
1 - Έβρου,288 E.T. Δήμου Ορεστιάδας,589,181,0,0,0,181,34,18,3,1,9,7,7,87,33,41,23,21,3,6,15,2,1,15,0,0,29,3,4,2,2,10,22,3,1,0,1,0,0,0,0,0,0,0,0,0,0,0,0,0,0,0,0,0,0,0,0,0,0,10,7,2,0,1,0,1,0,0,0,0,0,2,2,0,0,0,0,0,0,0,0,0,0,0,1,0,1,1,0,0,0
1 - Έβρου,289 E.T. Δήμου Ορεστιάδας,351,130,0,1,1,129,25,14,5,4,1,5,5,63,22,15,14,27,0,1,1,0,0,0,0,0,24,5,11,1,1,4,21,8,7,3,0,0,0,1,1,0,0,0,0,0,0,0,0,0,0,0,0,0,0,0,0,0,0,5,2,0,0,0,0,0,0,0,0,0,0,1,0,0,0,0,0,0,0,1,0,0,0,0,0,0,0,0,0,0,0
1 - Έβρου,290 E.T. Δήμου Ορεστιάδας,378,147,4,2,6,141,14,7,5,1,2,0,4,79,31,26,21,29,2,5,5,1,1,1,0,1,29,2,8,1,1,3,22,6,5,1,0,0,1,0,0,0,0,0,0,0,0,0,0,0,0,0,0,0,0,0,0,0,0,3,2,0,0,1,1,0,1,0,0,0,0,1,0,0,0,1,0,0,0,1,0,0,0,0,1,0,1,0,0,1,1
1 - Έβρου,291 E.T. Δήμου Ορεστιάδας,470,181,0,2,2,179,31,21,2,4,3,1,5,84,28,35,13,35,28,10,2,0,0,0,0,0,44,4,8,8,0,4,39,7,2,1,0,1,1,0,0,0,0,0,0,0,0,0,2,1,0,0,0,0,0,0,0,0,0,8,4,1,1,0,2,2,0,0,0,0,0,0,0,0,0,0,0,0,0,0,0,0,0,0,0,0,0,0,0,1,0
1 - Έβρου,292 E.T. Δήμου Ορεστιάδας,479,96,1,1,2,94,19,10,2,4,4,3,8,54,34,21,10,11,5,0,0,0,0,0,0,0,11,1,2,0,0,1,10,4,1,1,0,0,0,1,2,1,0,1,0,0,0,0,0,0,0,0,0,0,0,0,0,0,0,2,1,1,1,0,1,0,0,0,0,1,1,0,0,0,0,0,0,0,0,0,0,0,0,0,1,0,1,0,0,0,0
1 - Έβρου,293 E.T. Δήμου Ορεστιάδας,459,86,0,0,0,86,24,18,0,1,2,2,13,48,26,20,11,11,4,5,1,0,0,0,0,0,7,1,0,0,0,1,5,1,1,0,0,1,0,0,0,0,0,0,0,0,0,0,0,0,0,0,1,1,0,1,0,0,0,2,2,0,1,0,0,1,0,0,0,0,0,1,0,0,1,1,0,0,0,1,1,0,0,0,0,0,0,0,0,0,0
1 - Έβρου,294 E.T. Δήμου Ορεστιάδας,466,75,1,0,1,74,9,5,0,0,2,0,2,41,18,15,25,8,3,1,4,1,0,1,0,0,14,2,6,1,1,0,10,4,3,1,0,0,1,2,0,0,0,0,0,0,0,0,0,0,0,0,0,0,0,0,0,0,0,2,1,0,0,0,0,0,0,0,0,0,0,0,0,0,0,0,0,0,0,0,0,0,0,0,0,0,0,0,0,0,0
1 - Έβρου,295 E.T. Δήμου Ορεστιάδας,227,236,7,5,12,224,50,21,10,5,4,1,12,91,33,43,9,17,8,18,22,5,5,8,2,2,20,3,1,2,1,4,12,2,0,0,0,0,0,0,4,1,1,1,0,2,0,0,0,0,0,0,0,0,0,0,0,0,0,15,2,1,2,1,2,0,0,0,0,0,0,7,0,0,5,0,0,1,1,5,1,2,2,1,3,0,0,0,0,4,3
1 - Έβρου,296 E.T. Δήμου Ορεστιάδας,218,250,5,3,8,242,45,10,7,2,3,5,9,88,35,30,8,18,9,18,33,6,3,19,1,1,17,1,1,1,0,0,10,10,1,3,0,0,2,0,8,0,0,0,1,0,0,0,1,0,1,1,1,0,0,0,0,0,0,15,11,2,1,3,1,1,0,0,0,1,0,7,0,1,3,0,1,1,1,12,0,1,3,1,3,0,1,0,0,0,0
1 - Έβρου,297 E.T. Δήμου Ορεστιάδας,418,165,2,4,6,159,23,12,3,7,3,2,6,73,26,34,19,21,3,9,8,1,1,4,0,0,39,3,3,3,0,7,28,3,1,0,0,2,1,0,3,1,1,0,1,0,0,0,1,1,0,0,0,0,0,0,0,0,0,8,4,0,1,0,1,0,0,0,0,0,0,1,0,0,0,0,0,0,0,0,0,0,0,0,0,0,0,0,0,0,0
1 - Έβρου,298 E.T. Δήμου Ορεστιάδας,398,134,1,2,3,131,21,15,2,1,1,1,4,64,29,22,15,21,4,5,4,2,1,1,0,0,27,1,3,1,0,3,22,1,1,0,0,1,0,0,3,0,0,0,0,2,0,0,0,0,0,0,0,0,0,0,0,0,0,9,3,2,0,6,1,2,0,0,0,0,0,1,0,0,0,0,0,0,0,0,0,0,0,0,0,0,0,0,0,1,1
1 - Έβρου,299 E.T. Δήμου Ορεστιάδας,369,159,1,0,1,158,42,28,2,8,4,3,19,82,33,46,36,8,1,4,3,0,1,3,0,0,22,2,2,1,0,5,22,2,1,2,0,1,0,0,1,0,0,0,1,0,0,0,0,0,0,0,0,0,0,0,0,0,0,2,1,1,0,0,0,0,1,1,0,0,0,1,0,0,0,0,0,0,0,1,0,0,0,1,0,0,0,0,0,1,1
1 - Έβρου,300 E.T. Δήμου Ορεστιάδας,398,150,0,0,0,150,35,10,7,3,8,0,15,63,26,34,20,12,2,2,5,1,2,3,1,1,31,2,3,1,0,7,30,4,2,1,0,0,0,0,1,0,0,0,0,0,0,0,0,0,0,0,0,0,0,0,0,0,0,6,2,2,1,1,0,0,0,0,0,1,1,1,0,0,1,0,0,0,0,0,0,0,0,0,1,1,1,0,0,2,1
1 - Έβρου,301 E.T. Δήμου Ορεστιάδας,189,74,2,0,2,72,11,5,1,2,3,1,4,31,7,5,20,15,0,0,2,0,0,1,0,0,18,1,3,1,0,1,15,1,1,0,0,0,1,0,3,0,1,0,0,2,1,0,0,0,0,0,0,0,0,0,0,0,0,3,3,1,0,1,0,0,0,0,0,0,0,0,0,0,0,0,0,0,0,1,0,0,0,0,0,0,0,0,0,1,0
1 - Έβρου,302 E.T. Δήμου Ορεστιάδας,94,52,0,0,0,52,9,5,0,0,0,0,2,23,5,6,1,17,1,2,1,0,0,1,0,0,14,0,1,0,2,0,11,0,0,0,0,0,0,0,4,0,0,0,0,1,0,0,0,0,0,0,0,0,0,0,0,0,0,0,0,0,0,0,0,0,0,0,0,0,0,0,0,0,0,0,0,0,0,0,0,0,0,0,0,0,0,0,0,1,1
1 - Έβρου,303 E.T. Δήμου Σαμοθράκης,534,211,3,1,4,207,94,39,10,4,66,10,10,69,19,38,34,1,19,4,1,1,0,1,0,0,13,6,5,2,0,2,0,5,0,1,1,0,1,0,4,0,1,1,3,0,0,0,2,2,1,1,0,0,0,0,0,0,0,9,3,5,0,2,0,1,1,0,0,0,0,2,1,1,0,0,1,2,1,2,0,0,0,0,1,0,0,0,1,2,1
1 - Έβρου,304 E.T. Δήμου Σαμοθράκης,524,187,2,2,4,183,73,26,9,2,50,10,9,62,20,27,20,3,22,6,0,0,0,0,0,0,11,1,3,3,0,0,0,10,0,3,2,4,4,3,3,0,3,2,0,0,0,0,1,1,0,1,0,0,0,0,0,0,0,16,4,12,1,0,1,0,0,0,0,0,0,1,1,0,0,0,0,1,0,2,0,0,0,0,1,1,0,1,0,2,1
1 - Έβρου,305 E.T. Δήμου Σαμοθράκης,521,192,10,4,14,178,85,23,9,6,55,20,15,46,7,18,10,4,14,7,2,0,1,0,1,0,19,5,9,3,0,3,3,8,1,4,2,1,2,1,2,1,0,0,0,1,0,0,0,0,0,0,0,0,0,0,0,0,0,8,0,7,0,1,1,0,0,0,0,0,0,1,0,1,0,0,1,0,0,2,0,0,2,1,1,0,1,0,1,4,1
1 - Έβρου,306 E.T. Δήμου Σαμοθράκης,457,248,6,4,10,238,47,12,7,6,19,1,10,111,28,55,41,8,32,16,16,6,7,2,3,1,16,2,12,2,0,8,1,3,0,0,0,1,1,2,3,1,0,1,1,0,0,0,1,1,1,0,0,0,0,0,0,0,0,35,6,26,0,2,4,1,0,0,0,0,0,1,1,0,0,0,0,0,0,4,2,1,2,0,1,0,0,0,1,0,0
1 - Έβρου,307 E.T. Δήμου Σαμοθράκης,513,354,5,7,12,342,91,28,13,7,47,10,8,128,28,48,46,6,29,19,19,3,2,4,3,0,33,9,16,2,1,6,3,6,2,0,2,1,1,0,1,0,1,1,0,0,0,0,2,0,0,0,0,0,0,0,0,0,0,39,1,28,3,1,1,2,0,0,0,0,0,2,0,0,1,0,1,0,0,9,4,2,1,0,5,3,1,0,1,7,3
1 - Έβρου,308 E.T. Δήμου Σαμοθράκης,510,382,7,3,10,372,115,38,22,11,76,17,11,115,37,45,38,6,30,16,14,3,6,4,4,2,39,14,16,5,6,11,5,4,0,1,0,0,2,0,3,1,1,0,0,2,0,0,1,0,0,1,1,0,1,0,0,1,0,60,6,50,2,3,5,2,0,0,0,0,0,3,1,1,0,0,0,1,1,10,1,5,5,5,3,2,2,0,0,3,2
1 - Έβρου,309 E.T. Δήμου Σαμοθράκης,267,105,2,0,2,103,32,11,6,2,19,5,4,42,11,14,21,0,12,9,2,0,0,0,0,0,19,9,3,3,1,3,2,0,0,0,0,0,0,0,0,0,0,0,0,0,0,0,1,0,0,0,0,0,0,0,0,0,0,6,0,2,0,0,0,0,0,0,0,0,0,0,0,0,0,0,0,0,0,1,0,0,0,0,0,0,0,0,0,0,0
1 - Έβρου,310 E.T. Δήμου Σαμοθράκης,316,146,0,1,1,145,39,9,4,4,29,9,2,69,12,30,38,1,18,14,1,0,1,0,0,0,15,9,5,0,1,6,3,2,1,0,0,1,0,0,1,0,0,1,0,1,0,0,2,1,0,1,0,0,0,0,0,0,0,5,2,4,0,0,0,0,0,0,0,1,1,2,1,1,0,0,0,1,0,2,1,0,0,1,2,0,0,0,0,3,3
1 - Έβρου,311 E.T. Δήμου Σαμοθράκης,323,126,4,2,6,120,43,16,4,1,25,6,2,51,9,35,35,0,6,6,2,0,0,0,0,0,13,4,4,3,0,2,1,0,0,0,0,0,0,0,0,0,0,0,0,0,0,0,0,0,0,0,0,0,0,0,0,0,0,8,1,8,0,0,0,0,0,0,0,0,0,1,1,0,0,1,0,0,0,1,0,0,0,1,0,0,0,0,0,1,1
1 - Έβρου,312 E.T. Δήμου Σουφλίου,443,207,6,5,11,196,38,5,10,4,8,10,14,109,27,53,29,15,14,31,5,2,1,0,0,1,20,4,5,2,0,6,4,7,1,5,1,2,0,0,1,0,0,0,0,0,0,0,1,0,0,0,0,0,0,0,0,0,0,15,9,4,3,0,2,0,0,0,0,0,0,0,0,0,0,0,0,0,0,0,0,0,0,0,0,0,0,0,0,0,0
1 - Έβρου,313 E.T. Δήμου Σουφλίου,430,185,5,0,5,180,38,9,16,3,7,4,9,95,18,41,35,10,4,28,6,1,3,0,0,1,15,5,3,3,1,7,3,5,0,4,1,0,2,0,2,2,0,1,0,0,0,0,0,0,0,0,0,0,0,0,0,0,0,14,5,2,3,1,1,1,0,0,0,0,0,1,0,0,0,0,0,0,0,2,0,0,1,0,2,1,1,0,0,0,0
1 - Έβρου,314 E.T. Δήμου Σουφλίου,439,199,5,5,10,189,31,6,8,3,7,3,9,109,16,74,40,13,11,35,7,3,0,1,1,2,15,2,6,0,2,4,7,3,0,0,0,0,1,1,1,0,0,0,0,0,0,0,0,0,0,0,1,0,0,0,1,0,0,11,8,4,0,0,0,2,0,0,0,0,0,2,1,1,0,0,0,1,1,1,0,1,0,1,3,0,2,1,0,4,3
1 - Έβρου,315 E.T. Δήμου Σουφλίου,439,201,6,2,8,193,30,12,7,7,5,4,8,101,18,42,51,9,11,28,11,3,4,1,0,1,21,3,4,2,1,4,10,8,1,4,0,1,3,3,2,0,0,0,1,1,0,0,0,0,0,0,1,0,0,0,1,0,0,11,6,1,1,0,0,0,0,0,0,0,0,2,0,0,0,1,0,0,0,6,2,2,2,1,0,0,0,0,0,0,0
1 - Έβρου,316 E.T. Δήμου Σουφλίου,340,141,1,3,4,137,21,4,4,2,2,2,7,71,10,30,13,14,10,21,2,0,1,1,1,0,19,1,7,1,0,1,9,7,5,6,0,0,0,0,4,0,0,0,1,0,0,0,0,0,0,0,0,0,0,0,0,0,0,5,1,1,0,0,0,0,0,0,0,0,0,1,0,0,0,0,0,0,0,2,1,0,1,0,1,0,0,0,0,4,2
1 - Έβρου,317 E.T. Δήμου Σουφλίου,336,154,1,0,1,153,38,8,3,10,7,4,17,87,11,49,10,14,5,29,1,0,1,0,0,0,13,4,6,0,1,0,7,8,7,6,1,0,0,0,1,0,0,0,0,0,0,0,0,0,0,0,0,0,0,0,0,0,0,2,2,0,0,0,1,0,0,0,0,0,0,0,0,0,0,0,0,0,0,3,1,0,0,1,0,0,0,0,0,0,0
1 - Έβρου,318 E.T. Δήμου Σουφλίου,308,100,3,0,3,97,18,6,6,8,4,2,6,41,11,15,12,12,4,14,8,4,1,0,0,0,19,16,4,1,0,2,1,2,1,1,0,1,1,0,0,0,0,0,0,0,0,0,0,0,0,0,2,0,0,0,2,0,0,5,3,1,0,0,0,0,0,0,0,0,0,0,0,0,0,0,0,0,0,1,1,0,0,1,0,0,0,0,0,1,0
1 - Έβρου,319 E.T. Δήμου Σουφλίου,264,108,0,1,1,107,24,3,4,10,11,1,2,56,12,27,18,8,9,18,5,3,0,1,0,0,1,0,1,0,0,0,0,2,0,2,0,0,0,0,1,0,0,1,0,1,0,0,0,0,0,0,2,0,0,0,2,1,0,10,4,2,0,2,0,1,0,0,0,0,0,1,0,0,0,0,0,1,1,2,1,0,0,0,1,1,0,0,0,1,1
1 - Έβρου,320 E.T. Δήμου Σουφλίου,286,138,1,1,2,136,28,18,4,9,7,4,3,74,22,41,14,9,10,13,6,4,4,2,1,0,7,1,5,1,1,0,0,4,0,3,1,0,2,1,1,0,0,0,0,0,0,0,0,0,0,0,1,0,0,0,1,0,0,13,7,5,1,0,5,1,0,0,0,0,0,0,0,0,0,0,0,0,0,2,2,1,1,0,0,0,0,0,0,0,0
1 - Έβρου,321 E.T. Δήμου Σουφλίου,420,138,4,5,9,129,24,4,4,5,8,1,1,77,28,33,29,7,5,14,4,3,0,0,0,0,6,0,3,1,0,1,3,4,0,1,1,2,3,0,0,0,0,0,0,0,0,0,1,0,0,0,1,0,0,0,0,0,0,8,4,0,2,1,3,2,1,0,0,0,0,2,0,0,2,0,0,0,0,0,0,0,0,0,0,0,0,0,0,1,0
1 - Έβρου,322 E.T. Δήμου Σουφλίου,335,154,1,2,3,151,37,14,6,13,13,3,1,81,26,35,27,9,13,19,2,1,0,0,0,0,5,4,2,0,0,0,1,9,2,1,3,2,3,0,2,0,0,1,0,0,0,0,1,0,0,0,0,0,0,0,0,0,0,10,5,1,3,1,1,1,0,0,0,0,0,0,0,0,0,0,0,0,0,3,0,0,0,0,1,0,0,0,1,0,0
1 - Έβρου,323 E.T. Δήμου Σουφλίου,385,253,5,4,9,244,99,41,19,7,37,25,15,70,19,8,36,19,8,10,1,0,1,0,1,0,26,1,25,0,0,3,0,30,1,2,23,1,25,1,0,0,0,0,0,0,0,0,1,0,0,0,3,0,0,0,0,0,0,2,1,0,0,0,1,0,1,1,1,0,0,0,0,0,0,0,0,0,0,11,6,3,4,2,0,0,0,0,0,0,0
1 - Έβρου,324 E.T. Δήμου Σουφλίου,300,183,2,5,7,176,73,18,1,10,55,9,6,69,41,7,0,0,0,13,2,0,0,0,1,0,18,0,2,2,0,1,8,3,0,0,1,0,2,0,1,0,1,0,0,0,0,0,1,0,0,0,0,0,0,0,0,0,0,3,0,0,1,0,0,0,0,0,0,0,0,2,1,0,0,0,0,0,0,3,1,0,0,0,1,1,0,1,0,0,0
1 - Έβρου,325 E.T. Δήμου Σουφλίου,365,231,9,8,17,214,71,30,4,4,32,12,5,96,43,21,20,15,7,9,0,0,0,0,0,0,30,1,5,0,1,3,14,4,0,1,2,0,0,0,1,0,0,0,0,0,0,0,0,0,0,0,0,0,0,0,0,0,0,3,1,0,0,0,2,1,1,1,0,0,0,0,0,0,0,0,0,0,0,5,1,3,0,1,1,0,0,0,0,2,0
1 - Έβρου,326 E.T. Δήμου Σουφλίου,430,246,2,6,8,238,144,25,8,20,55,27,12,68,15,32,30,10,1,0,0,0,0,0,0,0,3,1,0,0,1,0,0,18,0,0,17,0,14,1,0,0,0,0,0,0,0,0,0,0,0,0,0,0,0,0,0,0,0,1,1,0,1,0,0,0,0,0,0,0,0,0,0,0,0,0,0,0,0,2,2,1,0,0,2,0,0,1,0,0,0
1 - Έβρου,327 E.T. Δήμου Σουφλίου,442,296,1,8,9,287,98,5,1,7,67,38,18,145,79,17,36,27,5,21,0,0,0,0,0,0,27,0,7,6,0,8,7,6,0,0,0,0,5,0,0,0,0,0,0,0,0,0,0,0,0,0,1,0,1,0,0,0,0,0,0,0,0,0,0,0,1,0,0,0,0,6,1,1,4,0,0,0,0,2,0,0,0,0,0,0,0,0,0,1,0
1 - Έβρου,328 E.T. Δήμου Σουφλίου,357,325,9,5,14,311,65,28,7,13,11,8,12,134,37,41,13,11,24,55,25,6,6,2,3,5,11,4,3,1,1,4,1,4,1,0,1,2,1,1,3,0,1,0,1,0,0,0,2,1,2,1,26,0,0,0,26,2,0,23,13,4,2,3,2,6,0,0,0,0,0,2,2,0,0,1,0,0,0,11,1,0,1,2,1,0,0,0,0,4,2
1 - Έβρου,329 E.T. Δήμου Σουφλίου,383,140,3,0,3,137,58,3,2,10,38,2,3,54,13,24,26,7,2,4,0,0,0,0,0,0,6,2,2,0,0,1,1,14,6,4,1,0,0,0,0,0,0,0,0,0,0,0,0,0,0,0,2,0,0,0,1,0,0,1,1,0,0,0,0,0,0,0,0,0,0,1,0,0,0,0,0,0,0,0,0,0,0,0,0,0,0,0,0,1,0
1 - Έβρου,330 E.T. Δήμου Σουφλίου,384,163,2,0,2,161,67,1,0,5,39,0,0,70,17,24,26,17,0,0,0,0,0,0,0,0,6,2,3,0,0,3,0,10,6,5,0,2,0,0,1,0,0,0,0,0,0,0,0,0,0,0,5,1,0,0,4,1,0,0,0,0,0,0,0,0,1,0,0,0,0,0,0,0,0,0,0,0,0,1,1,0,0,0,0,0,0,0,0,0,0
1 - Έβρου,331 E.T. Δήμου Σουφλίου,503,358,7,5,12,346,80,15,13,37,27,15,8,152,42,71,17,14,23,17,24,4,3,3,0,3,19,2,6,3,3,8,1,25,7,11,0,0,6,4,0,0,0,0,0,0,0,0,0,0,0,0,0,0,0,0,0,0,0,24,15,1,0,2,4,4,1,0,0,0,0,3,1,1,0,0,0,0,0,12,2,2,1,1,4,1,1,1,0,2,1
1 - Έβρου,332 E.T. Δήμου Σουφλίου,502,302,9,3,12,290,65,12,12,35,10,17,10,145,40,62,21,17,21,63,9,4,3,2,0,0,24,10,9,5,1,5,0,14,4,9,1,1,3,1,3,2,0,1,0,0,0,0,1,0,0,0,2,0,0,0,0,0,0,11,8,1,0,1,0,0,1,0,0,0,0,1,1,1,0,0,0,0,0,8,4,2,1,4,3,2,0,1,1,3,1
1 - Έβρου,333 E.T. Δήμου Σουφλίου,510,287,1,0,1,286,91,17,13,35,17,21,10,130,26,59,23,11,23,47,9,3,2,3,0,0,12,1,8,5,0,3,1,15,3,3,0,2,7,5,3,0,1,1,0,0,0,0,2,0,0,0,1,1,1,0,0,0,0,10,7,1,0,0,2,0,0,0,0,0,0,3,0,1,2,1,0,0,0,8,1,4,1,4,0,0,0,0,0,2,0
1 - Έβρου,334 E.T. Δήμου Σουφλίου,511,273,4,4,8,265,60,17,7,26,13,20,11,132,40,54,18,17,31,55,15,6,7,4,3,0,15,1,5,3,0,5,4,18,7,8,2,3,4,0,1,1,0,0,0,0,0,0,1,0,0,0,0,0,0,0,0,0,0,10,9,1,0,0,1,0,0,0,0,1,1,1,1,0,1,0,0,0,0,5,0,0,2,0,5,1,3,4,0,1,0
1 - Έβρου,335 E.T. Δήμου Σουφλίου,504,302,4,5,9,293,72,18,23,26,15,18,16,137,37,62,25,24,22,47,14,6,6,4,1,0,13,3,9,1,0,4,0,18,8,8,1,3,3,1,5,3,1,1,0,0,0,0,2,2,2,0,2,0,0,0,1,0,0,17,15,4,0,1,0,1,0,0,0,0,0,2,2,1,1,0,0,0,0,4,1,1,3,1,5,2,2,1,1,2,1
1 - Έβρου,336 E.T. Δήμου Σουφλίου,502,265,5,2,7,258,71,14,7,29,12,12,9,117,33,57,16,8,16,45,12,4,6,4,0,0,20,3,3,6,4,8,0,12,0,7,0,2,4,1,2,0,0,0,0,0,0,0,0,0,0,0,0,0,0,0,0,0,0,11,10,1,0,1,0,0,1,1,0,0,0,2,0,1,0,0,0,0,0,6,2,0,0,0,2,1,0,0,1,2,0
1 - Έβρου,337 E.T. Δήμου Σουφλίου,501,307,3,5,8,299,55,9,9,29,13,9,9,163,33,87,13,21,32,49,12,3,5,2,2,0,11,2,2,1,1,3,0,8,2,3,0,1,1,1,6,0,2,0,1,1,0,0,2,0,1,1,0,0,0,0,0,0,0,28,18,3,0,1,0,1,0,0,0,0,0,0,0,0,0,0,0,0,0,10,2,0,1,0,3,2,1,0,1,1,1
1 - Έβρου,338 E.T. Δήμου Σουφλίου,503,272,5,1,6,266,60,18,10,32,11,15,7,138,38,64,17,11,22,51,10,5,2,2,2,0,24,0,12,6,0,13,2,6,1,1,1,1,3,0,4,2,1,0,1,1,0,0,1,0,0,1,0,0,0,0,0,0,0,12,9,1,2,1,2,2,0,0,0,0,0,3,2,0,1,1,0,0,0,5,2,2,1,2,1,1,0,0,1,2,1
1 - Έβρου,339 E.T. Δήμου Σουφλίου,240,95,4,3,7,88,45,13,10,11,20,1,11,27,2,10,10,5,17,2,2,2,0,1,1,0,4,1,1,1,0,2,1,0,0,0,0,0,0,0,0,0,0,0,0,0,0,0,0,0,0,0,1,0,0,0,0,0,0,9,7,1,1,2,2,0,0,0,0,0,0,0,0,0,0,0,0,0,0,0,0,0,0,0,0,0,0,0,0,0,0
1 - Έβρου,340 E.T. Δήμου Σουφλίου,540,332,4,7,11,321,119,15,3,24,73,4,8,175,28,22,126,2,3,34,1,0,0,1,1,0,15,1,6,5,0,5,3,1,0,0,0,0,0,0,0,0,0,0,0,0,0,0,0,0,0,0,0,0,0,0,0,0,0,2,0,0,0,0,0,0,0,0,0,1,0,3,0,0,0,0,0,0,0,3,1,0,1,0,1,0,1,1,0,0,0
1 - Έβρου,341 E.T. Δήμου Σουφλίου,502,245,5,1,6,239,33,8,7,8,17,3,6,181,55,81,56,37,27,28,9,4,2,5,2,1,0,0,0,0,0,0,0,4,0,2,1,0,2,0,2,0,0,0,0,0,0,0,0,0,0,0,0,0,0,0,0,0,0,5,3,0,0,1,0,0,0,0,0,1,0,0,0,0,0,0,0,0,0,3,0,1,1,0,0,0,0,0,0,1,1
1 - Έβρου,342 E.T. Δήμου Σουφλίου,517,245,6,1,7,238,39,14,8,14,6,6,4,162,38,79,33,26,24,43,5,1,1,1,0,1,6,0,1,0,1,3,1,7,2,3,1,0,5,0,1,0,0,0,0,1,0,0,0,0,0,0,0,0,0,0,0,0,0,10,6,2,1,2,2,0,0,0,0,0,0,0,0,0,0,0,0,0,0,4,2,1,0,1,1,0,0,0,0,3,1
1 - Έβρου,343 E.T. Δήμου Σουφλίου,389,188,3,2,5,183,48,13,7,16,7,9,17,78,14,45,23,7,9,22,2,2,1,0,0,0,25,9,3,14,1,3,2,22,17,8,0,0,13,0,0,0,0,0,0,0,0,0,0,0,0,0,0,0,0,0,0,0,0,5,5,1,0,0,0,0,0,0,0,0,0,0,0,0,0,0,0,0,0,2,0,1,0,1,1,0,0,0,0,0,0
1 - Έβρου,344 E.T. Δήμου Σουφλίου,385,181,0,0,0,181,60,21,13,27,15,9,11,68,16,47,20,6,10,6,1,1,0,1,0,0,10,0,2,3,0,3,5,22,20,8,1,1,5,0,2,0,1,1,0,0,0,0,0,0,0,0,0,0,0,0,0,0,0,6,3,2,1,1,3,0,0,0,0,0,0,0,0,0,0,0,0,0,0,11,4,4,7,2,0,0,0,0,0,1,0
1 - Έβρου,345 E.T. Δήμου Σουφλίου,418,155,1,2,3,152,33,11,11,6,7,3,12,61,14,29,26,11,10,9,5,1,3,2,0,1,37,3,10,18,1,8,8,2,0,0,0,1,1,0,1,0,0,0,0,0,0,0,0,0,0,0,0,0,0,0,0,0,0,6,2,1,0,1,0,1,0,0,0,0,0,1,0,0,0,0,0,1,0,1,0,0,0,0,1,0,0,0,0,3,2
1 - Έβρου,346 E.T. Δήμου Σουφλίου,425,163,0,1,1,162,26,9,7,7,6,1,6,112,31,52,44,15,15,18,1,1,1,0,0,0,3,0,1,0,0,1,1,1,0,0,0,0,0,0,1,0,0,0,0,0,0,0,0,0,0,0,1,1,0,0,0,0,0,9,8,0,1,0,0,1,0,0,0,1,0,3,0,0,1,0,0,0,0,3,0,2,1,0,0,0,0,0,0,1,1
1 - Έβρου,347 E.T. Δήμου Σουφλίου,548,294,5,2,7,287,53,15,5,16,11,14,9,157,34,78,52,10,24,34,9,4,2,0,2,2,31,6,10,2,2,16,4,11,2,9,0,2,1,4,3,1,0,1,0,1,0,0,0,0,0,0,0,0,0,0,0,0,0,19,10,2,2,1,3,3,0,0,0,0,0,1,1,0,1,0,0,0,0,1,0,0,1,0,2,1,0,0,0,0,0
1 - Έβρου,348 E.T. Δήμου Σουφλίου,468,265,3,3,6,259,66,26,13,3,37,5,14,129,55,70,27,26,21,19,12,2,5,4,2,0,12,1,7,0,0,8,2,3,0,0,1,1,0,0,2,0,0,0,0,0,0,0,0,0,0,0,1,0,1,1,0,0,0,20,10,2,3,3,2,4,0,0,0,1,0,4,0,0,0,0,0,1,1,3,1,0,0,2,1,0,0,0,1,4,1
1 - Έβρου,349 E.T. Δήμου Σουφλίου,534,259,1,1,2,257,52,16,8,6,36,4,10,144,74,57,11,35,19,32,8,4,2,2,1,0,28,4,15,2,1,5,3,1,1,0,0,0,1,0,1,0,1,0,0,0,0,0,1,0,0,0,1,0,1,1,0,0,0,11,8,1,0,2,3,0,0,0,0,1,0,0,0,0,0,0,0,0,0,3,0,1,1,1,3,1,1,3,0,3,0
1 - Έβρου,350 E.T. Δήμου Σουφλίου,504,229,6,1,7,222,49,12,10,4,21,4,10,118,40,62,24,24,25,26,5,3,3,1,0,0,17,2,6,1,1,8,8,3,0,0,1,1,1,2,2,0,0,0,1,0,0,0,1,0,0,0,2,0,1,1,0,0,1,17,8,4,3,2,3,1,0,0,0,0,0,2,0,0,1,0,1,0,0,3,0,0,0,2,1,1,1,0,0,2,0
1 - Έβρου,351 E.T. Δήμου Σουφλίου,455,246,5,2,7,239,56,15,9,7,30,2,9,119,43,47,17,30,25,22,10,2,1,1,3,2,19,1,6,1,1,4,9,6,2,3,0,1,2,0,1,1,0,0,0,0,0,0,1,1,1,0,0,0,0,0,0,0,0,14,6,1,1,0,2,0,0,0,0,0,0,3,0,0,1,0,1,1,0,7,3,2,1,2,2,1,1,1,0,0,0
1 - Έβρου,352 E.T. Δήμου Σουφλίου,454,184,1,0,1,183,56,11,9,6,32,6,19,85,33,34,15,22,24,4,6,4,2,1,0,0,13,1,7,1,0,3,2,0,0,0,0,0,0,0,1,0,0,1,0,0,0,0,0,0,0,0,0,0,0,0,0,0,0,11,9,1,0,2,5,1,1,1,1,0,0,2,0,0,0,0,0,0,0,6,4,1,1,1,1,1,0,0,1,1,0
1 - Έβρου,353 E.T. Δήμου Σουφλίου,295,112,1,2,3,109,16,4,7,1,1,3,1,69,15,35,22,5,12,17,4,1,1,1,0,0,3,2,1,0,0,0,0,5,0,1,1,0,3,0,1,0,0,0,0,0,0,0,0,0,0,0,0,0,0,0,0,0,0,6,4,0,1,0,2,0,0,0,0,0,0,0,0,0,0,0,0,0,0,4,1,2,1,2,0,0,0,0,0,1,1
1 - Έβρου,354 E.T. Δήμου Σουφλίου,328,115,0,0,0,115,44,14,23,0,8,5,8,52,16,21,11,9,7,12,2,1,1,0,0,0,7,1,4,1,0,3,0,5,0,0,3,0,3,0,0,0,0,0,0,0,0,0,1,0,0,0,0,0,0,0,0,0,0,4,4,2,0,0,0,2,0,0,0,0,0,0,0,0,0,0,0,0,0,0,0,0,0,0,0,0,0,0,0,0,0
1 - Έβρου,355 E.T. Δήμου Σουφλίου,425,181,6,0,6,175,39,9,13,4,11,5,2,105,27,49,42,20,22,11,2,1,0,0,2,0,8,0,4,1,0,5,0,4,2,1,0,2,0,0,3,0,0,0,0,0,0,0,0,0,0,0,0,0,0,0,0,0,0,3,1,1,0,0,0,0,0,0,0,0,0,2,0,0,0,0,0,0,0,3,1,2,1,0,4,2,2,0,1,2,1
1 - Έβρου,356 E.T. Δήμου Σουφλίου,277,258,7,1,8,250,55,31,27,8,6,4,10,109,40,42,16,18,13,26,25,6,9,8,8,3,17,3,4,2,2,7,3,9,1,4,0,3,5,1,1,0,0,0,0,1,0,0,2,1,1,0,1,1,1,0,0,0,0,25,14,3,3,4,5,4,0,0,0,0,0,0,0,0,0,0,0,1,1,1,0,0,1,1,2,0,2,1,0,2,1
1 - Έβρου,357 E.T. Δήμου Σουφλίου,313,270,8,2,10,260,66,19,21,7,16,11,14,113,21,37,15,15,18,42,20,8,6,5,5,1,19,5,8,0,1,12,1,5,0,4,0,0,3,1,3,1,1,1,1,1,0,0,1,0,0,0,0,0,0,0,0,0,0,18,11,1,0,2,5,2,0,0,0,1,0,1,0,0,0,0,0,0,0,7,1,2,2,2,3,1,0,0,1,3,2
1 - Έβρου,358 E.T. Δήμου Σουφλίου,381,180,3,1,4,176,42,23,5,4,11,3,3,83,23,51,19,5,18,18,7,1,1,2,1,0,27,2,16,0,2,15,7,1,0,1,0,0,0,0,0,0,0,0,0,0,0,0,0,0,0,0,0,0,0,0,0,0,0,9,3,1,2,2,1,2,0,0,0,0,0,1,0,0,0,0,0,0,0,4,3,1,1,0,1,1,0,0,1,1,1
1 - Έβρου,359 E.T. Δήμου Σουφλίου,188,43,0,0,0,43,8,2,1,1,1,0,2,30,7,13,6,1,8,5,0,0,0,0,0,0,2,0,1,0,0,2,0,0,0,0,0,0,0,0,0,0,0,0,0,0,0,0,0,0,0,0,1,0,1,0,0,1,0,1,1,1,0,0,0,0,0,0,0,0,0,0,0,0,0,0,0,0,0,0,0,0,0,0,0,0,0,0,0,1,1
1 - Έβρου,360 E.T. Δήμου Σουφλίου,291,126,2,2,4,122,20,8,5,0,8,2,9,55,7,33,12,15,3,10,4,0,3,1,1,0,22,0,10,1,2,9,5,3,0,1,1,0,1,0,2,1,0,0,0,0,0,0,1,0,0,0,0,0,0,0,0,0,0,12,8,0,1,3,2,1,1,1,0,0,0,0,0,0,0,0,0,0,0,1,0,0,0,0,1,1,0,0,1,0,0
1 - Έβρου,361 E.T. Δήμου Σουφλίου,311,140,4,0,4,136,27,6,4,8,14,1,7,70,14,44,23,9,16,3,5,1,3,1,0,0,12,2,8,0,0,9,1,2,0,1,1,0,0,1,2,0,0,0,0,0,0,0,0,0,0,0,1,0,1,0,0,0,0,8,4,0,0,1,2,1,1,0,0,0,0,2,1,0,1,0,0,1,0,1,1,1,0,0,2,1,0,2,0,2,2
1 - Έβρου,Ετερ. Εβρου (από Εφετείο Θράκης),67,44,1,0,1,43,9,2,0,1,1,1,4,23,9,12,4,2,3,3,0,0,0,0,0,0,1,0,0,0,0,1,0,0,0,0,0,0,0,0,1,1,0,0,1,0,0,0,0,0,0,0,0,0,0,0,0,0,0,7,1,2,1,2,1,2,0,0,0,0,0,0,0,0,0,0,0,0,0,0,0,0,0,0,0,0,0,0,0,2,1
1 - Έβρου,Ετερ. Εβρου (από 8ο Ε.Τ. Νομ. Θεσσαλονίκης),442,292,8,2,10,282,73,27,15,14,15,4,14,118,34,64,18,17,8,1,7,2,1,2,2,1,25,4,8,3,3,3,6,9,3,1,1,3,3,3,3,0,0,1,2,1,0,0,0,0,0,0,0,0,0,0,0,0,0,16,4,2,0,4,2,3,0,0,0,0,0,1,0,0,0,0,1,0,0,15,5,2,4,5,4,1,0,1,1,11,6
1 - Έβρου,Ετερ. Εβρου (από 9ο Ε.Τ. Νομ. Θεσσαλονίκης),422,280,2,5,7,273,57,14,5,11,11,4,16,128,43,60,16,14,17,12,13,4,5,2,1,0,19,6,8,2,1,4,5,20,7,6,3,2,1,2,2,0,0,0,1,0,1,0,1,0,0,0,0,0,0,0,0,0,0,9,6,0,3,4,1,1,0,0,0,0,0,4,0,1,1,1,0,1,0,8,4,2,4,1,6,0,2,1,0,4,4
1 - Έβρου,Ετερ. Εβρου (από Εφετείο Θεσσαλονίκης),83,46,7,0,7,39,18,5,3,0,2,0,5,17,6,11,1,3,4,0,0,0,0,0,0,0,1,0,0,0,0,0,0,2,0,0,1,0,0,0,0,0,0,0,0,0,0,0,0,0,0,0,0,0,0,0,0,0,0,1,0,0,0,0,0,0,0,0,0,0,0,0,0,0,0,0,0,0,0,0,0,0,0,0,0,0,0,0,0,0,0
1 - Έβρου,Ετερ. Εβρου (από 36ο Ε.Τ. Νομ. Αττικής-Αθηνών),574,332,1,0,1,331,96,35,16,19,13,12,43,123,30,65,32,26,13,9,10,3,4,3,1,1,27,4,12,4,3,3,5,19,4,5,1,5,3,5,4,1,0,1,0,1,0,0,1,0,0,0,0,0,0,0,0,0,0,24,14,6,1,4,3,2,0,0,0,0,0,2,0,1,1,0,2,1,0,16,8,4,4,0,1,1,1,0,0,7,3
1 - Έβρου,Ετερ. Εβρου (από 37ο Ε.Τ. Νομ. Αττικής-Αθηνών),573,346,7,2,9,337,78,32,12,14,11,7,27,171,40,91,44,32,20,25,7,3,3,4,3,0,28,11,9,4,0,5,7,15,4,3,2,4,5,1,5,4,1,1,1,2,0,0,2,1,1,1,0,0,0,0,0,0,0,12,7,6,0,5,0,3,1,1,0,0,0,2,0,0,0,0,0,1,1,6,3,1,2,1,3,0,1,1,0,6,3
1 - Έβρου,Ετερ. Εβρου (από 38ο Ε.Τ. Νομ. Αττικής-Αθηνών),574,325,2,1,3,322,77,29,15,22,6,6,32,147,51,75,38,29,21,27,8,2,3,5,1,1,36,8,18,12,4,5,8,21,7,3,4,6,5,2,6,2,1,0,4,5,0,0,0,0,0,0,0,0,0,0,0,0,0,12,7,2,0,4,1,2,0,0,0,0,0,1,1,0,1,0,0,0,0,8,2,2,4,0,2,2,0,1,1,4,3
1 - Έβρου,Ετερ. Εβρου (από 7ο Ε.Τ. Νομ. Αττικής-Πειραιώς),180,113,2,0,2,111,32,13,2,8,6,3,20,34,15,18,6,13,3,4,6,3,4,1,2,0,7,1,7,0,0,1,5,16,6,3,1,6,6,2,1,0,0,0,0,0,0,0,0,0,0,0,0,0,0,0,0,0,0,2,1,0,0,1,1,1,0,0,0,0,0,5,3,0,5,1,0,0,0,6,1,1,3,1,0,0,0,0,0,2,2
Σύνολο,,164496,86084,1475,741,2216,83868,23106,7705,4682,2202,7362,2733,5120,37731,11149,16200,10103,6749,5156,7068,2956,857,954,821,374,229,6852,917,2580,741,381,1522,2587,2471,599,1095,408,335,571,346,1107,207,119,106,150,388,33,7,243,72,50,46,267,55,53,50,77,81,24,4916,2092,896,417,550,1183,489,84,37,23,40,12,636,139,85,207,102,107,126,51,2001,587,338,488,441,623,184,200,173,75,676,330
