ΠΕΡΙΦΕΡΕΙΑ,ΕΚΛΟΓΙΚΟ ΤΜΗΜΑ,ΕΓΓΕΓΡΑΜΜΕΝΟΙ,ΨΗΦΙΣΑΝΤΕΣ,ΑΚΥΡΑ,ΛΕΥΚΑ,ΑΚΥΡΑ & ΛΕΥΚΑ,ΕΓΚΥΡΑ,ΣΥΡΙΖΑ,ΛΑΘΥΡΗΣ ΝΙΚΟΛΑΟΣ του Ιωάννη,ΜΠΕΡΜΠΕΡΗΣ ΜΩΥΣΗΣ του Γεωργίου,ΣΚΟΝΔΡΙΑΝΟΥ ΧΡΥΣΟΥΛΑ του Νικολάου,Νέα Δημοκρατία,ΚΟΝΤΟΓΕΩΡΓΟΣ ΚΩΝΣΤΑΝΤΙΝΟΣ του Αθανασίου,ΛΑΠΠΑΣ ΚΛΕΟΜΕΝΗΣ (ΜΕΝΙΟΣ) του Κωνσταντίνου,ΟΙΚΟΝΟΜΟΥ ΘΩΜΑΪΣ (ΤΖΙΝΑ) του Γεωργίου,Λαϊκός Σύνδεσμος - Χρυσή Αυγή,ΔΙΩΤΗΣ ΕΥΑΓΓΕΛΟΣ του Γεωργίου,Κίνημα Αλλαγής,ΙΩΑΝΝΟΥ ΔΗΜΗΤΡΑ του Παναγιώτη,ΠΑΠΑΔΟΠΟΥΛΟΣ ΙΩΑΝΝΗΣ του Στεφάνου,ΣΙΑΚΑΒΕΛΑ ΙΩΑΝΝΑ -ΣΜΑΡΑΓΔΑ του Ιωάννη,Κ.Κ.Ε.,ΓΙΑΝΝΟΥΛΗΣ ΙΩΑΝΝΗΣ του Αθανασίου,ΠΑΠΑΡΟΪΔΑΜΗΣ ΒΑΣΙΛΕΙΟΣ του Κωνσταντίνου,ΣΤΑΜΟΥΛΗ ΕΛΠΙΔΑ του Σπύρου,Ένωση Κεντρώων,ΜΠΑΚΑ ΧΡΙΣΤΙΝΑ του Αθανασίου,ΠΑΝΑΓΙΩΤΟΥ ΙΩΑΝΝΗΣ του Κωνσταντίνου,Ο.Κ.Δ.Ε.,ΤΣΟΥΚΑΛΑΣ ΓΕΩΡΓΙΟΣ του Αναστασίου,ΑΝΤ.ΑΡ.ΣΥ.Α.,ΜΠΑΡΜΠΑΡΟΥΣΗΣ ΚΩΝΣΤΑΝΤΙΝΟΣ του Ευαγγέλου,Ελλήνων Συνέλευσις,ΨΩΡΟΓΙΑΝΝΗΣ ΙΩΑΝΝΗΣ του Γεωργίου,Ελληνική Λύση - Κ. Βελόπουλος,ΚΑΤΣΟΜΗΤΡΟΣ ΝΙΚΟΛΑΟΣ του Δημητρίου,ΟΙΚΟΝΟΜΟΥ ΧΡΙΣΤΙΑΝΑ του Νικολάου,Κ.Κ.Ε. (μ-λ),ΖΗΣΗΣ ΒΑΣΙΛΕΙΟΣ του Χρήστου,Μ-Λ Κ.Κ.Ε.,ΑΡΒΑΝΙΤΗ ΕΛΕΝΗ του Ευαγγέλου,Ε.ΠΑ.Μ - Α.Κ.Κ.ΕΛ,ΨΕΥΤΗΣ ΕΥΑΓΓΕΛΟΣ του Αθανασίου,Λαϊκή Ενότητα,ΦΑΡΜΑΚΗΣ ΚΩΝΣΤΑΝΤΙΝΟΣ του Αθανασίου,ΜέΡΑ25,ΤΡΑΓΟΠΟΥΛΟΣ ΣΠΥΡΟΣ του Νικολάου,Δημιουργία ξανά - Θ. Τζήμερος,ΚΑΝΙΟΣ ΓΕΩΡΓΙΟΣ του Νικολάου,Πλεύση Ελευθερίας - Ζωή Κωνστ.,ΠΑΠΑΔΟΠΟΥΛΟΥ ΜΑΡΙΑ του Ηλία
34 - Ευρυτανίας,1 E.T. Δήμου Αγράφων,474,225,4,5,9,216,56,32,2,2,118,71,8,36,2,2,30,2,25,0,3,1,0,2,0,0,0,0,0,0,0,0,0,2,0,1,0,0,0,0,0,0,0,0,3,3,1,1,1,0
34 - Ευρυτανίας,2 E.T. Δήμου Αγράφων,118,51,1,2,3,48,4,2,0,0,31,24,0,5,1,0,7,0,6,0,1,0,0,1,1,1,0,0,0,1,0,0,0,1,0,0,0,0,0,0,0,0,0,0,1,1,0,0,0,0
34 - Ευρυτανίας,3 E.T. Δήμου Αγράφων,359,115,0,0,0,115,19,8,3,5,70,15,2,52,2,0,15,2,6,1,0,0,0,0,2,2,0,0,0,0,0,0,0,7,4,2,0,0,0,0,0,0,0,0,0,0,0,0,0,0
34 - Ευρυτανίας,4 E.T. Δήμου Αγράφων,245,86,1,0,1,85,15,9,3,1,55,22,10,21,0,0,14,7,3,1,0,0,0,0,0,0,0,0,0,0,0,0,0,0,0,0,0,0,0,0,0,0,0,0,1,1,0,0,0,0
34 - Ευρυτανίας,5 E.T. Δήμου Αγράφων,123,71,0,0,0,71,19,3,8,2,42,10,3,29,0,0,9,1,8,0,0,0,0,0,0,0,0,0,0,0,0,0,0,0,0,0,0,0,0,0,0,0,1,1,0,0,0,0,0,0
34 - Ευρυτανίας,6 E.T. Δήμου Αγράφων,78,32,0,0,0,32,5,1,2,1,22,11,0,11,0,0,2,0,2,0,1,0,0,1,2,0,1,0,0,0,0,0,0,0,0,0,0,0,0,0,0,0,0,0,0,0,0,0,0,0
34 - Ευρυτανίας,7 E.T. Δήμου Αγράφων,181,81,2,0,2,79,28,16,5,1,37,11,0,26,0,0,6,2,2,0,3,0,0,0,0,0,0,0,0,1,0,0,0,1,0,1,0,0,0,0,0,0,0,0,2,0,0,0,1,0
34 - Ευρυτανίας,8 E.T. Δήμου Αγράφων,45,23,0,0,0,23,6,4,1,0,15,10,1,4,0,0,2,2,0,0,0,0,0,0,0,0,0,0,0,0,0,0,0,0,0,0,0,0,0,0,0,0,0,0,0,0,0,0,0,0
34 - Ευρυτανίας,9 E.T. Δήμου Αγράφων,99,36,0,0,0,36,8,2,4,0,26,15,0,11,0,0,1,0,0,1,0,0,0,0,1,0,1,0,0,0,0,0,0,0,0,0,0,0,0,0,0,0,0,0,0,0,0,0,0,0
34 - Ευρυτανίας,10 E.T. Δήμου Αγράφων,271,87,1,0,1,86,23,4,6,5,48,29,1,17,5,3,7,5,2,0,0,0,0,0,0,0,0,0,0,0,0,0,0,0,0,0,0,0,0,0,2,1,0,0,0,0,0,0,1,1
34 - Ευρυτανίας,11 E.T. Δήμου Αγράφων,328,121,0,1,1,120,33,17,6,1,57,26,7,23,0,0,20,7,4,1,3,1,0,1,3,0,0,0,0,1,0,0,0,3,0,3,0,0,0,0,0,0,0,0,0,0,0,0,0,0
34 - Ευρυτανίας,12 E.T. Δήμου Αγράφων,255,103,2,0,2,101,21,1,4,3,51,31,2,15,0,0,24,6,17,0,2,0,0,1,0,0,0,0,0,0,0,0,0,0,0,0,0,0,0,0,0,0,1,0,0,0,2,0,0,0
34 - Ευρυτανίας,13 E.T. Δήμου Αγράφων,230,89,1,0,1,88,29,10,9,0,34,22,0,12,1,1,9,2,5,0,6,1,1,0,1,0,0,0,0,0,0,0,0,1,0,1,0,0,0,0,0,0,0,0,5,2,0,0,2,2
34 - Ευρυτανίας,14 E.T. Δήμου Αγράφων,373,187,1,0,1,186,61,28,19,3,85,28,11,39,1,0,10,2,6,0,21,20,0,0,1,1,0,0,0,0,0,0,0,2,1,1,1,0,0,0,1,1,0,0,3,1,0,0,0,0
34 - Ευρυτανίας,15 E.T. Δήμου Αγράφων,250,99,0,0,0,99,35,26,5,2,52,19,0,31,1,1,6,0,6,0,1,1,0,0,0,0,0,0,0,0,0,0,0,2,2,0,1,1,0,0,0,0,0,0,0,0,0,0,1,0
34 - Ευρυτανίας,16 E.T. Δήμου Αγράφων,319,142,3,0,3,139,31,17,5,1,77,26,4,45,1,1,16,0,12,0,2,1,1,0,2,0,0,0,0,3,0,0,0,4,1,1,0,0,0,0,0,0,1,0,1,0,0,0,1,0
34 - Ευρυτανίας,17 E.T. Δήμου Αγράφων,122,71,0,0,0,71,17,12,1,0,46,17,0,28,0,0,4,0,4,0,3,1,0,0,0,0,0,0,0,0,0,0,0,1,1,0,0,0,0,0,0,0,0,0,0,0,0,0,0,0
34 - Ευρυτανίας,18 E.T. Δήμου Αγράφων,334,113,2,0,2,111,51,34,3,0,33,7,3,20,0,0,14,0,11,0,9,1,3,1,1,1,0,0,0,1,0,0,0,0,0,0,0,0,0,0,0,0,0,0,2,0,0,0,0,0
34 - Ευρυτανίας,19 E.T. Δήμου Αγράφων,356,115,2,1,3,112,25,14,3,1,68,48,3,16,3,3,12,2,9,0,2,1,0,1,0,0,0,0,0,0,0,0,0,0,0,0,0,0,0,0,0,0,2,1,0,0,0,0,0,0
34 - Ευρυτανίας,20 E.T. Δήμου Αγράφων,113,28,0,0,0,28,6,2,1,0,18,3,1,13,0,0,0,0,0,0,2,0,0,0,0,0,0,0,0,0,0,0,0,0,0,0,0,0,0,0,0,0,0,0,1,0,1,1,0,0
34 - Ευρυτανίας,21 E.T. Δήμου Αγράφων,108,53,0,0,0,53,7,5,0,0,38,3,3,32,0,0,6,0,4,1,0,0,0,0,0,0,0,0,0,0,0,0,0,0,0,0,0,0,0,0,0,0,0,0,1,0,1,0,0,0
34 - Ευρυτανίας,22 E.T. Δήμου Αγράφων,312,126,0,0,0,126,40,13,16,2,57,23,6,26,0,0,17,0,8,4,8,7,0,1,1,0,0,0,0,0,0,0,0,2,0,1,0,0,0,0,0,0,0,0,0,0,0,0,1,0
34 - Ευρυτανίας,23 E.T. Δήμου Αγράφων,474,223,3,0,3,220,70,19,14,6,115,52,15,46,1,0,18,2,13,0,3,0,1,0,0,0,0,0,0,0,0,0,0,4,2,0,0,0,0,0,2,0,1,1,3,1,0,0,3,1
34 - Ευρυτανίας,24 E.T. Δήμου Αγράφων,155,75,0,0,0,75,26,10,7,0,40,10,0,29,0,0,3,0,3,0,0,0,0,0,1,0,0,0,0,1,1,0,0,3,2,0,0,0,0,0,0,0,0,0,0,0,0,0,1,0
34 - Ευρυτανίας,25 E.T. Δήμου Αγράφων,256,92,1,0,1,91,19,6,4,2,53,34,6,9,0,0,13,1,9,1,0,0,0,0,1,1,0,0,0,1,1,1,0,2,0,1,0,0,0,0,0,0,1,0,0,0,0,0,0,0
34 - Ευρυτανίας,26 E.T. Δήμου Αγράφων,272,126,0,0,0,126,33,20,4,1,72,35,4,30,0,0,13,0,13,0,2,1,0,0,0,0,0,0,0,1,0,0,0,2,0,1,0,0,0,0,0,0,0,0,2,2,1,0,0,0
34 - Ευρυτανίας,27 E.T. Δήμου Αγράφων,338,143,2,0,2,141,28,15,3,4,81,5,2,73,1,1,24,1,22,0,0,0,0,0,1,1,0,1,0,0,0,0,0,3,0,3,0,0,0,0,0,0,0,0,2,0,0,0,0,0
34 - Ευρυτανίας,28 E.T. Δήμου Αγράφων,217,88,0,0,0,88,34,15,9,1,40,22,1,15,1,1,11,1,8,0,1,1,0,0,0,0,0,0,0,0,0,0,0,0,0,0,0,0,0,0,0,0,0,0,1,1,0,0,0,0
34 - Ευρυτανίας,29 E.T. Δήμου Αγράφων,188,95,0,0,0,95,41,13,4,3,45,20,2,17,1,0,2,1,1,0,2,1,1,0,3,3,0,0,0,0,0,0,0,1,0,1,0,0,0,0,0,0,0,0,0,0,0,0,0,0
34 - Ευρυτανίας,30 E.T. Δήμου Αγράφων,259,91,1,0,1,90,29,9,7,3,47,27,1,17,1,1,10,1,3,2,0,0,0,0,0,0,0,0,0,1,0,0,0,1,0,1,0,0,0,0,0,0,0,0,0,0,0,0,1,1
34 - Ευρυτανίας,31 E.T. Δήμου Αγράφων,95,35,2,0,2,33,14,8,1,4,18,14,3,1,0,0,0,0,0,0,1,0,0,0,0,0,0,0,0,0,0,0,0,0,0,0,0,0,0,0,0,0,0,0,0,0,0,0,0,0
34 - Ευρυτανίας,32 E.T. Δήμου Αγράφων,125,41,0,1,1,40,7,1,2,0,22,14,0,7,0,0,7,1,3,2,1,0,0,0,0,0,0,0,0,2,0,0,0,0,0,0,1,0,0,0,0,0,0,0,0,0,0,0,0,0
34 - Ευρυτανίας,33 E.T. Δήμου Αγράφων,108,46,0,0,0,46,22,7,8,2,17,6,7,3,2,0,3,0,1,0,0,0,0,0,0,0,0,0,0,0,0,0,0,0,0,0,0,0,0,0,1,0,0,0,0,0,0,0,1,1
34 - Ευρυτανίας,34 E.T. Δήμου Αγράφων,232,103,2,0,2,101,49,4,30,1,40,16,5,18,1,1,8,2,4,1,1,0,0,0,1,0,0,0,0,1,0,0,0,0,0,0,0,0,0,0,0,0,0,0,0,0,0,0,0,0
34 - Ευρυτανίας,35 E.T. Δήμου Αγράφων,274,135,1,1,2,133,25,7,13,0,88,43,2,36,4,1,8,0,6,1,1,0,1,0,0,0,0,0,0,0,0,0,0,1,1,0,0,0,0,0,3,0,0,0,3,2,0,0,0,0
34 - Ευρυτανίας,36 E.T. Δήμου Αγράφων,306,142,1,3,4,138,51,13,21,1,68,22,21,16,3,2,5,1,1,0,5,2,0,0,1,1,0,0,0,0,0,0,0,1,0,0,0,0,0,0,0,0,2,0,2,1,0,0,0,0
34 - Ευρυτανίας,37 E.T. Δήμου Αγράφων,431,216,2,2,4,212,34,12,15,0,131,32,42,45,13,6,26,2,15,3,0,0,0,0,0,0,0,0,0,0,0,0,0,5,1,0,0,0,0,0,0,0,0,0,2,0,0,0,1,0
34 - Ευρυτανίας,38 E.T. Δήμου Αγράφων,107,39,0,0,0,39,8,1,2,0,21,4,3,14,0,0,7,0,4,0,0,0,0,0,0,0,0,0,0,0,0,0,0,2,0,0,0,0,0,0,0,0,0,0,1,0,0,0,0,0
34 - Ευρυτανίας,39 E.T. Δήμου Αγράφων,121,47,0,0,0,47,14,7,3,2,21,5,3,12,1,0,9,1,6,0,0,0,0,0,0,0,0,0,0,0,0,0,0,1,0,0,0,0,0,0,0,0,0,0,1,0,0,0,0,0
34 - Ευρυτανίας,40 E.T. Δήμου Αγράφων,267,135,0,0,0,135,59,34,12,2,52,10,15,24,3,2,11,0,8,0,7,1,0,0,0,0,0,0,0,1,1,0,0,0,0,0,0,0,0,0,0,0,0,0,2,2,0,0,0,0
34 - Ευρυτανίας,41 E.T. Δήμου Αγράφων,335,130,0,2,2,128,40,14,13,1,49,17,7,22,2,2,18,1,13,1,4,0,0,1,2,0,0,0,0,1,0,0,0,4,1,1,0,0,0,0,1,1,0,0,3,2,0,0,4,0
34 - Ευρυτανίας,42 E.T. Δήμου Αγράφων,364,144,2,0,2,142,50,21,13,3,68,21,3,39,1,0,6,1,4,1,2,0,0,0,0,0,0,0,0,0,0,0,0,5,1,0,0,0,0,0,0,0,0,0,6,5,0,0,4,3
34 - Ευρυτανίας,43 E.T. Δήμου Αγράφων,116,46,0,1,1,45,15,9,1,0,26,13,6,7,0,0,1,0,1,0,3,1,1,0,0,0,0,0,0,0,0,0,0,0,0,0,0,0,0,0,0,0,0,0,0,0,0,0,0,0
34 - Ευρυτανίας,44 E.T. Δήμου Αγράφων,167,32,0,0,0,32,3,1,1,0,15,6,5,4,0,0,8,0,4,0,1,0,0,0,0,0,0,0,0,0,0,0,0,4,1,3,0,0,0,0,0,0,0,0,1,0,0,0,0,0
34 - Ευρυτανίας,45 E.T. Δήμου Αγράφων,416,212,1,2,3,209,83,69,5,2,88,29,13,45,13,10,14,0,13,0,1,1,0,0,1,1,0,0,0,0,0,0,0,3,3,0,0,0,0,0,0,0,1,1,1,1,0,0,4,1
34 - Ευρυτανίας,46 E.T. Δήμου Αγράφων,198,103,0,0,0,103,52,32,13,1,47,23,5,18,3,2,0,0,0,0,0,0,0,0,0,0,0,0,0,0,0,0,0,1,0,0,0,0,0,0,0,0,0,0,0,0,0,0,0,0
34 - Ευρυτανίας,47 E.T. Δήμου Αγράφων,169,67,1,0,1,66,21,10,5,1,39,29,5,2,0,0,3,0,2,0,1,0,0,1,1,0,0,0,0,0,0,0,0,0,0,0,0,0,0,0,0,0,0,0,1,1,0,0,0,0
34 - Ευρυτανίας,48 E.T. Δήμου Αγράφων,202,67,1,2,3,64,14,1,0,0,41,13,1,3,0,0,4,0,0,0,0,0,0,0,1,0,0,0,0,0,0,0,0,3,0,0,0,0,0,0,0,0,0,0,0,0,1,0,0,0
34 - Ευρυτανίας,49 E.T. Δήμου Αγράφων,72,30,4,0,4,26,2,1,0,0,18,13,1,3,0,0,1,0,0,0,1,0,0,0,0,0,0,0,0,0,0,0,0,2,0,0,0,0,0,0,0,0,0,0,1,0,1,0,0,0
34 - Ευρυτανίας,50 E.T. Δήμου Αγράφων,401,163,4,1,5,158,71,50,8,3,63,32,1,23,3,3,12,4,6,1,1,0,0,1,0,0,0,0,0,0,0,1,0,1,1,0,0,0,0,0,2,2,0,0,3,1,0,0,1,1
34 - Ευρυτανίας,51 E.T. Δήμου Αγράφων,84,43,0,0,0,43,22,9,9,0,14,2,2,10,1,1,3,1,2,0,1,0,0,0,0,0,0,0,0,0,0,0,0,0,0,0,0,0,0,0,0,0,0,0,2,0,0,0,0,0
34 - Ευρυτανίας,52 E.T. Δήμου Καρπενησίου,289,46,0,0,0,46,7,1,2,1,31,11,1,17,1,1,2,2,0,0,4,0,0,0,0,0,0,0,0,0,0,0,0,0,0,0,0,0,0,0,0,0,0,0,0,0,0,0,1,1
34 - Ευρυτανίας,53 E.T. Δήμου Καρπενησίου,251,72,0,1,1,71,17,5,1,2,27,6,7,12,1,0,16,0,3,8,1,1,0,0,2,2,0,0,0,1,1,0,0,1,0,0,0,0,0,0,2,1,0,0,2,0,0,0,1,1
34 - Ευρυτανίας,54 E.T. Δήμου Καρπενησίου,351,106,0,0,0,106,31,9,14,4,44,14,13,17,3,1,18,1,1,15,1,0,0,1,0,0,0,0,0,3,3,0,0,1,0,1,1,0,0,0,0,0,0,0,3,3,0,0,1,1
34 - Ευρυτανίας,55 E.T. Δήμου Καρπενησίου,288,157,3,3,6,151,40,4,23,3,50,9,7,28,3,0,25,6,11,3,11,0,6,1,2,0,0,0,0,2,1,0,0,8,2,1,0,0,0,0,3,3,0,0,5,1,0,0,2,2
34 - Ευρυτανίας,56 E.T. Δήμου Καρπενησίου,177,34,0,0,0,34,6,1,1,1,25,12,3,10,0,0,1,0,0,0,1,0,1,0,0,0,0,0,0,0,0,0,0,1,0,1,0,0,0,0,0,0,0,0,0,0,0,0,0,0
34 - Ευρυτανίας,57 E.T. Δήμου Καρπενησίου,170,41,0,0,0,41,8,3,0,1,28,21,0,7,0,0,3,1,2,0,0,0,0,0,2,1,1,0,0,0,0,0,0,0,0,0,0,0,0,0,0,0,0,0,0,0,0,0,0,0
34 - Ευρυτανίας,58 E.T. Δήμου Καρπενησίου,137,45,1,0,1,44,5,3,0,0,27,17,0,7,4,3,4,2,2,0,0,0,0,0,0,0,0,0,0,0,0,0,0,2,1,0,0,0,0,0,0,0,0,0,2,1,0,0,0,0
34 - Ευρυτανίας,59 E.T. Δήμου Καρπενησίου,117,34,0,0,0,34,7,3,1,0,18,0,0,14,0,0,7,1,4,2,0,0,0,0,1,1,0,0,0,0,0,0,0,0,0,0,0,0,0,0,1,1,0,0,0,0,0,0,0,0
34 - Ευρυτανίας,60 E.T. Δήμου Καρπενησίου,188,44,1,0,1,43,16,3,5,4,12,6,3,2,0,0,9,0,8,0,3,1,1,0,0,0,0,0,0,0,0,0,0,0,0,0,0,0,0,0,0,0,0,0,0,0,0,0,3,3
34 - Ευρυτανίας,61 E.T. Δήμου Καρπενησίου,114,37,0,0,0,37,9,0,8,0,22,7,5,9,0,0,0,0,0,0,0,0,0,0,0,0,0,0,0,0,0,0,0,5,3,2,0,0,0,0,0,0,0,0,1,1,0,0,0,0
34 - Ευρυτανίας,62 E.T. Δήμου Καρπενησίου,464,244,3,2,5,239,75,17,34,2,103,41,25,28,6,1,23,0,12,1,12,1,4,0,3,0,2,0,0,0,0,0,0,7,2,3,0,0,0,0,0,0,0,0,2,1,2,1,6,1
34 - Ευρυτανίας,63 E.T. Δήμου Καρπενησίου,229,63,0,0,0,63,17,3,6,3,35,11,9,13,2,0,2,0,0,0,3,0,2,0,1,0,1,0,0,0,0,0,0,2,0,1,0,0,0,0,0,0,0,0,0,0,0,0,1,0
34 - Ευρυτανίας,64 E.T. Δήμου Καρπενησίου,468,109,0,0,0,109,35,7,20,2,58,28,6,19,0,0,6,0,4,2,2,0,0,1,1,1,0,0,0,0,0,0,0,0,0,0,0,0,0,0,0,0,0,0,5,1,1,0,1,1
34 - Ευρυτανίας,65 E.T. Δήμου Καρπενησίου,554,371,5,5,10,361,96,17,45,7,178,54,65,52,10,4,35,0,27,0,9,3,1,2,2,0,1,0,0,2,0,1,0,15,7,3,1,0,0,0,0,0,0,0,7,3,1,0,4,2
34 - Ευρυτανίας,66 E.T. Δήμου Καρπενησίου,560,362,2,2,4,358,116,15,71,5,159,63,46,44,11,8,35,0,25,2,13,3,4,2,3,0,0,0,0,0,0,0,0,7,2,1,0,0,0,0,5,1,0,0,8,2,1,0,0,0
34 - Ευρυτανίας,67 E.T. Δήμου Καρπενησίου,540,297,5,4,9,288,81,16,47,5,144,53,5,38,12,6,24,2,17,0,4,1,3,0,7,1,5,0,0,1,1,1,1,5,1,3,0,0,0,0,0,0,0,0,6,3,2,1,1,1
34 - Ευρυτανίας,68 E.T. Δήμου Καρπενησίου,547,328,3,5,8,320,92,19,42,5,145,39,61,40,6,3,38,4,20,6,12,2,6,1,2,0,2,0,0,3,1,0,0,12,1,7,0,0,0,0,0,0,1,1,4,1,3,1,2,0
34 - Ευρυτανίας,69 E.T. Δήμου Καρπενησίου,558,335,7,1,8,327,121,18,69,2,132,36,54,38,4,4,37,7,18,2,8,3,2,1,3,1,1,0,0,1,1,1,1,5,1,1,2,2,0,0,0,0,1,1,6,6,0,0,6,6
34 - Ευρυτανίας,70 E.T. Δήμου Καρπενησίου,530,317,11,0,11,306,118,18,69,5,118,27,42,46,6,2,20,1,13,0,8,1,2,2,2,0,2,0,0,2,0,0,0,11,0,1,0,0,0,0,0,0,2,2,11,5,2,1,6,5
34 - Ευρυτανίας,71 E.T. Δήμου Καρπενησίου,532,330,11,3,14,316,112,10,76,6,136,44,40,48,4,2,27,0,22,0,14,2,3,2,1,0,0,0,0,2,1,0,0,7,2,3,0,0,0,0,0,0,1,0,4,1,4,1,4,0
34 - Ευρυτανίας,72 E.T. Δήμου Καρπενησίου,534,319,4,6,10,309,92,12,58,5,144,56,42,41,3,2,33,0,29,1,12,0,9,0,1,0,0,0,0,3,0,0,0,10,3,1,0,0,0,0,1,1,0,0,9,0,0,0,1,1
34 - Ευρυτανίας,73 E.T. Δήμου Καρπενησίου,534,351,4,4,8,343,106,15,59,6,162,54,48,51,5,1,30,3,19,4,4,1,2,0,7,2,0,0,0,2,1,0,0,10,5,1,0,0,0,0,0,0,1,0,9,3,6,2,1,0
34 - Ευρυτανίας,74 E.T. Δήμου Καρπενησίου,530,302,6,5,11,291,90,10,53,5,139,57,54,25,7,3,20,0,10,2,5,0,1,0,2,0,0,0,0,2,1,0,0,6,4,0,0,0,0,0,4,1,1,0,6,2,3,0,6,3
34 - Ευρυτανίας,75 E.T. Δήμου Καρπενησίου,536,315,1,2,3,312,87,16,52,2,159,54,58,39,2,1,16,3,11,0,10,2,5,1,8,2,3,0,0,3,1,0,0,7,2,2,0,0,0,0,1,1,0,0,10,2,6,3,3,2
34 - Ευρυτανίας,76 E.T. Δήμου Καρπενησίου,192,113,1,0,1,112,26,2,14,1,50,16,15,16,3,1,20,1,16,1,7,1,4,0,0,0,0,0,0,0,0,0,0,2,0,1,0,0,0,0,0,0,0,0,4,3,0,0,0,0
34 - Ευρυτανίας,77 E.T. Δήμου Καρπενησίου,194,101,0,1,1,100,39,5,20,2,32,13,10,9,0,0,19,0,15,0,5,0,0,4,1,0,0,0,0,0,0,0,0,0,0,0,0,0,0,0,0,0,0,0,2,2,0,0,2,2
34 - Ευρυτανίας,78 E.T. Δήμου Καρπενησίου,281,145,3,0,3,142,63,21,24,7,57,21,19,13,1,0,15,3,7,3,1,0,0,0,1,1,0,0,0,0,0,0,0,1,0,0,0,0,0,0,0,0,0,0,2,0,1,1,0,0
34 - Ευρυτανίας,79 E.T. Δήμου Καρπενησίου,275,78,1,0,1,77,20,8,5,3,43,24,5,14,0,0,7,2,4,1,2,0,2,0,1,1,0,0,0,0,0,0,0,3,2,1,0,0,0,0,1,1,0,0,0,0,0,0,0,0
34 - Ευρυτανίας,80 E.T. Δήμου Καρπενησίου,142,63,0,0,0,63,14,10,3,0,43,13,14,15,0,0,1,1,0,0,1,0,1,0,1,1,0,0,0,0,0,0,0,0,0,0,0,0,0,0,0,0,0,0,3,2,0,0,0,0
34 - Ευρυτανίας,81 E.T. Δήμου Καρπενησίου,75,36,0,0,0,36,19,7,10,0,10,3,1,4,0,0,7,0,7,0,0,0,0,0,0,0,0,0,0,0,0,0,0,0,0,0,0,0,0,0,0,0,0,0,0,0,0,0,0,0
34 - Ευρυτανίας,82 E.T. Δήμου Καρπενησίου,187,84,1,0,1,83,16,4,8,2,64,62,1,1,1,0,0,0,0,0,0,0,0,0,0,0,0,0,0,0,0,0,0,0,0,0,0,0,0,0,0,0,0,0,0,0,2,0,0,0
34 - Ευρυτανίας,83 E.T. Δήμου Καρπενησίου,80,36,0,0,0,36,6,0,2,3,13,9,0,3,0,0,4,1,3,0,9,1,5,2,0,0,0,2,1,0,0,0,0,1,0,1,0,0,0,0,0,0,0,0,1,0,0,0,0,0
34 - Ευρυτανίας,84 E.T. Δήμου Καρπενησίου,397,150,0,0,0,150,31,4,23,0,96,33,18,45,2,0,17,0,11,0,1,0,0,0,2,0,1,0,0,0,0,0,0,1,1,0,0,0,0,0,0,0,0,0,0,0,0,0,0,0
34 - Ευρυτανίας,85 E.T. Δήμου Καρπενησίου,91,34,0,0,0,34,13,1,5,0,12,7,0,4,0,0,7,0,4,0,0,0,0,0,0,0,0,0,0,1,0,0,0,1,0,1,0,0,0,0,0,0,0,0,0,0,0,0,0,0
34 - Ευρυτανίας,86 E.T. Δήμου Καρπενησίου,165,38,0,0,0,38,23,6,15,0,11,10,1,0,0,0,2,1,1,0,0,0,0,0,1,1,0,0,0,0,0,0,0,1,1,0,0,0,0,0,0,0,0,0,0,0,0,0,0,0
34 - Ευρυτανίας,87 E.T. Δήμου Καρπενησίου,565,260,4,4,8,252,66,1,45,16,139,47,8,80,2,1,22,8,7,4,6,2,2,1,0,0,0,0,0,0,0,1,1,6,1,2,0,0,0,0,1,0,0,0,2,0,5,4,2,2
34 - Ευρυτανίας,88 E.T. Δήμου Καρπενησίου,153,61,1,0,1,60,19,5,14,0,27,4,0,20,1,0,10,3,7,0,1,0,1,0,0,0,0,0,0,0,0,1,0,1,0,0,0,0,0,0,0,0,0,0,0,0,0,0,0,0
34 - Ευρυτανίας,89 E.T. Δήμου Καρπενησίου,367,133,4,1,5,128,40,15,19,4,54,20,7,26,1,1,23,2,18,0,1,0,0,0,0,0,0,1,1,0,0,0,0,3,2,0,0,0,0,0,0,0,0,0,2,0,1,1,2,1
34 - Ευρυτανίας,90 E.T. Δήμου Καρπενησίου,87,37,0,0,0,37,13,3,8,0,18,1,5,12,0,0,2,0,2,0,1,0,0,1,0,0,0,0,0,0,0,0,0,0,0,0,0,0,0,0,0,0,0,0,1,1,2,2,0,0
34 - Ευρυτανίας,91 E.T. Δήμου Καρπενησίου,164,56,1,0,1,55,8,2,4,0,39,20,1,17,3,3,0,0,0,0,0,0,0,0,2,0,0,0,0,0,0,0,0,0,0,0,0,0,0,0,0,0,0,0,1,0,0,0,2,0
34 - Ευρυτανίας,92 E.T. Δήμου Καρπενησίου,144,58,0,1,1,57,23,4,12,2,21,5,2,10,1,0,1,0,1,0,1,0,0,0,1,1,0,0,0,3,3,0,0,6,1,3,0,0,0,0,0,0,0,0,0,0,0,0,0,0
34 - Ευρυτανίας,93 E.T. Δήμου Καρπενησίου,165,68,1,1,2,66,32,11,5,4,16,4,5,7,2,0,7,1,2,1,1,0,0,1,1,0,0,0,0,0,0,0,0,1,0,1,0,0,0,0,1,0,0,0,4,1,1,1,0,0
34 - Ευρυτανίας,94 E.T. Δήμου Καρπενησίου,32,12,0,0,0,12,5,0,4,1,0,0,0,0,0,0,5,0,5,0,1,0,1,0,0,0,0,0,0,0,0,0,0,0,0,0,0,0,0,0,0,0,0,0,0,0,1,1,0,0
34 - Ευρυτανίας,95 E.T. Δήμου Καρπενησίου,63,26,0,0,0,26,10,3,5,0,9,4,3,0,0,0,3,3,0,0,1,1,0,0,1,0,0,0,0,0,0,0,0,0,0,0,0,0,0,0,0,0,0,0,0,0,2,1,0,0
34 - Ευρυτανίας,96 E.T. Δήμου Καρπενησίου,155,45,0,0,0,45,23,9,6,2,12,8,0,2,1,0,3,0,2,0,0,0,0,0,6,0,6,0,0,0,0,0,0,0,0,0,0,0,0,0,0,0,0,0,0,0,0,0,0,0
34 - Ευρυτανίας,97 E.T. Δήμου Καρπενησίου,416,100,1,2,3,97,18,3,5,1,46,23,8,8,3,3,11,1,7,0,2,0,1,0,2,1,0,0,0,0,0,0,0,5,3,2,0,0,0,0,0,0,0,0,4,2,2,2,4,3
34 - Ευρυτανίας,98 E.T. Δήμου Καρπενησίου,292,122,1,0,1,121,40,9,18,3,60,23,6,27,2,1,1,0,1,0,4,1,1,0,0,0,0,0,0,0,0,0,0,5,3,1,0,0,0,0,0,0,0,0,5,1,1,1,3,3
34 - Ευρυτανίας,99 E.T. Δήμου Καρπενησίου,362,144,1,2,3,141,39,11,14,9,60,18,9,31,1,1,19,1,13,3,6,3,2,1,1,0,1,0,0,0,0,0,0,3,2,1,0,0,0,0,0,0,0,0,9,4,3,1,0,0
34 - Ευρυτανίας,100 E.T. Δήμου Καρπενησίου,483,142,7,1,8,134,31,4,15,3,73,36,14,22,4,2,9,1,7,1,6,1,0,3,1,1,0,0,0,0,0,1,1,2,1,1,0,0,0,0,0,0,1,1,5,0,0,0,1,0
34 - Ευρυτανίας,101 E.T. Δήμου Καρπενησίου,195,44,0,0,0,44,8,1,5,0,13,6,4,1,2,0,11,1,9,1,6,0,1,3,0,0,0,0,0,0,0,1,0,1,0,1,0,0,0,0,0,0,0,0,2,1,0,0,0,0
34 - Ευρυτανίας,102 E.T. Δήμου Καρπενησίου,158,55,1,0,1,54,7,1,6,0,34,14,5,14,0,0,5,1,4,0,0,0,0,0,1,1,0,0,0,0,0,0,0,2,1,1,0,0,0,0,1,1,0,0,3,1,0,0,1,0
34 - Ευρυτανίας,103 E.T. Δήμου Καρπενησίου,161,46,0,0,0,46,11,10,1,0,25,7,1,15,0,0,0,0,0,0,4,2,0,1,2,0,0,0,0,0,0,0,0,4,2,2,0,0,0,0,0,0,0,0,0,0,0,0,0,0
34 - Ευρυτανίας,104 E.T. Δήμου Καρπενησίου,110,42,1,0,1,41,13,3,6,1,23,15,5,3,0,0,1,0,1,0,3,2,0,1,0,0,0,0,0,0,0,0,0,0,0,0,0,0,0,0,0,0,0,0,0,0,0,0,1,1
34 - Ευρυτανίας,105 E.T. Δήμου Καρπενησίου,59,7,0,0,0,7,3,3,0,0,3,3,0,0,0,0,0,0,0,0,1,0,0,0,0,0,0,0,0,0,0,0,0,0,0,0,0,0,0,0,0,0,0,0,0,0,0,0,0,0
34 - Ευρυτανίας,106 E.T. Δήμου Καρπενησίου,266,72,0,1,1,71,11,5,0,3,37,17,4,15,3,2,12,0,9,0,1,0,1,0,0,0,0,0,0,0,0,0,0,0,0,0,0,0,0,0,1,0,0,0,2,2,0,0,4,3
34 - Ευρυτανίας,107 E.T. Δήμου Καρπενησίου,66,18,0,0,0,18,5,2,1,0,11,2,1,0,1,1,1,0,1,0,0,0,0,0,0,0,0,0,0,0,0,0,0,0,0,0,0,0,0,0,0,0,0,0,0,0,0,0,0,0
34 - Ευρυτανίας,108 E.T. Δήμου Καρπενησίου,75,13,0,0,0,13,1,0,0,0,11,3,3,5,0,0,0,0,0,0,0,0,0,0,0,0,0,0,0,0,0,0,0,1,0,0,0,0,0,0,0,0,0,0,0,0,0,0,0,0
34 - Ευρυτανίας,109 E.T. Δήμου Καρπενησίου,297,92,1,1,2,90,35,7,6,7,36,16,8,10,0,0,9,0,8,0,1,0,0,1,1,1,0,0,0,0,0,0,0,3,1,1,1,1,0,0,1,1,0,0,2,2,1,0,0,0
34 - Ευρυτανίας,110 E.T. Δήμου Καρπενησίου,321,79,1,0,1,78,15,5,3,4,46,33,9,4,9,5,6,1,1,0,0,0,0,0,0,0,0,0,0,0,0,0,0,1,0,0,0,0,0,0,0,0,1,1,0,0,0,0,0,0
34 - Ευρυτανίας,111 E.T. Δήμου Καρπενησίου,74,28,0,1,1,27,7,1,3,1,19,7,4,8,0,0,0,0,0,0,1,0,0,0,0,0,0,0,0,0,0,0,0,0,0,0,0,0,0,0,0,0,0,0,0,0,0,0,0,0
34 - Ευρυτανίας,112 E.T. Δήμου Καρπενησίου,281,124,1,1,2,122,30,6,11,1,67,34,8,22,2,1,11,1,8,1,4,2,1,1,1,0,0,0,0,0,0,0,0,1,0,1,0,0,0,0,0,0,2,0,3,1,0,0,1,0
34 - Ευρυτανίας,113 E.T. Δήμου Καρπενησίου,89,18,0,0,0,18,6,4,1,0,9,8,0,0,0,0,0,0,0,0,3,1,0,0,0,0,0,0,0,0,0,0,0,0,0,0,0,0,0,0,0,0,0,0,0,0,0,0,0,0
34 - Ευρυτανίας,114 E.T. Δήμου Καρπενησίου,74,13,0,0,0,13,3,1,0,2,4,1,0,3,0,0,5,0,4,0,0,0,0,0,0,0,0,0,0,0,0,0,0,0,0,0,0,0,0,0,0,0,0,0,0,0,0,0,1,0
34 - Ευρυτανίας,115 E.T. Δήμου Καρπενησίου,89,30,0,1,1,29,9,7,0,1,14,8,0,6,0,0,0,0,0,0,2,1,0,0,1,0,0,1,0,0,0,0,0,1,1,0,0,0,0,0,0,0,0,0,1,0,0,0,0,0
34 - Ευρυτανίας,116 E.T. Δήμου Καρπενησίου,273,129,2,0,2,127,41,7,9,10,49,25,8,13,3,1,17,2,9,0,2,0,0,1,2,0,0,0,0,1,1,1,1,2,1,1,0,0,0,0,0,0,0,0,6,0,1,0,2,0
34 - Ευρυτανίας,117 E.T. Δήμου Καρπενησίου,357,166,0,2,2,164,61,21,19,12,66,23,13,26,1,0,16,0,10,1,5,0,1,0,2,2,0,0,0,3,0,0,0,5,3,2,1,0,1,0,0,0,0,0,2,0,0,0,1,1
34 - Ευρυτανίας,118 E.T. Δήμου Καρπενησίου,339,123,0,1,1,122,22,8,8,1,59,28,6,21,1,1,25,2,21,0,3,0,1,2,1,0,0,0,0,2,2,0,0,6,1,5,0,0,0,0,0,0,0,0,2,1,0,0,1,0
34 - Ευρυτανίας,119 E.T. Δήμου Καρπενησίου,196,80,1,1,2,78,34,4,22,2,27,14,9,2,2,0,6,2,3,0,2,0,1,0,0,0,0,0,0,0,0,0,0,6,6,0,0,0,0,0,0,0,0,0,1,1,0,0,0,0
34 - Ευρυτανίας,120 E.T. Δήμου Καρπενησίου,123,64,0,0,0,64,26,5,19,0,30,11,9,8,0,0,5,0,5,0,0,0,0,0,1,0,1,0,0,0,0,0,0,1,0,0,0,0,0,0,0,0,0,0,0,0,0,0,1,0
34 - Ευρυτανίας,121 E.T. Δήμου Καρπενησίου,201,84,0,0,0,84,26,1,23,0,54,24,9,18,2,2,2,1,1,0,0,0,0,0,0,0,0,0,0,0,0,0,0,0,0,0,0,0,0,0,0,0,0,0,0,0,0,0,0,0
34 - Ευρυτανίας,Ετερ. Ευρυτανίας (από Εφετείο Θεσσαλονίκης),78,48,0,1,1,47,8,1,2,3,27,12,4,7,0,0,2,0,1,1,6,1,1,0,0,0,0,1,1,0,0,0,0,1,1,0,0,0,0,0,0,0,0,0,1,1,0,0,1,1
34 - Ευρυτανίας,Ετερ. Ευρυτανίας (από 1ο Ε.Τ. Νομ. Αιτωλοακαρνανίας),57,33,0,0,0,33,6,1,2,0,23,10,0,13,0,0,3,3,0,0,0,0,0,0,0,0,0,0,0,0,0,0,0,1,0,0,0,0,0,0,0,0,0,0,0,0,0,0,0,0
34 - Ευρυτανίας,Ετερ. Ευρυτανίας (από Εφετείο Λαμίας),242,135,6,1,7,128,19,6,3,3,78,28,2,43,1,1,15,3,8,2,6,2,2,1,0,0,0,0,0,0,0,0,0,8,5,1,0,0,0,0,0,0,1,1,0,0,0,0,0,0
34 - Ευρυτανίας,Ετερ. Ευρυτανίας (από 41ο Ε.Τ. Νομ. Αττικής-Αθηνών),565,386,7,3,10,376,93,32,21,19,195,76,16,83,3,2,41,6,23,4,13,2,4,2,5,3,0,0,0,1,0,0,0,10,0,0,0,0,0,0,0,0,0,0,10,4,1,1,4,4
34 - Ευρυτανίας,Ετερ. Ευρυτανίας (από 42ο Ε.Τ. Νομ. Αττικής-Αθηνών),588,391,1,0,1,390,96,28,23,13,186,62,8,94,7,4,48,2,36,3,16,6,3,1,8,3,2,0,0,1,1,0,0,5,0,0,0,0,0,0,4,3,5,4,7,5,2,1,5,3
34 - Ευρυτανίας,Ετερ. Ευρυτανίας (από 43ο Ε.Τ. Νομ. Αττικής-Αθηνών),565,401,6,2,8,393,109,37,20,23,181,73,14,84,3,2,48,6,28,0,19,4,6,9,4,2,0,0,0,3,0,0,0,6,2,2,0,0,1,0,0,0,0,0,13,6,1,1,5,4
34 - Ευρυτανίας,Ετερ. Ευρυτανίας (από Εφετείο Πειραιώς),62,41,1,0,1,40,11,0,1,6,22,9,0,11,0,0,2,0,1,1,1,0,0,0,0,0,0,0,0,0,0,0,0,1,0,1,0,0,0,0,0,0,0,0,2,1,1,1,0,0
Σύνολο,,32528,14526,171,96,267,14259,4212,1258,1607,324,6969,2753,1142,2660,230,121,1416,154,894,98,399,97,103,62,129,42,31,6,3,58,22,10,5,305,99,87,9,4,2,0,39,20,27,15,259,105,67,31,122,69
