ΠΕΡΙΦΕΡΕΙΑ,ΕΚΛΟΓΙΚΟ ΤΜΗΜΑ,ΕΓΓΕΓΡΑΜΜΕΝΟΙ,ΨΗΦΙΣΑΝΤΕΣ,ΑΚΥΡΑ,ΛΕΥΚΑ,ΑΚΥΡΑ & ΛΕΥΚΑ,ΕΓΚΥΡΑ,ΣΥΡΙΖΑ,ΑΝΤΩΝΙΟΥ ΚΟΝΔΥΛΙΑ του Ευσταθίου,ΒΕΤΤΑΣ ΔΗΜΗΤΡΙΟΣ του Φωτίου,ΚΑΡΑΝΑΣΤΑΣΗΣ ΑΠΟΣΤΟΛΟΣ του Δημητρίου,ΜΗΛΙΩΡΙΤΣΑ ΗΛΕΚΤΡΑ-ΚΩΝΣΤΑΝΤΙΝΑ του Κωνσταντίνου,ΜΙΧΕΛΗΣ ΑΘΑΝΑΣΙΟΣ του Ιωάννη,ΜΩΡΙΚΗ ΜΥΡΤΩ του Νικολάου,ΣΑΡΑΚΙΩΤΗΣ ΙΩΑΝΝΗΣ του Αθανασίου,Νέα Δημοκρατία,ΑΡΓΥΡΟΠΟΥΛΟΥ ΕΥΘΥΜΙΑ (ΕΜΙ) του Ιωάννη,ΚΟΤΡΩΝΙΑΣ ΓΕΩΡΓΙΟΣ του Νικολάου,ΜΑΚΡΗ-ΘΕΟΔΩΡΟΥ ΕΛΕΝΗ του Ευαγγέλου,ΟΙΚΟΝΟΜΟΥ ΙΩΑΝΝΗΣ του Δημητρίου,ΣΤΑΪΚΟΥΡΑΣ ΧΡΗΣΤΟΣ του Κωνσταντίνου,ΤΣΙΡΚΑ ΜΑΡΙΑ του Γεωργίου,ΧΕΙΜΑΡΑΣ ΘΕΜΙΣΤΟΚΛΗΣ (ΘΕΜΗΣ) του Αθανασίου,Λαϊκός Σύνδεσμος - Χρυσή Αυγή,ΑΛΕΞΙΟΥ ΤΑΞΙΑΡΧΗΣ του Δημητρίου,ΓΙΩΤΗΣ ΧΑΡΑΛΑΜΠΟΣ του Δημητρίου,ΓΚΛΕΤΣΟΣ ΑΠΟΣΤΟΛΟΣ του Κωνσταντίνου,ΚΑΡΚΑΤΖΟΥΝΗ ΧΡΙΣΤΙΝΑ του Αναστασίου,ΜΙΧΟΥ ΚΩΝΣΤΑΝΤΙΑ του Στέργιου,ΦΑΣΙΑΝΗΣ ΚΩΝΣΤΑΝΤΙΝΟΣ του Βασιλείου,Κίνημα Αλλαγής,ΑΝΤΕΡΡΙΩΤΗ ΚΩΝΣΤΑΝΤΙΑ του Παναγιώτη,ΓΙΑΤΑΓΑΝΑΣ ΧΡΗΣΤΟΣ του Ηλία,ΚΟΥΜΑΝΙΩΤΗ ΜΑΡΙΑ του Βασιλείου,ΚΥΡΙΑΚΟΥ ΠΑΝΑΓΙΩΤΗΣ (ΤΑΚΟΣ) του Λουκά,ΜΑΖΙΩΤΗ ΑΘΑΝΑΣΙΑ του Νικολάου,ΣΤΑΥΡΟΥ ΙΩΑΝΝΗΣ του Κωνσταντίνου,ΤΣΩΝΗΣ ΝΙΚΟΛΑΟΣ του Αθανασίου,Κ.Κ.Ε.,ΑΛΕΞΟΠΟΥΛΟΣ ΑΛΕΞΙΟΣ του Δημητρίου,ΑΝΑΓΝΩΣΤΟΠΟΥΛΟΥ ΠΑΝΑΓΙΩΤΑ του Δημητρίου,ΑΝΤΩΝΙΑΔΗΣ ΒΑΣΙΛΕΙΟΣ του Στέργιου,ΓΕΡΟΚΟΥΔΗ ΔΗΜΗΤΡΑ του Αθανασίου,ΜΠΑΣΔΕΚΗΣ ΚΩΝΣΤΑΝΤΙΝΟΣ του Χρήστου,ΜΠΑΦΟΥΤΣΟΥ ΑΝΤΡΙΑΝΑ του Γεωργίου,ΠΟΛΙΤΗΣ ΠΑΝΑΓΙΩΤΗΣ του Κωνσταντίνου,Ένωση Κεντρώων,ΒΛΑΧΟΥ ΑΛΕΞΑΝΔΡΑ του Ιωάννη,ΚΑΣΠΑΡΙΑΝ ΧΡΙΨΙΜΕ - ΡΟΖΙΚ του Εφραίμ - Βαρτ,ΚΥΡΑΤΣΗΣ ΝΙΚΟΛΑΟΣ του Γεωργίου,ΠΑΠΑΣΑΒΒΑΣ ΘΕΟΔΩΡΟΣ του Παντελή,ΣΑΒΒΙΔΗΣ ΛΑΖΑΡΟΣ του Ευσταθίου,Ο.Κ.Δ.Ε.,ΚΤΕΝΑ ΣΜΑΡΩ του Αθανασίου,ΑΝΤ.ΑΡ.ΣΥ.Α.,ΚΑΨΑΛΗ ΒΑΣΙΛΙΚΗ του Κωνσταντίνου,ΜΕΛΛΙΟΣ ΙΩΑΝΝΗΣ του Φωτίου,Ελλήνων Συνέλευσις,ΚΑΪΔΑ ΙΩΑΝΝΑ του Σταύρου,ΣΚΑΡΗΣ ΘΕΟΦΑΝΗΣ του Γεωργίου,ΤΑΓΚΟΥΛΗΣ ΓΕΩΡΓΙΟΣ του Στέργιου,ΤΕΤΡΙΜΙΔΑ ΕΛΕΝΗ του Ηλία,ΤΣΑΤΣΑΝΙΑΣ ΠΑΝΑΓΙΩΤΗΣ του Αθανασίου,ΕΕΚ Τροτσκιστές - Εργ.Επ.Κόμμα,ΕΥΣΤΑΘΙΟΥ ΕΛΕΝΗ του Χρήστου,Ελληνική Λύση - Κ. Βελόπουλος,ΒΟΝΤΖΟΛΟΣ ΔΗΜΗΤΡΙΟΣ του Κωνσταντίνου,ΔΗΜΗΤΡΑΝΤΖΟΥ ΒΑΣΙΛΙΚΗ του Κωνσταντίνου,ΔΙΑΜΑΝΤΗ ΣΟΦΙΑ του Γεωργίου,ΜΥΛΩΝΑΚΗΣ ΣΤΕΡΓΙΟΣ του Μιχαήλ,ΤΣΙΜΑΡΑ ΠΑΝΑΓΙΩΤΑ του Σωτηρίου,Κ.Κ.Ε. (μ-λ),ΑΘΑΝΑΣΙΟΥ ΧΡΗΣΤΟΣ του Ευθυμίου ,ΒΕΡΟΥΣΗ ΣΟΦΙΑ του Γεωργίου ,Μ-Λ Κ.Κ.Ε.,ΚΑΡΑΜΗΤΣΟΣ ΣΤΥΛΙΑΝΟΣ του Γεωργίου,Ε.ΠΑ.Μ - Α.Κ.Κ.ΕΛ,ΚΙΤΣΙΝΕΛΗ ΝΙΚΟΛΙΤΣΑ του Φιλίππου,Λαϊκή Ενότητα,ΕΥΓΕΝΕΙΑ ΑΣΠΑΣΙΑ - ΕΥΑΓΓΕΛΙΑ του Ιωάννη,ΚΑΤΙΚΑΣ ΠΑΝΑΓΙΩΤΗΣ του Λουκά,ΜΠΑΡΤΣΩΚΑΣ ΑΘΑΝΑΣΙΟΣ του Περικλή,ΜέΡΑ25,ΑΔΑΜΟΠΟΥΛΟΣ ΣΤΥΛΙΑΝΟΣ του Χρήστου,ΚΟΤΡΩΝΗΣ ΙΩΑΝΝΗΣ του Χρήστου,ΚΟΥΚΟΥΒΕΤΣΟΥ - ΚΑΡΑΔΗΜΟΥ ΑΝΝΑ του Φωτίου,ΡΟΥΜΕΛΙΩΤΟΥ ΛΑΜΠΡΙΝΗ του Αναστασίου,ΤΣΑΚΑΛΟΥ ΑΡΓΥΡΟΥΛΑ (ΗΡΩ) του Ιωάννη,Δημιουργία ξανά - Θ. Τζήμερος,ΓΚΙΟΥΡΤΖΙΔΟΥ ΣΤΑΜΑΤΙΝΑ του Παναγιώτη,ΚΑΣΑΜΠΑΛΗΣ ΔΗΜΗΤΡΙΟΣ του Αντωνίου,ΚΩΝΣΤΑΝΤΙΝΟΥ ΚΩΝΣΤΑΝΤΙΝΑ του Βασιλείου,ΤΣΕΛΕΝΗΣ ΔΗΜΗΤΡΙΟΣ του Αθανασίου,ΦΙΛΟΣ ΓΕΩΡΓΙΟΣ του Νικολάου,Πλεύση Ελευθερίας - Ζωή Κωνστ.,ΚΥΡΙΑΚΑΚΗΣ ΒΑΣΙΛΕΙΟΣ του Κωνσταντίνου
33 - Φθιώτιδας,1 E.T. Δήμου Αμφίκλειας - Ελάτειας,544,363,3,2,5,358,108,13,38,23,3,19,10,46,163,23,25,11,101,55,6,36,5,0,3,2,2,0,0,40,5,4,2,4,3,17,24,14,0,0,1,3,4,2,1,3,1,0,0,0,0,0,0,2,0,0,1,0,0,1,0,1,0,0,10,2,1,5,3,4,0,0,0,0,0,2,0,0,0,0,0,7,0,1,1,0,1,1,0,0,0,0,0,2,1
33 - Φθιώτιδας,2 E.T. Δήμου Αμφίκλειας - Ελάτειας,443,301,9,0,9,292,91,10,45,18,6,10,6,34,129,21,25,8,76,49,7,28,10,0,4,6,2,1,0,28,2,1,1,6,0,11,14,9,1,0,0,0,5,1,1,6,1,0,0,0,0,0,0,1,0,0,0,0,0,0,0,0,0,0,7,2,2,0,3,0,0,0,0,0,0,1,0,1,0,0,0,5,1,0,1,3,2,0,0,0,0,0,0,4,2
33 - Φθιώτιδας,3 E.T. Δήμου Αμφίκλειας - Ελάτειας,452,273,0,1,1,272,73,2,32,22,4,10,9,38,133,28,12,10,76,71,2,27,8,2,1,4,2,1,0,16,2,2,0,1,0,9,12,14,2,2,2,3,9,2,1,2,2,0,0,0,0,0,0,1,0,0,0,0,0,0,0,0,0,0,11,1,2,2,5,0,1,0,0,0,0,0,0,0,0,0,0,6,3,1,1,0,1,4,1,2,1,0,2,3,3
33 - Φθιώτιδας,4 E.T. Δήμου Αμφίκλειας - Ελάτειας,442,273,6,2,8,265,67,5,28,11,3,11,7,26,135,22,23,16,84,52,3,30,4,2,0,1,0,1,0,28,4,0,2,0,1,13,15,9,1,2,2,2,4,3,0,1,0,0,0,0,0,0,0,3,0,1,0,0,0,0,0,0,0,0,9,1,2,4,5,3,0,0,0,0,0,0,0,1,0,0,1,6,1,0,1,2,1,1,1,0,0,1,0,1,1
33 - Φθιώτιδας,5 E.T. Δήμου Αμφίκλειας - Ελάτειας,443,281,2,0,2,279,83,5,33,18,1,7,7,37,147,20,33,16,75,59,4,39,2,0,1,1,0,0,0,15,0,0,3,3,3,5,9,11,2,1,0,0,1,0,1,2,1,0,0,0,0,0,0,0,0,0,0,0,0,0,0,0,0,0,7,1,2,1,2,0,0,0,0,0,0,3,1,1,0,0,0,5,1,1,0,1,1,2,0,1,0,1,1,1,0
33 - Φθιώτιδας,6 E.T. Δήμου Αμφίκλειας - Ελάτειας,308,193,4,0,4,189,68,6,15,22,3,8,4,31,70,4,6,6,42,34,3,13,3,0,1,1,0,1,0,18,5,3,1,1,0,12,10,16,1,0,3,2,7,2,0,3,1,0,0,2,1,0,0,0,0,0,0,0,0,0,0,0,0,0,4,0,1,0,2,0,1,0,0,1,1,0,0,0,0,0,0,5,3,2,0,0,1,0,0,0,0,0,0,0,0
33 - Φθιώτιδας,7 E.T. Δήμου Αμφίκλειας - Ελάτειας,377,199,4,1,5,194,59,13,16,8,5,13,8,14,78,9,24,6,20,48,1,17,12,4,3,6,0,1,0,7,1,2,0,0,0,2,3,7,1,0,0,0,1,0,0,3,3,0,0,0,2,0,0,2,2,2,2,0,0,2,2,0,0,0,11,0,11,0,8,1,0,0,0,0,0,1,0,0,0,0,0,3,0,0,0,2,2,3,0,1,0,0,0,6,3
33 - Φθιώτιδας,8 E.T. Δήμου Αμφίκλειας - Ελάτειας,179,112,2,1,3,109,44,5,10,13,0,11,3,13,40,8,2,3,23,24,1,10,0,0,0,0,0,0,0,11,1,2,0,0,1,2,3,9,3,1,0,0,2,0,2,0,0,0,0,0,0,0,0,1,0,0,1,0,1,0,0,1,0,0,0,0,0,0,0,0,0,0,0,0,0,0,0,0,0,0,0,1,0,0,1,1,0,1,0,0,0,0,0,1,0
33 - Φθιώτιδας,9 E.T. Δήμου Αμφίκλειας - Ελάτειας,324,204,2,0,2,202,54,7,10,3,2,26,6,18,95,13,47,3,42,48,2,16,7,2,1,1,0,2,2,13,3,2,1,0,3,3,8,18,4,1,2,6,5,1,1,0,0,0,0,0,0,0,0,0,0,0,0,0,0,0,0,0,0,0,1,1,1,0,0,0,1,0,1,0,0,4,3,1,0,0,1,7,2,2,2,4,0,0,0,0,0,0,0,1,0
33 - Φθιώτιδας,10 E.T. Δήμου Αμφίκλειας - Ελάτειας,117,84,1,0,1,83,32,3,28,16,1,0,0,3,36,5,7,2,15,20,0,9,0,0,0,0,0,0,0,8,4,1,1,1,0,3,2,5,0,2,0,1,1,0,2,0,0,0,0,0,0,0,0,0,0,0,0,0,0,0,0,0,0,0,0,0,0,0,0,0,0,0,0,0,0,0,0,0,0,0,0,2,0,1,0,1,0,0,0,0,0,0,0,0,0
33 - Φθιώτιδας,11 E.T. Δήμου Αμφίκλειας - Ελάτειας,449,258,1,3,4,254,104,14,15,6,1,19,15,58,73,7,14,15,53,25,2,10,2,0,1,2,0,0,0,29,0,3,1,0,0,24,7,20,0,0,3,2,11,1,7,4,1,0,0,0,1,0,0,3,0,1,0,0,0,0,0,0,0,0,6,1,1,0,2,0,0,0,0,0,0,0,0,2,1,0,0,5,0,1,2,0,0,0,0,0,0,0,0,6,4
33 - Φθιώτιδας,12 E.T. Δήμου Αμφίκλειας - Ελάτειας,468,297,1,1,2,295,110,8,26,2,7,25,13,57,104,15,33,28,23,50,3,22,1,0,1,1,0,0,0,26,3,1,1,2,4,18,9,25,2,1,0,0,11,3,8,0,0,0,0,0,0,0,0,4,3,1,0,0,0,0,0,0,0,0,9,1,3,1,3,0,0,0,0,0,0,5,3,0,0,0,0,6,0,0,3,0,2,0,0,0,0,0,0,5,2
33 - Φθιώτιδας,13 E.T. Δήμου Αμφίκλειας - Ελάτειας,451,277,1,2,3,274,106,4,32,8,6,25,10,66,88,9,16,10,25,52,1,30,6,0,3,2,0,0,0,37,6,5,1,0,4,19,14,14,2,0,1,1,4,4,1,1,0,0,0,0,0,0,0,1,0,0,0,0,0,0,0,0,0,0,6,0,0,0,0,0,0,0,0,0,0,0,0,0,0,0,0,9,1,0,3,1,2,3,1,0,0,0,0,3,3
33 - Φθιώτιδας,14 E.T. Δήμου Αμφίκλειας - Ελάτειας,447,292,5,1,6,286,113,12,23,10,12,20,4,65,80,10,17,10,24,40,1,18,8,2,3,3,0,1,0,44,2,0,0,0,2,38,20,11,0,0,0,2,6,1,4,3,2,0,0,0,2,0,0,2,0,0,2,0,0,0,0,1,0,0,5,0,1,0,1,0,1,1,1,0,0,4,1,0,0,0,0,13,1,2,1,4,1,0,0,0,0,0,0,0,0
33 - Φθιώτιδας,15 E.T. Δήμου Αμφίκλειας - Ελάτειας,456,276,2,1,3,273,99,6,17,9,10,21,10,61,83,15,18,16,21,42,5,23,6,1,2,3,0,2,0,28,0,2,1,1,0,17,12,26,1,2,1,1,16,7,7,3,2,1,0,0,1,0,0,1,0,0,0,0,0,0,0,0,0,0,9,2,0,1,6,0,0,0,0,0,0,2,1,0,0,0,0,13,3,2,5,1,2,2,0,0,1,0,1,1,0
33 - Φθιώτιδας,16 E.T. Δήμου Αμφίκλειας - Ελάτειας,376,252,0,0,0,252,56,4,12,7,2,2,2,41,146,18,38,31,66,61,3,20,3,0,1,3,1,0,1,15,0,0,0,0,0,13,11,7,3,2,1,1,1,0,1,3,2,1,1,0,0,0,0,1,0,1,0,0,0,0,0,0,0,0,7,4,3,1,1,0,0,0,0,0,0,0,0,2,2,0,0,5,0,0,4,1,1,0,0,0,0,0,0,7,7
33 - Φθιώτιδας,17 E.T. Δήμου Αμφίκλειας - Ελάτειας,361,230,2,1,3,227,58,3,16,11,5,4,1,42,133,14,16,41,57,73,3,23,8,3,1,6,2,2,0,14,0,0,0,0,1,8,5,0,0,0,0,0,0,0,0,0,0,0,0,0,0,0,0,0,0,0,1,0,1,1,0,0,0,0,3,1,1,0,1,1,0,0,0,0,0,0,0,0,0,0,0,7,2,0,3,0,1,1,0,1,1,0,0,2,0
33 - Φθιώτιδας,18 E.T. Δήμου Αμφίκλειας - Ελάτειας,227,138,0,0,0,138,44,2,13,2,4,4,0,29,56,12,5,5,9,44,2,12,1,1,1,0,0,0,0,14,1,4,1,0,0,9,3,3,2,0,1,0,2,0,1,0,0,0,0,0,0,0,0,0,0,0,0,0,0,0,0,0,0,0,11,0,0,0,0,0,0,0,0,1,0,1,1,0,0,0,0,4,1,1,0,0,1,1,1,0,0,0,1,2,1
33 - Φθιώτιδας,19 E.T. Δήμου Αμφίκλειας - Ελάτειας,260,167,0,2,2,165,53,5,8,5,3,12,2,18,82,7,8,6,50,32,0,23,2,0,2,1,0,0,0,10,1,0,2,0,1,4,1,0,2,1,0,0,3,0,3,11,0,0,0,0,0,0,0,0,0,0,0,0,0,0,0,0,0,0,2,1,0,0,1,0,0,0,0,0,0,0,0,1,0,1,0,2,0,0,0,0,0,1,0,0,0,0,0,1,0
33 - Φθιώτιδας,20 E.T. Δήμου Αμφίκλειας - Ελάτειας,207,132,0,1,1,131,23,3,12,0,0,4,1,12,67,10,5,14,14,23,2,16,1,1,0,1,0,0,0,13,0,3,0,1,0,8,2,13,2,1,0,1,4,3,3,0,0,0,0,0,0,0,0,0,0,0,0,0,0,0,0,0,0,0,4,0,0,1,1,0,0,0,0,0,0,0,0,0,0,0,0,1,1,0,0,1,0,1,0,0,0,0,0,8,7
33 - Φθιώτιδας,21 E.T. Δήμου Αμφίκλειας - Ελάτειας,533,302,2,2,4,298,93,17,30,5,4,8,17,48,136,20,14,27,36,81,4,44,4,1,0,3,1,0,0,19,1,1,0,3,2,4,14,15,4,3,3,4,5,3,0,2,0,0,0,1,0,0,0,2,1,1,0,0,0,0,0,0,0,0,15,6,4,4,7,0,0,0,0,0,0,1,0,0,0,0,0,6,1,0,0,3,3,1,0,0,0,0,0,4,2
33 - Φθιώτιδας,22 E.T. Δήμου Αμφίκλειας - Ελάτειας,515,324,2,3,5,319,118,16,39,17,9,5,11,59,103,14,14,15,24,58,4,26,19,6,5,12,2,1,1,26,5,3,2,2,3,9,13,17,2,2,6,0,7,5,1,4,0,1,0,0,0,0,0,1,0,0,1,0,0,0,1,0,0,0,12,0,2,3,7,0,0,0,0,0,0,0,0,1,1,0,0,8,0,0,1,3,4,3,1,1,0,1,3,6,3
33 - Φθιώτιδας,23 E.T. Δήμου Αμφίκλειας - Ελάτειας,518,321,3,0,3,318,84,15,35,8,7,6,11,27,145,21,28,15,55,84,1,46,15,1,4,9,2,4,0,28,6,4,3,2,4,7,13,12,2,1,2,1,5,2,1,2,0,0,0,0,0,0,0,3,1,1,0,0,0,0,0,0,0,0,9,3,2,2,4,3,0,0,0,0,0,1,0,1,1,1,0,12,3,1,3,5,1,2,0,1,0,0,1,4,2
33 - Φθιώτιδας,24 E.T. Δήμου Αμφίκλειας - Ελάτειας,188,124,1,2,3,121,39,5,10,14,0,9,0,12,41,1,2,2,29,20,0,10,1,1,0,0,0,1,0,19,1,0,0,3,1,10,8,7,2,0,0,1,1,0,0,2,0,0,0,0,0,0,0,0,0,0,0,0,0,0,0,0,0,0,6,2,1,0,5,0,0,0,0,0,0,0,0,0,0,0,0,2,1,1,0,0,0,2,1,0,1,1,0,2,2
33 - Φθιώτιδας,25 E.T. Δήμου Αμφίκλειας - Ελάτειας,308,191,2,1,3,188,63,3,16,10,4,9,2,39,84,8,6,3,24,50,1,38,2,0,0,0,0,0,0,14,3,1,0,0,0,3,6,5,1,0,1,0,0,2,0,1,0,0,0,0,0,0,0,0,0,0,0,0,0,0,0,0,0,0,10,1,1,3,5,1,0,0,0,0,0,0,0,1,0,0,0,5,2,2,0,0,0,2,2,0,1,1,0,1,1
33 - Φθιώτιδας,26 E.T. Δήμου Αμφίκλειας - Ελάτειας,394,251,2,0,2,249,82,12,21,3,7,9,9,45,108,13,15,6,44,52,2,6,8,1,1,5,0,0,4,18,5,2,2,3,3,2,9,11,0,2,1,1,1,0,1,3,2,0,0,1,2,0,0,4,0,0,0,0,0,0,0,0,0,0,6,1,1,1,1,3,0,0,0,0,0,4,2,0,0,0,0,2,0,0,0,0,0,0,0,0,0,0,0,3,2
33 - Φθιώτιδας,27 E.T. Δήμου Αμφίκλειας - Ελάτειας,455,271,10,0,10,261,92,9,7,2,0,3,2,6,111,2,6,2,9,20,3,7,5,1,0,1,0,0,0,15,0,0,0,0,0,0,0,10,0,1,0,1,2,0,0,0,0,0,0,0,0,0,0,1,0,0,0,0,0,0,0,0,1,0,15,2,3,0,1,1,0,0,0,0,0,3,0,1,0,0,0,5,0,0,0,0,0,0,0,0,0,0,0,2,0
33 - Φθιώτιδας,28 E.T. Δήμου Αμφίκλειας - Ελάτειας,447,277,0,0,0,277,78,11,29,11,4,8,7,23,106,10,6,11,47,50,3,23,11,0,1,5,1,0,0,18,0,3,1,1,0,7,9,24,1,1,9,2,9,11,2,4,3,0,2,2,0,0,0,1,0,0,0,0,0,0,0,0,0,0,20,6,2,4,11,0,1,0,0,0,0,4,3,0,0,0,0,4,3,1,1,2,0,0,0,0,0,0,0,6,3
33 - Φθιώτιδας,29 E.T. Δήμου Δομοκού,489,345,1,4,5,340,109,6,53,14,6,21,7,43,142,18,26,46,36,70,6,22,8,1,0,5,1,1,0,32,2,8,0,7,1,4,20,9,1,0,0,1,2,1,0,3,0,0,1,2,1,1,0,1,0,1,1,0,0,1,0,1,0,0,11,2,5,1,2,0,0,0,0,0,0,3,1,0,0,0,0,7,1,3,1,3,0,2,0,0,0,0,0,11,6
33 - Φθιώτιδας,30 E.T. Δήμου Δομοκού,466,294,5,2,7,287,76,6,20,8,2,12,2,30,121,13,13,42,33,53,7,29,9,2,3,5,0,1,0,25,1,9,1,0,2,1,20,27,3,2,1,13,15,2,0,0,0,0,0,0,0,0,0,0,0,0,3,2,0,2,1,1,0,0,10,1,3,3,1,0,1,0,0,0,0,0,0,2,0,0,0,8,0,0,0,0,0,0,0,0,0,0,0,5,3
33 - Φθιώτιδας,31 E.T. Δήμου Δομοκού,460,282,3,1,4,278,83,4,26,7,4,15,3,38,113,7,14,31,37,59,1,25,16,0,6,12,0,1,0,28,0,5,0,2,1,5,19,12,1,0,1,4,5,0,1,4,1,0,0,1,1,0,0,0,0,0,0,0,0,0,0,0,0,0,8,1,1,2,3,0,1,1,1,0,0,0,0,1,0,1,0,4,1,0,0,0,1,2,0,0,0,0,1,6,4
33 - Φθιώτιδας,32 E.T. Δήμου Δομοκού,90,55,0,0,0,55,14,0,8,0,0,2,0,5,22,2,3,10,4,10,0,8,3,0,0,2,1,2,0,11,1,3,1,0,1,3,7,0,0,0,0,0,0,0,0,1,0,0,0,0,0,0,0,0,0,0,0,0,0,0,0,0,0,0,3,3,0,0,0,0,0,0,0,0,0,0,0,0,0,0,0,0,0,0,0,0,0,1,0,0,0,0,0,0,0
33 - Φθιώτιδας,33 E.T. Δήμου Δομοκού,240,177,4,2,6,171,65,5,23,15,2,10,4,22,69,7,10,15,22,34,2,15,3,0,2,1,0,0,0,13,1,2,0,0,0,0,5,7,1,3,2,2,3,0,0,0,0,0,0,0,0,0,0,2,1,1,0,0,0,0,0,0,0,0,5,1,1,1,3,0,0,0,0,0,0,3,1,0,0,0,0,1,0,0,0,0,0,0,0,0,0,0,0,3,1
33 - Φθιώτιδας,34 E.T. Δήμου Δομοκού,140,87,0,1,1,86,31,2,9,5,2,1,3,14,36,3,6,15,9,20,1,10,1,0,0,0,0,0,0,9,0,1,0,0,0,0,8,1,0,0,0,0,0,0,0,0,0,0,0,0,0,0,0,0,0,0,0,0,0,0,0,0,0,0,6,0,0,2,0,0,0,0,0,0,0,0,0,0,0,0,0,2,2,1,0,0,1,0,0,0,0,0,0,0,0
33 - Φθιώτιδας,35 E.T. Δήμου Δομοκού,314,221,2,0,2,219,71,8,23,13,4,9,3,32,90,10,27,12,32,40,2,8,5,2,1,3,0,0,1,22,3,10,1,0,0,1,18,15,0,1,4,12,6,0,0,1,1,0,0,1,0,0,0,0,0,0,0,0,0,0,0,0,0,0,5,2,2,0,3,1,0,0,0,0,0,2,1,0,0,0,0,4,1,1,1,0,1,0,0,0,0,0,0,4,2
33 - Φθιώτιδας,36 E.T. Δήμου Δομοκού,219,135,1,0,1,134,29,2,12,6,0,6,1,15,64,4,9,27,17,36,0,17,5,0,1,3,0,0,0,14,2,2,0,1,0,2,12,5,1,0,0,3,2,1,0,3,0,0,0,0,0,0,0,1,0,0,0,0,0,0,0,0,0,0,5,3,0,1,1,1,0,0,0,0,0,2,0,0,0,0,0,2,0,0,0,0,0,1,0,0,0,0,0,3,3
33 - Φθιώτιδας,37 E.T. Δήμου Δομοκού,202,150,1,1,2,148,29,3,17,4,3,5,1,8,76,8,12,11,32,36,1,33,4,0,1,3,0,0,0,23,0,7,0,1,0,0,16,5,1,1,0,3,2,0,0,0,0,0,0,0,0,0,0,0,0,0,1,0,0,0,0,1,0,0,7,0,1,1,1,2,0,0,0,0,0,1,0,0,0,0,0,1,0,0,0,0,0,0,0,0,0,0,0,1,1
33 - Φθιώτιδας,38 E.T. Δήμου Δομοκού,414,254,3,7,10,244,74,5,21,21,4,5,5,18,117,6,28,23,32,68,0,16,10,1,2,4,0,0,0,22,1,3,0,2,0,1,19,4,2,1,0,0,1,0,0,0,0,0,0,0,0,0,0,1,0,0,0,0,0,0,0,0,0,0,9,2,0,2,3,2,0,0,0,0,0,2,1,0,0,0,0,3,0,0,0,0,2,1,0,0,0,0,0,1,0
33 - Φθιώτιδας,39 E.T. Δήμου Δομοκού,357,214,3,2,5,209,38,5,10,9,3,6,4,12,120,28,22,10,43,61,2,23,6,0,0,2,0,0,0,20,0,8,0,1,0,1,20,4,0,0,0,0,0,0,0,0,0,0,0,0,0,0,0,0,0,0,1,0,0,0,1,0,0,0,15,5,3,2,2,1,0,0,0,0,0,0,0,1,1,1,0,1,0,0,0,0,0,1,0,0,0,0,0,2,1
33 - Φθιώτιδας,40 E.T. Δήμου Δομοκού,172,128,2,0,2,126,26,2,8,11,0,8,3,11,28,1,7,7,18,8,1,2,1,0,0,1,0,0,0,59,3,6,0,0,14,1,59,3,0,0,0,1,3,1,0,0,0,0,0,0,0,0,0,0,0,0,0,0,0,0,0,0,0,0,0,0,0,0,0,0,0,0,0,0,0,0,0,0,0,0,0,5,1,1,1,1,1,0,0,0,0,0,0,4,3
33 - Φθιώτιδας,41 E.T. Δήμου Δομοκού,525,336,3,4,7,329,83,8,28,13,8,14,3,43,179,28,47,23,55,94,1,42,14,3,2,9,1,0,0,28,6,4,1,0,3,1,19,6,1,1,0,2,2,0,0,2,0,0,0,0,0,0,0,0,0,0,0,0,0,0,0,0,0,0,12,4,5,2,6,2,1,1,0,1,0,0,0,1,0,0,0,1,1,0,0,0,1,0,0,0,0,0,0,1,1
33 - Φθιώτιδας,42 E.T. Δήμου Δομοκού,420,265,2,2,4,261,83,7,32,10,2,12,5,31,120,3,19,21,47,69,3,14,14,2,1,7,0,0,0,11,0,2,0,1,0,0,8,7,0,1,0,4,1,1,0,3,1,0,0,1,0,1,0,0,0,0,0,0,0,0,0,0,0,0,5,0,3,2,1,0,0,0,0,0,0,1,0,0,0,0,0,10,3,1,0,1,0,0,0,0,0,0,0,6,1
33 - Φθιώτιδας,43 E.T. Δήμου Δομοκού,504,327,4,3,7,320,60,3,17,9,4,4,2,26,167,16,42,30,42,72,1,64,7,2,0,6,0,0,0,66,9,10,2,1,4,5,50,3,0,0,0,2,2,1,0,2,1,0,0,1,0,0,0,0,0,0,0,0,0,0,0,0,0,0,11,2,4,3,5,1,0,0,0,0,0,1,1,0,0,0,0,0,0,0,0,0,0,2,0,0,0,0,1,1,1
33 - Φθιώτιδας,44 E.T. Δήμου Δομοκού,122,78,1,3,4,74,21,1,8,6,1,5,2,6,31,3,12,9,11,17,2,5,3,0,1,2,0,0,1,7,1,0,0,1,1,0,7,5,1,0,2,1,3,0,0,3,1,0,0,0,1,0,0,1,1,0,0,0,0,0,0,0,0,0,2,1,0,0,1,1,0,0,0,0,0,0,0,0,0,0,0,0,0,0,0,0,0,0,0,0,0,0,0,1,1
33 - Φθιώτιδας,45 E.T. Δήμου Δομοκού,377,256,1,0,1,255,118,6,19,23,2,20,5,55,84,16,27,24,21,34,0,12,4,1,0,2,0,0,0,17,2,4,1,1,0,0,12,13,1,0,0,5,6,1,0,3,0,0,0,0,1,0,0,1,1,1,0,0,0,0,0,0,0,0,10,0,1,1,2,1,0,0,0,0,0,0,0,0,0,0,0,5,1,0,0,0,2,0,0,0,0,0,0,0,0
33 - Φθιώτιδας,46 E.T. Δήμου Δομοκού,423,296,3,1,4,292,79,10,19,13,2,5,3,34,111,15,29,19,38,64,3,16,5,2,2,3,0,0,0,14,4,1,0,0,0,0,13,62,3,7,2,14,59,2,0,0,0,0,0,0,0,0,0,0,0,0,0,0,0,0,0,0,1,0,9,3,1,1,2,1,0,0,0,0,0,1,0,0,0,0,0,7,1,3,0,0,1,0,0,0,0,0,0,3,2
33 - Φθιώτιδας,47 E.T. Δήμου Δομοκού,582,392,3,4,7,385,91,13,20,18,11,17,6,27,156,13,22,15,45,83,6,65,13,1,2,5,2,0,0,47,5,3,2,7,6,1,19,38,3,0,3,16,20,0,0,1,0,0,0,0,0,1,0,1,0,0,0,0,0,0,0,0,0,0,12,5,2,2,5,4,1,0,0,0,0,3,1,1,1,1,0,14,3,0,3,1,1,5,2,1,2,0,1,1,1
33 - Φθιώτιδας,48 E.T. Δήμου Δομοκού,512,365,2,2,4,361,93,17,21,17,7,25,13,25,156,16,22,35,28,68,6,64,9,1,1,6,0,1,0,37,8,4,3,5,1,2,24,32,2,2,2,21,20,1,1,2,0,0,0,1,1,0,0,3,0,1,0,0,0,0,0,0,0,0,16,11,10,4,3,0,0,0,0,0,0,0,0,0,0,0,0,7,0,0,0,1,1,2,0,1,0,0,1,4,1
33 - Φθιώτιδας,49 E.T. Δήμου Δομοκού,162,101,0,0,0,101,26,3,8,2,1,4,1,6,45,2,6,8,7,32,0,18,0,0,0,0,0,0,0,24,7,2,1,6,0,0,15,2,0,1,1,1,1,0,0,1,1,0,0,0,0,0,0,0,0,0,0,0,0,0,0,0,0,0,0,0,0,0,0,0,0,0,0,0,0,0,0,0,0,0,0,1,0,0,0,0,0,0,0,0,0,0,0,2,0
33 - Φθιώτιδας,50 E.T. Δήμου Δομοκού,380,221,1,3,4,217,54,5,29,10,3,10,3,18,94,17,12,22,26,49,3,20,1,0,0,1,0,0,0,49,9,3,3,18,2,2,37,8,1,0,1,5,4,0,0,2,2,0,0,1,1,0,0,0,0,0,0,0,0,0,0,0,0,0,6,2,3,2,2,0,0,0,0,0,0,1,0,0,0,0,0,0,0,0,0,0,0,0,0,0,0,0,0,2,2
33 - Φθιώτιδας,51 E.T. Δήμου Δομοκού,334,208,1,0,1,207,36,6,7,6,1,5,5,11,125,25,13,25,41,32,10,41,8,0,2,6,0,2,0,10,2,1,2,1,1,0,8,10,1,1,0,0,1,0,0,1,0,0,0,0,1,0,0,2,1,0,0,0,0,0,0,0,0,0,13,5,2,2,5,1,0,0,0,0,0,0,0,0,0,0,0,1,0,1,0,0,1,0,0,0,0,0,0,1,0
33 - Φθιώτιδας,52 E.T. Δήμου Δομοκού,226,151,1,0,1,150,40,2,6,24,3,0,1,15,71,9,6,25,7,28,1,34,2,1,0,1,0,0,0,7,2,1,0,0,0,0,5,18,5,4,1,7,8,0,0,2,1,0,1,0,0,0,0,0,0,0,0,0,0,0,0,0,0,0,3,1,0,0,0,0,1,0,0,1,0,3,2,0,0,0,0,1,0,0,0,0,0,1,0,0,0,0,0,0,0
33 - Φθιώτιδας,53 E.T. Δήμου Δομοκού,266,177,1,1,2,175,44,4,23,7,3,11,4,12,85,13,8,13,19,43,5,26,9,1,2,7,1,0,0,13,0,1,5,0,3,0,7,10,1,1,1,2,7,1,2,0,0,0,0,0,0,0,0,0,0,0,5,0,1,3,2,0,0,0,4,2,0,1,2,2,0,0,0,0,0,0,0,0,0,0,0,3,1,1,1,1,0,0,0,0,0,0,0,2,0
33 - Φθιώτιδας,54 E.T. Δήμου Δομοκού,331,236,3,1,4,232,22,0,6,2,2,1,0,7,150,18,33,23,56,60,3,24,6,1,0,2,0,1,0,10,0,3,0,0,1,0,6,16,0,2,4,8,9,0,0,6,1,0,1,0,0,0,0,0,0,0,3,0,0,2,3,0,1,0,13,1,5,5,6,2,0,0,0,0,0,0,0,0,0,0,0,2,1,0,0,1,0,3,1,0,1,1,0,0,0
33 - Φθιώτιδας,55 E.T. Δήμου Δομοκού,192,127,1,1,2,125,32,3,10,10,2,7,4,8,68,1,22,15,48,27,0,8,0,0,0,0,0,0,0,20,1,10,0,0,1,7,10,0,0,0,0,0,0,0,0,0,0,0,0,0,0,0,0,0,0,0,0,0,0,0,0,0,0,0,3,2,2,0,0,0,0,0,0,0,0,0,0,0,0,0,0,2,0,0,0,0,0,0,0,0,0,0,0,0,0
33 - Φθιώτιδας,56 E.T. Δήμου Δομοκού,240,160,1,1,2,158,51,7,23,3,1,9,1,24,58,4,3,7,34,32,1,4,3,2,0,1,0,0,0,28,2,6,1,1,1,1,20,8,3,0,2,1,4,0,0,0,0,0,0,0,0,0,0,0,0,0,0,0,0,0,0,0,1,0,1,0,0,0,1,0,0,0,0,0,0,2,1,0,0,0,0,4,2,0,0,2,0,0,0,0,0,0,0,2,2
33 - Φθιώτιδας,57 E.T. Δήμου Δομοκού,370,245,1,3,4,241,52,5,15,16,2,7,4,18,132,23,12,29,41,68,3,17,9,1,3,3,1,1,1,25,5,1,0,2,0,0,21,6,0,0,0,5,4,0,1,1,0,1,0,0,1,0,0,0,0,0,0,0,0,0,0,0,0,0,13,1,4,2,1,2,1,1,1,0,0,0,0,0,0,0,0,2,1,0,0,0,0,0,0,0,0,0,0,0,0
33 - Φθιώτιδας,58 E.T. Δήμου Δομοκού,420,280,2,0,2,278,91,5,34,11,6,24,7,35,109,16,24,19,41,44,9,14,8,1,0,6,0,1,0,34,4,11,0,0,1,0,22,16,1,1,4,4,12,1,0,2,2,0,0,0,0,0,0,1,0,0,0,0,0,0,0,0,0,0,4,1,1,1,0,0,0,0,0,0,0,4,1,1,1,0,0,6,0,0,0,0,0,0,0,0,0,0,0,2,2
33 - Φθιώτιδας,59 E.T. Δήμου Δομοκού,398,275,3,1,4,271,91,8,27,6,4,17,2,39,105,22,24,19,38,44,1,18,6,2,1,3,1,1,1,30,5,17,0,0,1,1,23,19,1,1,0,9,13,0,0,3,0,0,1,0,0,0,0,1,1,0,0,0,0,0,0,0,0,0,2,0,0,0,1,0,0,0,0,0,0,1,0,0,0,0,0,8,1,0,0,1,2,3,3,0,0,2,0,2,2
33 - Φθιώτιδας,60 E.T. Δήμου Δομοκού,357,241,0,0,0,241,85,8,35,14,4,15,6,30,105,7,25,31,45,48,6,15,2,0,1,2,0,0,0,26,4,11,2,1,4,0,16,13,4,0,3,4,7,0,1,1,1,0,0,0,0,0,0,1,0,0,0,0,0,0,0,0,0,0,4,1,0,2,0,1,0,0,0,0,0,0,0,0,0,0,0,1,0,0,0,0,0,2,1,0,0,1,0,1,1
33 - Φθιώτιδας,61 E.T. Δήμου Δομοκού,205,131,2,2,4,127,34,4,15,3,0,5,2,7,68,4,9,16,31,32,8,11,4,0,0,4,1,0,0,6,0,4,0,0,0,0,6,4,0,0,1,1,2,0,0,0,0,0,0,0,0,0,0,0,0,0,0,0,0,0,0,0,0,0,5,2,2,0,0,1,0,0,0,0,0,1,0,1,0,0,0,2,1,0,0,0,0,0,0,0,0,0,0,2,2
33 - Φθιώτιδας,62 E.T. Δήμου Δομοκού,253,154,1,3,4,150,29,5,13,2,0,5,0,10,70,15,8,49,21,31,0,2,3,0,0,1,0,0,0,12,1,11,0,0,0,0,9,13,3,1,3,2,7,2,0,3,0,1,1,0,0,0,0,2,2,2,0,0,0,0,0,0,0,0,7,1,0,1,0,1,0,0,0,0,0,0,0,0,0,0,0,5,1,1,0,2,0,1,0,0,0,0,0,5,4
33 - Φθιώτιδας,63 E.T. Δήμου Δομοκού,245,157,1,1,2,155,28,1,11,5,2,4,2,15,54,2,9,20,10,23,2,18,5,1,1,5,0,2,0,61,0,59,1,0,3,0,19,3,0,0,1,2,2,0,0,0,0,0,0,0,0,0,0,0,0,0,0,0,0,0,0,0,0,0,3,0,0,0,1,1,0,0,0,0,0,0,0,0,0,0,0,0,0,0,0,0,0,0,0,0,0,0,0,1,0
33 - Φθιώτιδας,64 E.T. Δήμου Δομοκού,479,264,3,2,5,259,83,10,39,6,2,14,11,35,107,11,9,17,56,50,6,28,11,2,1,6,0,0,1,18,1,5,0,0,2,7,14,19,2,1,0,3,11,2,9,1,1,0,1,0,0,0,0,0,0,0,0,0,0,0,0,0,0,0,12,1,1,4,1,0,0,0,0,0,0,3,2,0,0,0,0,2,0,1,0,0,0,0,0,0,0,0,0,3,1
33 - Φθιώτιδας,65 E.T. Δήμου Δομοκού,462,295,3,0,3,292,75,9,46,11,4,9,4,32,145,8,27,37,57,79,4,31,16,5,2,12,1,1,5,23,0,7,1,1,0,0,14,12,4,0,10,3,1,0,1,2,2,0,0,0,1,0,0,1,1,1,0,0,0,0,0,0,0,0,8,2,1,3,2,2,0,0,0,0,0,2,1,0,0,0,0,8,2,2,2,2,1,0,0,0,0,0,0,0,0
33 - Φθιώτιδας,66 E.T. Δήμου Δομοκού,208,147,0,0,0,147,50,5,14,14,3,15,1,23,67,7,13,12,35,30,2,12,1,0,1,1,0,0,0,13,0,3,0,0,0,2,11,9,0,0,4,2,6,1,1,0,0,0,0,0,0,0,0,0,0,0,0,0,0,0,0,0,0,0,3,0,0,1,0,1,0,0,0,0,0,1,0,1,1,0,0,1,0,0,1,1,0,1,0,0,0,0,0,0,0
33 - Φθιώτιδας,67 E.T. Δήμου Δομοκού,496,307,4,1,5,302,81,5,35,16,6,12,4,29,131,10,21,34,73,37,6,41,10,0,2,8,1,1,3,25,4,8,0,0,1,4,15,32,9,0,0,1,20,0,0,2,0,0,0,0,0,0,0,1,0,0,0,0,0,0,0,0,0,0,9,3,4,0,4,2,0,0,0,0,0,0,0,0,0,0,0,3,2,1,1,0,0,2,2,1,1,0,0,6,4
33 - Φθιώτιδας,68 E.T. Δήμου Καμένων Βούρλων,562,414,4,1,5,409,116,5,8,10,8,7,5,101,195,16,38,17,52,130,1,23,10,2,2,4,0,0,0,33,11,2,1,1,4,2,24,23,6,0,4,0,11,0,0,1,0,0,0,0,0,0,0,4,3,0,0,0,0,0,0,0,0,0,12,3,0,1,4,3,1,0,0,0,0,0,0,0,0,0,0,8,0,0,2,0,0,0,0,0,0,0,0,6,3
33 - Φθιώτιδας,69 E.T. Δήμου Καμένων Βούρλων,561,402,2,4,6,396,131,6,19,4,6,4,5,109,187,19,28,27,48,123,4,32,5,0,0,3,0,1,0,28,8,0,0,3,5,2,15,12,2,0,5,0,4,1,1,1,1,0,0,0,0,0,0,1,0,0,0,0,0,0,0,0,0,0,10,4,3,2,5,1,1,0,0,0,0,2,1,0,0,0,0,14,3,3,3,0,1,0,0,0,0,0,0,4,3
33 - Φθιώτιδας,70 E.T. Δήμου Καμένων Βούρλων,546,399,2,6,8,391,119,4,10,6,4,5,3,93,188,20,38,16,52,121,2,42,12,1,2,7,0,1,0,17,2,4,7,0,2,0,7,14,1,1,4,0,5,0,0,2,0,0,0,0,0,0,0,2,1,2,1,1,0,0,1,0,0,0,16,6,3,0,5,1,0,0,0,0,0,0,0,1,0,1,1,9,2,0,0,1,1,2,1,1,0,0,0,8,6
33 - Φθιώτιδας,71 E.T. Δήμου Καμένων Βούρλων,563,397,5,1,6,391,101,4,21,6,1,8,1,77,220,15,50,15,56,139,3,32,4,1,1,2,1,0,0,27,3,1,0,4,1,2,20,13,2,2,3,1,6,1,0,1,0,0,0,0,0,0,0,1,1,0,0,0,0,0,0,0,0,0,7,2,1,0,1,2,0,0,0,0,0,0,0,1,0,0,0,10,0,1,0,1,1,1,1,0,0,0,0,5,2
33 - Φθιώτιδας,72 E.T. Δήμου Καμένων Βούρλων,315,218,1,1,2,216,114,2,3,2,2,0,4,111,64,8,5,10,8,49,3,7,3,0,1,3,2,0,0,18,4,0,0,1,8,1,15,3,0,0,1,0,0,0,1,0,0,0,0,0,0,0,0,1,0,0,0,0,0,0,0,0,0,0,5,2,4,0,1,0,0,0,0,0,0,0,0,0,0,0,0,5,3,1,0,0,0,1,1,1,0,0,0,2,1
33 - Φθιώτιδας,73 E.T. Δήμου Καμένων Βούρλων,363,217,5,3,8,209,60,5,9,2,3,6,3,47,97,8,41,17,23,57,0,21,13,2,1,4,1,0,1,14,5,0,0,1,5,2,7,6,2,1,0,1,3,1,1,1,1,0,0,1,0,0,0,0,0,0,0,0,0,0,0,0,0,0,10,2,4,1,3,1,0,0,0,0,0,1,1,0,0,0,0,3,2,1,0,1,0,0,0,0,0,0,0,4,3
33 - Φθιώτιδας,74 E.T. Δήμου Καμένων Βούρλων,474,321,4,2,6,315,102,8,25,23,4,23,4,78,152,91,37,18,40,46,1,14,5,0,1,4,0,0,0,20,3,0,1,9,1,1,11,11,1,0,1,0,4,3,0,2,0,0,0,0,0,0,0,1,0,0,0,0,0,0,0,0,0,0,5,2,1,0,1,0,0,0,0,0,0,0,0,1,0,0,0,8,1,1,0,3,2,5,1,1,0,4,4,3,2
33 - Φθιώτιδας,75 E.T. Δήμου Καμένων Βούρλων,465,302,1,1,2,300,58,5,7,13,2,5,6,36,171,79,57,16,50,57,5,12,9,0,4,6,0,0,0,18,6,1,2,4,0,0,10,16,9,3,4,1,10,0,0,1,1,0,1,0,0,0,0,0,0,0,0,0,0,0,0,0,0,0,13,7,4,3,2,2,0,0,0,0,0,3,1,0,0,0,0,3,0,0,1,0,0,2,1,0,0,0,0,6,3
33 - Φθιώτιδας,76 E.T. Δήμου Καμένων Βούρλων,470,300,2,1,3,297,75,9,19,13,7,7,9,46,163,65,59,19,46,71,2,18,7,2,3,4,0,1,0,17,1,0,3,5,3,0,10,4,2,2,0,2,1,0,1,2,0,0,0,0,0,0,0,2,1,0,1,0,0,1,0,0,0,0,13,4,2,4,6,3,0,0,0,1,0,2,1,0,0,0,0,6,3,2,0,0,2,1,1,0,0,0,1,3,1
33 - Φθιώτιδας,77 E.T. Δήμου Καμένων Βούρλων,471,325,3,2,5,320,86,10,23,16,5,15,6,58,158,85,57,16,50,50,1,14,6,2,1,4,0,1,0,26,2,4,2,12,2,1,20,14,5,0,2,1,7,2,1,3,0,0,0,0,0,0,0,2,0,1,1,0,0,1,0,0,0,0,9,3,3,4,1,2,0,0,0,0,0,3,2,0,0,0,0,6,1,1,1,1,0,1,0,0,0,1,1,5,2
33 - Φθιώτιδας,78 E.T. Δήμου Καμένων Βούρλων,486,343,6,7,13,330,74,2,22,10,3,17,3,50,188,104,67,15,62,59,1,13,9,2,3,5,2,2,0,23,4,4,1,6,1,1,16,8,3,1,1,1,3,0,0,2,0,0,0,1,0,0,0,0,0,0,0,0,0,0,0,0,0,0,11,2,4,1,2,2,0,0,0,0,0,5,3,0,0,0,0,4,0,0,2,0,1,3,0,0,0,0,0,3,2
33 - Φθιώτιδας,79 E.T. Δήμου Καμένων Βούρλων,27,19,1,0,1,18,5,0,0,0,0,1,0,1,10,0,4,0,3,5,0,3,0,0,0,0,0,0,0,2,2,0,0,0,0,0,2,0,0,0,0,0,0,0,0,0,0,0,0,0,0,0,0,0,0,0,0,0,0,0,0,0,0,0,1,0,0,0,0,0,0,0,0,0,0,0,0,0,0,0,0,0,0,0,0,0,0,0,0,0,0,0,0,0,0
33 - Φθιώτιδας,80 E.T. Δήμου Καμένων Βούρλων,586,423,5,9,14,409,105,4,24,19,1,25,4,61,145,33,37,23,66,65,1,9,14,1,4,7,0,0,0,94,5,1,0,80,1,0,32,6,2,2,4,0,0,1,0,0,0,0,0,0,0,0,0,0,0,0,1,1,0,0,1,0,0,0,14,4,6,3,5,1,0,0,0,3,1,4,3,0,0,0,0,12,1,2,0,3,1,1,0,0,0,0,0,10,7
33 - Φθιώτιδας,81 E.T. Δήμου Καμένων Βούρλων,519,355,3,2,5,350,108,9,21,11,4,36,12,62,163,44,24,18,78,87,6,17,14,2,8,8,0,0,0,27,6,0,0,23,0,0,10,9,5,0,1,0,4,0,1,1,1,0,0,0,1,0,0,0,0,0,2,2,0,2,0,0,0,0,6,1,2,2,1,0,0,0,0,1,1,3,2,3,1,1,0,8,4,4,0,1,3,1,0,0,0,0,1,4,3
33 - Φθιώτιδας,82 E.T. Δήμου Καμένων Βούρλων,358,205,2,1,3,202,37,2,16,8,2,2,1,10,115,12,26,16,47,58,1,11,2,1,1,1,1,0,0,15,3,1,1,13,2,0,5,11,3,3,4,0,3,0,1,0,0,0,0,0,0,0,0,1,1,1,0,0,0,0,0,0,0,0,6,2,1,1,3,1,0,0,0,1,1,2,0,0,0,0,0,10,2,1,0,2,2,0,0,0,0,0,0,2,1
33 - Φθιώτιδας,83 E.T. Δήμου Καμένων Βούρλων,432,252,2,3,5,247,36,5,8,4,3,6,1,13,146,33,29,18,78,66,0,12,10,1,0,6,1,1,2,24,7,1,0,12,0,0,13,7,1,2,6,0,2,1,1,3,2,0,0,0,1,0,0,3,1,1,0,0,0,0,0,0,0,0,8,2,4,0,0,0,1,0,0,0,0,1,0,0,0,0,0,7,1,1,1,1,0,0,0,0,0,0,0,1,0
33 - Φθιώτιδας,84 E.T. Δήμου Καμένων Βούρλων,511,363,3,3,6,357,111,5,32,18,3,17,7,51,168,38,51,36,55,63,6,27,16,1,2,10,3,2,0,19,11,2,1,7,0,0,8,4,1,1,1,0,0,1,0,1,0,0,0,0,0,0,0,1,1,1,1,0,0,0,0,0,0,0,19,4,8,0,4,2,0,0,0,0,0,2,0,0,0,0,0,9,1,3,3,2,1,2,0,0,0,0,0,4,1
33 - Φθιώτιδας,85 E.T. Δήμου Καμένων Βούρλων,479,302,8,5,13,289,105,7,42,18,6,12,7,50,105,17,19,25,38,34,3,17,6,0,0,1,0,0,0,19,13,3,0,2,1,0,11,9,3,4,1,1,4,0,1,1,0,0,1,0,0,0,0,3,0,0,3,2,1,0,3,0,0,0,9,0,3,1,2,0,0,0,0,0,0,1,0,1,1,0,0,16,3,1,2,2,3,1,0,0,0,0,0,10,6
33 - Φθιώτιδας,86 E.T. Δήμου Καμένων Βούρλων,480,314,5,4,9,305,107,4,42,22,10,16,4,66,115,16,40,18,41,51,4,16,10,3,1,7,1,0,1,14,11,0,0,0,1,0,5,15,4,5,7,1,5,1,0,3,1,1,0,0,2,0,0,1,1,1,8,1,0,8,3,0,0,0,10,2,0,1,2,2,1,0,0,1,0,1,0,0,0,0,0,6,0,2,2,0,3,2,0,0,0,0,0,11,10
33 - Φθιώτιδας,87 E.T. Δήμου Καμένων Βούρλων,473,294,5,3,8,286,101,10,34,18,6,22,7,40,119,31,38,24,28,42,3,17,6,0,4,4,0,0,0,20,11,2,0,2,1,0,9,2,0,1,2,0,0,0,0,5,3,0,0,2,1,0,0,1,1,1,4,0,0,2,1,0,0,0,7,2,2,2,4,0,0,0,0,0,0,0,0,1,0,0,0,8,1,1,0,0,1,1,1,0,1,0,0,11,9
33 - Φθιώτιδας,88 E.T. Δήμου Καμένων Βούρλων,298,217,1,1,2,215,38,6,13,11,2,1,2,13,128,45,62,18,18,32,0,20,3,0,0,2,0,1,0,16,0,0,0,1,0,0,15,15,2,1,8,0,8,0,0,1,0,0,0,0,0,0,0,1,0,0,0,0,0,0,0,0,0,0,7,1,5,2,1,0,0,0,0,0,0,1,0,0,0,0,0,3,1,0,0,0,0,0,0,0,0,0,0,2,1
33 - Φθιώτιδας,89 E.T. Δήμου Καμένων Βούρλων,331,221,2,0,2,219,66,11,19,13,2,14,4,25,87,16,41,12,22,41,0,5,4,0,1,4,1,0,0,48,45,1,0,6,0,0,11,4,1,0,2,0,0,0,1,0,0,0,0,0,0,0,0,0,0,0,3,2,1,2,1,0,0,0,3,2,0,0,1,0,0,0,0,0,0,0,0,1,1,0,1,3,0,0,0,0,0,0,0,0,0,0,0,0,0
33 - Φθιώτιδας,90 E.T. Δήμου Καμένων Βούρλων,384,254,9,2,11,243,79,14,19,15,7,19,5,31,112,19,27,17,36,66,1,16,4,1,0,3,1,1,0,34,32,0,1,3,1,0,10,6,0,0,5,0,5,0,0,2,1,0,0,0,0,0,0,0,0,0,0,0,0,0,0,0,0,0,0,0,0,0,0,0,1,0,0,0,0,0,0,0,0,0,0,3,0,0,2,0,1,1,0,0,0,0,0,1,1
33 - Φθιώτιδας,91 E.T. Δήμου Καμένων Βούρλων,148,71,1,0,1,70,20,0,5,4,1,4,0,14,34,6,13,1,9,21,0,1,5,1,3,5,0,0,0,6,3,2,0,0,0,1,3,1,0,0,0,0,0,0,0,1,1,0,0,0,1,0,0,0,0,0,0,0,0,0,0,0,0,0,3,2,0,1,0,0,0,0,0,0,0,0,0,0,0,0,0,0,0,0,0,0,0,0,0,0,0,0,0,0,0
33 - Φθιώτιδας,92 E.T. Δήμου Καμένων Βούρλων,163,108,1,0,1,107,38,4,19,12,1,6,2,17,42,2,18,4,11,23,4,6,10,2,6,5,0,2,0,8,1,1,3,3,1,2,4,5,2,0,2,0,2,0,0,2,2,0,0,0,0,0,0,0,0,0,0,0,0,0,0,0,0,0,2,0,1,0,1,1,0,0,0,0,0,0,0,0,0,0,0,0,0,0,0,0,0,0,0,0,0,0,0,0,0
33 - Φθιώτιδας,93 E.T. Δήμου Καμένων Βούρλων,176,105,2,1,3,102,26,5,8,3,1,3,3,0,39,7,8,8,13,23,0,15,1,0,0,1,0,0,0,10,9,0,1,1,0,0,7,15,0,4,10,1,6,5,0,2,0,0,1,1,1,0,0,0,0,0,0,0,0,0,0,0,0,0,8,3,3,1,4,1,0,0,0,0,0,0,0,0,0,0,0,0,0,0,0,0,0,0,0,0,0,0,0,1,1
33 - Φθιώτιδας,94 E.T. Δήμου Καμένων Βούρλων,286,198,1,1,2,196,62,9,20,9,6,12,6,31,80,24,27,11,31,38,0,10,10,0,0,9,1,1,1,18,2,2,1,4,1,2,10,9,4,0,6,1,6,0,0,1,1,1,0,0,0,0,0,0,0,0,0,0,0,0,0,0,0,0,8,2,2,0,3,0,0,0,0,0,0,0,0,0,0,0,0,6,2,1,4,0,0,1,1,0,1,0,0,1,1
33 - Φθιώτιδας,95 E.T. Δήμου Καμένων Βούρλων,413,241,2,1,3,238,48,3,11,4,3,12,2,28,114,22,32,15,63,49,0,12,10,1,2,7,0,1,0,29,24,1,0,1,0,0,16,16,2,5,6,1,6,0,4,2,2,1,0,1,0,0,0,1,0,0,0,0,0,0,0,0,1,0,6,2,1,2,1,2,0,0,0,0,0,1,1,0,0,0,0,3,1,0,0,1,0,3,0,0,1,1,0,4,2
33 - Φθιώτιδας,96 E.T. Δήμου Καμένων Βούρλων,506,328,2,0,2,326,101,6,13,24,3,17,5,62,146,13,34,10,38,90,5,20,7,1,1,7,2,1,0,34,24,0,0,4,0,0,23,7,1,0,4,2,2,0,2,3,0,0,0,0,0,0,0,1,1,0,2,1,1,2,0,0,0,0,10,2,1,1,0,2,1,0,0,0,0,0,0,1,0,0,0,6,2,2,2,3,1,0,0,0,0,0,0,7,6
33 - Φθιώτιδας,97 E.T. Δήμου Λαμιέων,519,361,3,3,6,355,102,4,34,29,1,11,2,44,185,22,28,20,72,98,4,34,9,0,4,6,0,1,0,26,4,4,0,0,4,2,18,6,1,0,2,0,2,1,0,2,2,1,0,0,1,0,0,0,0,0,0,0,0,0,0,0,0,0,9,1,2,3,1,2,1,0,0,0,0,1,0,0,0,0,0,8,0,2,0,1,2,1,0,0,0,0,1,5,4
33 - Φθιώτιδας,98 E.T. Δήμου Λαμιέων,488,356,5,1,6,350,116,12,30,28,4,25,9,42,115,13,15,6,49,50,1,6,13,0,5,5,1,0,1,44,3,5,1,1,1,4,35,8,1,2,0,3,2,0,0,6,1,0,0,0,3,0,0,0,0,0,1,1,0,1,0,0,0,0,19,7,6,5,5,0,0,0,0,0,0,1,1,1,0,0,0,8,2,2,0,0,1,10,0,0,0,1,6,8,6
33 - Φθιώτιδας,99 E.T. Δήμου Λαμιέων,294,198,1,3,4,194,52,1,23,7,3,9,2,29,111,18,28,3,42,66,1,28,4,1,1,2,0,0,0,8,2,2,1,0,0,0,5,3,0,0,0,0,1,0,0,0,0,0,0,0,0,0,0,0,0,0,7,1,2,4,4,3,0,0,2,1,1,1,0,0,0,0,0,0,0,0,0,0,0,0,0,3,1,0,1,0,0,2,1,1,0,0,0,2,2
33 - Φθιώτιδας,100 E.T. Δήμου Λαμιέων,521,369,1,1,2,367,74,2,28,17,4,20,5,17,245,11,42,17,40,192,2,27,7,2,2,4,0,1,0,12,0,1,0,1,0,0,4,6,1,1,0,2,3,1,0,5,0,0,0,1,2,0,0,0,0,0,1,0,1,1,0,0,0,0,10,0,2,1,7,1,0,0,0,0,0,1,1,0,0,0,0,4,1,0,0,0,1,1,0,0,0,0,0,1,1
33 - Φθιώτιδας,101 E.T. Δήμου Λαμιέων,455,325,4,2,6,319,82,3,19,22,0,16,1,41,154,21,48,11,49,95,1,19,8,1,0,5,0,0,0,21,0,7,0,0,3,1,17,1,1,0,0,0,0,0,0,2,0,0,0,0,0,0,0,0,0,0,0,0,0,0,0,0,0,0,31,27,2,1,2,0,0,0,0,0,0,0,0,1,1,0,0,10,0,1,0,1,2,3,0,0,0,0,2,6,4
33 - Φθιώτιδας,102 E.T. Δήμου Λαμιέων,90,51,1,0,1,50,13,1,7,0,0,3,0,8,32,0,9,7,20,12,0,9,0,0,0,0,0,0,0,1,0,0,0,0,0,0,1,1,0,0,0,0,0,0,0,0,0,0,0,0,0,1,0,0,0,0,0,0,0,0,0,0,0,0,0,0,0,0,0,0,0,0,0,0,0,0,0,0,0,0,0,0,0,0,0,0,0,0,0,0,0,0,0,2,0
33 - Φθιώτιδας,103 E.T. Δήμου Λαμιέων,180,112,0,0,0,112,25,1,12,2,2,12,3,9,66,2,8,6,23,49,0,9,8,0,3,4,1,1,0,3,0,2,0,0,0,0,2,6,0,3,0,1,5,0,0,2,2,0,0,0,0,0,0,0,0,0,0,0,0,0,0,0,0,0,0,0,0,0,0,0,0,0,0,0,0,0,0,0,0,0,0,2,0,0,0,0,0,0,0,0,0,0,0,0,0
33 - Φθιώτιδας,104 E.T. Δήμου Λαμιέων,122,73,0,0,0,73,21,0,8,7,1,5,0,8,42,5,17,5,13,23,0,6,1,0,0,0,0,0,0,2,0,0,0,0,0,0,0,0,0,0,0,0,0,0,0,1,0,0,0,0,0,0,0,0,0,0,0,0,0,0,0,0,0,0,0,0,0,0,0,0,0,0,0,0,0,0,0,0,0,0,0,3,0,0,0,1,1,0,0,0,0,0,0,3,1
33 - Φθιώτιδας,105 E.T. Δήμου Λαμιέων,490,325,1,2,3,322,89,3,36,13,1,17,5,37,171,4,53,20,75,88,4,27,11,0,2,7,1,0,3,20,6,3,2,0,1,0,13,5,0,0,1,0,1,0,0,4,3,1,1,0,1,0,0,0,0,0,0,0,0,0,0,0,0,0,8,0,0,0,0,0,0,0,0,0,0,0,0,0,0,0,0,9,0,0,0,0,0,1,0,0,0,0,0,4,0
33 - Φθιώτιδας,106 E.T. Δήμου Λαμιέων,110,68,2,0,2,66,12,1,2,1,0,2,1,6,36,5,7,9,9,20,0,7,0,0,0,0,0,0,0,9,1,0,0,1,0,1,3,0,0,0,0,0,0,0,0,1,0,0,0,0,0,0,0,0,0,0,0,0,0,0,0,0,0,0,4,2,2,0,1,1,0,0,0,0,0,1,0,0,0,0,0,3,0,0,0,1,0,0,0,0,0,0,0,0,0
33 - Φθιώτιδας,107 E.T. Δήμου Λαμιέων,241,188,0,1,1,187,65,3,30,14,3,9,3,25,72,11,16,11,33,30,2,9,4,1,0,3,0,0,0,21,0,4,0,4,0,1,15,7,0,0,5,1,7,0,0,1,0,0,0,0,1,0,0,0,0,0,1,1,0,0,0,0,0,0,10,3,8,1,1,1,0,0,0,0,0,1,1,0,0,0,0,4,2,2,0,1,0,0,0,0,0,0,0,1,1
33 - Φθιώτιδας,108 E.T. Δήμου Λαμιέων,334,259,2,2,4,255,93,3,31,17,4,12,4,48,105,9,29,7,42,49,2,25,6,0,2,5,1,1,0,20,0,2,0,3,0,0,15,7,0,0,0,2,2,1,1,3,0,0,0,0,0,0,0,0,0,0,7,0,2,7,3,1,0,0,4,2,0,2,2,1,0,0,0,0,0,0,0,0,0,0,0,6,0,2,1,0,1,1,0,0,0,0,0,3,3
33 - Φθιώτιδας,109 E.T. Δήμου Λαμιέων,290,145,1,1,2,143,36,6,11,7,3,10,2,9,70,9,18,7,18,39,3,22,2,1,0,0,0,1,0,8,1,1,3,0,2,1,5,4,1,0,1,0,1,0,1,1,0,0,0,0,0,0,0,1,1,0,3,0,3,0,0,0,0,0,5,2,0,1,4,0,0,0,0,0,0,1,1,0,0,0,0,4,0,0,0,1,1,3,0,0,0,0,0,5,3
33 - Φθιώτιδας,110 E.T. Δήμου Λαμιέων,530,337,0,0,0,337,94,4,29,17,8,15,6,51,165,21,45,23,57,88,2,12,6,0,2,5,0,1,0,21,6,2,0,0,1,4,13,13,2,1,2,2,4,2,0,1,0,0,0,0,0,0,0,3,1,0,0,0,0,0,0,0,0,0,4,0,1,1,1,1,1,0,0,0,0,3,1,0,0,0,0,13,4,4,1,0,1,4,0,0,1,1,0,9,7
33 - Φθιώτιδας,111 E.T. Δήμου Λαμιέων,528,335,4,2,6,329,114,7,48,33,6,29,6,46,150,18,58,17,63,49,9,23,10,0,5,7,0,1,0,20,6,6,3,2,2,0,9,13,5,1,2,3,5,1,0,0,0,0,0,0,0,0,0,1,0,0,0,0,0,0,0,0,0,0,6,2,1,2,3,0,0,0,0,0,0,1,0,0,0,0,0,6,2,2,0,1,3,0,0,0,0,0,0,8,6
33 - Φθιώτιδας,112 E.T. Δήμου Λαμιέων,558,347,4,2,6,341,115,5,36,30,10,22,10,46,147,23,51,32,33,58,1,29,5,0,2,4,0,1,0,23,4,7,0,3,0,4,16,15,2,0,2,3,4,3,1,5,2,0,1,0,0,0,0,3,2,2,1,0,0,0,0,0,0,0,6,1,0,1,0,0,0,0,0,0,0,2,2,0,0,0,0,13,2,2,2,3,2,5,0,0,0,0,1,1,1
33 - Φθιώτιδας,113 E.T. Δήμου Λαμιέων,531,349,3,3,6,343,113,4,35,33,6,24,8,40,158,20,64,27,46,71,3,23,14,0,3,9,2,2,0,17,3,5,2,1,3,2,11,9,0,0,2,2,1,0,0,2,0,0,0,0,0,0,0,3,1,0,0,0,0,0,0,0,0,0,8,2,1,1,1,1,0,0,0,1,1,0,0,0,0,0,0,14,2,2,1,3,2,1,0,0,0,0,0,3,2
33 - Φθιώτιδας,114 E.T. Δήμου Λαμιέων,531,318,2,1,3,315,111,9,25,31,5,29,6,40,137,16,60,13,42,59,3,19,7,0,4,6,1,0,0,16,4,7,0,0,0,0,12,13,3,1,1,1,7,2,0,2,1,0,0,0,1,0,0,0,0,0,1,0,0,1,0,0,0,0,13,1,2,2,8,3,0,0,0,1,0,0,0,3,1,2,1,3,0,1,0,1,1,3,0,1,1,0,1,5,5
33 - Φθιώτιδας,115 E.T. Δήμου Λαμιέων,550,328,7,1,8,320,118,5,28,25,3,29,6,47,142,15,54,25,46,60,3,12,5,0,1,4,0,0,0,14,0,1,2,0,0,1,7,5,1,0,0,3,2,0,0,2,0,0,0,0,0,0,0,1,1,0,0,0,0,0,0,0,0,0,9,3,2,1,1,0,0,0,0,0,0,5,2,1,0,1,0,9,1,0,2,2,0,0,0,0,0,0,0,9,6
33 - Φθιώτιδας,116 E.T. Δήμου Λαμιέων,561,331,5,0,5,326,101,6,39,31,6,14,9,44,152,21,48,21,50,76,3,33,4,0,0,3,0,0,0,19,1,1,2,1,4,1,13,17,2,4,3,4,9,1,0,4,1,0,0,1,1,0,0,1,0,0,0,0,0,0,0,0,0,0,11,3,2,1,3,0,1,0,0,0,0,0,0,0,0,0,0,9,1,0,0,1,1,3,0,0,0,0,0,4,4
33 - Φθιώτιδας,117 E.T. Δήμου Λαμιέων,557,313,3,2,5,308,109,3,33,25,11,24,8,38,137,20,45,14,47,72,3,17,15,1,1,11,0,0,0,17,4,2,3,1,1,3,10,5,1,0,1,1,0,0,0,3,2,0,0,1,1,0,0,0,0,0,0,0,0,0,0,0,0,0,5,1,4,2,2,0,0,0,0,0,0,1,0,1,0,1,0,6,0,0,0,1,1,2,0,0,1,0,1,7,6
33 - Φθιώτιδας,118 E.T. Δήμου Λαμιέων,546,337,3,6,9,328,112,5,36,25,7,25,6,43,148,15,54,23,49,75,2,27,6,1,1,5,0,0,0,23,9,2,1,4,1,0,13,16,3,3,1,5,7,1,0,1,0,0,1,0,0,0,0,1,0,0,0,0,0,0,0,0,0,0,3,0,2,0,1,1,0,0,0,0,0,5,2,1,0,1,0,6,2,0,2,0,3,4,0,0,1,0,1,2,1
33 - Φθιώτιδας,119 E.T. Δήμου Λαμιέων,560,354,2,2,4,350,106,2,38,23,6,16,4,57,177,19,49,24,70,104,3,27,9,1,1,9,0,0,0,16,0,2,1,3,2,0,13,14,0,1,1,3,2,0,1,6,2,1,0,1,0,0,0,3,0,2,0,0,0,0,0,0,0,0,7,3,5,0,3,1,0,0,0,0,0,0,0,0,0,0,0,8,2,1,6,1,1,3,0,2,0,0,0,1,1
33 - Φθιώτιδας,120 E.T. Δήμου Λαμιέων,561,327,3,4,7,320,86,3,23,26,10,14,8,35,158,27,72,22,56,55,5,15,16,7,3,11,1,1,0,13,3,1,1,1,2,0,9,8,1,0,1,1,2,0,0,3,0,0,0,0,0,0,0,2,1,0,2,1,0,0,2,1,0,0,7,0,2,2,2,2,0,0,0,0,0,1,1,0,0,0,0,14,3,6,3,0,4,4,1,2,1,0,3,6,6
33 - Φθιώτιδας,121 E.T. Δήμου Λαμιέων,530,336,2,1,3,333,100,6,31,18,6,34,13,41,168,20,57,28,59,71,8,21,9,0,2,8,1,1,1,20,2,8,0,1,0,0,10,9,0,0,0,1,3,0,0,5,2,0,0,1,3,0,0,0,0,0,2,0,1,1,1,0,0,0,5,1,1,1,0,0,0,0,0,0,0,0,0,0,0,0,0,13,0,2,1,2,4,1,1,0,0,1,0,1,1
33 - Φθιώτιδας,122 E.T. Δήμου Λαμιέων,541,322,4,1,5,317,92,10,21,15,2,23,6,44,155,16,59,28,59,74,4,20,9,1,1,7,0,2,0,13,5,1,1,0,1,2,7,10,2,0,2,1,6,0,0,3,3,0,0,0,2,0,0,3,0,0,0,0,0,0,0,0,0,0,5,0,2,2,1,1,0,0,0,0,0,1,0,3,0,0,2,15,2,1,4,4,3,4,1,3,1,2,0,4,3
33 - Φθιώτιδας,123 E.T. Δήμου Λαμιέων,544,345,3,2,5,340,125,5,37,27,9,34,5,48,147,22,50,27,52,62,4,19,4,0,1,3,1,0,0,24,3,2,1,0,2,1,18,7,1,0,0,0,2,0,0,4,0,0,0,0,0,0,0,2,2,2,0,0,0,0,0,0,0,0,5,0,0,0,3,0,0,0,0,0,0,2,0,0,0,0,0,13,3,1,2,3,0,3,0,0,1,0,0,4,3
33 - Φθιώτιδας,124 E.T. Δήμου Λαμιέων,555,408,6,3,9,399,128,7,32,27,11,28,15,61,180,24,74,20,54,97,1,20,9,1,3,6,0,0,0,28,6,4,3,1,1,0,18,10,3,2,2,2,3,2,0,4,3,0,1,2,1,0,0,3,1,1,2,0,0,1,1,2,0,0,10,5,2,2,2,2,0,0,0,1,1,3,1,1,0,0,1,11,2,0,0,1,0,5,1,1,2,0,1,4,3
33 - Φθιώτιδας,125 E.T. Δήμου Λαμιέων,535,355,5,2,7,348,113,1,28,17,5,28,10,46,144,14,38,17,48,65,3,26,7,1,0,5,0,1,0,28,5,6,3,4,1,1,17,14,1,4,4,3,5,1,0,2,0,0,0,0,0,0,0,3,2,2,0,0,0,0,0,0,0,0,12,3,3,0,4,3,0,0,0,0,0,1,0,0,0,0,0,14,2,0,1,1,2,4,0,0,0,0,0,6,4
33 - Φθιώτιδας,126 E.T. Δήμου Λαμιέων,549,377,10,1,11,366,136,4,43,25,6,49,13,42,158,25,67,25,52,69,3,32,5,1,1,3,1,0,1,14,3,3,2,1,2,2,8,12,2,2,2,4,3,2,1,2,2,0,0,1,0,0,0,4,3,2,0,0,0,0,0,0,0,0,20,7,2,4,7,3,0,0,0,0,0,0,0,0,0,0,0,6,0,1,1,0,3,3,0,0,1,0,0,6,5
33 - Φθιώτιδας,127 E.T. Δήμου Λαμιέων,528,363,5,1,6,357,102,3,31,24,6,31,5,51,167,12,67,27,54,66,7,19,10,1,5,9,1,1,2,15,2,2,0,1,2,1,10,12,1,4,0,5,5,0,0,2,1,0,1,0,2,0,0,1,0,0,1,0,0,0,1,0,0,0,18,7,5,3,10,2,0,0,0,1,0,1,1,0,0,0,0,16,4,0,3,5,6,5,1,0,1,0,1,6,4
33 - Φθιώτιδας,128 E.T. Δήμου Λαμιέων,546,364,2,4,6,358,113,6,38,32,3,28,5,45,167,15,64,22,64,75,0,28,4,1,0,3,1,0,0,24,0,6,1,2,2,1,17,5,0,0,0,0,2,0,1,2,0,0,0,0,0,0,0,2,1,1,0,0,0,0,0,0,0,0,15,6,5,2,7,1,0,0,0,0,0,1,0,0,0,0,0,12,2,2,4,4,3,4,1,1,0,0,0,9,8
33 - Φθιώτιδας,129 E.T. Δήμου Λαμιέων,524,351,5,1,6,345,105,1,32,26,4,30,7,43,154,30,51,21,59,58,3,31,9,2,3,6,0,0,0,24,3,2,1,7,1,4,18,14,2,3,3,2,5,2,0,4,1,1,0,1,0,0,0,0,0,0,3,1,1,1,0,0,0,0,12,3,1,1,3,1,0,0,0,0,0,2,1,0,0,0,0,12,3,1,2,2,3,2,0,1,0,0,0,4,2
33 - Φθιώτιδας,130 E.T. Δήμου Λαμιέων,531,343,4,2,6,337,117,6,32,39,8,28,6,45,132,21,45,25,42,61,3,16,12,0,5,6,0,0,1,36,2,11,1,0,4,0,20,15,2,1,1,1,2,2,0,1,0,0,0,0,0,0,0,0,0,0,0,0,0,0,0,0,1,1,8,5,1,1,3,2,0,0,0,0,0,0,0,0,0,0,0,7,1,2,1,2,3,4,0,1,1,1,1,4,3
33 - Φθιώτιδας,131 E.T. Δήμου Λαμιέων,546,347,2,2,4,343,117,3,39,40,5,25,3,51,141,13,55,16,50,57,7,19,16,2,5,7,1,0,1,23,1,4,1,0,0,1,17,15,4,2,3,1,6,0,1,3,3,0,1,0,2,0,0,0,0,0,0,0,0,0,0,0,0,0,7,5,3,0,3,0,3,1,2,0,0,0,0,1,0,0,0,11,1,2,0,1,1,1,0,1,0,0,1,5,5
33 - Φθιώτιδας,132 E.T. Δήμου Λαμιέων,527,345,5,2,7,338,113,3,36,27,3,18,11,59,152,19,45,10,62,70,2,26,14,5,3,8,0,2,0,11,4,0,0,1,2,0,6,6,1,0,1,1,3,0,1,2,0,0,0,0,0,0,0,1,1,0,0,0,0,0,0,0,0,0,14,7,1,1,3,0,3,2,1,0,0,5,0,0,0,0,0,9,1,1,1,0,0,1,0,0,0,0,0,7,3
33 - Φθιώτιδας,133 E.T. Δήμου Λαμιέων,534,332,2,4,6,326,101,2,27,24,9,18,7,42,156,25,55,26,55,68,2,28,4,0,2,2,0,1,0,10,1,2,0,0,0,1,7,18,1,1,1,2,2,1,2,3,3,0,1,0,2,0,0,1,0,1,1,0,0,1,0,0,0,0,12,6,5,3,1,1,1,1,1,0,0,2,1,0,0,0,0,13,1,3,1,2,2,1,0,0,0,0,0,3,2
33 - Φθιώτιδας,134 E.T. Δήμου Λαμιέων,527,370,3,8,11,359,104,7,17,26,6,16,6,43,161,29,52,25,56,72,2,25,18,0,9,15,1,0,0,20,1,6,2,1,1,0,14,13,0,1,1,5,5,0,1,1,0,0,0,0,0,0,0,1,1,1,2,0,2,1,0,0,0,0,15,7,2,5,1,1,2,1,1,0,0,0,0,0,0,0,0,17,6,5,2,4,5,2,1,0,1,0,0,3,3
33 - Φθιώτιδας,135 E.T. Δήμου Λαμιέων,539,362,2,4,6,356,109,6,38,27,1,25,6,53,162,25,59,19,73,61,1,27,6,2,0,4,1,1,0,12,2,3,0,1,0,0,9,9,0,4,1,1,1,1,1,4,1,1,0,0,3,0,0,1,1,1,0,0,0,0,0,0,0,0,20,5,6,3,5,5,0,0,0,1,0,3,1,1,0,0,0,19,4,2,1,4,4,5,1,1,0,0,1,4,2
33 - Φθιώτιδας,136 E.T. Δήμου Λαμιέων,529,352,5,1,6,346,100,3,31,20,1,21,2,50,150,16,51,19,61,62,2,32,9,1,3,7,0,0,3,24,1,6,3,3,0,2,17,17,0,2,6,6,4,1,0,4,0,0,0,1,1,0,0,2,1,1,0,0,0,0,0,0,0,0,14,4,2,3,4,1,0,0,0,0,0,5,2,1,0,0,0,7,3,1,0,0,3,6,0,0,1,3,3,7,4
33 - Φθιώτιδας,137 E.T. Δήμου Λαμιέων,527,361,3,3,6,355,117,7,46,21,2,36,4,43,145,27,59,18,53,62,2,17,15,3,5,15,0,3,0,25,3,2,3,3,3,0,19,12,1,3,2,3,4,0,2,2,0,0,0,0,1,0,0,1,1,1,0,0,0,0,0,0,1,1,9,6,3,3,2,0,1,0,0,0,0,1,1,1,0,1,1,14,4,2,1,3,1,5,0,2,0,2,1,6,5
33 - Φθιώτιδας,138 E.T. Δήμου Λαμιέων,539,274,4,1,5,269,122,3,33,41,23,20,8,32,86,10,38,9,30,40,3,10,5,2,0,2,0,0,0,16,0,4,1,0,1,0,9,18,4,3,3,4,11,1,0,3,1,0,0,0,2,0,0,0,0,0,0,0,0,0,0,0,0,0,6,3,1,3,0,0,0,0,0,0,0,0,0,0,0,0,0,8,1,2,2,1,2,1,1,0,0,0,0,4,4
33 - Φθιώτιδας,139 E.T. Δήμου Λαμιέων,550,327,4,5,9,318,113,5,31,24,12,37,4,34,134,21,59,14,45,55,6,20,4,2,0,2,1,0,0,17,3,5,0,2,0,0,6,11,0,4,1,4,6,2,1,4,1,0,0,0,0,0,0,2,1,1,0,0,0,0,0,0,0,0,13,2,5,4,2,1,1,1,0,0,0,4,1,2,0,2,0,8,0,0,0,0,0,1,1,0,0,0,1,4,3
33 - Φθιώτιδας,140 E.T. Δήμου Λαμιέων,543,299,5,1,6,293,107,8,29,30,5,26,6,32,122,17,48,13,37,59,2,14,3,0,0,2,0,0,1,14,4,1,3,2,1,4,4,2,0,0,1,0,0,1,0,5,1,0,1,0,0,0,0,1,0,0,1,0,0,0,0,0,0,0,9,2,2,4,1,0,0,0,0,0,0,0,0,0,0,0,0,20,2,7,3,3,2,5,0,1,0,0,1,4,3
33 - Φθιώτιδας,141 E.T. Δήμου Λαμιέων,561,333,2,4,6,327,116,5,25,33,14,27,10,32,120,11,55,13,43,53,1,15,9,2,0,5,1,1,0,21,1,3,0,0,2,1,13,14,1,0,2,1,2,1,0,3,1,0,0,0,1,1,0,0,0,0,0,0,0,0,0,0,0,0,10,3,1,1,4,2,0,0,0,0,0,3,1,1,0,0,1,16,2,3,0,2,1,7,1,1,1,2,5,6,6
33 - Φθιώτιδας,142 E.T. Δήμου Λαμιέων,568,334,9,2,11,323,106,5,29,21,9,12,6,37,144,15,43,11,53,73,1,31,8,4,0,5,1,0,0,20,6,1,0,2,1,2,8,16,5,2,5,3,6,2,0,1,1,0,1,0,0,0,0,1,1,0,0,0,0,0,0,0,0,0,7,2,1,2,2,1,0,0,0,0,0,0,0,3,0,1,1,9,0,0,0,1,1,2,2,1,0,0,0,6,6
33 - Φθιώτιδας,143 E.T. Δήμου Λαμιέων,546,334,4,2,6,328,120,7,40,26,3,22,10,41,145,21,51,10,48,69,3,25,2,0,1,1,0,0,1,22,1,4,1,4,2,2,16,9,3,0,0,2,4,0,0,1,0,0,0,0,0,0,0,0,0,0,1,0,0,0,0,0,0,0,12,4,4,1,5,0,0,0,0,0,0,1,1,0,0,0,0,6,0,1,0,4,1,0,0,0,0,0,0,9,6
33 - Φθιώτιδας,144 E.T. Δήμου Λαμιέων,551,297,7,1,8,289,117,5,27,37,19,16,15,30,124,8,60,12,41,43,6,21,7,1,1,4,0,0,0,14,2,3,0,0,2,0,8,4,0,0,0,0,0,0,0,1,0,0,0,0,0,0,0,0,0,0,1,0,0,1,0,1,1,0,5,1,1,2,0,1,1,1,0,0,0,1,1,2,0,0,0,4,1,0,0,1,1,4,1,0,0,1,0,3,0
33 - Φθιώτιδας,145 E.T. Δήμου Λαμιέων,558,330,7,4,11,319,115,4,29,33,10,27,4,33,125,10,51,8,38,55,2,31,7,0,3,7,0,1,0,12,2,5,0,1,0,0,5,11,0,1,1,2,2,0,0,4,1,0,0,0,0,0,0,3,0,0,0,0,0,0,0,0,0,0,18,3,7,6,5,1,3,1,0,0,0,0,0,2,1,0,2,13,2,3,0,2,1,1,0,0,0,0,0,5,3
33 - Φθιώτιδας,146 E.T. Δήμου Λαμιέων,402,231,1,0,1,230,79,3,30,33,17,10,6,29,91,7,33,15,23,41,2,20,11,1,1,9,0,0,0,15,1,4,0,0,0,0,12,12,4,0,3,2,9,0,0,1,1,0,0,0,0,0,0,2,0,0,1,1,0,1,0,0,0,0,12,1,1,0,2,0,0,0,0,0,0,1,0,1,0,0,1,2,0,1,0,0,1,1,0,0,0,0,0,1,0
33 - Φθιώτιδας,147 E.T. Δήμου Λαμιέων,468,298,5,2,7,291,117,8,51,31,3,18,7,47,88,4,33,16,36,36,4,12,12,1,1,10,0,1,0,17,2,1,0,0,0,1,14,18,1,1,5,5,7,0,0,4,2,0,0,0,0,0,0,1,0,1,0,0,0,0,0,0,0,0,7,3,1,0,3,1,0,0,0,0,0,1,0,0,0,0,0,16,4,3,2,2,7,1,0,1,0,1,0,9,6
33 - Φθιώτιδας,148 E.T. Δήμου Λαμιέων,421,259,2,2,4,255,94,4,40,17,7,14,8,38,96,11,54,17,25,59,0,13,5,1,1,4,1,0,0,12,2,2,0,0,1,0,10,13,0,0,5,1,5,0,0,3,1,0,0,0,1,0,0,1,0,0,0,0,0,0,0,0,0,0,12,1,7,6,1,2,0,0,0,0,0,0,0,1,1,0,0,12,2,1,1,3,4,1,0,0,0,0,0,5,4
33 - Φθιώτιδας,149 E.T. Δήμου Λαμιέων,484,295,7,0,7,288,116,12,33,22,3,22,10,53,97,15,44,14,34,48,4,11,11,1,2,8,1,0,0,16,3,2,2,0,1,0,12,12,2,3,1,1,8,1,3,3,0,0,0,1,0,0,0,0,0,0,0,0,0,0,0,0,0,0,10,5,4,3,1,0,1,0,1,0,0,0,0,1,0,0,0,13,4,8,1,3,1,1,0,0,0,0,0,7,4
33 - Φθιώτιδας,150 E.T. Δήμου Λαμιέων,560,376,6,3,9,367,111,5,39,24,1,21,7,58,145,14,51,32,51,69,7,25,15,5,3,8,1,3,1,32,3,9,1,8,1,3,20,20,4,6,9,2,12,0,0,5,3,0,1,2,1,0,0,0,0,0,0,0,0,0,0,0,0,0,8,3,2,1,2,2,1,1,0,0,0,0,0,0,0,0,0,10,3,2,1,2,2,3,0,0,1,2,3,17,15
33 - Φθιώτιδας,151 E.T. Δήμου Λαμιέων,565,369,8,1,9,360,124,8,31,26,6,20,0,51,131,16,56,27,34,55,1,15,9,1,3,7,1,0,0,39,1,12,3,1,0,3,2,26,4,3,8,6,14,0,2,2,0,0,0,1,0,0,0,0,0,0,0,0,0,0,0,0,0,0,10,3,3,1,4,0,1,1,1,0,0,1,1,1,0,0,1,7,0,1,0,1,1,3,1,0,2,0,1,6,2
33 - Φθιώτιδας,152 E.T. Δήμου Λαμιέων,569,381,8,6,14,367,130,9,37,28,5,26,11,60,149,11,56,32,52,74,3,27,18,0,2,14,3,1,1,18,3,2,1,1,1,0,15,13,2,0,1,5,7,0,0,5,2,0,1,1,0,0,0,0,0,0,0,0,0,0,0,0,1,0,9,1,6,0,4,1,2,0,1,0,0,3,1,0,0,0,0,8,1,3,3,2,1,4,3,0,3,0,1,7,7
33 - Φθιώτιδας,153 E.T. Δήμου Λαμιέων,557,392,1,3,4,388,127,6,33,29,8,24,11,75,174,27,76,20,53,80,4,23,12,4,3,10,0,0,0,11,1,1,0,0,1,1,9,13,2,1,2,3,3,0,0,7,2,0,2,1,2,0,0,2,0,1,0,0,0,0,0,0,0,0,21,6,6,10,4,0,0,0,0,0,0,1,0,0,0,0,0,9,2,2,1,2,1,0,0,0,0,0,0,11,5
33 - Φθιώτιδας,154 E.T. Δήμου Λαμιέων,563,387,4,5,9,378,135,8,40,24,3,29,10,64,151,16,56,14,40,73,4,23,10,1,2,7,0,1,1,29,2,11,3,4,2,3,16,19,6,0,6,3,10,0,3,3,0,0,1,0,0,0,0,2,2,1,0,0,0,0,0,0,1,0,13,5,1,4,5,1,0,0,0,0,0,3,2,0,0,0,0,3,0,0,1,1,0,2,1,0,1,1,1,7,6
33 - Φθιώτιδας,155 E.T. Δήμου Λαμιέων,560,383,6,1,7,376,150,2,42,38,6,28,2,87,146,5,70,20,58,61,1,28,6,0,2,5,0,0,1,16,4,1,1,0,0,0,10,18,3,5,0,3,13,3,1,5,4,1,2,1,1,0,0,0,0,0,0,0,0,0,0,0,0,0,8,2,5,3,3,1,1,1,1,0,0,2,0,0,0,0,0,15,1,1,2,4,2,1,0,1,1,0,0,8,6
33 - Φθιώτιδας,156 E.T. Δήμου Λαμιέων,547,353,5,1,6,347,115,3,27,28,5,21,8,55,128,16,34,21,48,63,3,15,5,0,2,2,0,0,0,30,1,7,1,2,1,1,18,18,1,1,2,10,6,0,0,3,1,0,0,0,2,0,0,0,0,0,1,0,0,1,0,1,0,0,11,7,1,1,2,1,0,0,0,1,1,0,0,0,0,0,0,18,3,2,2,2,1,4,2,0,1,0,0,13,10
33 - Φθιώτιδας,157 E.T. Δήμου Λαμιέων,541,379,5,5,10,369,134,11,29,32,6,29,8,67,154,15,63,26,33,90,5,22,5,0,2,4,0,1,0,20,2,5,2,0,4,0,12,12,0,1,2,5,3,1,2,5,1,1,2,0,2,0,0,0,0,0,1,0,0,1,0,0,0,0,8,0,5,2,2,1,2,1,1,0,0,2,1,0,0,0,0,15,1,3,4,2,4,3,0,0,0,1,1,8,8
33 - Φθιώτιδας,158 E.T. Δήμου Λαμιέων,545,366,8,6,14,352,153,6,55,37,8,37,10,74,108,13,38,11,33,49,4,13,12,1,5,8,0,1,2,30,5,4,0,2,0,1,21,7,1,0,2,1,2,0,0,3,1,0,0,0,1,0,0,1,1,1,1,0,0,1,1,0,0,0,12,3,3,2,5,1,0,0,0,0,0,1,1,2,0,1,1,13,3,3,2,2,2,3,0,1,1,0,0,6,6
33 - Φθιώτιδας,159 E.T. Δήμου Λαμιέων,556,389,3,4,7,382,142,4,47,46,4,35,23,120,142,12,62,14,45,78,4,53,9,0,3,6,0,0,1,20,2,5,3,2,1,5,17,17,2,5,13,7,0,0,0,3,2,0,0,0,1,0,0,3,0,0,1,0,0,0,1,0,0,0,17,1,8,3,5,3,0,0,0,0,0,1,0,2,0,1,2,18,1,4,1,2,4,3,1,1,0,0,1,4,4
33 - Φθιώτιδας,160 E.T. Δήμου Λαμιέων,569,394,6,3,9,385,145,5,46,37,7,26,6,73,153,18,63,14,49,75,2,25,8,0,3,6,3,0,1,26,1,6,7,1,2,2,18,11,0,0,3,2,3,0,0,3,2,0,1,0,1,0,0,1,0,0,0,0,0,0,0,0,1,0,7,1,1,0,2,2,0,0,0,0,0,2,0,1,1,1,0,12,1,1,2,3,3,4,1,0,0,1,0,11,7
33 - Φθιώτιδας,161 E.T. Δήμου Λαμιέων,562,408,6,0,6,402,140,8,38,26,5,31,8,73,172,18,74,22,46,70,6,31,6,0,2,4,0,0,1,21,1,5,1,1,4,0,16,13,0,0,3,8,6,0,0,5,3,0,1,0,2,0,0,2,1,1,0,0,0,0,0,0,0,0,20,4,7,4,4,1,0,0,0,1,1,2,0,0,0,0,0,13,1,4,1,4,3,0,0,0,0,0,0,7,3
33 - Φθιώτιδας,162 E.T. Δήμου Λαμιέων,552,313,7,5,12,301,92,10,32,25,3,25,4,37,122,14,39,15,31,61,1,25,12,3,7,9,1,0,0,21,5,9,0,1,0,1,13,9,1,2,1,3,0,0,1,6,4,0,2,2,3,0,0,2,1,2,1,0,1,1,0,0,0,0,13,4,2,4,3,1,0,0,0,0,0,0,0,1,0,0,0,13,3,2,1,4,3,0,0,0,0,0,0,9,9
33 - Φθιώτιδας,163 E.T. Δήμου Λαμιέων,529,332,5,1,6,326,104,5,33,24,4,28,9,30,142,10,53,20,39,70,6,34,9,0,2,7,0,0,0,21,2,1,0,2,1,1,11,10,0,1,2,2,3,2,0,4,1,0,1,0,0,0,0,0,0,0,2,0,0,1,1,0,1,0,17,6,6,4,2,0,0,0,0,0,0,1,0,1,1,0,0,11,1,2,1,2,1,1,0,0,1,0,1,2,1
33 - Φθιώτιδας,164 E.T. Δήμου Λαμιέων,525,335,2,1,3,332,97,6,30,20,5,26,5,38,140,12,47,20,35,83,3,21,15,2,4,11,1,3,1,22,6,2,3,2,3,1,13,17,0,3,0,5,4,0,1,1,0,1,0,0,0,0,0,3,0,0,0,0,0,0,0,0,1,0,12,9,6,0,3,1,0,0,0,0,0,1,1,2,0,0,0,9,2,1,0,2,1,2,0,0,0,0,0,10,6
33 - Φθιώτιδας,165 E.T. Δήμου Λαμιέων,537,306,3,2,5,301,117,11,31,32,1,41,8,41,112,9,36,9,45,58,5,15,4,1,2,3,0,0,0,19,5,0,4,1,1,2,10,8,0,1,5,0,5,1,0,3,2,0,3,1,0,0,0,1,1,1,0,0,0,0,0,0,0,0,10,4,4,3,4,1,1,0,1,0,0,2,1,0,0,0,0,14,7,2,2,6,7,5,1,1,0,2,1,5,4
33 - Φθιώτιδας,166 E.T. Δήμου Λαμιέων,550,341,3,3,6,335,115,5,26,44,4,22,8,59,126,10,46,24,44,67,2,16,15,1,2,9,0,0,2,32,5,10,5,0,3,3,19,17,3,4,2,4,7,1,0,3,1,0,0,1,0,0,0,0,0,0,0,0,0,0,0,0,0,0,9,6,3,0,3,1,0,0,0,0,0,1,0,0,0,0,0,6,2,1,1,0,2,1,0,0,0,0,0,10,8
33 - Φθιώτιδας,167 E.T. Δήμου Λαμιέων,561,300,5,2,7,293,102,1,37,22,7,47,7,37,118,11,45,9,46,78,2,11,16,2,6,11,0,1,0,17,4,7,2,0,1,2,7,12,4,4,3,1,3,2,0,2,1,0,0,0,1,0,0,0,0,0,0,0,0,0,0,0,0,0,9,3,2,0,5,1,0,0,0,0,0,3,2,1,0,0,0,5,1,2,0,2,0,1,1,0,1,0,0,7,6
33 - Φθιώτιδας,168 E.T. Δήμου Λαμιέων,556,323,8,0,8,315,103,5,30,28,7,23,12,38,155,12,44,15,60,93,7,22,12,1,4,6,1,1,0,17,1,8,0,0,0,1,11,2,0,0,1,1,0,0,0,1,1,0,0,0,1,0,0,2,2,1,1,0,0,1,0,1,2,1,11,5,2,5,0,0,0,0,0,0,0,1,0,0,0,0,0,4,0,0,0,0,1,1,1,1,0,0,0,3,0
33 - Φθιώτιδας,169 E.T. Δήμου Λαμιέων,548,306,3,2,5,301,107,6,32,27,6,22,9,38,127,12,47,25,30,63,3,27,7,2,1,5,1,0,0,10,1,3,0,0,1,1,4,11,1,3,0,3,5,1,0,2,1,0,0,0,1,0,0,0,0,0,3,0,1,2,1,0,0,0,11,2,1,3,1,1,1,0,0,0,0,0,0,0,0,0,0,16,4,3,3,2,3,1,0,0,0,1,1,5,4
33 - Φθιώτιδας,170 E.T. Δήμου Λαμιέων,563,348,4,2,6,342,123,8,51,24,1,26,13,58,135,13,40,15,52,62,3,16,10,0,3,5,0,0,1,21,3,4,3,4,0,2,16,20,3,0,5,2,8,1,2,3,1,1,1,1,1,0,0,0,0,0,1,0,0,0,0,1,1,0,10,4,0,0,1,0,0,0,0,0,0,0,0,0,0,0,0,11,5,3,0,3,1,4,1,0,2,0,0,3,3
33 - Φθιώτιδας,171 E.T. Δήμου Λαμιέων,541,401,2,3,5,396,127,5,37,25,7,26,18,47,166,16,55,34,60,70,6,21,17,2,2,10,2,2,0,26,2,7,2,4,2,1,20,8,0,0,2,0,2,0,0,5,0,1,0,1,0,0,0,1,1,1,2,0,1,1,0,0,0,0,24,6,8,5,7,4,1,0,0,0,0,1,1,1,0,0,0,4,0,0,2,2,1,5,1,0,2,0,2,8,5
33 - Φθιώτιδας,172 E.T. Δήμου Λαμιέων,547,370,17,1,18,352,115,5,37,28,1,27,11,53,167,12,49,22,65,88,7,20,12,0,5,10,0,1,1,19,3,6,0,0,1,3,15,8,3,1,1,0,4,5,1,5,1,0,0,0,2,0,0,1,0,0,0,0,0,0,0,0,0,0,10,1,2,2,4,1,0,0,0,1,1,1,0,0,0,0,0,6,1,1,1,1,2,1,0,0,0,0,0,6,2
33 - Φθιώτιδας,173 E.T. Δήμου Λαμιέων,528,365,3,6,9,356,138,11,47,42,10,24,13,48,134,26,39,25,43,61,4,19,16,3,6,12,0,1,2,20,3,1,2,0,1,2,13,10,2,1,0,1,5,1,0,8,3,1,0,0,3,0,0,1,0,0,2,0,2,0,0,0,0,0,13,2,1,3,9,0,0,0,0,0,0,0,0,2,1,2,0,9,2,0,0,0,1,2,2,0,1,1,0,1,1
33 - Φθιώτιδας,174 E.T. Δήμου Λαμιέων,539,358,6,2,8,350,114,3,31,33,2,29,9,47,134,13,47,19,49,67,4,25,11,1,4,9,0,0,2,20,3,4,1,0,0,0,14,13,1,5,0,3,6,0,0,4,1,0,0,0,1,0,0,2,0,0,5,1,3,4,0,1,0,0,19,11,2,1,8,2,1,0,1,0,0,0,0,2,0,0,0,7,0,1,1,1,1,8,0,1,1,1,0,10,6
33 - Φθιώτιδας,175 E.T. Δήμου Λαμιέων,545,349,3,0,3,346,118,3,30,23,6,27,14,71,133,10,42,11,53,64,1,21,34,0,10,23,1,6,2,14,1,1,1,1,0,0,9,17,3,1,0,5,7,0,0,2,1,0,0,0,0,0,0,0,0,0,3,0,3,0,0,0,0,0,6,1,4,0,3,1,0,0,0,0,0,2,2,1,1,0,0,14,1,0,1,2,2,2,0,0,0,0,2,0,0
33 - Φθιώτιδας,176 E.T. Δήμου Λαμιέων,562,332,0,3,3,329,149,5,35,49,23,31,12,64,112,16,30,19,24,41,6,30,9,1,2,6,1,0,0,10,0,2,1,0,2,0,8,17,3,1,4,3,5,2,0,3,0,0,1,0,1,0,0,0,0,0,1,0,1,1,0,0,0,0,8,1,3,1,2,1,0,0,0,0,0,1,0,0,0,0,0,12,0,1,0,1,1,2,0,0,0,0,0,5,3
33 - Φθιώτιδας,177 E.T. Δήμου Λαμιέων,529,380,16,1,17,363,134,12,22,34,10,33,5,65,127,14,41,24,42,50,3,19,10,1,0,3,0,1,1,34,4,3,1,2,1,0,19,16,4,5,4,0,7,2,1,5,2,0,0,0,0,0,0,1,0,1,0,0,0,0,0,0,0,0,14,3,0,3,3,1,0,0,0,0,0,0,0,0,0,0,0,8,1,0,3,1,1,5,1,1,0,3,4,9,7
33 - Φθιώτιδας,178 E.T. Δήμου Λαμιέων,560,387,3,1,4,383,141,5,26,39,4,31,10,55,141,5,67,25,51,56,2,24,10,1,2,6,1,2,1,40,4,2,1,5,4,0,29,8,0,3,1,1,1,1,0,4,0,0,0,0,0,0,0,1,1,0,0,0,0,0,0,0,0,0,16,4,5,5,3,1,0,0,0,0,0,0,0,0,0,0,0,8,2,0,1,1,2,6,2,0,0,1,1,8,7
33 - Φθιώτιδας,179 E.T. Δήμου Λαμιέων,564,383,1,1,2,381,140,10,24,44,11,28,12,80,148,10,82,28,49,62,4,18,10,0,3,9,0,1,2,31,8,3,3,5,3,2,19,13,2,7,0,2,4,1,0,4,3,0,0,0,2,0,0,5,2,3,1,0,0,1,1,0,0,0,11,3,4,4,3,0,0,0,0,0,0,0,0,0,0,0,0,7,2,2,1,0,1,3,1,1,1,1,0,8,6
33 - Φθιώτιδας,180 E.T. Δήμου Λαμιέων,555,376,8,2,10,366,140,5,38,29,6,36,10,70,136,8,52,33,43,54,3,19,13,1,9,8,0,0,1,24,4,5,0,1,1,2,15,16,5,2,3,0,5,0,2,6,4,0,1,1,2,0,0,0,0,0,0,0,0,0,0,0,1,1,11,4,4,5,2,1,0,0,0,0,0,0,0,1,1,0,0,7,2,3,0,1,2,6,3,2,1,2,2,5,4
33 - Φθιώτιδας,181 E.T. Δήμου Λαμιέων,386,288,4,0,4,284,84,1,13,11,2,10,3,67,167,7,66,15,59,98,2,23,11,1,0,5,0,0,1,2,0,2,0,0,0,0,2,3,1,0,1,0,1,0,0,4,2,0,0,1,2,0,0,1,0,1,0,0,0,0,0,0,0,0,5,1,3,0,0,0,2,1,1,0,0,0,0,0,0,0,0,2,0,2,0,1,0,2,0,0,1,0,0,1,0
33 - Φθιώτιδας,182 E.T. Δήμου Λαμιέων,450,312,2,5,7,305,105,6,20,26,3,26,3,58,146,9,67,15,51,58,0,18,17,1,1,9,1,3,1,11,1,1,1,0,0,1,7,5,1,1,0,0,0,0,1,2,1,0,0,0,0,0,0,1,0,0,0,0,0,0,0,0,0,0,4,1,0,0,0,1,1,0,1,0,0,1,0,0,0,0,0,6,4,1,1,1,1,5,2,0,0,1,2,1,1
33 - Φθιώτιδας,183 E.T. Δήμου Λαμιέων,516,324,2,2,4,320,90,9,32,23,7,9,5,33,143,35,49,34,54,49,9,12,14,0,5,12,1,1,0,20,3,7,0,2,1,0,13,11,1,1,3,1,3,1,0,3,1,0,0,0,1,0,0,1,1,0,5,0,0,5,2,1,0,0,16,6,4,3,6,2,0,0,0,0,0,2,1,0,0,0,0,5,1,1,0,1,2,3,0,0,0,0,0,7,3
33 - Φθιώτιδας,184 E.T. Δήμου Λαμιέων,511,347,4,5,9,338,133,4,36,21,12,36,5,66,134,20,51,9,55,61,2,13,5,1,1,3,0,0,0,16,1,1,1,2,0,0,9,14,0,0,3,0,3,0,0,1,1,1,0,0,0,0,0,0,0,0,0,0,0,0,0,0,0,0,13,6,1,2,5,2,0,0,0,0,0,1,0,4,1,1,3,9,2,2,0,0,4,2,2,0,1,1,0,6,3
33 - Φθιώτιδας,185 E.T. Δήμου Λαμιέων,509,309,5,3,8,301,108,10,30,28,10,26,7,49,117,27,47,12,35,54,1,14,5,1,0,4,0,2,0,21,2,3,0,0,0,0,18,19,3,1,5,2,9,1,0,2,0,0,0,0,0,0,0,0,0,0,2,0,0,2,0,2,0,0,15,5,3,2,5,0,0,0,0,0,0,1,0,1,0,0,1,6,2,4,1,3,1,0,0,0,0,0,0,4,2
33 - Φθιώτιδας,186 E.T. Δήμου Λαμιέων,344,227,7,2,9,218,31,2,6,5,1,0,1,11,143,23,67,20,37,67,2,14,5,0,1,3,0,1,1,26,1,1,0,1,1,0,25,2,1,0,1,0,1,0,0,1,0,0,0,0,0,0,0,0,0,0,0,0,0,0,0,0,0,0,2,2,0,0,1,0,0,0,0,0,0,2,0,0,0,0,0,3,0,0,0,1,0,0,0,0,0,0,0,3,3
33 - Φθιώτιδας,187 E.T. Δήμου Λαμιέων,409,269,3,0,3,266,75,4,18,24,7,14,9,16,128,24,45,32,37,63,1,22,14,0,6,10,2,0,1,17,2,1,1,1,0,1,12,8,0,5,0,1,7,1,0,1,1,0,0,1,0,0,0,0,0,0,1,1,0,0,0,0,0,0,12,4,4,3,3,1,0,0,0,0,0,0,0,0,0,0,0,9,1,5,0,2,0,0,0,0,0,0,0,1,1
33 - Φθιώτιδας,188 E.T. Δήμου Λαμιέων,326,207,0,1,1,206,46,1,24,14,1,6,5,18,123,9,47,33,39,48,3,27,3,2,0,2,0,0,0,11,1,2,1,0,0,1,6,8,0,0,0,3,1,0,0,2,0,0,0,0,0,0,0,3,2,2,0,0,0,0,0,0,0,0,1,0,1,0,0,0,0,0,0,0,0,0,0,0,0,0,0,7,0,0,2,0,2,0,0,0,0,0,0,2,1
33 - Φθιώτιδας,189 E.T. Δήμου Λαμιέων,264,177,3,1,4,173,42,2,19,7,7,8,2,19,70,5,31,16,26,35,1,11,8,2,1,4,0,0,0,10,0,2,0,1,1,1,8,3,1,1,0,0,1,0,0,8,5,1,0,1,3,0,0,0,0,0,0,0,0,0,0,0,0,0,18,4,7,4,9,0,1,0,0,0,0,0,0,1,1,1,0,5,1,0,0,1,2,1,0,0,0,0,0,6,3
33 - Φθιώτιδας,190 E.T. Δήμου Λαμιέων,330,214,3,2,5,209,74,6,20,12,6,16,6,33,87,5,46,14,40,33,3,10,8,1,4,6,1,1,0,12,1,1,0,1,3,2,7,4,0,2,0,1,1,0,0,2,0,0,0,0,0,0,0,1,0,0,0,0,0,0,0,0,0,0,13,4,4,3,5,0,0,0,0,0,0,0,0,0,0,0,0,3,2,1,1,1,0,2,0,1,0,0,2,3,3
33 - Φθιώτιδας,191 E.T. Δήμου Λαμιέων,418,271,4,1,5,266,71,3,24,21,0,15,2,25,134,6,53,18,38,68,1,24,17,12,1,3,0,1,0,27,0,2,2,6,2,3,21,5,0,3,2,1,3,0,0,0,0,0,0,0,0,0,0,0,0,0,0,0,0,0,0,0,0,0,3,0,0,1,1,0,1,0,1,0,0,1,0,1,0,0,0,2,0,0,0,0,0,2,1,0,0,0,0,2,1
33 - Φθιώτιδας,192 E.T. Δήμου Λαμιέων,388,270,6,1,7,263,75,5,22,30,7,9,6,29,115,11,41,12,11,38,5,13,11,1,5,6,0,1,1,14,3,7,0,0,2,0,10,10,0,4,2,5,1,0,0,3,1,0,0,0,1,0,0,1,0,0,1,0,0,0,0,1,0,0,22,4,10,3,7,1,0,0,0,0,0,1,0,1,0,0,0,3,0,0,0,0,0,2,0,0,0,0,1,4,1
33 - Φθιώτιδας,193 E.T. Δήμου Λαμιέων,333,225,3,2,5,220,41,6,8,16,0,7,8,15,128,16,42,21,53,51,2,16,6,0,5,6,0,0,0,11,2,2,1,1,0,5,8,2,0,0,0,0,0,0,0,9,2,0,1,1,1,0,0,0,0,0,1,0,0,0,0,0,0,0,6,3,0,4,1,1,0,0,0,0,0,2,0,0,0,0,0,11,2,1,1,0,1,1,0,0,0,0,0,2,0
33 - Φθιώτιδας,194 E.T. Δήμου Λαμιέων,320,243,3,3,6,237,78,8,23,12,6,13,9,51,102,21,29,4,42,58,0,15,4,1,2,2,0,0,0,22,4,3,0,4,1,0,17,5,0,2,0,1,2,1,0,3,0,0,2,1,1,0,0,2,1,0,0,0,0,0,0,0,0,0,13,4,5,3,3,0,0,0,0,0,0,0,0,0,0,0,0,6,2,2,2,2,2,0,0,0,0,0,0,2,1
33 - Φθιώτιδας,195 E.T. Δήμου Λαμιέων,362,248,6,5,11,237,80,2,25,17,2,19,2,39,81,6,23,11,23,44,0,13,18,0,3,13,0,1,3,25,2,9,0,3,1,2,17,9,3,2,0,1,6,1,0,2,1,0,0,1,0,0,0,0,0,0,0,0,0,0,0,0,0,0,11,3,2,1,0,2,0,0,0,0,0,1,1,0,0,0,0,6,1,0,2,1,1,2,0,0,0,0,0,2,2
33 - Φθιώτιδας,196 E.T. Δήμου Λαμιέων,470,330,1,6,7,323,119,4,39,23,3,22,8,58,132,10,51,24,43,58,3,15,18,2,4,13,1,2,0,14,3,3,0,3,0,0,9,7,0,3,1,1,4,0,0,5,3,1,0,0,2,0,0,0,0,0,1,0,1,0,0,0,0,0,9,3,1,5,1,2,0,0,0,0,0,0,0,0,0,0,0,11,1,1,0,3,2,5,0,0,0,0,4,2,2
33 - Φθιώτιδας,197 E.T. Δήμου Λαμιέων,474,324,3,1,4,320,95,4,41,30,5,10,4,33,156,15,74,32,41,54,3,19,15,3,6,11,3,0,1,13,1,2,1,1,0,0,8,8,2,1,2,1,4,0,0,5,2,0,1,1,3,0,0,2,2,1,1,0,1,1,0,0,0,0,10,3,6,3,4,2,2,1,0,0,0,1,0,0,0,0,0,7,1,1,3,2,2,1,0,0,0,0,0,4,3
33 - Φθιώτιδας,198 E.T. Δήμου Λαμιέων,467,319,3,5,8,311,128,7,51,26,8,24,5,46,109,7,55,11,22,57,1,31,7,0,2,5,0,0,1,17,1,4,1,1,0,3,13,7,2,0,1,1,5,0,0,3,0,0,2,1,2,0,0,0,0,0,2,1,0,2,1,0,1,1,14,3,3,4,8,2,1,0,0,0,0,3,1,0,0,0,0,12,1,2,1,1,2,0,0,0,0,0,0,7,2
33 - Φθιώτιδας,199 E.T. Δήμου Λαμιέων,471,330,1,0,1,329,125,10,49,19,3,24,6,66,124,15,50,13,47,45,1,14,12,1,3,8,0,0,2,16,1,2,2,0,0,0,11,8,0,2,3,2,4,0,0,3,2,0,1,2,1,0,0,0,0,0,3,0,3,1,0,0,0,0,18,7,7,3,3,2,0,0,0,0,0,2,1,0,0,0,0,15,1,3,1,1,1,0,0,0,0,0,0,3,0
33 - Φθιώτιδας,200 E.T. Δήμου Λαμιέων,416,310,2,4,6,304,114,3,18,64,1,12,4,36,117,11,32,16,47,55,2,14,15,1,2,11,0,0,1,14,0,0,0,0,1,0,6,8,0,1,3,1,4,0,0,2,1,0,0,0,0,0,0,0,0,0,0,0,0,0,0,0,0,0,11,2,2,1,3,3,2,0,1,0,0,1,0,2,1,0,2,6,1,2,0,0,0,4,0,0,2,1,2,8,5
33 - Φθιώτιδας,201 E.T. Δήμου Λαμιέων,439,341,4,2,6,335,125,2,29,81,6,8,1,38,142,15,42,28,40,77,9,25,7,0,1,2,2,0,0,19,2,4,1,0,1,0,14,9,1,4,0,0,5,0,0,1,0,0,0,0,0,0,0,3,1,1,0,0,0,0,0,0,0,0,10,1,2,2,1,0,1,1,0,0,0,0,0,1,0,0,0,11,2,2,1,2,2,1,0,1,0,0,1,5,3
33 - Φθιώτιδας,202 E.T. Δήμου Λαμιέων,447,325,4,3,7,318,110,0,19,66,1,12,2,34,130,12,36,19,50,57,5,27,11,0,4,6,0,1,0,25,2,2,4,2,3,0,17,5,2,0,2,1,2,1,0,2,0,0,0,0,1,0,0,1,0,0,0,0,0,0,0,0,0,0,10,1,2,3,1,1,0,0,0,1,1,1,0,1,0,0,0,12,3,2,1,2,2,3,0,0,0,0,0,6,3
33 - Φθιώτιδας,203 E.T. Δήμου Λαμιέων,494,368,3,2,5,363,121,2,12,74,3,18,6,29,172,21,64,25,59,74,2,32,6,0,3,4,0,0,0,26,7,3,1,4,2,0,20,7,1,0,0,2,1,0,0,2,0,0,1,0,0,0,0,1,0,0,1,0,1,0,0,0,0,0,10,0,2,3,1,2,1,1,0,0,0,1,0,1,0,0,1,9,0,0,1,1,0,4,0,0,0,1,1,1,1
33 - Φθιώτιδας,204 E.T. Δήμου Λαμιέων,399,270,2,4,6,264,104,5,25,35,7,17,4,46,101,5,37,15,27,42,2,25,9,4,3,6,0,1,0,23,2,6,0,1,2,2,19,9,1,3,2,2,4,1,1,3,1,0,1,0,0,0,0,0,0,0,0,0,0,0,0,0,0,0,5,3,1,0,0,0,0,0,0,0,0,0,0,1,0,0,0,8,0,1,2,0,1,0,0,0,0,0,0,1,1
33 - Φθιώτιδας,205 E.T. Δήμου Λαμιέων,487,329,4,4,8,321,117,5,38,35,9,26,8,47,130,16,44,14,24,74,3,27,4,0,0,3,0,1,0,22,2,3,5,1,1,0,15,16,1,5,1,4,6,1,0,1,1,1,0,0,0,0,0,0,0,0,2,0,1,1,0,2,0,0,11,2,2,5,6,0,0,0,0,0,0,0,0,0,0,0,0,11,3,0,0,3,2,1,0,0,0,0,1,6,4
33 - Φθιώτιδας,206 E.T. Δήμου Λαμιέων,510,362,5,1,6,356,92,5,13,33,2,19,4,43,188,5,39,47,34,61,3,97,6,0,1,3,0,0,2,36,4,6,1,1,1,0,31,13,4,4,1,0,6,0,1,3,1,0,0,0,0,0,0,0,0,0,0,0,0,0,0,0,0,0,4,1,1,1,0,0,0,0,0,0,0,0,0,2,0,0,0,6,1,1,2,0,0,3,0,1,0,0,0,3,2
33 - Φθιώτιδας,207 E.T. Δήμου Λαμιέων,544,386,2,3,5,381,101,5,20,29,2,29,8,45,225,6,36,53,39,68,7,137,9,2,4,8,0,0,1,21,4,2,2,2,4,3,14,2,0,0,0,0,2,1,0,1,1,0,0,0,0,0,0,2,1,1,0,0,0,0,0,0,0,0,5,0,2,0,1,2,0,0,0,0,0,0,0,1,0,0,0,4,1,1,0,4,2,6,0,2,2,0,0,4,4
33 - Φθιώτιδας,208 E.T. Δήμου Λαμιέων,271,200,1,2,3,197,46,0,4,28,0,4,0,19,103,14,36,17,54,38,4,27,3,0,3,1,0,0,0,28,7,5,2,5,1,2,20,7,1,0,0,3,4,1,0,0,0,0,0,0,0,0,0,0,0,0,1,0,1,0,0,0,0,0,3,0,0,0,1,0,0,0,0,0,0,0,0,0,0,0,0,3,1,0,0,0,1,0,0,0,0,0,0,3,0
33 - Φθιώτιδας,209 E.T. Δήμου Λαμιέων,315,211,7,0,7,204,52,3,27,10,2,18,3,14,93,4,32,17,37,40,6,30,7,1,4,6,0,0,0,32,14,7,1,0,0,1,21,2,1,0,0,0,1,0,0,4,1,0,0,2,1,0,0,0,0,0,0,0,0,0,0,0,0,0,7,0,0,1,3,0,0,0,0,0,0,0,0,0,0,0,0,3,0,0,1,2,1,1,0,0,0,0,0,3,3
33 - Φθιώτιδας,210 E.T. Δήμου Λαμιέων,348,236,5,0,5,231,60,2,22,28,0,9,4,21,136,4,38,30,58,67,1,22,6,2,1,4,0,0,0,13,3,4,1,1,0,2,6,0,0,0,0,0,0,0,0,1,0,0,0,0,0,0,0,0,0,0,0,0,0,0,0,0,1,0,8,4,3,0,1,1,0,0,0,1,1,0,0,0,0,0,0,3,0,1,1,2,1,0,0,0,0,0,0,2,1
33 - Φθιώτιδας,211 E.T. Δήμου Λαμιέων,430,292,0,3,3,289,68,10,18,25,0,7,7,21,141,24,25,62,21,48,0,29,7,0,5,5,0,0,0,45,8,4,0,3,8,8,37,6,3,2,0,0,1,1,0,0,0,0,0,0,0,0,0,1,1,1,1,0,1,1,0,0,0,0,10,1,4,3,6,2,0,0,0,0,0,4,0,0,0,0,0,4,0,1,1,1,0,1,0,0,0,0,0,1,1
33 - Φθιώτιδας,212 E.T. Δήμου Λαμιέων,452,244,0,0,0,244,73,10,27,25,3,11,10,29,91,4,35,8,31,50,3,15,2,1,0,1,0,0,0,36,1,7,1,2,1,5,24,27,2,2,0,2,16,0,2,0,0,0,0,0,0,0,0,1,1,1,0,0,0,0,0,0,0,0,2,1,1,0,1,0,0,0,0,0,0,2,0,6,5,5,1,3,0,0,1,0,1,0,0,0,0,0,0,1,1
33 - Φθιώτιδας,213 E.T. Δήμου Λαμιέων,382,209,4,0,4,205,70,9,9,21,4,12,18,32,88,8,29,10,37,40,2,13,2,0,2,0,0,1,0,7,1,4,1,1,0,0,2,19,1,9,4,0,10,1,2,2,2,0,0,0,2,0,0,0,0,0,0,0,0,0,0,0,1,1,3,0,1,0,0,0,0,0,0,0,0,1,0,0,0,0,0,8,3,3,2,1,1,1,0,0,0,0,0,3,2
33 - Φθιώτιδας,214 E.T. Δήμου Λαμιέων,290,191,1,1,2,189,67,8,18,10,6,12,7,31,78,6,24,9,30,41,2,21,2,2,0,1,1,0,0,14,3,1,2,1,0,3,6,18,2,3,6,2,9,1,3,0,0,0,0,0,0,0,0,1,1,1,0,0,0,0,0,0,0,0,1,0,1,0,1,0,0,0,0,0,0,0,0,1,1,0,0,4,0,0,2,0,1,2,0,0,0,0,0,1,1
33 - Φθιώτιδας,215 E.T. Δήμου Λαμιέων,74,45,0,0,0,45,11,2,5,3,2,4,1,2,24,2,18,2,10,9,0,2,0,0,0,0,0,0,0,4,1,0,0,1,0,0,3,0,0,0,0,0,0,0,0,0,0,0,0,0,0,0,0,0,0,0,0,0,0,0,0,0,0,0,0,0,0,0,0,0,0,0,0,0,0,0,0,0,0,0,0,4,0,3,0,4,0,2,2,0,0,0,2,0,0
33 - Φθιώτιδας,216 E.T. Δήμου Λαμιέων,252,172,1,1,2,170,69,8,23,15,1,25,4,14,55,0,6,12,28,21,0,8,1,0,1,0,0,0,0,14,1,1,0,0,1,1,9,7,1,0,0,0,1,0,1,4,3,1,0,1,0,0,0,1,0,0,0,0,0,0,0,0,0,0,8,3,2,1,0,1,0,0,0,0,0,1,1,0,0,0,0,4,2,1,1,0,0,4,0,1,2,0,0,2,2
33 - Φθιώτιδας,217 E.T. Δήμου Λαμιέων,157,114,0,1,1,113,53,4,21,6,4,20,5,14,41,1,14,3,33,10,0,9,1,0,0,1,0,1,0,9,1,2,0,0,2,0,7,2,0,0,0,0,1,0,0,0,0,0,0,0,0,0,0,0,0,0,0,0,0,0,0,0,0,0,3,0,1,1,2,0,0,0,0,0,0,0,0,0,0,0,0,1,0,0,0,0,0,2,0,0,0,0,0,1,1
33 - Φθιώτιδας,218 E.T. Δήμου Λαμιέων,91,63,0,0,0,63,20,0,14,10,0,12,0,4,39,4,5,20,13,13,3,7,0,0,0,0,0,0,0,3,0,2,0,0,0,0,3,1,0,0,0,0,0,0,0,0,0,0,0,0,0,0,0,0,0,0,0,0,0,0,0,0,0,0,0,0,0,0,0,0,0,0,0,0,0,0,0,0,0,0,0,0,0,0,0,0,0,0,0,0,0,0,0,0,0
33 - Φθιώτιδας,219 E.T. Δήμου Λαμιέων,197,127,3,0,3,124,41,4,7,15,0,11,2,9,47,3,22,4,32,14,1,1,1,0,0,1,0,0,0,10,1,1,0,0,1,1,6,15,1,0,2,1,5,1,0,0,0,0,0,0,0,0,0,0,0,0,0,0,0,0,0,0,0,0,6,3,1,0,2,0,0,0,0,0,0,1,0,0,0,0,0,1,0,1,0,0,0,0,0,0,0,0,0,2,1
33 - Φθιώτιδας,220 E.T. Δήμου Λαμιέων,60,37,0,0,0,37,18,3,10,4,1,4,4,6,8,1,1,1,4,6,0,3,1,1,0,1,0,0,0,5,0,0,0,4,0,1,5,1,1,0,0,1,0,0,0,2,0,1,1,0,2,0,0,0,0,0,0,0,0,0,0,0,0,0,1,0,0,1,1,0,0,0,0,0,0,0,0,0,0,0,0,0,0,0,0,0,0,0,0,0,0,0,0,1,1
33 - Φθιώτιδας,221 E.T. Δήμου Λαμιέων,280,172,0,1,1,171,46,7,15,21,2,4,1,21,78,13,15,14,33,38,3,18,4,0,0,3,1,0,1,11,3,0,0,1,1,1,10,13,2,2,7,0,4,2,1,1,0,0,0,0,0,0,0,0,0,0,0,0,0,0,0,0,0,0,9,2,3,5,2,1,0,0,0,1,0,0,0,0,0,0,0,6,1,1,0,1,0,0,0,0,0,0,0,2,2
33 - Φθιώτιδας,222 E.T. Δήμου Λαμιέων,365,251,1,2,3,248,70,4,16,10,1,17,2,18,110,5,23,12,48,56,1,21,11,1,4,6,0,0,0,13,1,0,0,0,0,0,13,17,2,4,5,1,8,0,0,5,1,0,0,0,0,0,0,1,0,0,0,0,0,0,0,0,0,0,8,2,1,1,2,2,0,0,0,0,0,1,0,0,0,0,0,7,3,2,1,1,3,2,0,0,0,0,1,3,3
33 - Φθιώτιδας,223 E.T. Δήμου Λαμιέων,320,232,3,0,3,229,62,4,12,18,2,14,8,17,101,22,20,34,41,29,1,16,2,0,0,2,0,0,1,19,0,6,0,0,0,3,17,16,4,2,1,0,8,0,0,4,0,0,0,0,0,0,0,0,0,0,0,0,0,0,0,0,0,0,14,3,3,1,1,1,0,0,0,0,0,4,1,0,0,0,0,5,1,3,1,0,0,0,0,0,0,0,0,2,0
33 - Φθιώτιδας,224 E.T. Δήμου Λαμιέων,513,364,3,4,7,357,73,4,18,23,2,23,4,30,163,9,78,26,71,48,6,37,6,0,4,2,0,0,0,27,3,4,1,2,2,2,21,18,2,1,2,1,9,1,1,0,0,0,0,0,0,0,0,0,0,0,22,0,0,7,3,22,0,0,8,2,1,3,4,1,0,0,0,0,0,3,0,0,0,0,0,25,4,3,3,4,3,5,1,1,0,0,1,7,6
33 - Φθιώτιδας,225 E.T. Δήμου Λαμιέων,168,113,0,0,0,113,29,0,8,7,3,2,0,15,45,2,23,4,15,19,0,5,2,0,1,2,0,0,0,21,5,2,0,11,2,0,10,8,0,2,0,1,6,2,0,1,1,0,0,1,0,0,0,0,0,0,0,0,0,0,0,0,0,0,3,0,0,0,0,0,1,1,1,0,0,1,1,1,0,0,0,1,0,0,1,0,1,0,0,0,0,0,0,0,0
33 - Φθιώτιδας,226 E.T. Δήμου Λαμιέων,400,265,3,2,5,260,113,1,17,9,3,56,4,43,108,4,22,16,46,50,2,28,6,0,1,1,0,0,0,11,2,4,0,1,0,0,7,9,2,0,0,3,1,2,2,1,1,0,0,0,0,0,0,0,0,0,0,0,0,0,0,0,0,0,7,2,2,1,0,2,0,0,0,0,0,0,0,0,0,0,0,4,1,1,1,0,0,0,0,0,0,0,0,1,0
33 - Φθιώτιδας,227 E.T. Δήμου Λαμιέων,441,279,9,1,10,269,122,4,24,31,8,48,6,48,93,2,43,9,23,45,2,21,7,2,3,6,1,0,0,17,0,3,0,0,1,0,13,15,3,2,2,0,7,3,0,0,0,0,0,0,0,0,0,0,0,0,1,1,0,0,0,0,0,0,2,0,0,0,0,0,0,0,0,1,0,2,0,0,0,0,0,4,0,0,0,0,0,1,0,0,0,0,0,4,2
33 - Φθιώτιδας,228 E.T. Δήμου Λαμιέων,121,79,2,1,3,76,17,3,9,4,1,1,2,6,29,2,6,3,8,22,3,6,7,0,3,5,0,1,0,7,1,3,0,2,1,0,4,8,3,1,2,1,1,0,0,2,1,0,0,1,0,0,0,0,0,0,0,0,0,0,0,0,0,0,0,0,0,0,0,0,0,0,0,0,0,0,0,0,0,0,0,1,1,1,0,0,0,0,0,0,0,0,0,5,4
33 - Φθιώτιδας,229 E.T. Δήμου Λαμιέων,193,96,0,3,3,93,26,3,4,8,1,4,1,13,39,2,14,7,13,18,0,10,1,0,0,1,0,0,0,9,0,1,0,0,0,0,6,3,0,0,1,0,1,0,0,2,1,0,0,0,0,0,0,0,0,0,3,0,0,0,0,3,0,0,7,1,3,1,3,1,0,0,0,0,0,0,0,0,0,0,0,2,1,1,1,0,1,1,1,0,1,0,0,0,0
33 - Φθιώτιδας,230 E.T. Δήμου Λαμιέων,156,93,1,1,2,91,38,0,15,19,1,16,1,6,40,2,18,9,11,16,2,5,6,0,5,3,0,0,1,2,0,0,0,0,0,0,0,0,0,0,0,0,0,0,0,0,0,0,0,0,0,0,0,0,0,0,1,0,0,0,1,0,0,0,4,1,0,1,0,1,0,0,0,0,0,0,0,0,0,0,0,0,0,0,0,0,0,0,0,0,0,0,0,0,0
33 - Φθιώτιδας,231 E.T. Δήμου Λαμιέων,209,133,0,0,0,133,26,4,11,7,0,4,0,8,75,4,16,13,25,47,1,8,4,0,1,3,1,0,0,16,2,1,0,0,0,0,14,2,2,0,0,0,0,0,2,1,1,1,0,0,0,0,0,0,0,0,0,0,0,0,0,0,0,0,5,4,2,1,2,0,1,0,0,0,0,0,0,0,0,0,0,1,1,1,0,0,0,0,0,0,0,0,0,2,2
33 - Φθιώτιδας,232 E.T. Δήμου Λαμιέων,337,247,6,1,7,240,74,5,16,19,3,9,4,11,112,10,26,17,35,68,5,17,4,0,0,2,0,1,0,25,6,3,1,3,2,0,17,3,0,0,0,0,0,0,0,3,3,0,0,0,1,0,0,1,0,0,0,0,0,0,0,0,10,0,0,0,0,0,0,0,0,0,0,0,0,0,0,0,0,0,0,7,1,0,0,2,0,0,0,0,0,0,0,1,1
33 - Φθιώτιδας,233 E.T. Δήμου Λαμιέων,184,144,1,1,2,142,43,3,10,13,0,3,9,17,75,1,31,23,25,44,3,6,1,0,0,1,0,0,0,15,0,1,0,2,0,0,15,2,0,0,0,0,0,0,0,2,0,0,0,0,0,0,0,0,0,0,0,0,0,0,0,0,0,0,1,0,0,0,0,0,0,0,0,0,0,0,0,1,0,0,0,0,0,0,0,0,0,0,0,0,0,0,0,2,2
33 - Φθιώτιδας,234 E.T. Δήμου Λαμιέων,234,165,0,1,1,164,54,2,7,8,1,17,7,15,79,7,9,19,39,22,15,5,5,0,3,3,0,0,0,11,2,0,1,0,2,1,9,4,0,1,0,2,0,0,0,2,1,0,1,0,0,0,0,0,0,0,0,0,0,0,0,0,0,0,4,1,1,2,1,1,0,0,0,0,0,0,0,0,0,0,0,1,0,0,0,0,0,0,0,0,0,0,0,4,1
33 - Φθιώτιδας,235 E.T. Δήμου Λοκρών,505,332,0,2,2,330,135,4,30,4,1,2,1,118,107,9,20,12,48,44,2,21,12,2,1,5,0,0,0,24,0,0,0,2,11,2,17,11,2,1,0,1,2,6,3,4,2,0,1,0,0,0,0,0,0,0,2,2,0,2,0,0,1,0,9,4,0,1,2,1,0,0,0,0,0,1,0,1,0,0,1,19,2,1,14,0,0,1,0,0,0,0,0,3,3
33 - Φθιώτιδας,236 E.T. Δήμου Λοκρών,557,386,7,6,13,373,125,2,26,6,2,4,2,105,145,19,31,21,54,67,3,51,8,1,2,4,0,0,0,36,0,1,3,3,10,11,20,13,0,1,0,1,2,8,5,1,0,0,0,0,0,0,0,0,0,0,0,0,0,0,0,0,0,0,15,2,4,3,9,0,2,1,2,0,0,1,0,2,1,0,0,19,0,2,9,1,1,0,0,0,0,0,0,6,3
33 - Φθιώτιδας,237 E.T. Δήμου Λοκρών,539,352,6,1,7,345,146,6,28,6,3,8,0,120,117,11,19,19,35,53,4,29,8,1,1,2,0,1,0,28,0,1,2,0,7,5,21,13,0,1,1,0,1,9,7,3,1,0,0,1,0,0,0,0,0,0,2,1,0,0,0,0,0,0,10,0,3,2,0,2,1,0,1,0,0,1,1,1,0,0,0,6,0,0,5,0,0,4,3,1,0,0,0,5,1
33 - Φθιώτιδας,238 E.T. Δήμου Λοκρών,507,345,5,1,6,339,146,4,22,9,1,11,4,117,108,11,26,21,46,46,4,14,15,2,0,10,4,3,0,17,0,2,0,0,4,3,12,18,2,0,0,0,3,7,1,4,0,0,0,0,0,0,0,1,1,1,0,0,0,0,0,0,0,0,8,1,1,1,4,2,0,0,0,0,0,2,0,1,1,0,0,15,1,1,12,0,1,0,0,0,0,0,0,4,0
33 - Φθιώτιδας,239 E.T. Δήμου Λοκρών,508,300,11,3,14,286,114,6,20,4,3,1,2,98,102,14,21,14,40,0,1,20,6,0,1,3,0,0,1,16,0,1,0,1,5,2,12,12,1,1,0,1,0,7,4,6,0,0,1,0,0,0,0,2,0,0,1,1,0,1,0,0,0,0,6,0,1,1,1,0,1,1,1,0,0,2,2,0,0,0,0,11,1,1,9,0,0,3,2,2,0,0,1,4,3
33 - Φθιώτιδας,240 E.T. Δήμου Λοκρών,508,331,10,1,11,320,145,3,27,13,3,4,4,120,99,16,21,13,41,40,0,24,7,0,0,6,0,0,1,23,0,3,2,0,4,2,16,9,0,0,0,0,0,9,2,1,1,0,0,0,0,0,0,0,0,0,0,0,0,0,0,0,1,1,9,4,1,1,1,1,0,0,0,0,0,1,0,1,0,0,0,19,0,2,12,1,1,1,0,0,0,0,1,4,2
33 - Φθιώτιδας,241 E.T. Δήμου Λοκρών,536,313,1,6,7,306,117,3,19,8,3,5,0,98,124,9,15,16,86,84,2,25,7,3,0,2,0,0,0,15,2,0,0,3,5,0,11,14,0,2,0,0,1,8,5,1,0,0,0,0,0,0,0,0,0,0,0,0,0,0,0,0,1,0,8,1,0,2,4,1,0,0,0,1,0,1,1,1,0,0,0,12,0,0,10,0,0,0,0,0,0,0,0,4,3
33 - Φθιώτιδας,242 E.T. Δήμου Λοκρών,529,351,3,3,6,345,133,3,32,9,1,1,3,108,138,17,31,15,38,62,3,30,8,2,0,3,0,0,0,17,1,1,0,0,3,2,16,11,2,1,0,0,0,4,2,1,0,0,0,0,0,0,0,4,2,2,0,0,0,0,0,0,1,0,6,2,1,1,1,1,0,0,0,0,0,1,1,0,0,0,0,14,0,0,8,0,0,1,1,0,1,0,0,10,4
33 - Φθιώτιδας,243 E.T. Δήμου Λοκρών,505,331,6,2,8,323,133,5,20,15,2,6,2,115,104,12,21,12,33,58,1,25,12,0,3,9,4,2,2,31,1,0,0,1,6,5,16,12,1,0,0,0,0,8,5,2,1,0,0,0,1,0,0,1,1,1,4,4,1,0,0,0,0,0,6,3,1,0,5,1,0,0,0,0,0,2,1,2,0,1,0,8,0,0,6,0,0,2,0,1,0,0,0,4,1
33 - Φθιώτιδας,244 E.T. Δήμου Λοκρών,384,248,3,1,4,244,61,5,5,1,2,6,1,48,119,16,3,18,66,61,1,28,7,1,0,6,0,1,3,21,3,1,0,1,7,5,14,16,1,0,0,1,3,12,7,3,0,0,0,0,0,0,0,0,0,0,0,0,0,0,0,0,0,0,11,1,4,1,4,0,0,0,0,1,0,2,0,0,0,0,0,1,0,0,1,0,0,0,0,0,0,0,0,2,1
33 - Φθιώτιδας,245 E.T. Δήμου Λοκρών,352,223,3,0,3,220,49,2,1,3,1,3,1,43,102,16,2,5,46,54,1,34,2,0,0,1,0,0,0,33,5,0,1,1,5,8,24,16,0,1,0,0,2,10,5,0,0,0,0,0,0,0,0,0,0,0,0,0,0,0,0,0,0,0,8,1,0,1,3,0,0,0,0,0,0,0,0,0,0,0,0,4,0,2,1,1,0,0,0,0,0,0,0,6,3
33 - Φθιώτιδας,246 E.T. Δήμου Λοκρών,539,323,1,3,4,319,76,7,6,11,5,6,2,54,175,21,14,37,74,87,0,42,11,3,0,6,1,2,0,23,11,2,0,0,5,2,16,9,0,0,1,1,1,2,3,2,1,0,0,1,0,0,0,1,1,1,0,0,0,0,0,0,0,0,9,2,2,0,3,0,1,1,1,0,0,0,0,1,0,0,0,5,2,1,2,1,0,2,0,1,0,0,1,4,3
33 - Φθιώτιδας,247 E.T. Δήμου Λοκρών,203,149,3,1,4,145,59,3,19,5,0,4,3,37,42,3,15,10,24,14,0,4,6,0,2,4,1,0,0,14,2,0,0,1,9,0,10,3,1,1,0,0,0,0,0,0,0,0,0,0,0,0,0,0,0,0,0,0,0,0,0,0,0,0,10,2,5,2,4,0,0,0,0,0,0,0,0,0,0,0,0,9,0,1,7,0,0,0,0,0,0,0,0,2,0
33 - Φθιώτιδας,248 E.T. Δήμου Λοκρών,270,175,9,0,9,166,39,3,5,2,0,3,0,29,68,2,10,4,14,40,2,13,12,3,1,6,2,4,0,24,6,1,0,0,10,4,12,2,0,0,0,0,0,0,0,1,0,0,0,0,0,0,0,0,0,0,0,0,0,0,0,0,3,3,5,0,0,3,1,0,0,0,0,0,0,1,1,1,0,0,0,7,2,1,4,1,0,2,0,0,0,0,0,1,0
33 - Φθιώτιδας,249 E.T. Δήμου Λοκρών,337,211,4,1,5,206,62,4,8,3,2,4,3,41,80,2,7,6,18,48,6,16,15,4,1,6,1,1,1,33,4,1,2,1,12,3,14,5,0,0,0,0,0,3,3,1,0,0,0,0,0,0,0,0,0,0,0,0,0,0,0,0,0,0,3,2,0,0,2,0,1,1,1,0,0,0,0,1,1,0,1,2,0,1,0,0,1,0,0,0,0,0,0,3,1
33 - Φθιώτιδας,250 E.T. Δήμου Λοκρών,368,259,5,1,6,253,74,7,1,3,5,4,3,62,112,8,16,21,37,42,4,30,11,5,3,3,0,2,0,10,2,1,0,0,4,1,3,4,1,0,1,0,1,1,0,0,0,0,0,0,0,0,0,0,0,0,0,0,0,0,0,0,0,0,7,4,0,0,3,2,0,0,0,0,0,2,1,0,0,0,0,30,2,0,28,0,5,0,0,0,0,0,0,3,1
33 - Φθιώτιδας,251 E.T. Δήμου Λοκρών,335,243,5,0,5,238,98,8,18,4,1,3,4,83,63,6,13,13,17,20,4,17,2,2,2,0,0,0,0,21,3,0,0,0,7,3,15,39,1,1,1,0,1,32,24,2,2,0,0,0,0,0,0,0,0,0,4,2,0,0,0,1,0,0,1,0,0,0,0,0,0,0,0,0,0,1,0,0,0,0,0,5,2,0,2,0,0,0,0,0,0,0,0,2,1
33 - Φθιώτιδας,252 E.T. Δήμου Λοκρών,370,252,2,0,2,250,84,7,14,4,4,9,4,63,84,6,9,19,24,49,3,12,1,0,0,1,0,0,0,27,2,0,1,3,11,2,22,36,0,0,2,0,0,32,17,1,0,0,0,1,0,0,0,0,0,0,1,1,0,0,0,0,0,0,1,0,1,0,1,0,0,0,0,1,0,2,0,0,0,0,0,8,0,1,2,0,1,0,0,0,0,0,0,4,1
33 - Φθιώτιδας,253 E.T. Δήμου Λοκρών,476,333,3,2,5,328,91,25,13,2,1,7,2,76,143,11,22,14,67,78,2,33,18,4,4,14,4,2,0,17,0,1,2,0,17,0,5,14,3,0,2,1,2,7,8,0,0,0,0,0,0,0,0,1,0,0,3,2,0,0,1,1,0,0,15,4,2,6,5,0,5,0,4,0,0,1,0,1,1,0,1,12,1,0,3,2,2,2,0,0,0,0,0,5,3
33 - Φθιώτιδας,254 E.T. Δήμου Λοκρών,468,340,4,1,5,335,82,24,8,1,3,2,3,60,169,12,29,14,91,75,8,24,14,0,0,9,3,1,0,23,2,1,0,0,14,0,4,8,2,0,0,0,1,3,3,3,0,0,1,1,0,0,0,2,0,0,0,0,0,0,0,0,0,0,18,4,2,1,3,2,0,0,0,0,0,0,0,0,0,0,0,11,1,1,6,2,0,2,0,0,1,0,0,3,0
33 - Φθιώτιδας,255 E.T. Δήμου Λοκρών,479,346,3,0,3,343,66,12,5,1,1,9,0,48,177,14,33,18,72,87,7,36,19,1,3,11,3,4,0,29,1,0,0,1,23,3,13,6,1,0,0,0,1,2,1,0,0,0,0,0,0,0,0,2,1,1,0,0,0,0,0,0,0,0,20,3,4,1,6,1,0,0,0,0,0,2,1,0,0,0,0,10,0,1,9,1,0,2,1,1,2,0,0,10,8
33 - Φθιώτιδας,256 E.T. Δήμου Λοκρών,470,326,9,0,9,317,78,17,8,3,0,11,1,63,150,16,22,19,56,53,3,22,11,1,0,5,2,0,1,24,0,0,3,1,15,0,9,11,2,0,0,0,0,8,6,1,1,0,0,0,0,0,0,3,1,1,1,1,0,1,0,0,0,0,14,4,3,7,3,1,0,0,0,1,0,1,0,0,0,0,0,16,2,1,11,0,4,4,1,0,2,1,0,2,1
33 - Φθιώτιδας,257 E.T. Δήμου Λοκρών,492,369,4,3,7,362,100,29,16,5,1,5,2,73,171,14,34,14,83,64,5,26,12,0,1,8,3,0,0,23,1,0,0,0,18,0,5,10,0,0,0,1,1,6,2,4,0,0,0,0,0,0,0,0,0,0,0,0,0,0,0,0,0,0,17,4,5,3,2,2,1,0,1,0,0,0,0,1,0,0,0,18,2,1,9,1,1,0,0,0,0,0,0,5,3
33 - Φθιώτιδας,258 E.T. Δήμου Λοκρών,457,307,4,1,5,302,92,20,18,4,5,4,5,62,136,35,15,18,44,61,9,29,7,1,0,2,1,0,0,22,1,1,1,1,13,1,9,14,2,1,0,1,1,3,1,1,0,0,0,0,0,0,0,0,0,0,0,0,0,0,0,0,0,0,8,2,3,1,0,0,0,0,0,0,0,1,1,1,1,0,0,15,2,0,7,1,0,1,0,0,0,0,0,4,2
33 - Φθιώτιδας,259 E.T. Δήμου Λοκρών,467,344,0,4,4,340,104,22,14,8,5,8,8,71,132,25,5,18,45,46,4,31,16,5,5,11,0,1,0,38,6,5,0,1,16,6,28,17,1,2,0,0,7,10,2,4,1,0,1,1,0,0,0,1,0,0,1,0,1,0,0,0,1,0,6,1,1,2,0,0,0,0,0,0,0,3,0,1,0,0,0,13,2,1,5,1,0,1,0,0,0,0,0,2,0
33 - Φθιώτιδας,260 E.T. Δήμου Λοκρών,178,116,1,0,1,115,28,0,6,2,0,0,1,22,64,1,2,13,28,33,1,16,8,0,0,1,2,0,0,9,0,1,0,1,3,2,4,0,0,0,0,0,0,0,0,0,0,0,0,0,0,0,0,1,0,0,0,0,0,0,0,0,0,0,1,0,0,0,1,1,0,0,0,0,0,0,0,1,0,0,0,2,0,0,1,0,0,0,0,0,0,0,0,1,0
33 - Φθιώτιδας,261 E.T. Δήμου Λοκρών,519,368,1,3,4,364,145,17,29,15,7,14,3,110,163,19,12,22,58,107,7,50,4,1,0,1,1,0,0,18,2,0,2,2,7,4,11,9,1,0,0,1,3,2,2,4,2,0,1,1,0,0,0,1,0,1,2,1,0,1,1,1,0,0,10,3,1,1,4,3,0,0,0,0,0,1,0,1,1,1,0,4,1,2,2,1,1,1,1,0,0,1,0,1,0
33 - Φθιώτιδας,262 E.T. Δήμου Λοκρών,512,372,5,2,7,365,146,13,45,16,5,7,4,102,133,16,15,20,60,70,2,22,10,3,3,3,0,0,0,25,1,2,2,2,1,2,10,20,0,2,1,0,6,8,10,4,2,0,2,0,0,0,0,1,1,1,1,0,0,1,1,0,0,0,11,5,4,0,0,2,1,0,0,0,0,1,0,1,1,0,0,8,2,1,4,2,0,2,1,0,0,0,0,1,0
33 - Φθιώτιδας,263 E.T. Δήμου Λοκρών,517,355,5,3,8,347,105,5,29,9,3,9,4,95,160,16,31,19,52,83,6,102,7,1,1,4,0,0,0,22,4,1,3,0,7,1,16,13,0,1,0,1,2,6,5,2,1,1,0,0,1,0,0,3,2,1,0,0,0,0,0,0,1,1,15,3,1,2,4,4,2,2,1,1,1,0,0,2,1,0,1,7,0,2,4,1,0,2,0,2,0,1,0,5,5
33 - Φθιώτιδας,264 E.T. Δήμου Λοκρών,508,328,11,3,14,314,89,6,24,7,5,8,7,64,151,20,21,27,56,91,9,33,3,1,0,2,0,1,0,21,2,3,3,3,9,3,10,17,1,1,0,2,5,10,11,2,1,0,1,0,0,0,0,0,0,0,2,0,1,0,0,0,0,0,15,5,1,3,5,2,0,0,0,0,0,1,0,1,1,0,0,8,2,2,2,0,0,1,0,1,0,0,1,3,0
33 - Φθιώτιδας,265 E.T. Δήμου Λοκρών,512,335,1,1,2,333,111,7,26,10,4,12,5,78,148,11,23,20,50,87,3,43,10,0,1,5,1,1,1,30,1,0,5,0,14,3,22,16,0,0,0,0,7,6,10,0,0,0,0,0,0,0,0,0,0,0,0,0,0,0,0,0,0,0,9,4,3,4,0,1,0,0,0,1,0,0,0,1,0,0,0,5,1,0,1,1,2,1,0,0,0,0,0,1,1
33 - Φθιώτιδας,266 E.T. Δήμου Λοκρών,507,352,5,4,9,343,117,9,36,13,3,7,3,81,152,8,29,14,61,83,0,40,3,0,0,3,1,1,0,36,6,5,2,1,16,4,27,8,0,1,0,0,2,0,5,1,0,0,0,0,0,0,0,1,1,1,2,0,1,1,0,1,0,0,6,0,1,2,1,0,1,0,0,0,0,2,1,0,0,0,0,5,3,0,0,1,0,2,1,0,1,0,0,7,2
33 - Φθιώτιδας,267 E.T. Δήμου Λοκρών,504,351,3,3,6,345,128,7,27,21,5,15,5,103,157,15,22,20,66,84,10,37,9,2,4,5,0,2,0,17,1,4,2,2,5,0,10,12,2,1,0,0,1,5,6,1,0,0,0,0,0,0,0,1,0,0,0,0,0,0,0,0,0,0,6,2,1,0,3,1,0,0,0,0,0,2,0,0,0,0,0,4,1,0,1,1,1,2,0,0,1,0,0,6,3
33 - Φθιώτιδας,268 E.T. Δήμου Λοκρών,514,356,8,2,10,346,111,12,25,12,8,17,4,81,166,18,26,38,62,86,7,54,11,3,0,6,1,2,0,25,2,2,0,4,9,2,17,12,1,0,0,1,6,6,5,4,3,1,2,0,1,0,0,0,0,0,0,0,0,0,0,0,0,0,10,5,3,2,2,4,0,0,0,0,0,0,0,0,0,0,0,5,1,0,0,1,2,0,0,0,0,0,0,2,1
33 - Φθιώτιδας,269 E.T. Δήμου Λοκρών,137,92,0,0,0,92,33,5,12,1,1,0,6,22,30,2,5,7,11,13,2,8,1,0,0,1,0,0,0,7,1,0,0,0,4,2,4,11,0,0,0,0,1,10,7,0,0,0,0,0,0,0,0,0,0,0,0,0,0,0,0,0,0,0,7,3,1,1,3,1,0,0,0,0,0,0,0,1,1,0,0,1,0,0,0,0,0,0,0,0,0,0,0,1,1
33 - Φθιώτιδας,270 E.T. Δήμου Λοκρών,531,379,2,0,2,377,147,9,44,15,5,17,1,90,118,9,11,16,39,76,14,26,15,4,3,8,1,1,0,27,2,1,0,3,3,2,22,29,1,1,1,2,7,10,18,2,1,0,0,0,0,0,0,3,1,1,0,0,0,0,0,0,0,0,9,5,2,4,2,1,0,0,0,0,0,2,0,1,1,0,0,15,2,1,4,0,0,0,0,0,0,0,0,9,6
33 - Φθιώτιδας,271 E.T. Δήμου Λοκρών,540,378,4,0,4,374,135,6,42,21,3,11,1,79,133,10,11,21,27,88,4,30,19,1,2,11,1,3,0,25,1,2,1,3,3,0,14,31,1,2,1,0,4,13,25,4,2,0,0,0,1,0,0,0,0,0,1,0,0,0,0,0,0,0,5,2,0,0,3,0,0,0,0,1,1,4,0,0,0,0,0,11,2,2,2,2,0,1,0,0,1,0,1,4,0
33 - Φθιώτιδας,272 E.T. Δήμου Λοκρών,523,372,4,0,4,368,123,10,28,24,1,12,6,74,146,14,15,19,34,97,14,36,8,1,2,5,0,0,0,30,0,0,4,3,1,1,18,32,0,0,1,2,4,8,23,0,0,0,0,0,0,0,0,0,0,0,0,0,0,0,0,0,0,0,8,0,2,0,1,0,1,0,1,0,0,5,1,0,0,0,0,9,0,2,1,1,2,2,1,0,0,1,0,4,3
33 - Φθιώτιδας,273 E.T. Δήμου Λοκρών,529,368,3,2,5,363,137,9,38,17,5,4,3,85,146,7,15,20,43,97,12,38,9,2,1,6,0,1,1,22,2,3,5,2,4,0,12,24,2,0,1,2,5,10,14,1,0,0,0,0,0,0,0,0,0,0,0,0,0,0,0,0,0,0,4,3,1,0,2,0,0,0,0,0,0,4,2,0,0,0,0,13,2,1,5,1,3,0,0,0,0,0,0,3,2
33 - Φθιώτιδας,274 E.T. Δήμου Λοκρών,480,354,4,0,4,350,132,12,31,16,4,16,3,90,130,21,26,16,17,68,5,0,11,2,0,6,2,1,0,20,3,1,2,1,0,3,13,37,2,0,0,0,3,18,27,3,0,1,1,0,0,0,0,1,0,0,1,0,0,1,0,1,1,0,5,2,2,2,1,1,0,0,0,0,0,0,0,0,0,0,0,4,0,0,2,0,0,2,0,0,0,0,0,3,3
33 - Φθιώτιδας,275 E.T. Δήμου Λοκρών,501,365,4,3,7,358,133,9,37,12,2,4,2,89,119,14,14,15,25,71,3,18,13,0,1,8,2,0,0,16,0,1,1,0,4,2,13,54,1,0,0,0,4,35,47,1,0,0,0,0,0,1,0,0,0,0,0,0,0,0,0,0,1,1,2,0,1,1,0,0,0,0,0,1,0,0,0,0,0,0,0,10,1,1,3,2,1,1,1,0,0,0,0,6,2
33 - Φθιώτιδας,276 E.T. Δήμου Μακρακώμης,424,263,0,2,2,261,89,9,22,26,9,22,3,34,123,12,18,32,53,59,2,24,6,1,4,2,0,0,5,16,1,3,1,1,0,2,10,7,2,2,0,0,2,0,0,0,0,0,0,0,0,0,0,0,0,0,0,0,0,0,0,0,0,0,7,1,2,0,3,3,0,0,0,0,0,2,1,1,0,0,0,8,2,1,1,2,0,0,0,0,0,0,0,2,2
33 - Φθιώτιδας,277 E.T. Δήμου Μακρακώμης,448,295,1,4,5,290,111,11,22,25,30,14,8,52,110,1,18,20,45,55,7,28,11,0,7,1,0,0,9,26,1,2,3,3,5,5,16,9,3,1,0,1,2,0,2,4,1,1,1,1,2,0,0,0,0,0,0,0,0,0,0,0,0,0,6,0,2,1,2,4,0,0,0,0,0,2,2,0,0,0,0,4,0,1,0,1,1,2,0,0,0,0,1,5,3
33 - Φθιώτιδας,278 E.T. Δήμου Μακρακώμης,264,176,1,0,1,175,34,3,6,8,0,9,4,14,108,3,15,21,32,49,33,13,4,0,0,2,0,0,1,5,0,2,0,0,0,0,3,6,1,0,0,0,1,0,0,0,0,0,0,0,0,0,0,2,2,1,0,0,0,0,0,0,0,0,5,1,2,1,0,0,0,0,0,0,0,0,0,2,0,0,2,3,0,0,1,1,2,0,0,0,0,0,0,6,5
33 - Φθιώτιδας,279 E.T. Δήμου Μακρακώμης,178,89,1,2,3,86,18,2,5,5,1,5,1,13,50,4,14,8,29,13,0,17,1,0,0,0,0,0,0,10,3,3,0,1,1,0,8,4,3,2,1,0,0,0,0,1,1,0,0,1,0,0,0,0,0,0,0,0,0,0,0,0,0,0,0,0,0,0,0,0,0,0,0,0,0,0,0,0,0,0,0,1,0,0,0,0,0,0,0,0,0,0,0,1,0
33 - Φθιώτιδας,280 E.T. Δήμου Μακρακώμης,159,92,0,1,1,91,16,1,3,0,1,4,1,6,42,3,14,3,19,20,0,6,3,3,0,2,0,0,0,16,3,3,0,0,0,0,14,5,2,2,1,1,0,0,0,1,0,0,0,0,0,0,0,0,0,0,0,0,0,0,0,0,0,0,4,2,1,1,0,0,0,0,0,0,0,0,0,0,0,0,0,2,0,0,0,0,0,0,0,0,0,0,0,2,2
33 - Φθιώτιδας,281 E.T. Δήμου Μακρακώμης,137,84,1,0,1,83,30,1,8,8,1,10,5,13,29,0,1,4,4,24,0,5,0,0,0,0,0,0,0,9,8,0,0,0,0,0,3,8,3,1,0,0,4,0,0,1,0,0,0,0,0,0,0,0,0,0,0,0,0,0,0,0,0,0,2,1,0,0,1,2,0,0,0,0,0,0,0,0,0,0,0,3,2,0,1,0,0,0,0,0,0,0,0,1,0
33 - Φθιώτιδας,282 E.T. Δήμου Μακρακώμης,284,132,2,0,2,130,44,5,28,8,4,5,1,29,71,2,9,10,49,37,3,6,1,0,0,0,0,0,0,4,1,0,0,1,0,0,4,1,0,0,0,0,0,0,0,0,0,0,0,0,0,0,0,0,0,0,0,0,0,0,0,0,0,0,6,2,1,1,1,1,0,0,0,0,0,0,0,1,1,1,0,1,0,0,0,0,0,1,0,0,0,0,0,0,0
33 - Φθιώτιδας,283 E.T. Δήμου Μακρακώμης,84,44,0,0,0,44,10,0,4,5,0,5,0,1,17,0,2,9,3,9,1,4,0,0,0,0,0,0,0,8,0,3,0,2,0,2,5,0,0,0,0,0,0,0,0,0,0,0,0,0,0,0,0,0,0,0,4,1,0,0,1,0,0,0,2,2,0,0,0,0,0,0,0,0,0,0,0,0,0,0,0,1,1,0,0,0,1,1,0,0,1,0,1,1,1
33 - Φθιώτιδας,284 E.T. Δήμου Μακρακώμης,78,40,0,0,0,40,17,4,9,1,0,3,0,10,15,0,3,3,7,9,1,1,2,0,1,0,0,0,0,2,0,0,0,0,0,1,2,2,1,0,0,1,0,1,0,0,0,0,0,0,0,0,0,0,0,0,0,0,0,0,0,0,0,0,2,0,0,1,1,0,0,0,0,0,0,0,0,0,0,0,0,0,0,0,0,0,0,0,0,0,0,0,0,0,0
33 - Φθιώτιδας,285 E.T. Δήμου Μακρακώμης,155,94,1,0,1,93,45,1,7,13,0,6,2,27,25,2,7,2,7,7,1,3,2,1,2,1,0,0,0,15,2,0,1,0,0,4,11,1,0,0,0,0,1,0,1,1,0,0,0,0,0,0,0,1,0,1,0,0,0,0,0,0,0,0,0,0,0,0,0,0,0,0,0,0,0,0,0,0,0,0,0,0,0,0,0,0,0,0,0,0,0,0,0,3,1
33 - Φθιώτιδας,286 E.T. Δήμου Μακρακώμης,43,21,0,0,0,21,0,0,0,0,0,0,0,0,16,2,1,4,7,10,0,4,0,0,0,0,0,0,0,0,0,0,0,0,0,0,0,0,0,0,0,0,0,0,0,0,0,0,0,0,0,0,0,0,0,0,0,0,0,0,0,0,0,0,1,0,1,1,0,0,0,0,0,0,0,3,1,0,0,0,0,0,0,0,0,0,0,0,0,0,0,0,0,1,1
33 - Φθιώτιδας,287 E.T. Δήμου Μακρακώμης,84,51,1,1,2,49,13,2,2,3,1,5,1,3,30,2,1,1,26,10,0,5,2,0,2,0,1,0,0,1,0,0,0,0,0,1,1,1,0,0,0,0,0,0,0,0,0,0,0,0,0,0,0,0,0,0,0,0,0,0,0,0,0,0,0,0,0,0,0,0,0,0,0,0,0,1,0,0,0,0,0,0,0,0,0,0,0,0,0,0,0,0,0,1,1
33 - Φθιώτιδας,288 E.T. Δήμου Μακρακώμης,294,177,1,1,2,175,52,6,17,15,0,9,5,29,87,9,15,13,37,50,9,20,3,0,2,1,0,0,1,9,0,2,0,2,2,0,7,1,0,0,0,0,0,0,0,1,0,0,0,0,0,0,0,0,0,0,0,0,0,0,0,0,0,0,8,1,0,1,3,0,2,1,0,0,0,0,0,0,0,0,0,0,0,0,0,0,0,1,1,0,1,0,0,11,7
33 - Φθιώτιδας,289 E.T. Δήμου Μακρακώμης,447,300,4,5,9,291,107,4,43,19,4,30,1,46,128,8,26,14,61,60,17,23,6,2,1,3,0,0,3,13,1,1,2,0,1,1,8,6,1,2,0,0,1,1,1,2,1,0,0,0,1,0,0,1,0,0,1,0,0,1,0,1,0,0,17,4,2,4,5,2,0,0,0,0,0,0,0,2,2,1,1,3,1,0,0,0,1,2,0,1,0,1,0,3,1
33 - Φθιώτιδας,290 E.T. Δήμου Μακρακώμης,454,282,3,0,3,279,96,8,24,16,4,23,4,44,104,5,14,13,38,79,4,26,5,0,2,0,1,0,1,21,1,3,1,0,0,11,15,17,8,2,2,2,3,1,1,3,1,0,0,0,1,0,0,0,0,0,1,0,0,0,0,0,0,0,9,3,3,1,0,2,0,0,0,0,0,1,0,0,0,0,0,16,3,1,0,5,2,3,2,0,0,0,0,3,1
33 - Φθιώτιδας,291 E.T. Δήμου Μακρακώμης,471,267,3,4,7,260,65,0,15,8,3,21,3,22,138,2,21,15,58,74,14,24,8,1,3,6,1,1,1,10,2,2,0,0,1,2,6,14,4,2,2,4,2,3,1,3,2,0,0,1,1,0,0,0,0,0,0,0,0,0,0,0,0,0,11,3,1,5,1,4,0,0,0,1,1,0,0,1,0,0,0,6,1,1,1,2,0,1,0,0,0,0,0,2,2
33 - Φθιώτιδας,292 E.T. Δήμου Μακρακώμης,477,295,7,2,9,286,88,4,25,14,6,27,5,37,124,5,16,16,50,61,18,18,6,1,1,1,0,0,1,16,2,2,0,0,1,0,13,9,3,2,2,0,2,2,0,5,3,0,0,0,3,0,0,1,1,0,0,0,0,0,0,0,0,0,22,2,7,7,7,7,0,0,0,0,0,0,0,0,0,0,0,11,2,4,2,3,1,0,0,0,0,0,0,4,2
33 - Φθιώτιδας,293 E.T. Δήμου Μακρακώμης,448,262,1,3,4,258,59,3,25,13,5,6,4,18,110,13,20,32,37,44,7,17,5,0,0,2,1,0,2,24,2,3,0,1,0,1,19,38,10,2,18,3,20,2,0,1,1,0,0,0,1,0,0,2,0,0,0,0,0,0,0,0,0,0,6,1,0,2,1,0,0,0,0,0,0,3,3,0,0,0,0,9,0,1,1,2,0,0,0,0,0,0,0,1,1
33 - Φθιώτιδας,294 E.T. Δήμου Μακρακώμης,118,62,0,1,1,61,16,1,1,2,1,2,0,7,37,1,7,7,21,19,1,2,0,0,0,0,0,0,0,0,0,0,0,0,0,0,0,3,0,0,0,0,0,0,0,0,0,0,0,0,0,0,0,0,0,0,0,0,0,0,0,0,0,0,2,0,0,1,0,0,0,0,0,0,0,1,0,0,0,0,0,1,0,1,1,0,0,1,1,0,1,0,0,0,0
33 - Φθιώτιδας,295 E.T. Δήμου Μακρακώμης,490,291,1,0,1,290,85,7,19,5,6,11,5,41,127,3,26,9,97,36,10,29,7,0,1,5,0,1,1,18,2,3,1,0,2,0,15,24,9,9,8,0,3,1,0,2,2,0,0,1,0,0,0,3,0,0,1,0,0,0,0,0,0,0,14,4,5,4,7,0,0,0,0,0,0,0,0,0,0,0,0,5,1,0,0,0,1,1,1,0,0,0,1,3,1
33 - Φθιώτιδας,296 E.T. Δήμου Μακρακώμης,440,268,2,0,2,266,81,6,25,11,4,30,4,33,125,13,30,18,48,75,28,32,5,1,1,3,0,0,0,18,2,2,2,1,2,2,13,6,3,0,3,0,1,0,1,5,1,0,4,0,0,0,0,1,0,0,0,0,0,0,0,0,1,1,14,1,4,0,3,0,0,0,0,0,0,1,1,0,0,0,0,6,2,0,1,1,2,0,0,0,0,0,0,3,3
33 - Φθιώτιδας,297 E.T. Δήμου Μακρακώμης,554,330,4,2,6,324,88,9,29,27,6,21,6,31,162,12,16,19,74,90,10,40,11,1,1,9,0,2,0,23,2,3,1,0,2,2,18,6,0,0,6,0,4,0,0,0,0,0,0,0,0,0,0,1,1,1,0,0,0,0,0,0,0,0,24,5,6,2,16,2,0,0,0,0,0,1,0,1,0,0,0,6,4,2,0,2,0,1,0,0,0,0,0,0,0
33 - Φθιώτιδας,298 E.T. Δήμου Μακρακώμης,127,50,1,1,2,48,11,0,6,2,0,2,2,1,23,1,2,7,12,10,2,4,2,1,1,0,0,0,0,1,1,0,0,0,0,0,0,5,0,0,0,0,0,0,0,0,0,0,0,0,0,0,0,0,0,0,0,0,0,0,0,0,0,0,0,0,0,0,0,0,0,0,0,0,0,0,0,0,0,0,0,6,4,2,0,0,0,0,0,0,0,0,0,0,0
33 - Φθιώτιδας,299 E.T. Δήμου Μακρακώμης,355,226,0,2,2,224,62,8,21,12,0,15,2,25,79,4,11,20,33,34,10,3,6,0,4,4,0,0,0,16,1,1,0,1,2,2,15,37,13,6,3,4,11,7,1,2,0,0,1,2,1,0,0,1,0,0,0,0,0,0,0,0,0,0,10,4,2,1,1,3,0,0,0,0,0,4,1,0,0,0,0,4,0,1,0,1,1,1,0,0,1,0,0,2,1
33 - Φθιώτιδας,300 E.T. Δήμου Μακρακώμης,295,176,3,0,3,173,41,4,13,1,0,10,0,13,93,8,5,10,70,24,12,8,7,0,2,1,0,0,0,14,1,0,0,0,0,1,10,14,3,5,5,1,2,1,0,0,0,0,0,0,0,0,0,0,0,0,1,1,0,0,0,1,0,0,2,0,0,0,1,1,1,0,0,0,0,0,0,0,0,0,0,0,0,0,0,0,0,0,0,0,0,0,0,0,0
33 - Φθιώτιδας,301 E.T. Δήμου Μακρακώμης,162,98,0,0,0,98,28,7,6,7,0,0,6,4,40,3,6,2,31,20,1,3,4,0,2,0,0,0,0,7,0,0,0,0,1,0,7,2,0,0,0,1,1,0,0,4,2,1,0,1,0,0,0,0,0,0,5,0,5,0,0,5,0,0,5,1,1,1,2,0,0,0,0,0,0,0,0,0,0,0,0,3,1,1,1,1,0,0,0,0,0,0,0,0,0
33 - Φθιώτιδας,302 E.T. Δήμου Μακρακώμης,395,267,1,1,2,265,79,9,22,15,2,21,8,31,98,14,11,9,42,49,9,17,16,0,0,9,2,2,4,35,3,3,5,2,0,2,25,12,2,1,3,0,2,1,0,1,0,0,0,0,0,0,0,1,0,0,0,0,0,0,0,0,1,0,9,2,2,3,2,4,0,0,0,0,0,0,0,0,0,0,0,7,3,0,1,2,0,0,0,0,0,0,0,6,3
33 - Φθιώτιδας,303 E.T. Δήμου Μακρακώμης,254,82,0,2,2,80,17,1,5,9,1,3,1,5,38,6,6,7,17,30,5,2,4,0,4,1,0,0,0,3,0,1,2,0,0,0,2,11,5,6,1,1,0,0,0,2,0,0,0,0,0,0,0,0,0,0,0,0,0,0,0,0,0,0,2,1,0,0,0,1,1,1,0,0,0,0,0,0,0,0,0,1,0,0,1,1,0,1,1,0,0,0,1,0,0
33 - Φθιώτιδας,304 E.T. Δήμου Μακρακώμης,217,119,2,0,2,117,41,5,9,13,3,7,2,14,40,1,9,17,23,19,1,3,1,0,0,1,0,0,1,9,4,0,0,0,1,0,8,10,2,0,3,0,3,0,3,3,3,2,0,0,1,0,0,0,0,0,0,0,0,0,0,0,0,0,5,1,1,1,2,1,0,0,0,0,0,0,0,0,0,0,0,5,2,0,1,1,1,2,0,0,1,0,1,1,1
33 - Φθιώτιδας,305 E.T. Δήμου Μακρακώμης,273,139,0,0,0,139,28,2,15,7,1,1,1,9,78,1,9,53,15,30,11,15,7,1,0,3,0,1,3,14,1,2,0,1,1,0,7,2,0,1,1,0,1,0,0,0,0,0,0,0,0,1,0,0,0,0,0,0,0,0,0,0,0,0,5,3,3,0,1,2,0,0,0,2,0,0,0,0,0,0,0,2,2,1,0,1,0,0,0,0,0,0,0,0,0
33 - Φθιώτιδας,306 E.T. Δήμου Μακρακώμης,360,187,0,0,0,187,63,7,17,18,3,10,1,32,93,4,16,57,28,33,8,9,5,1,1,2,0,0,2,6,0,0,1,0,1,0,4,9,1,1,4,1,3,1,0,2,0,0,0,2,1,0,0,0,0,0,0,0,0,0,0,0,0,0,5,3,0,1,2,1,1,0,0,0,0,0,0,0,0,0,0,3,1,0,0,0,1,0,0,0,0,0,0,0,0
33 - Φθιώτιδας,307 E.T. Δήμου Μακρακώμης,517,315,1,3,4,311,109,10,69,10,7,18,7,40,116,5,18,13,35,50,60,22,10,1,2,8,0,2,0,32,2,1,1,1,1,1,23,14,1,7,1,2,2,1,1,5,2,0,0,1,0,0,0,0,0,0,0,0,0,0,0,0,0,0,5,0,2,2,2,3,2,0,0,0,0,1,0,1,1,0,1,11,4,1,2,2,0,2,0,0,0,0,0,3,1
33 - Φθιώτιδας,308 E.T. Δήμου Μακρακώμης,549,348,0,3,3,345,118,10,57,20,4,19,6,55,135,7,29,19,37,56,64,23,14,1,6,7,1,2,0,32,2,2,1,2,4,6,19,20,3,6,6,5,6,6,1,0,0,0,0,0,0,0,0,3,2,2,0,0,0,0,0,0,0,0,13,1,2,4,6,4,0,0,0,0,0,0,0,0,0,0,0,5,1,2,0,2,0,1,0,0,0,0,0,4,3
33 - Φθιώτιδας,309 E.T. Δήμου Μακρακώμης,518,325,1,2,3,322,105,7,48,15,3,24,5,45,128,7,20,23,33,47,66,23,15,0,5,6,2,1,1,22,2,1,0,1,0,0,16,7,3,1,2,0,2,0,0,3,1,0,0,1,0,0,0,4,2,2,0,0,0,0,0,0,0,0,12,3,1,2,5,0,1,0,0,1,0,1,1,3,0,0,1,11,0,3,2,3,3,1,0,0,0,0,0,8,7
33 - Φθιώτιδας,310 E.T. Δήμου Μακρακώμης,552,334,4,2,6,328,99,11,41,20,8,13,7,36,157,8,14,21,34,87,78,28,7,2,0,1,0,1,0,15,3,0,0,1,1,6,10,12,4,5,4,2,3,0,0,3,2,0,0,0,2,0,0,1,1,1,0,0,0,0,0,0,2,1,15,6,4,2,4,3,0,0,0,0,0,0,0,1,0,0,0,8,2,2,1,2,1,3,0,0,0,1,1,5,4
33 - Φθιώτιδας,311 E.T. Δήμου Μακρακώμης,410,237,5,1,6,231,99,6,37,29,2,27,4,35,107,9,14,15,37,62,33,8,4,0,2,3,1,0,0,6,2,0,2,1,0,0,4,4,0,0,0,0,1,0,0,0,0,0,0,0,0,0,0,0,0,0,0,0,0,0,0,0,0,0,6,3,0,2,3,1,0,0,0,0,0,0,0,0,0,0,0,2,1,1,1,0,0,0,0,0,0,0,0,3,3
33 - Φθιώτιδας,312 E.T. Δήμου Μακρακώμης,70,53,2,1,3,50,21,1,7,3,2,9,4,5,8,1,4,2,1,4,1,1,0,0,0,0,0,0,0,5,0,1,0,0,0,2,4,11,1,5,7,2,0,1,0,2,0,0,1,1,1,0,0,0,0,0,0,0,0,0,0,0,0,0,1,0,0,0,1,0,0,0,0,0,0,0,0,0,0,0,0,0,0,0,0,0,0,0,0,0,0,0,0,2,2
33 - Φθιώτιδας,313 E.T. Δήμου Μακρακώμης,204,101,0,1,1,100,30,2,9,6,0,8,0,6,45,2,3,8,8,23,19,7,1,0,1,0,0,0,0,9,1,0,0,0,1,0,9,9,3,1,3,1,3,0,1,0,0,0,0,0,0,0,0,0,0,0,0,0,0,0,0,0,0,0,3,2,1,0,0,1,0,0,0,0,0,0,0,0,0,0,0,3,0,0,0,2,1,0,0,0,0,0,0,0,0
33 - Φθιώτιδας,314 E.T. Δήμου Μακρακώμης,335,220,2,0,2,218,72,5,52,5,0,13,0,20,94,2,27,16,33,45,11,13,4,0,2,4,1,0,0,17,3,4,0,0,0,0,13,13,0,9,4,0,2,0,0,0,0,0,0,0,0,0,0,3,0,2,0,0,0,0,0,0,0,0,8,2,2,2,2,1,1,1,1,0,0,2,1,0,0,0,0,3,0,0,0,2,2,0,0,0,0,0,0,1,1
33 - Φθιώτιδας,315 E.T. Δήμου Μακρακώμης,314,211,0,0,0,211,47,0,20,6,3,17,0,22,126,8,26,26,47,54,46,11,8,0,3,3,2,4,0,6,1,1,1,1,1,1,4,8,2,3,1,1,1,2,1,1,0,0,1,0,1,0,0,0,0,0,0,0,0,0,0,0,0,0,4,2,0,2,3,0,1,0,0,0,0,0,0,0,0,0,0,4,3,1,0,0,2,0,0,0,0,0,0,6,4
33 - Φθιώτιδας,316 E.T. Δήμου Μακρακώμης,161,89,2,0,2,87,33,3,13,6,1,6,2,13,37,6,14,2,19,9,4,13,4,0,1,1,0,0,0,2,0,0,0,0,0,0,1,1,0,0,0,0,0,0,0,2,0,0,0,0,0,0,0,0,0,0,0,0,0,0,0,0,0,0,4,4,3,0,0,1,0,0,0,0,0,0,0,0,0,0,0,1,0,0,0,0,0,0,0,0,0,0,0,3,2
33 - Φθιώτιδας,317 E.T. Δήμου Μακρακώμης,186,93,2,0,2,91,23,4,14,1,1,8,1,5,52,2,15,13,9,24,15,17,0,0,0,0,0,0,0,9,2,2,0,0,0,0,9,1,1,1,0,0,0,0,0,0,0,0,0,0,0,0,0,0,0,0,0,0,0,0,0,0,0,0,2,0,1,2,1,0,0,0,0,0,0,0,0,0,0,0,0,3,0,1,0,1,1,0,0,0,0,0,0,1,1
33 - Φθιώτιδας,318 E.T. Δήμου Μακρακώμης,314,188,2,1,3,185,34,3,17,5,2,6,0,20,91,1,12,13,26,49,23,29,5,5,2,2,0,0,0,14,1,4,0,0,0,1,7,18,6,3,5,2,7,1,3,3,2,0,0,0,1,0,0,1,0,0,3,2,2,0,0,0,0,0,4,1,3,1,0,2,0,0,0,0,0,0,0,0,0,0,0,5,3,3,0,0,2,0,0,0,0,0,0,7,3
33 - Φθιώτιδας,319 E.T. Δήμου Μακρακώμης,168,85,4,0,4,81,15,3,9,2,2,0,1,5,48,3,8,9,10,33,5,18,1,1,0,1,0,0,0,4,0,1,0,0,1,0,3,6,1,2,2,2,0,2,0,0,0,0,0,0,0,0,0,1,0,0,0,0,0,0,0,0,0,0,1,0,0,0,1,0,0,0,0,0,0,3,2,0,0,0,0,2,0,0,0,0,0,0,0,0,0,0,0,0,0
33 - Φθιώτιδας,320 E.T. Δήμου Μακρακώμης,300,142,0,2,2,140,30,3,10,5,1,2,2,26,75,4,9,10,29,36,21,16,12,4,1,8,0,0,2,6,1,1,1,2,0,0,1,6,4,0,0,0,2,2,0,1,0,0,0,0,0,0,0,0,0,0,0,0,0,0,0,0,0,0,6,1,1,3,3,1,0,0,0,0,0,0,0,1,1,0,0,2,1,1,1,0,1,0,0,0,0,0,0,1,0
33 - Φθιώτιδας,321 E.T. Δήμου Μακρακώμης,459,301,4,1,5,296,93,10,54,13,5,19,7,29,149,14,27,24,55,65,17,46,14,4,5,9,0,0,4,13,0,2,2,2,1,0,8,7,3,1,0,1,2,0,1,4,3,0,0,1,1,0,0,0,0,0,1,0,0,0,0,0,0,0,6,2,1,2,3,0,0,0,0,0,0,1,1,1,0,0,0,3,1,0,0,0,1,2,0,1,0,1,0,2,2
33 - Φθιώτιδας,322 E.T. Δήμου Μακρακώμης,236,134,1,0,1,133,60,3,19,15,0,10,2,22,51,5,2,0,10,41,6,18,0,0,0,0,0,0,0,2,0,2,0,0,0,0,0,13,1,5,2,1,7,0,0,1,0,0,0,0,0,0,0,0,0,0,0,0,0,0,0,0,0,0,1,1,0,0,0,0,0,0,0,0,0,1,1,0,0,0,0,3,0,0,0,1,1,1,0,0,0,0,0,0,0
33 - Φθιώτιδας,323 E.T. Δήμου Μακρακώμης,435,252,0,1,1,251,98,7,40,31,3,5,2,24,109,9,8,28,43,46,29,12,6,2,3,2,0,1,1,22,4,1,0,0,2,4,16,1,1,0,0,0,0,0,0,0,0,0,0,0,0,0,0,0,0,0,1,0,0,0,0,0,0,0,4,0,1,2,1,1,0,0,0,0,0,1,0,0,0,0,0,6,1,2,0,1,0,0,0,0,0,0,0,3,2
33 - Φθιώτιδας,324 E.T. Δήμου Μακρακώμης,52,22,0,0,0,22,10,2,5,3,1,1,0,3,8,0,1,0,2,6,2,2,0,0,0,0,0,0,0,3,0,1,0,0,0,1,2,1,0,0,0,0,0,0,0,0,0,0,0,0,0,0,0,0,0,0,0,0,0,0,0,0,0,0,0,0,0,0,0,0,0,0,0,0,0,0,0,0,0,0,0,0,0,0,0,0,0,0,0,0,0,0,0,0,0
33 - Φθιώτιδας,325 E.T. Δήμου Μακρακώμης,436,257,1,2,3,254,92,5,23,25,3,9,0,49,90,6,14,12,21,46,7,32,12,3,4,5,0,0,0,14,3,2,0,0,0,0,11,16,8,0,3,0,11,2,2,4,0,0,0,0,0,0,0,0,0,0,0,0,0,0,0,0,0,0,18,5,1,5,5,2,0,0,0,1,0,0,0,1,0,0,0,5,1,0,2,2,2,0,0,0,0,0,0,1,0
33 - Φθιώτιδας,326 E.T. Δήμου Μακρακώμης,157,79,0,0,0,79,25,3,11,5,0,2,1,6,34,1,13,6,14,18,2,4,2,0,2,2,0,0,0,11,4,4,1,0,0,1,10,0,0,0,0,0,0,0,0,0,0,0,0,0,0,0,0,0,0,0,0,0,0,0,0,0,0,0,4,2,1,0,0,0,0,0,0,0,0,0,0,0,0,0,0,2,0,0,2,0,0,1,0,0,1,1,0,0,0
33 - Φθιώτιδας,327 E.T. Δήμου Μακρακώμης,118,64,0,0,0,64,23,1,18,6,0,2,2,13,21,1,4,2,5,8,4,8,1,0,0,1,1,0,0,6,0,0,0,3,1,0,2,4,0,1,0,0,2,0,0,0,0,0,0,0,0,0,0,0,0,0,0,0,0,0,0,0,0,0,2,0,1,0,1,0,0,0,0,0,0,1,1,0,0,0,0,6,1,2,3,2,2,0,0,0,0,0,0,0,0
33 - Φθιώτιδας,328 E.T. Δήμου Μακρακώμης,123,78,0,0,0,78,13,1,9,2,1,1,1,9,40,2,8,3,8,25,8,6,0,0,0,0,0,0,0,0,0,0,0,0,0,0,0,21,12,16,2,1,4,0,0,0,0,0,0,0,0,0,0,0,0,0,0,0,0,0,0,0,0,0,2,2,2,0,0,0,0,0,0,0,0,0,0,0,0,0,0,1,0,0,0,0,0,0,0,0,0,0,0,1,1
33 - Φθιώτιδας,329 E.T. Δήμου Μακρακώμης,78,44,1,0,1,43,7,2,6,3,1,0,0,1,18,1,4,5,4,12,0,1,3,2,0,3,0,0,0,4,1,1,2,1,0,2,1,3,1,0,1,1,0,1,0,2,0,0,0,0,0,0,0,0,0,0,0,0,0,0,0,0,0,0,5,0,4,0,1,0,0,0,0,0,0,0,0,0,0,0,0,0,0,0,0,0,0,1,0,0,0,0,0,0,0
33 - Φθιώτιδας,330 E.T. Δήμου Μακρακώμης,255,149,2,0,2,147,30,0,11,3,0,7,0,8,80,3,8,18,27,35,6,37,2,0,1,0,0,0,0,5,0,0,2,0,0,0,3,3,0,0,1,0,2,0,0,7,0,1,0,0,4,0,0,0,0,0,0,0,0,0,0,0,0,0,13,3,3,2,8,1,1,0,0,0,0,3,2,0,0,0,0,3,0,0,0,0,0,0,0,0,0,0,0,0,0
33 - Φθιώτιδας,331 E.T. Δήμου Μακρακώμης,515,268,1,2,3,265,81,10,42,13,10,8,7,40,133,4,19,15,50,52,11,70,4,1,2,1,0,0,0,20,8,3,0,0,4,0,14,4,0,0,1,0,0,1,2,2,1,0,0,0,0,0,0,3,2,2,0,0,0,0,0,0,0,0,10,0,2,0,3,2,0,0,0,0,0,1,1,0,0,0,0,4,0,1,0,1,2,0,0,0,0,0,0,3,1
33 - Φθιώτιδας,332 E.T. Δήμου Μακρακώμης,497,265,4,1,5,260,85,7,33,24,7,9,5,34,116,6,59,36,48,42,5,11,5,1,1,4,1,1,1,29,3,3,2,1,5,0,22,11,2,4,2,0,5,1,2,3,2,0,1,0,3,0,0,1,1,1,1,0,0,0,1,1,0,0,3,1,1,1,0,0,0,0,0,0,0,1,1,0,0,0,0,0,0,0,0,0,0,0,0,0,0,0,0,5,5
33 - Φθιώτιδας,333 E.T. Δήμου Στυλίδας,503,357,5,2,7,350,90,5,25,23,7,31,6,30,183,28,52,16,33,91,3,45,20,2,9,15,0,0,1,15,5,7,0,2,1,1,11,16,4,2,1,0,4,0,1,4,3,0,0,1,0,0,0,0,0,0,0,0,0,0,0,0,0,0,6,1,2,3,3,0,0,0,0,0,0,4,3,1,0,0,0,8,1,1,1,1,2,1,1,1,0,0,0,2,0
33 - Φθιώτιδας,334 E.T. Δήμου Στυλίδας,600,391,7,0,7,384,80,1,41,2,2,28,1,29,187,23,41,23,67,110,4,29,13,2,0,6,0,1,1,33,4,6,3,2,6,0,19,27,3,1,1,5,10,0,4,6,1,0,0,1,1,0,0,2,0,0,1,1,1,0,0,0,0,0,12,4,5,2,4,0,0,0,0,0,0,1,1,0,0,0,0,16,2,0,0,1,2,3,1,0,1,1,1,3,2
33 - Φθιώτιδας,335 E.T. Δήμου Στυλίδας,325,221,2,4,6,215,64,4,24,9,2,8,4,29,96,35,23,11,28,34,0,13,5,2,1,4,1,0,0,16,5,2,1,0,2,3,11,13,0,2,3,1,7,2,0,0,0,0,0,0,0,0,0,1,0,1,0,0,0,0,0,0,0,0,8,1,0,2,3,0,0,0,0,1,0,0,0,1,1,0,1,6,0,2,0,2,2,2,1,0,1,0,0,2,0
33 - Φθιώτιδας,336 E.T. Δήμου Στυλίδας,403,292,5,1,6,286,69,2,34,13,3,17,0,28,168,44,34,22,83,87,4,16,5,0,1,2,0,0,0,10,0,2,1,0,2,1,8,11,1,3,7,1,8,0,0,1,1,1,0,0,0,0,0,0,0,0,0,0,0,0,0,0,0,0,12,5,0,4,7,0,0,0,0,0,0,0,0,0,0,0,0,7,1,1,1,0,3,1,0,0,0,0,0,2,2
33 - Φθιώτιδας,337 E.T. Δήμου Στυλίδας,337,238,2,1,3,235,60,4,21,6,1,20,1,15,107,10,38,21,28,39,0,19,11,1,0,5,0,0,3,24,4,5,0,0,2,0,19,3,0,0,0,1,1,0,0,3,1,0,1,0,0,0,0,0,0,0,0,0,0,0,0,0,0,0,10,5,2,0,2,0,0,0,0,0,0,1,1,0,0,0,0,10,2,2,2,2,3,1,0,0,1,0,0,5,1
33 - Φθιώτιδας,338 E.T. Δήμου Στυλίδας,290,186,8,1,9,177,53,5,30,4,1,13,2,18,88,27,23,8,39,29,3,16,9,2,2,6,1,0,0,11,4,0,1,0,0,1,10,0,0,0,0,0,0,0,0,0,0,0,0,0,0,0,0,0,0,0,1,1,0,0,1,0,1,0,8,2,3,2,5,0,0,0,0,0,0,2,1,0,0,0,0,4,0,3,1,0,0,0,0,0,0,0,0,0,0
33 - Φθιώτιδας,339 E.T. Δήμου Στυλίδας,293,196,3,2,5,191,53,1,21,5,0,10,6,25,106,33,16,15,50,39,0,22,4,2,0,2,0,1,0,14,2,0,0,0,1,2,10,4,1,0,1,0,1,0,0,0,0,0,0,0,0,0,0,0,0,0,0,0,0,0,0,0,0,0,3,2,0,1,0,0,0,0,0,0,0,0,0,0,0,0,0,6,1,0,2,2,1,1,1,1,0,0,0,0,0
33 - Φθιώτιδας,340 E.T. Δήμου Στυλίδας,391,262,3,3,6,256,55,10,29,3,1,5,1,21,144,15,31,18,63,60,2,32,9,1,1,5,0,1,0,14,1,0,0,0,1,2,5,13,0,3,2,0,3,0,0,9,3,0,1,1,1,0,0,1,0,0,0,0,0,0,0,0,1,0,6,3,2,2,0,0,0,0,0,0,0,0,0,1,0,0,0,2,0,0,0,0,0,1,0,0,0,0,0,0,0
33 - Φθιώτιδας,341 E.T. Δήμου Στυλίδας,267,193,0,0,0,193,52,4,21,11,1,8,4,23,88,4,14,18,42,40,3,10,6,0,2,4,0,0,0,20,1,2,4,1,0,3,8,14,8,0,4,0,3,0,0,1,0,0,0,0,0,0,0,2,1,2,0,0,0,0,0,0,0,0,6,2,1,0,4,1,0,0,0,0,0,0,0,0,0,0,0,3,0,0,0,1,1,0,0,0,0,0,0,1,0
33 - Φθιώτιδας,342 E.T. Δήμου Στυλίδας,329,235,1,6,7,228,39,2,17,8,2,5,2,21,145,17,37,21,72,58,6,12,2,0,1,1,0,0,0,18,1,3,0,0,4,1,12,3,0,0,0,0,0,0,0,3,2,0,0,0,1,0,0,0,0,0,0,0,0,0,0,0,0,0,14,1,6,4,4,0,0,0,0,0,0,0,0,0,0,0,0,4,0,0,0,1,2,0,0,0,0,0,0,0,0
33 - Φθιώτιδας,343 E.T. Δήμου Στυλίδας,519,379,4,2,6,373,120,7,58,17,9,34,10,30,175,23,94,89,45,60,4,33,4,4,0,3,1,0,0,19,1,4,1,1,2,1,15,37,11,13,7,1,17,5,3,1,0,0,0,0,0,0,0,2,1,2,0,0,0,0,0,0,1,1,6,2,1,2,1,0,1,1,0,0,0,0,0,0,0,0,0,6,1,0,2,1,2,0,0,0,0,0,0,1,0
33 - Φθιώτιδας,344 E.T. Δήμου Στυλίδας,480,331,3,0,3,328,100,9,36,13,9,40,12,25,150,16,82,20,46,51,3,14,1,0,0,1,0,1,0,30,2,8,0,4,4,0,2,27,1,13,2,1,17,3,2,2,1,0,0,0,1,0,0,0,0,0,1,1,0,0,0,1,0,0,5,2,1,2,3,2,0,0,0,0,0,1,0,1,0,0,0,9,1,3,2,3,1,1,0,1,0,1,0,0,0
33 - Φθιώτιδας,345 E.T. Δήμου Στυλίδας,487,323,4,0,4,319,129,9,47,16,1,38,11,31,130,13,79,11,33,51,2,8,3,1,1,2,1,1,0,21,1,7,0,1,1,1,16,20,2,7,2,0,13,3,4,2,0,0,0,0,0,0,0,0,0,0,1,0,0,0,0,0,0,0,3,1,1,1,1,0,1,0,0,0,0,0,0,0,0,0,0,6,2,2,0,1,0,1,0,0,0,0,0,2,1
33 - Φθιώτιδας,346 E.T. Δήμου Στυλίδας,238,167,0,1,1,166,38,1,13,11,3,4,4,13,83,4,33,15,33,25,0,27,1,0,0,0,0,0,0,14,3,3,1,0,0,0,12,22,4,6,7,0,19,1,3,1,0,0,0,0,0,0,0,0,0,0,3,0,3,2,0,0,0,0,2,0,0,0,0,0,0,0,0,0,0,0,0,0,0,0,0,0,0,0,0,0,0,0,0,0,0,0,0,2,2
33 - Φθιώτιδας,347 E.T. Δήμου Στυλίδας,265,176,2,0,2,174,38,8,15,1,2,0,3,17,89,9,21,12,28,55,1,16,5,3,1,3,0,0,0,13,0,1,0,0,1,0,5,9,6,1,2,1,3,1,0,3,1,0,0,0,0,0,0,0,0,0,0,0,0,0,0,0,0,0,9,1,1,1,5,0,1,1,1,0,0,1,1,0,0,0,0,4,0,0,0,0,1,1,0,0,0,0,0,1,0
33 - Φθιώτιδας,348 E.T. Δήμου Στυλίδας,360,208,3,1,4,204,56,8,18,7,3,5,5,28,100,11,11,12,41,54,1,12,3,2,1,1,0,0,0,15,1,3,1,0,1,0,7,8,2,0,0,2,0,2,0,1,0,0,0,0,0,0,0,0,0,0,0,0,0,0,0,0,0,0,3,1,0,2,2,0,0,0,0,0,0,2,0,1,1,0,0,7,1,0,2,1,1,3,2,0,1,0,1,5,4
33 - Φθιώτιδας,349 E.T. Δήμου Στυλίδας,434,302,1,0,1,301,99,3,37,10,5,21,5,35,137,20,67,5,41,42,2,11,13,5,4,8,0,1,2,25,0,1,0,0,0,4,20,10,2,4,0,1,4,1,0,1,0,0,0,0,1,0,0,0,0,0,0,0,0,0,0,0,0,0,6,0,0,1,2,2,0,0,0,0,0,2,1,0,0,0,0,5,0,2,2,3,1,1,0,0,0,0,0,2,0
33 - Φθιώτιδας,350 E.T. Δήμου Στυλίδας,510,333,5,2,7,326,140,3,101,17,0,12,3,55,108,17,29,12,24,59,2,23,5,1,0,3,1,0,0,17,3,2,1,0,1,0,11,20,5,2,8,3,3,6,6,2,1,0,0,0,1,0,0,0,0,0,2,1,0,0,1,0,0,0,8,1,3,3,0,1,0,0,0,0,0,5,5,1,0,1,1,7,1,1,1,0,1,4,0,1,1,1,1,7,5
33 - Φθιώτιδας,351 E.T. Δήμου Στυλίδας,503,301,0,0,0,301,103,3,73,10,1,12,3,34,104,19,25,21,25,49,1,21,9,2,1,6,0,1,0,35,8,2,3,5,3,2,25,11,1,1,1,0,3,1,2,4,1,0,1,1,0,0,0,1,0,0,1,0,1,0,0,0,0,0,11,4,1,5,5,0,0,0,0,0,0,1,1,1,0,0,0,14,2,3,0,5,8,1,0,1,1,0,0,5,3
33 - Φθιώτιδας,352 E.T. Δήμου Στυλίδας,506,303,4,1,5,298,118,3,81,10,1,13,2,45,98,9,27,19,40,45,0,17,10,2,4,5,1,0,0,24,2,2,2,5,2,2,19,14,4,1,4,0,2,3,5,2,0,0,0,0,0,1,1,1,0,1,1,0,0,1,0,0,0,0,6,3,3,0,2,2,0,0,0,3,2,2,1,2,0,0,1,12,2,4,2,5,3,1,0,0,0,0,0,3,3
33 - Φθιώτιδας,353 E.T. Δήμου Στυλίδας,513,306,5,3,8,298,125,9,93,14,2,12,4,28,99,12,20,18,34,50,1,20,11,2,1,7,2,1,1,28,4,2,0,2,2,2,13,15,3,1,5,1,7,4,2,1,1,0,0,0,1,0,0,2,0,2,0,0,0,0,0,0,0,0,6,4,4,1,1,1,0,0,0,0,0,2,1,1,0,0,0,3,0,0,1,0,2,2,0,0,0,0,0,3,2
33 - Φθιώτιδας,354 E.T. Δήμου Στυλίδας,555,330,1,4,5,325,105,3,77,10,0,4,3,32,119,18,34,11,46,41,4,29,14,1,1,11,2,2,1,37,1,1,0,1,0,1,27,19,6,1,3,2,5,0,1,0,0,0,0,0,0,0,0,1,0,1,0,0,0,0,0,0,1,0,9,3,3,1,2,0,1,0,0,0,0,0,0,1,0,0,1,9,2,1,0,2,3,0,0,0,0,0,0,9,7
33 - Φθιώτιδας,355 E.T. Δήμου Στυλίδας,513,316,5,0,5,311,114,6,76,14,3,19,2,38,105,19,24,17,30,46,2,23,9,1,5,7,0,0,1,27,5,4,1,3,1,7,18,23,9,0,6,5,4,6,6,2,1,0,0,1,0,1,0,1,0,0,0,0,0,0,0,0,0,0,4,3,0,0,2,0,0,0,0,2,2,0,0,0,0,0,0,15,2,1,3,2,8,1,0,0,0,0,0,7,3
33 - Φθιώτιδας,356 E.T. Δήμου Στυλίδας,503,324,1,1,2,322,98,4,74,9,2,3,1,34,128,20,36,23,42,57,5,23,3,2,1,1,1,1,0,34,7,3,0,3,4,3,24,18,7,2,3,7,4,4,4,4,1,1,0,0,0,0,0,1,0,1,0,0,0,0,0,0,0,0,18,6,5,9,8,3,1,0,1,0,0,1,1,1,0,0,1,6,3,1,1,3,0,0,0,0,0,0,0,9,5
33 - Φθιώτιδας,357 E.T. Δήμου Στυλίδας,520,320,3,3,6,314,120,5,93,11,2,9,4,38,115,20,33,20,49,42,1,29,5,0,1,4,1,1,1,24,10,0,1,1,2,0,19,19,0,3,3,1,5,11,0,3,2,0,0,0,3,0,0,1,0,0,1,0,1,0,0,1,0,0,8,3,0,1,4,1,0,0,0,0,0,1,0,0,0,0,0,6,2,1,0,3,1,1,0,1,1,0,0,10,6
33 - Φθιώτιδας,358 E.T. Δήμου Στυλίδας,525,320,0,1,1,319,121,3,89,42,3,9,7,47,125,22,40,17,30,59,3,26,5,2,2,3,0,1,0,18,3,1,1,2,1,1,12,17,6,2,4,0,6,2,2,1,1,0,0,0,0,0,0,3,0,3,1,1,1,0,0,0,0,0,10,4,4,3,1,2,0,0,0,0,0,2,2,0,0,0,0,4,0,2,0,2,1,1,0,0,0,0,0,11,8
33 - Φθιώτιδας,359 E.T. Δήμου Στυλίδας,329,234,3,0,3,231,69,3,48,16,0,14,1,15,118,30,35,22,43,40,1,19,2,0,0,1,0,0,0,15,2,3,0,1,1,4,6,6,1,0,0,0,1,0,0,0,0,0,0,0,0,0,0,2,1,0,1,0,1,0,0,0,1,1,5,2,3,0,0,0,0,0,0,0,0,4,4,0,0,0,0,3,2,0,2,2,0,0,0,0,0,0,0,5,4
33 - Φθιώτιδας,360 E.T. Δήμου Στυλίδας,230,158,0,0,0,158,35,0,20,2,0,8,2,12,84,22,24,16,21,44,1,8,8,0,0,4,1,0,0,9,0,1,0,0,0,1,5,4,0,0,1,1,1,0,0,3,1,0,1,0,0,0,0,0,0,0,0,0,0,0,0,0,0,0,8,2,1,2,4,1,0,0,0,0,0,0,0,2,1,0,0,4,0,0,1,1,2,0,0,0,0,0,0,1,1
33 - Φθιώτιδας,361 E.T. Δήμου Στυλίδας,458,350,0,6,6,344,77,3,31,13,1,6,1,44,156,24,47,29,42,69,1,20,15,2,7,10,1,3,1,39,6,10,0,1,1,5,28,18,1,1,7,0,7,5,3,2,1,0,0,0,0,0,0,4,1,1,0,0,0,0,0,0,1,0,17,6,7,0,8,2,0,0,0,0,0,4,2,0,0,0,0,7,1,0,0,1,1,0,0,0,0,0,0,4,1
33 - Φθιώτιδας,362 E.T. Δήμου Στυλίδας,158,86,0,0,0,86,31,1,26,3,1,1,0,14,40,2,8,1,21,22,0,8,0,0,0,0,0,0,0,7,2,0,0,0,0,0,5,4,0,0,0,0,0,0,0,0,0,0,0,0,0,0,0,0,0,0,0,0,0,0,0,0,0,0,3,1,0,0,0,1,0,0,0,0,0,0,0,0,0,0,0,0,0,0,0,0,0,0,0,0,0,0,0,1,0
33 - Φθιώτιδας,363 E.T. Δήμου Στυλίδας,222,155,0,0,0,155,39,1,21,13,0,5,2,7,68,7,25,11,20,32,0,9,1,0,1,1,0,0,0,21,6,2,0,3,1,0,15,13,1,0,1,1,1,5,6,2,0,0,0,0,0,0,0,2,0,0,0,0,0,0,0,0,1,0,3,1,1,0,1,0,0,0,0,1,0,0,0,0,0,0,0,2,0,1,0,0,1,1,0,0,0,0,0,1,0
33 - Φθιώτιδας,Ετερ. Φθιώτιδας (από 31ο Ε.Τ. Νομ. Θεσσαλονίκης),122,90,1,0,1,89,17,2,3,3,1,4,1,6,42,6,7,8,16,17,5,11,4,0,1,3,0,0,2,4,1,1,1,0,0,0,1,10,2,2,2,1,0,1,3,0,0,0,0,0,0,0,0,0,0,0,0,0,0,0,0,0,0,0,6,4,1,0,3,1,0,0,0,0,0,0,0,0,0,0,0,2,0,0,0,0,0,2,1,0,2,0,1,2,2
33 - Φθιώτιδας,Ετερ. Φθιώτιδας (από Εφετείο Θεσσαλονίκης),60,42,0,0,0,42,10,4,2,2,0,1,4,4,19,1,3,3,2,12,3,5,2,0,1,0,0,0,1,4,2,0,0,0,0,1,2,1,0,0,0,0,0,0,0,0,0,0,0,0,0,0,0,0,0,0,0,0,0,0,0,0,0,0,3,1,0,1,1,1,0,0,0,0,0,0,0,0,0,0,0,1,0,0,1,0,0,2,0,0,0,0,0,0,0
33 - Φθιώτιδας,Ε.Τ. ΦΥΛΑΚΩΝ ΔΟΜΟΚΟΥ,90,87,7,1,8,79,66,12,10,3,1,4,5,0,7,1,1,0,2,3,0,0,3,1,0,1,0,1,0,0,0,0,0,0,0,0,0,0,0,0,0,0,0,0,0,0,0,0,0,0,0,0,0,1,0,0,0,0,0,0,0,0,0,0,0,0,0,0,0,0,0,0,0,0,0,1,0,0,0,0,0,1,1,0,0,0,0,0,0,0,0,0,0,0,0
33 - Φθιώτιδας,Ετερ. Φθιώτιδας (από 138ο Ε.Τ. Νομ. Αττικής-Αθηνών),587,370,3,2,5,365,91,16,24,7,6,14,7,20,202,22,33,25,62,121,12,37,6,0,2,4,3,1,0,27,8,5,3,4,4,3,14,18,2,2,0,3,2,4,2,4,3,0,0,1,3,0,0,1,0,0,0,0,0,0,0,0,0,0,3,0,0,0,1,1,0,0,0,0,0,0,0,0,0,0,0,10,0,1,2,6,4,1,0,0,0,0,0,2,2
33 - Φθιώτιδας,Ετερ. Φθιώτιδας (από 139ο Ε.Τ. Νομ. Αττικής-Αθηνών),587,365,2,2,4,361,95,15,28,7,2,22,13,40,177,17,20,21,56,113,12,29,4,0,1,4,0,1,0,27,7,7,2,1,3,3,16,25,3,2,4,3,5,5,1,2,0,0,0,0,0,0,0,0,0,0,0,0,0,0,0,0,0,0,7,1,2,2,3,1,0,0,0,0,0,1,0,1,0,0,0,15,4,1,2,2,4,4,0,0,2,0,0,3,0
33 - Φθιώτιδας,Ετερ. Φθιώτιδας (από 140ο Ε.Τ. Νομ. Αττικής-Αθηνών),592,382,3,1,4,378,95,18,21,13,10,16,17,27,181,22,31,21,45,123,13,43,6,0,1,4,0,2,1,40,10,10,4,2,5,4,17,26,3,2,4,4,9,3,3,7,3,1,0,0,3,0,0,0,0,0,0,0,0,0,0,0,0,0,8,2,0,2,4,0,0,0,0,0,0,2,1,0,0,0,0,7,3,0,1,5,1,2,1,0,1,0,0,4,2
33 - Φθιώτιδας,Ετερ. Φθιώτιδας (από 27ο Ε.Τ. Νομ. Αττικής-Πειραιώς),108,64,0,0,0,64,19,9,7,2,0,3,2,6,31,2,6,2,9,20,3,7,1,1,0,1,0,0,0,1,0,0,0,0,0,0,0,4,0,1,0,1,2,0,0,2,1,0,1,1,0,0,0,1,0,0,0,0,0,0,0,0,0,0,5,2,3,0,1,1,0,0,0,0,0,0,0,0,0,0,0,0,0,0,0,0,0,0,0,0,0,0,0,0,0
Σύνολο,,147159,95472,1065,603,1668,93804,29678,2078,9143,5701,1372,5143,1738,13996,41076,4893,10766,6294,14398,19438,1695,7669,2647,370,635,1612,169,199,156,7120,1041,1041,334,618,721,719,4482,4096,615,515,635,560,1430,632,552,772,273,37,77,85,157,9,1,283,101,103,224,46,58,98,51,64,52,16,2980,832,735,570,878,323,94,32,37,43,18,365,147,161,49,33,40,2417,407,357,472,394,389,495,99,68,83,62,107,1292,830
