ΠΕΡΙΦΕΡΕΙΑ,ΕΚΛΟΓΙΚΟ ΤΜΗΜΑ,ΕΓΓΕΓΡΑΜΜΕΝΟΙ,ΨΗΦΙΣΑΝΤΕΣ,ΑΚΥΡΑ,ΛΕΥΚΑ,ΑΚΥΡΑ & ΛΕΥΚΑ,ΕΓΚΥΡΑ,ΣΥΡΙΖΑ,ΑΓΟΡΗΣ ΚΩΝΣΤΑΝΤΙΝΟΣ του Θεοχάρη,ΑΝΤΩΝΙΟΥ ΗΛΙΑΣ του Παυσανία,ΒΕΡΙΛΛΗΣ ΔΟΜΗΝΙΚΟΣ του Κωνσταντίνου,ΒΡΑΝΤΖΑ ΠΑΝΑΓΙΩΤΑ του Αχιλλέως,ΚΑΤΣΑΒΡΙΑ-ΣΙΩΡΟΠΟΥΛΟΥ ΧΡΥΣΟΥΛΑ του Αθανασίου,ΛΑΠΠΑΣ ΣΠΥΡΙΔΩΝ του Ευαγγέλου,Νέα Δημοκρατία,ΚΟΥΛΟΚΤΣΗΣ ΣΩΤΗΡΙΟΣ του Αποστόλου,ΚΩΤΣΟΣ ΓΕΩΡΓΙΟΣ του Κωνσταντίνου,ΠΑΠΑΓΕΩΡΓΙΟΥ ΣΤΑΥΡΟΣ του Βασιλείου,ΣΚΟΝΔΡΑ ΑΣΗΜΙΝΑ του Κωνσταντίνου,ΤΟΛΙΑ ΣΟΦΙΑ του Κωνσταντίνου,ΤΣΙΑΡΑΣ ΚΩΝΣΤΑΝΤΙΝΟΣ του Αλέξανδρου,Λαϊκός Σύνδεσμος - Χρυσή Αυγή,ΘΑΝΟΠΟΥΛΟΣ ΧΑΡΙΛΑΟΣ (ΧΑΡΗΣ) του Λέανδρου,ΚΑΜΠΟΥΡΗ ΑΠΟΣΤΟΛΙΑ του Κυριάκου,ΜΠΑΛΑΤΣΟΥΚΑΣ ΘΕΟΦΑΝΗΣ του Γεωργίου,ΤΑΣΙΑ ΠΟΛΥΞΕΝΗ του Δημητρίου,Κίνημα Αλλαγής,ΕΥΘΥΜΙΑΔΗΣ ΝΙΚΟΛΑΟΣ του Κωνσταντίνου,ΘΩΜΟΠΟΥΛΟΥ ΘΕΟΔΩΡΑ του Θωμά,ΚΟΝΤΑΚΤΣΗΣ ΠΑΝΑΓΙΩΤΗΣ του Χρήστου,ΚΟΥΚΟΣΙΑΣ ΝΙΚΟΛΑΟΣ του Αθανασίου,ΠΑΠΑΓΕΩΡΓΙΟΥ ΣΩΤΗΡΙΟΣ του Δημητρίου,ΡΑΓΙΑ ΑΡΙΣΤΕΑ του Βαΐου,Κ.Κ.Ε.,ΓΑΖΟΣ ΕΚΤΟΡΑΣ του Χρήστου,ΚΟΥΤΡΑ ΧΑΡΙΚΛΕΙΑ του Αθανασίου,ΜΠΕΚΙΑΡΗ ΧΡΙΣΤΙΝΑ του Στεφάνου,ΠΟΛΥΓΕΝΗΣ ΑΡΙΣΤΟΤΕΛΗΣ του Σωτηρίου,ΤΕΓΟΣ ΝΙΚΟΛΑΟΣ του Χρήστου,ΤΣΙΟΥΤΡΑΣ ΙΩΑΝΝΗΣ του Ευαγγέλου,Ένωση Κεντρώων,ΒΑΛΛΑΣ ΠΑΝΤΕΛΗΣ του Αποστόλου,ΜΑΝΤΖΑΚΙΔΗΣ ΒΑΣΙΛΕΙΟΣ του Δαμιανού,ΠΑΠΑΚΩΝΣΤΑΝΤΙΝΟΥ ΑΝΑΣΤΑΣΙΑ του Κωνσταντίνου,ΣΤΑΜΠΟΥΛΗ ΑΝΑΣΤΑΣΙΑ-ΝΙΚΗ του Ιωάννη,Ο.Κ.Δ.Ε.,ΛΗΜΝΙΟΥ ΜΑΡΙΝΑ του Θεοδώρου,ΑΝΤ.ΑΡ.ΣΥ.Α.,ΑΝΤΩΝΙΟΥ ΑΘΑΝΑΣΙΟΣ του Αντωνίου,ΒΟΥΡΚΟΤΙΩΤΗ ΒΑΣΙΛΙΚΗ του Δημοσθένη,ΜΠΟΥΝΤΟΛΟΣ ΙΩΑΝΝΗΣ του Σωκράτη,Ελλήνων Συνέλευσις,ΚΟΡΔΕΛΗ ΜΕΛΠΟΜΕΝΗ του Γεωργίου,ΠΑΠΑΪΩΑΝΝΟΥ ΔΗΜΗΤΡΙΟΣ του Ιωάννη,Ελληνική Λύση - Κ. Βελόπουλος,ΑΝΑΣΤΑΣΟΠΟΥΛΟΣ ΗΛΙΑΣ του Ιωάννη,ΓΚΑΡΑΒΕΛΟΣ ΑΘΑΝΑΣΙΟΣ του Στεφάνου,ΛΑΠΠΑΣ ΣΩΚΡΑΤΗΣ του Χρήστου,ΠΑΠΠΑ ΑΓΟΡΙΤΣΑ-ΚΩΝΣΤΑΝΤΙΑ του Μιχαήλ,ΣΙΑΡΙΔΟΥ ΣΟΦΙΑ του Ευριπίδη,Κ.Κ.Ε. (μ-λ),ΒΑΡΝΑΒΑ ΚΩΝΣΤΑΝΤΙΝΑ του Στυλιανού,ΔΡΑΓΟΥΤΣΟΥ ΧΡΥΣΑ του Στεφάνου,ΚΑΜΑΡΕΤΣΟΣ ΓΕΩΡΓΙΟΣ του Παναγιώτη,ΚΑΠΝΙΑΣ ΣΤΕΦΑΝΟΣ του Ευαγγέλου,ΚΥΡΙΤΣΗΣ ΑΠΟΣΤΟΛΟΣ του Θωμά,Μ-Λ Κ.Κ.Ε.,ΒΑΣΙΛΕΙΟΥ ΓΕΩΡΓΙΟΣ του Παναγιώτη,Ε.ΠΑ.Μ - Α.Κ.Κ.ΕΛ,ΠΑΠΑΔΟΥΛΗ ΧΑΡΙΚΛΕΙΑ του Νικολάου,Λαϊκή Ενότητα,ΑΝΑΓΝΩΣΤΟΠΟΥΛΟΣ ΒΑΪΟΣ του Χρήστου,ΠΑΪΣΙΟΥ ΚΑΡΟΛΙΝΑ του Δημητρίου,ΤΣΕΛΙΟΣ ΚΥΡΙΤΣΗΣ του Δημητρίου,ΜέΡΑ25,ΒΑΡΟΥΔΗ ΜΑΡΙΑ του Αργυρίου,ΚΟΥΤΣΙΚΟΣ ΚΩΝΣΤΑΝΤΙΝΟΣ του Βασιλείου,ΜΟΥΣΤΑΚΑ ΕΥΑΓΓΕΛΙΑ του Θεοδώρου,ΠΟΛΥΜΕΝΙΔΗΣ ΚΩΝΣΤΑΝΤΙΝΟΣ του Πολύβιου,Δημιουργία ξανά - Θ. Τζήμερος,ΔΗΜΑ ΚΑΛΛΙΟΠΗ του Κωνσταντίνου,ΝΙΚΟΛΟΥΔΑΚΗ ΑΙΚΑΤΕΡΙΝΗ του Ιωάννη,ΠΑΠΑΔΟΠΟΥΛΟΣ ΓΕΩΡΓΙΟΣ του Χρήστου,ΣΑΜΠΑΝΗΣ ΧΡΗΣΤΟΣ του Βασιλείου,Πλεύση Ελευθερίας - Ζωή Κωνστ.,ΠΑΠΑΔΟΠΟΥΛΟΣ ΑΘΑΝΑΣΙΟΣ του Βασιλείου
25 - Καρδίτσας,1 E.T. Δήμου Αργιθέας,337,144,3,2,5,139,57,19,5,4,31,3,13,54,2,34,6,12,7,14,1,1,0,1,0,18,2,3,0,1,17,1,1,0,0,0,0,0,0,1,0,0,1,0,0,0,0,0,0,0,0,0,0,3,2,0,1,0,0,0,0,0,0,0,0,0,0,0,0,0,0,0,0,4,1,1,3,0,0,0,0,0,0,0,0
25 - Καρδίτσας,2 E.T. Δήμου Αργιθέας,125,27,0,0,0,27,3,3,1,0,1,0,1,16,0,13,0,2,4,3,0,0,0,0,0,4,0,0,0,0,0,0,2,0,0,0,0,0,0,0,0,0,0,0,0,0,0,0,0,0,0,0,0,0,0,0,0,0,0,0,0,0,0,0,0,0,0,1,0,0,0,0,0,0,0,0,0,0,1,0,0,0,1,0,0
25 - Καρδίτσας,3 E.T. Δήμου Αργιθέας,224,71,0,0,0,71,14,2,0,0,11,0,2,54,2,46,3,14,9,15,0,0,0,0,0,2,0,1,0,0,0,1,0,0,0,0,0,0,0,1,0,0,0,0,0,0,0,0,0,0,0,0,0,0,0,0,0,0,0,0,0,0,0,0,0,0,0,0,0,0,0,0,0,0,0,0,0,0,0,0,0,0,0,0,0
25 - Καρδίτσας,4 E.T. Δήμου Αργιθέας,203,85,0,1,1,84,23,16,5,3,16,1,0,30,3,18,9,0,7,15,3,2,0,1,0,20,6,0,1,0,10,1,4,1,1,1,0,1,0,0,0,0,0,0,0,0,1,0,0,0,0,0,0,0,0,0,0,0,0,0,0,0,0,0,0,0,0,0,0,0,0,0,0,2,1,0,0,0,0,0,0,0,0,1,1
25 - Καρδίτσας,5 E.T. Δήμου Αργιθέας,549,174,2,0,2,172,55,25,10,3,22,4,10,71,6,47,5,11,13,23,3,0,2,1,1,13,1,3,1,1,8,5,6,3,1,1,0,2,0,4,4,2,0,2,0,0,0,0,0,0,0,0,0,2,1,1,0,1,0,0,0,0,0,0,0,0,0,0,0,1,0,0,0,7,2,4,2,0,5,4,3,1,2,5,4
25 - Καρδίτσας,6 E.T. Δήμου Αργιθέας,549,173,1,1,2,171,49,19,2,3,19,3,14,72,2,50,8,17,12,18,2,1,1,1,0,25,5,5,1,2,14,6,6,1,0,0,0,2,2,3,1,0,0,0,0,0,0,0,0,0,0,0,0,4,1,0,2,0,0,3,0,0,1,3,2,1,0,1,0,0,0,0,0,3,0,0,1,0,1,0,1,0,1,1,1
25 - Καρδίτσας,7 E.T. Δήμου Αργιθέας,145,54,1,1,2,52,13,8,0,1,4,0,2,22,1,16,1,1,11,4,1,0,0,0,0,11,1,3,2,0,3,1,2,1,0,1,0,0,0,0,0,0,0,0,0,0,0,0,0,0,0,0,0,3,0,0,0,2,1,0,0,0,0,0,0,0,0,0,0,0,0,0,0,0,0,0,0,0,0,0,0,0,0,0,0
25 - Καρδίτσας,8 E.T. Δήμου Αργιθέας,277,64,1,0,1,63,18,13,2,6,12,0,3,36,5,31,0,6,3,20,2,0,1,1,0,6,0,5,0,1,5,1,0,0,0,0,0,0,0,0,0,0,0,0,0,0,0,0,0,0,0,0,0,0,0,0,0,0,0,0,0,0,0,0,0,0,0,1,0,0,0,0,0,0,0,0,0,0,0,0,0,0,0,0,0
25 - Καρδίτσας,9 E.T. Δήμου Αργιθέας,118,46,0,0,0,46,12,7,0,0,9,0,0,21,0,9,2,3,5,13,4,3,1,3,1,5,3,0,0,0,0,0,1,0,0,0,0,0,0,1,1,0,0,1,0,0,1,0,0,0,0,0,0,0,0,0,0,0,0,0,0,0,0,0,0,0,0,0,0,0,0,0,0,1,0,0,0,0,0,0,0,0,0,0,0
25 - Καρδίτσας,10 E.T. Δήμου Αργιθέας,462,190,1,2,3,187,60,37,10,2,38,5,7,87,12,78,3,8,9,33,0,0,0,0,0,32,2,18,1,7,26,3,6,5,0,1,0,6,0,0,0,0,0,0,0,0,1,1,1,0,0,0,0,0,0,0,0,0,0,0,0,0,0,0,0,0,0,0,0,0,0,0,0,1,1,0,0,0,0,0,0,0,0,0,0
25 - Καρδίτσας,11 E.T. Δήμου Αργιθέας,551,206,0,0,0,206,57,49,3,0,37,6,7,116,8,92,14,12,11,46,2,1,0,0,0,25,2,15,1,7,14,1,2,2,0,0,0,2,0,0,0,0,0,0,0,0,0,0,0,0,1,0,0,0,0,0,0,0,0,0,0,0,0,0,0,0,0,0,0,0,0,0,0,3,1,3,0,1,0,0,0,0,0,0,0
25 - Καρδίτσας,12 E.T. Δήμου Αργιθέας,272,129,0,0,0,129,23,11,0,3,14,2,0,87,6,80,3,5,2,28,3,1,0,2,0,10,7,2,0,5,0,1,0,0,0,0,0,0,0,1,0,0,0,0,0,0,0,0,0,0,0,0,0,1,1,0,1,0,0,0,0,0,0,0,0,0,0,0,0,0,0,0,0,4,0,2,0,0,0,0,0,0,0,0,0
25 - Καρδίτσας,13 E.T. Δήμου Αργιθέας,356,143,0,1,1,142,32,14,2,1,14,1,6,103,3,90,6,6,11,16,0,0,0,0,0,3,0,0,0,2,0,1,0,0,0,0,0,0,0,0,0,0,0,0,0,0,0,0,0,0,0,0,0,1,0,1,0,0,0,0,0,0,0,0,0,0,0,0,0,1,1,1,0,0,0,0,0,0,2,2,1,1,0,0,0
25 - Καρδίτσας,14 E.T. Δήμου Αργιθέας,316,70,0,1,1,69,18,6,2,1,6,2,1,42,0,42,1,8,3,9,4,0,0,3,3,2,0,0,0,1,0,0,1,0,0,1,1,0,0,0,0,0,0,0,1,1,0,0,0,0,0,0,0,0,0,0,0,0,0,0,0,0,0,0,0,0,0,1,1,0,0,0,0,0,0,0,0,0,0,0,0,0,0,0,0
25 - Καρδίτσας,15 E.T. Δήμου Αργιθέας,209,89,1,0,1,88,31,25,7,0,13,0,4,56,4,39,0,11,17,16,0,0,0,0,0,0,0,0,0,0,0,0,0,0,0,0,0,0,0,0,0,0,0,0,0,0,0,0,0,0,0,0,0,1,1,0,0,0,0,0,0,0,0,0,0,0,0,0,0,0,0,0,0,0,0,0,0,0,0,0,0,0,0,0,0
25 - Καρδίτσας,16 E.T. Δήμου Αργιθέας,292,117,1,0,1,116,21,13,3,0,4,2,7,81,11,73,6,7,13,34,9,1,0,8,2,2,1,0,0,1,2,0,3,2,1,0,1,1,1,0,0,0,0,0,0,0,0,0,0,0,0,0,0,0,0,0,0,0,0,0,0,0,0,0,0,0,0,0,0,0,0,0,0,0,0,0,0,0,0,0,0,0,0,0,0
25 - Καρδίτσας,17 E.T. Δήμου Αργιθέας,335,75,0,0,0,75,19,6,0,1,10,3,6,48,0,45,7,4,3,7,1,0,1,1,0,7,0,0,1,3,3,2,0,0,0,0,0,0,0,0,0,0,0,0,0,0,0,0,0,0,0,0,0,0,0,0,0,0,0,0,0,0,0,0,0,0,0,0,0,0,0,0,0,0,0,0,0,0,0,0,0,0,0,0,0
25 - Καρδίτσας,18 E.T. Δήμου Αργιθέας,255,48,0,0,0,48,9,1,1,0,4,1,8,30,2,29,3,6,5,7,5,2,3,4,0,3,2,0,1,1,1,0,0,0,0,0,0,0,0,0,0,0,0,0,0,0,0,0,0,0,0,0,0,0,0,0,0,0,0,0,0,0,0,0,0,0,0,0,0,0,0,0,0,0,0,0,0,0,1,0,0,0,0,0,0
25 - Καρδίτσας,19 E.T. Δήμου Αργιθέας,332,98,0,2,2,96,28,14,4,1,14,4,6,44,0,44,2,12,1,5,3,1,1,2,1,16,0,5,0,8,11,1,3,1,0,0,1,2,0,0,0,0,0,0,0,0,0,0,0,0,0,0,0,2,1,1,2,0,0,0,0,0,0,0,0,0,0,0,0,0,0,0,0,0,0,0,0,0,0,0,0,0,0,0,0
25 - Καρδίτσας,20 E.T. Δήμου Αργιθέας,255,101,1,1,2,99,23,12,0,0,14,1,4,63,4,32,2,4,22,30,0,0,0,0,0,12,2,3,0,5,8,0,0,0,0,0,0,0,0,0,0,0,0,0,0,0,0,0,0,0,0,0,0,0,0,0,0,0,0,0,0,0,0,0,0,0,0,0,0,0,0,0,0,0,0,0,0,0,0,0,0,0,0,1,0
25 - Καρδίτσας,21 E.T. Δήμου Αργιθέας,339,126,0,0,0,126,46,40,2,2,21,2,4,66,6,25,17,35,3,37,1,0,0,1,1,3,2,0,0,2,0,0,5,1,0,1,0,1,1,0,0,0,0,0,0,0,0,0,0,0,0,0,0,1,0,0,1,1,0,0,0,0,0,0,0,0,0,1,0,0,0,0,0,3,0,3,0,0,0,0,0,0,0,0,0
25 - Καρδίτσας,22 E.T. Δήμου Αργιθέας,372,147,1,0,1,146,64,54,3,2,32,2,3,64,6,26,8,17,6,41,2,1,0,1,0,7,0,1,0,3,5,1,2,0,0,0,1,0,1,0,0,0,0,0,0,0,1,0,1,0,0,0,0,4,4,0,0,0,0,0,0,0,0,0,0,0,0,0,0,1,0,0,0,1,0,1,0,0,0,0,0,0,0,0,0
25 - Καρδίτσας,23 E.T. Δήμου Αργιθέας,131,55,0,0,0,55,13,12,0,0,10,0,0,32,1,20,0,12,5,20,0,0,0,0,0,2,0,0,0,0,1,0,0,0,0,0,0,0,0,0,0,0,0,0,0,0,0,0,0,0,0,0,0,6,0,0,0,0,0,0,0,0,0,0,0,0,0,0,0,0,0,0,0,1,0,1,0,0,0,0,0,0,0,1,1
25 - Καρδίτσας,24 E.T. Δήμου Αργιθέας,328,144,0,3,3,141,28,15,2,1,17,1,2,88,2,62,3,25,28,23,2,0,1,1,0,16,1,14,0,1,12,1,0,0,0,0,0,0,0,0,0,0,0,0,0,0,0,0,0,0,0,0,0,2,2,0,0,1,0,0,0,0,0,0,0,0,0,2,2,0,0,0,0,3,2,1,0,0,0,0,0,0,0,0,0
25 - Καρδίτσας,25 E.T. Δήμου Αργιθέας,177,54,0,0,0,54,22,19,3,1,11,2,4,29,0,9,2,14,8,19,0,0,0,0,0,0,0,0,0,0,0,0,1,0,0,0,0,0,0,0,0,0,0,0,0,0,1,0,0,0,0,0,0,1,0,0,0,0,0,0,0,0,0,0,0,0,0,0,0,0,0,0,0,0,0,0,0,0,0,0,0,0,0,0,0
25 - Καρδίτσας,26 E.T. Δήμου Καρδίτσας,462,280,4,2,6,274,73,10,20,23,10,14,16,116,7,46,60,22,4,52,2,2,0,1,0,46,17,20,2,4,22,3,17,4,5,1,2,2,0,2,0,0,0,0,0,0,4,1,3,1,0,0,0,4,2,0,1,0,1,0,0,0,0,0,0,0,0,0,0,2,2,1,0,3,0,0,0,1,3,0,1,0,1,2,1
25 - Καρδίτσας,27 E.T. Δήμου Καρδίτσας,284,151,4,2,6,145,26,16,14,1,2,0,2,92,28,15,12,28,30,48,0,0,0,0,0,21,0,3,2,9,18,4,2,0,1,0,0,0,1,0,0,0,0,0,0,0,0,0,0,0,0,0,0,2,1,0,2,1,0,0,0,0,0,0,0,0,0,0,0,0,0,0,0,2,0,1,0,0,0,0,0,0,0,0,0
25 - Καρδίτσας,28 E.T. Δήμου Καρδίτσας,321,182,0,0,0,182,44,20,14,9,5,6,8,102,20,27,33,45,17,23,4,3,2,1,0,16,2,2,0,4,14,1,9,1,5,1,0,3,3,1,1,0,1,0,0,0,0,0,0,0,0,0,0,5,3,0,0,0,0,0,0,0,0,0,0,0,0,0,0,0,0,0,0,1,1,0,1,0,0,0,0,0,0,0,0
25 - Καρδίτσας,29 E.T. Δήμου Καρδίτσας,551,388,5,2,7,381,97,22,12,4,13,20,36,93,12,30,21,15,6,46,4,2,0,0,0,54,10,1,0,11,47,1,118,15,84,5,11,44,30,0,0,0,0,0,0,0,0,0,0,0,0,0,0,4,2,0,0,0,0,0,0,0,0,0,0,1,0,1,1,1,0,0,0,8,1,0,0,0,0,0,0,0,0,0,0
25 - Καρδίτσας,30 E.T. Δήμου Καρδίτσας,580,402,3,3,6,396,91,27,18,3,17,18,28,83,14,25,16,23,4,42,3,2,0,1,1,60,8,7,0,5,55,0,139,21,101,6,7,32,53,0,0,0,0,0,0,0,0,0,0,0,0,0,0,8,2,0,3,0,0,1,0,0,0,1,0,0,0,0,0,0,0,0,0,8,0,1,0,0,1,1,1,0,0,2,1
25 - Καρδίτσας,31 E.T. Δήμου Καρδίτσας,426,219,3,1,4,215,74,9,9,6,5,14,41,73,14,22,15,38,7,22,2,2,0,0,0,30,4,1,0,12,24,0,12,2,1,1,3,4,3,1,0,0,1,0,0,0,3,2,1,1,0,0,0,2,1,0,0,1,0,9,1,1,6,0,2,0,0,0,0,1,0,1,0,8,0,1,0,0,0,0,0,0,0,0,0
25 - Καρδίτσας,32 E.T. Δήμου Καρδίτσας,161,109,1,0,1,108,35,4,4,3,10,7,9,35,4,12,6,9,6,19,3,0,1,1,0,8,2,1,1,1,5,1,13,2,1,0,2,8,1,2,0,1,0,0,0,0,2,0,0,0,0,0,0,2,1,1,0,0,0,3,0,0,3,3,0,0,0,0,0,0,0,0,0,4,2,2,2,0,0,0,0,0,0,1,1
25 - Καρδίτσας,33 E.T. Δήμου Καρδίτσας,220,135,0,0,0,135,46,7,16,12,2,7,21,38,2,17,12,13,7,12,2,0,1,2,0,39,3,2,1,10,36,1,7,0,1,2,0,5,0,0,0,0,0,0,0,0,0,0,0,0,0,0,0,2,1,0,0,1,0,0,0,0,0,0,0,0,0,0,0,0,0,0,0,1,1,1,0,0,0,0,0,0,0,0,0
25 - Καρδίτσας,34 E.T. Δήμου Καρδίτσας,562,294,4,1,5,289,82,15,21,20,6,14,25,113,11,18,29,51,5,67,8,4,3,2,4,34,1,2,0,2,32,1,23,16,4,1,2,9,2,3,0,0,0,0,0,0,3,0,0,2,0,0,0,3,2,2,0,0,0,1,0,0,0,1,1,0,0,1,1,1,1,0,0,12,2,0,1,0,4,1,2,1,0,1,0
25 - Καρδίτσας,35 E.T. Δήμου Καρδίτσας,238,125,3,1,4,121,33,2,16,9,3,8,9,54,3,19,20,16,9,31,1,0,0,0,0,10,0,0,1,1,9,0,8,4,4,2,0,2,1,0,0,0,0,0,0,0,2,0,0,0,0,0,0,6,1,2,4,1,0,0,0,0,0,0,0,0,0,1,1,0,0,0,0,3,1,0,0,0,3,2,1,1,1,0,0
25 - Καρδίτσας,36 E.T. Δήμου Καρδίτσας,416,239,1,1,2,237,50,7,5,6,6,19,23,81,9,22,29,23,17,29,15,11,0,4,1,11,3,1,0,1,10,0,61,44,21,3,3,6,9,1,1,0,0,0,0,0,1,0,0,0,0,0,0,9,4,2,2,1,0,0,0,0,0,0,0,0,0,0,0,0,0,0,0,4,3,1,3,0,3,0,0,0,0,1,1
25 - Καρδίτσας,37 E.T. Δήμου Καρδίτσας,268,135,1,0,1,134,57,5,36,10,6,6,9,39,3,18,6,18,1,18,7,2,2,4,1,12,4,1,1,1,9,0,8,4,2,0,0,0,0,0,0,0,0,0,0,0,0,0,0,0,0,0,0,4,0,0,1,1,1,0,0,0,0,0,0,0,0,0,0,0,0,0,0,2,0,1,0,0,0,0,0,0,0,5,2
25 - Καρδίτσας,38 E.T. Δήμου Καρδίτσας,269,150,3,0,3,147,42,7,20,11,9,4,9,78,2,37,38,25,4,31,1,1,0,0,0,10,1,2,0,1,6,2,2,0,1,1,0,0,0,5,2,1,0,1,0,0,1,1,1,0,0,0,0,2,0,1,0,0,0,1,0,0,0,0,0,0,0,0,0,0,0,0,0,2,2,1,1,0,0,0,0,0,0,3,2
25 - Καρδίτσας,39 E.T. Δήμου Καρδίτσας,273,152,1,1,2,150,33,4,4,5,3,5,10,82,4,40,13,30,3,33,4,0,2,0,1,7,1,0,1,0,7,1,11,3,5,0,0,3,0,4,1,0,0,0,0,0,0,0,0,0,0,0,0,1,0,0,0,1,1,0,0,0,0,0,0,0,0,0,0,3,1,1,0,3,1,0,0,0,0,0,0,0,0,2,0
25 - Καρδίτσας,40 E.T. Δήμου Καρδίτσας,350,168,5,0,5,163,34,5,2,8,7,9,4,90,10,46,12,45,8,35,6,4,1,0,2,6,0,0,0,1,6,2,20,2,7,1,0,7,5,0,0,0,0,0,0,0,0,0,0,0,0,0,0,1,0,0,1,0,0,1,0,0,0,0,1,0,0,0,0,1,0,0,0,2,1,0,0,0,0,0,0,0,0,2,0
25 - Καρδίτσας,41 E.T. Δήμου Καρδίτσας,272,150,1,3,4,146,38,14,6,10,9,4,6,80,3,30,38,25,1,45,4,4,0,4,0,14,3,0,0,7,11,0,2,1,1,0,0,0,0,0,0,0,0,0,0,0,0,0,0,0,2,0,1,4,2,0,3,1,0,0,0,0,0,0,0,0,0,1,1,0,0,0,0,1,1,0,0,0,0,0,0,0,0,0,0
25 - Καρδίτσας,42 E.T. Δήμου Καρδίτσας,353,176,1,2,3,173,43,12,10,12,10,7,6,89,5,37,59,23,2,33,6,3,1,3,0,15,2,3,1,9,10,0,5,2,1,2,0,4,1,0,0,0,0,0,0,0,0,0,0,0,0,0,0,7,3,1,2,0,0,0,0,0,0,0,0,0,0,0,0,0,0,0,0,6,3,2,1,2,2,0,0,0,0,0,0
25 - Καρδίτσας,43 E.T. Δήμου Καρδίτσας,409,237,5,3,8,229,89,18,29,10,5,26,23,94,2,32,39,19,8,54,2,0,1,0,1,20,5,1,0,9,13,3,9,5,2,0,0,4,1,0,0,0,0,0,0,0,1,1,1,0,0,0,0,3,1,0,1,1,1,0,0,0,0,0,0,1,1,4,3,0,0,0,0,6,1,4,3,0,0,0,0,0,0,0,0
25 - Καρδίτσας,44 E.T. Δήμου Καρδίτσας,504,307,3,3,6,301,76,5,15,11,14,21,24,147,12,54,25,48,7,78,12,3,0,1,4,27,3,5,2,9,13,1,13,3,3,0,0,7,2,0,0,0,0,0,0,0,0,0,0,0,0,0,0,17,7,4,4,3,0,0,0,0,0,0,0,0,0,1,1,1,0,0,0,4,2,0,1,2,2,0,0,0,0,1,1
25 - Καρδίτσας,45 E.T. Δήμου Καρδίτσας,491,277,1,2,3,274,80,6,9,13,10,48,17,115,24,40,25,31,13,62,5,3,2,0,1,37,0,5,1,23,24,1,25,5,4,4,5,3,3,3,1,0,0,1,0,0,0,0,0,0,0,0,0,3,1,1,0,0,2,0,0,0,0,0,0,0,0,0,0,0,0,0,0,6,1,2,0,0,0,0,0,0,0,0,0
25 - Καρδίτσας,46 E.T. Δήμου Καρδίτσας,486,259,3,3,6,253,72,12,12,10,4,49,22,99,20,31,22,27,9,56,9,2,4,2,1,22,4,6,0,12,16,1,33,20,2,4,4,12,7,1,0,0,0,0,0,0,0,0,0,0,0,0,0,7,3,3,1,2,2,0,0,0,0,0,0,1,0,1,1,1,0,0,0,6,1,2,1,2,1,0,0,0,0,0,0
25 - Καρδίτσας,47 E.T. Δήμου Καρδίτσας,472,278,5,1,6,272,77,10,25,9,10,28,31,116,22,30,36,31,7,58,2,1,1,0,1,45,3,6,0,20,30,1,19,8,1,2,2,11,7,4,1,0,0,0,1,0,0,0,0,0,0,0,0,2,1,0,1,0,0,0,0,0,0,0,0,0,0,1,1,0,0,0,0,4,2,3,0,0,1,0,0,0,0,0,0
25 - Καρδίτσας,48 E.T. Δήμου Καρδίτσας,240,149,5,2,7,142,38,15,8,7,7,7,11,74,7,39,23,22,8,29,2,0,1,1,0,15,0,2,0,12,9,0,5,1,3,2,1,1,0,0,0,0,0,0,0,0,1,1,0,0,0,0,0,3,3,1,0,1,1,0,0,0,0,0,0,0,0,0,0,0,0,0,0,2,0,1,0,0,1,0,1,0,1,1,1
25 - Καρδίτσας,49 E.T. Δήμου Καρδίτσας,304,183,3,3,6,177,55,9,16,10,9,17,12,76,5,25,29,24,4,40,4,3,1,2,0,25,1,1,0,19,6,1,1,0,0,0,1,0,1,3,1,0,1,1,0,0,0,0,0,0,1,1,1,3,1,2,0,1,0,0,0,0,0,0,0,0,0,1,0,0,0,0,0,7,2,1,1,0,0,0,0,0,0,1,0
25 - Καρδίτσας,50 E.T. Δήμου Καρδίτσας,283,169,1,1,2,167,43,5,4,8,6,14,16,70,7,26,20,14,10,37,3,1,1,0,0,19,4,1,1,12,5,6,17,0,2,3,0,13,9,0,0,0,0,0,0,0,0,0,0,0,1,1,0,5,2,0,1,1,0,1,0,0,0,1,0,0,0,0,0,0,0,0,0,2,0,1,0,1,3,0,0,0,0,3,0
25 - Καρδίτσας,51 E.T. Δήμου Καρδίτσας,407,284,1,1,2,282,50,14,8,6,3,15,19,84,16,29,5,25,7,44,7,4,1,2,0,114,3,2,0,3,113,1,11,7,4,0,1,1,3,1,0,0,0,0,0,0,4,0,0,3,0,0,0,6,2,1,1,2,1,0,0,0,0,0,0,0,0,0,0,0,0,0,0,4,1,1,0,0,0,0,0,0,0,1,1
25 - Καρδίτσας,52 E.T. Δήμου Καρδίτσας,415,245,2,0,2,243,46,7,6,6,11,14,21,72,8,21,17,19,11,41,15,6,2,2,3,102,5,6,1,2,101,2,3,0,2,0,0,0,0,0,0,0,0,0,0,0,1,0,0,1,0,0,0,1,1,0,0,0,0,0,0,0,0,0,0,0,0,1,1,0,0,0,0,1,0,0,0,0,0,0,0,0,0,1,0
25 - Καρδίτσας,53 E.T. Δήμου Καρδίτσας,382,237,1,0,1,236,84,3,24,15,8,38,24,103,51,24,10,20,17,54,13,5,0,2,1,21,2,1,0,5,15,3,3,0,1,2,0,0,0,0,0,0,0,0,0,0,1,0,0,0,0,0,0,5,0,0,0,1,1,0,0,0,0,0,0,0,0,0,0,0,0,0,0,2,0,1,0,0,2,0,1,0,1,2,2
25 - Καρδίτσας,54 E.T. Δήμου Καρδίτσας,392,247,8,0,8,239,95,14,30,13,12,28,32,113,55,38,12,21,7,40,4,1,0,0,0,7,0,0,0,1,7,1,3,0,0,0,1,1,0,0,0,0,0,0,0,0,1,0,1,0,0,0,0,10,0,3,4,4,2,0,0,0,0,0,0,0,0,0,0,1,0,0,0,2,0,0,0,0,0,0,0,0,0,3,2
25 - Καρδίτσας,55 E.T. Δήμου Καρδίτσας,381,219,6,0,6,213,57,8,17,6,4,14,21,123,85,24,9,21,11,53,3,2,1,0,1,15,0,2,0,2,14,1,3,1,0,0,1,1,0,0,0,0,0,0,0,0,0,0,0,0,0,0,0,6,2,1,1,0,1,0,0,0,0,0,0,0,0,0,0,0,0,0,0,3,3,0,2,0,0,0,0,0,0,3,3
25 - Καρδίτσας,56 E.T. Δήμου Καρδίτσας,379,255,3,1,4,251,57,10,14,11,11,11,19,119,21,64,21,31,3,52,5,1,1,2,1,42,5,4,0,6,32,5,9,1,0,7,1,3,1,3,1,0,1,1,0,0,2,2,2,0,0,0,0,3,1,0,0,0,0,2,0,0,0,0,0,1,0,1,0,0,0,0,0,5,0,0,3,0,1,0,0,0,0,1,1
25 - Καρδίτσας,57 E.T. Δήμου Καρδίτσας,484,301,3,1,4,297,85,10,10,5,13,30,35,143,36,67,7,61,15,40,8,6,0,5,0,41,11,6,1,2,33,1,4,3,0,0,0,0,3,1,0,0,1,1,0,0,1,0,0,0,0,0,0,8,1,3,3,4,2,0,0,0,0,0,0,0,0,0,0,0,0,0,0,3,0,2,1,0,1,1,1,0,0,2,1
25 - Καρδίτσας,58 E.T. Δήμου Καρδίτσας,513,297,0,1,1,296,70,8,24,7,14,25,19,159,21,78,21,42,11,80,9,6,2,2,0,32,4,5,0,4,29,5,13,7,2,2,1,0,2,0,0,0,0,0,0,0,0,0,0,0,0,0,0,6,1,1,1,0,2,3,0,0,0,3,1,0,0,0,0,0,0,0,0,2,1,0,1,0,1,0,0,0,0,1,0
25 - Καρδίτσας,59 E.T. Δήμου Καρδίτσας,458,296,5,0,5,291,86,8,15,11,20,27,23,124,47,28,13,16,19,69,5,3,0,1,1,38,4,9,0,1,28,3,10,3,1,1,2,2,1,0,0,0,0,0,0,0,0,0,0,0,2,2,1,12,5,2,2,2,2,2,0,0,0,1,1,0,0,2,1,0,0,0,0,6,0,0,2,0,0,0,0,0,0,4,3
25 - Καρδίτσας,60 E.T. Δήμου Καρδίτσας,530,351,7,0,7,344,107,9,19,20,23,41,32,139,58,33,10,70,12,72,7,6,0,4,0,57,14,7,1,3,49,0,9,4,1,1,1,6,1,3,1,0,2,2,0,0,1,0,1,1,2,2,2,4,1,2,0,0,2,1,0,0,0,0,1,1,1,1,1,0,0,0,0,6,3,3,0,1,3,0,0,0,0,3,3
25 - Καρδίτσας,61 E.T. Δήμου Καρδίτσας,404,233,4,0,4,229,51,4,10,2,7,16,28,116,17,29,19,38,7,69,13,9,6,4,2,26,4,2,1,5,22,0,7,0,3,0,1,6,1,1,0,0,1,1,0,0,0,0,0,0,2,1,1,10,3,0,2,3,0,0,0,0,0,0,0,0,0,0,0,0,0,0,0,3,2,1,1,0,0,0,0,0,0,0,0
25 - Καρδίτσας,62 E.T. Δήμου Καρδίτσας,447,277,5,2,7,270,89,14,18,29,14,24,27,89,21,30,18,18,15,56,4,3,0,3,0,28,7,0,3,1,26,0,26,5,8,4,2,12,9,2,0,0,1,1,0,0,2,2,2,0,0,0,0,8,5,3,1,2,0,2,0,1,0,1,0,0,0,1,1,2,0,0,0,11,6,5,4,2,0,0,0,0,0,6,5
25 - Καρδίτσας,63 E.T. Δήμου Καρδίτσας,451,272,4,3,7,265,79,3,19,17,12,21,25,80,5,25,22,30,13,33,7,5,0,3,2,40,10,6,0,4,33,0,33,11,17,5,5,7,14,1,0,0,0,0,0,0,1,0,1,0,0,0,0,11,7,1,0,2,2,2,0,0,0,0,1,0,0,1,1,2,0,1,0,4,1,1,1,0,1,0,0,0,0,3,3
25 - Καρδίτσας,64 E.T. Δήμου Καρδίτσας,537,330,4,2,6,324,97,15,18,21,18,24,29,145,34,56,34,31,13,67,3,0,1,0,1,24,4,4,0,2,15,0,21,4,6,0,4,9,1,2,0,0,1,1,0,0,3,1,2,1,0,0,0,10,7,3,2,1,3,0,0,0,0,0,0,0,0,2,2,3,1,3,0,11,4,1,4,0,0,0,0,0,0,3,1
25 - Καρδίτσας,65 E.T. Δήμου Καρδίτσας,562,338,5,1,6,332,79,11,10,23,12,20,45,145,43,43,48,24,14,65,10,5,1,0,0,39,7,6,1,9,24,2,22,8,1,4,2,9,3,3,1,0,1,0,0,0,2,0,0,0,2,0,1,6,4,0,1,3,0,1,0,0,0,0,0,0,0,3,0,0,0,0,0,11,4,2,0,3,5,0,1,0,1,4,2
25 - Καρδίτσας,66 E.T. Δήμου Καρδίτσας,531,315,11,3,14,301,86,12,12,19,9,19,35,121,24,45,24,22,10,54,8,4,4,1,3,25,9,1,1,3,16,1,29,8,5,2,3,16,2,0,0,0,0,0,0,0,3,1,1,1,0,0,0,5,1,2,2,2,0,1,0,0,0,1,0,0,0,4,2,0,0,0,0,13,2,2,1,0,1,1,0,1,0,5,2
25 - Καρδίτσας,67 E.T. Δήμου Καρδίτσας,565,325,2,2,4,321,129,16,17,36,16,33,44,118,27,41,20,36,9,49,6,1,3,2,0,20,4,4,3,3,11,4,22,5,2,3,2,9,0,1,0,0,0,0,0,0,2,0,0,0,0,0,0,9,2,2,2,2,2,2,0,0,0,0,1,0,0,1,1,1,0,0,0,8,1,1,1,0,1,0,0,0,0,1,1
25 - Καρδίτσας,68 E.T. Δήμου Καρδίτσας,567,329,9,2,11,318,125,22,25,27,19,21,51,98,14,37,32,21,5,49,6,3,1,0,2,40,6,3,0,4,29,7,19,7,4,1,2,11,6,4,2,0,1,2,0,0,3,2,0,2,0,0,0,13,8,3,6,1,0,1,0,0,0,0,0,1,0,0,0,0,0,0,0,4,0,2,0,2,1,0,0,0,0,3,2
25 - Καρδίτσας,69 E.T. Δήμου Καρδίτσας,545,334,8,2,10,324,112,21,29,25,15,14,46,112,31,44,32,21,10,48,12,8,2,2,1,24,5,3,1,4,18,3,36,16,8,2,2,21,7,1,1,0,1,0,0,0,0,0,0,0,0,0,0,14,5,4,1,1,4,1,0,0,0,1,1,0,0,1,0,1,1,1,0,5,1,1,2,2,1,0,1,0,1,4,1
25 - Καρδίτσας,70 E.T. Δήμου Καρδίτσας,530,330,4,2,6,324,109,21,22,31,13,19,48,130,32,46,40,25,17,55,5,1,2,0,2,29,2,2,0,5,25,1,24,8,2,1,3,10,7,0,0,0,0,0,0,0,4,0,0,4,0,0,0,11,4,3,2,1,1,1,0,0,0,1,0,0,0,2,1,1,1,0,0,5,1,3,0,0,0,0,0,0,0,3,3
25 - Καρδίτσας,71 E.T. Δήμου Καρδίτσας,537,287,6,2,8,279,97,18,23,19,13,13,39,123,22,41,43,32,12,42,3,2,1,1,0,19,7,4,1,2,13,0,17,3,5,2,0,4,3,1,0,0,0,0,0,0,3,2,1,0,0,0,0,5,2,1,2,2,0,0,0,0,0,0,0,0,0,0,0,0,0,0,0,4,0,0,0,0,4,0,0,0,0,3,3
25 - Καρδίτσας,72 E.T. Δήμου Καρδίτσας,555,287,3,3,6,281,93,14,20,16,16,12,29,114,23,51,28,30,9,43,6,3,0,0,0,16,3,2,0,2,10,3,32,9,2,4,5,17,6,1,0,0,0,1,0,0,2,0,0,1,0,0,0,3,0,0,0,0,1,0,0,0,0,0,0,0,0,0,0,1,0,1,0,6,1,0,0,0,1,0,1,1,0,6,4
25 - Καρδίτσας,73 E.T. Δήμου Καρδίτσας,550,315,4,6,10,305,107,16,25,13,17,29,41,114,18,66,29,20,6,40,5,2,0,1,1,22,6,4,0,1,16,1,13,5,1,0,2,8,1,4,1,0,0,1,0,0,3,0,1,0,0,0,0,14,8,4,2,1,4,2,0,2,0,0,2,0,0,2,0,1,1,1,0,12,2,2,1,0,0,0,0,0,0,6,2
25 - Καρδίτσας,74 E.T. Δήμου Καρδίτσας,562,339,2,1,3,336,118,20,22,28,12,20,51,131,29,58,31,28,10,62,7,6,2,3,0,16,8,1,0,2,9,2,19,5,3,1,1,9,5,1,0,0,0,0,0,0,3,1,0,0,0,0,0,15,6,3,6,6,0,1,0,0,0,0,0,1,0,1,1,1,1,0,0,14,5,4,2,2,3,0,0,0,0,5,3
25 - Καρδίτσας,75 E.T. Δήμου Καρδίτσας,548,334,0,2,2,332,104,18,21,25,15,16,47,150,35,63,36,40,13,69,4,2,0,1,1,20,8,1,0,1,13,1,21,9,2,1,0,11,3,1,0,0,1,1,0,0,2,0,0,2,0,0,0,17,6,3,2,8,2,1,0,0,1,1,0,0,0,2,1,0,0,0,0,8,2,2,2,0,1,0,0,0,0,1,0
25 - Καρδίτσας,76 E.T. Δήμου Καρδίτσας,568,341,2,4,6,335,98,13,16,22,11,20,41,137,23,49,34,33,20,56,10,7,3,2,1,28,6,2,1,6,21,4,33,9,1,5,4,19,2,5,1,0,1,2,0,0,1,1,0,0,0,0,0,12,6,3,1,0,2,0,0,0,0,0,0,0,0,0,0,0,0,0,0,6,0,4,2,2,0,0,0,0,0,5,1
25 - Καρδίτσας,77 E.T. Δήμου Καρδίτσας,564,327,4,4,8,319,89,10,22,18,15,19,28,144,26,48,33,26,8,84,4,3,0,0,0,28,5,11,1,2,22,0,20,6,1,2,2,12,2,5,0,0,0,0,0,0,1,0,0,0,0,0,0,10,6,0,6,3,0,0,0,0,0,0,0,0,0,2,2,0,0,0,0,11,3,2,1,1,3,0,0,2,0,2,1
25 - Καρδίτσας,78 E.T. Δήμου Καρδίτσας,567,325,7,1,8,317,142,22,19,27,14,27,64,115,20,33,33,33,13,49,3,1,0,0,0,22,6,1,0,2,21,1,18,3,2,1,1,8,4,1,0,0,0,0,0,0,1,0,0,0,0,0,0,8,0,0,4,1,1,0,0,0,0,0,0,0,0,0,0,0,0,0,0,4,1,0,0,0,2,0,0,0,0,1,1
25 - Καρδίτσας,79 E.T. Δήμου Καρδίτσας,540,344,0,2,2,342,99,12,14,22,10,18,46,169,37,45,30,113,15,87,9,9,2,1,1,19,2,3,0,6,15,2,27,10,2,2,2,13,4,2,2,0,0,0,0,0,3,1,1,0,0,0,0,5,0,0,0,0,0,0,0,0,0,0,0,0,0,0,0,0,0,0,0,4,0,2,1,0,4,0,0,0,1,1,0
25 - Καρδίτσας,80 E.T. Δήμου Καρδίτσας,565,353,9,3,12,341,115,2,27,24,11,18,50,130,23,56,44,29,5,48,6,3,1,2,0,32,3,5,0,4,27,6,25,3,1,4,4,15,4,2,0,0,0,0,0,0,2,1,1,2,1,0,0,10,4,1,2,4,3,3,0,0,0,1,0,0,0,2,0,1,1,0,0,7,2,2,0,0,2,0,0,0,0,3,1
25 - Καρδίτσας,81 E.T. Δήμου Καρδίτσας,566,328,2,1,3,325,120,12,17,20,16,22,38,137,25,44,39,20,18,93,11,7,2,3,2,25,6,1,0,4,19,0,10,3,2,1,2,2,3,5,0,0,1,1,0,0,5,2,0,3,0,0,0,3,0,1,2,0,0,2,1,0,0,0,0,0,0,0,0,0,0,0,0,5,0,1,1,0,1,0,0,0,0,1,0
25 - Καρδίτσας,82 E.T. Δήμου Καρδίτσας,551,384,4,3,7,377,104,15,32,18,12,26,35,166,18,46,60,27,9,78,15,13,3,4,2,23,7,4,0,4,16,2,26,7,3,0,5,15,4,3,0,1,0,0,0,0,1,0,1,0,0,0,0,10,6,4,1,1,1,0,0,0,0,0,0,0,0,5,3,0,0,0,0,18,6,6,4,1,2,1,0,0,1,4,3
25 - Καρδίτσας,83 E.T. Δήμου Καρδίτσας,565,373,6,3,9,364,117,20,21,21,16,27,44,163,24,71,45,34,23,76,8,6,1,3,1,28,2,2,0,3,24,6,10,3,2,2,0,4,0,3,2,0,2,2,0,0,3,2,1,0,0,0,0,8,1,0,0,1,1,1,0,0,0,0,0,0,0,3,0,2,0,0,0,11,5,1,2,0,1,0,0,0,0,6,3
25 - Καρδίτσας,84 E.T. Δήμου Καρδίτσας,534,336,5,2,7,329,137,11,17,25,13,36,50,127,21,64,28,19,14,47,4,3,0,0,0,18,6,5,1,0,12,2,19,4,2,0,3,8,4,3,1,2,0,1,0,0,2,0,0,0,2,0,0,4,0,2,0,0,0,1,0,0,0,0,0,0,0,0,0,0,0,0,0,8,5,2,2,0,2,1,1,1,1,2,0
25 - Καρδίτσας,85 E.T. Δήμου Καρδίτσας,553,334,3,1,4,330,118,6,14,27,16,28,60,132,24,41,44,21,20,64,11,8,4,4,0,24,0,5,0,3,21,2,13,6,3,1,2,5,1,4,0,0,1,0,0,0,4,2,0,1,0,0,0,9,2,0,2,3,3,1,0,0,0,0,0,0,0,1,0,0,0,0,0,8,2,0,1,0,0,0,0,0,0,5,3
25 - Καρδίτσας,86 E.T. Δήμου Καρδίτσας,530,353,1,2,3,350,98,14,15,28,10,21,37,153,25,49,42,27,18,71,5,4,1,1,0,32,5,0,0,6,25,0,21,9,3,0,1,12,2,3,0,0,0,0,0,0,4,2,1,1,1,0,0,13,5,1,3,1,1,1,0,0,0,1,1,0,0,1,0,0,0,0,0,9,0,4,1,0,4,0,3,3,0,5,1
25 - Καρδίτσας,87 E.T. Δήμου Καρδίτσας,541,363,3,1,4,359,114,27,24,19,15,23,51,144,25,54,50,17,30,52,5,2,1,2,1,32,11,4,0,3,17,3,25,8,3,1,2,9,1,1,1,0,0,0,1,0,1,0,0,1,0,0,0,10,2,3,2,5,1,3,1,0,0,0,2,0,0,1,0,0,0,0,0,9,3,1,1,1,5,2,1,2,1,8,4
25 - Καρδίτσας,88 E.T. Δήμου Καρδίτσας,532,350,8,1,9,341,107,17,20,26,12,16,54,135,28,47,36,17,16,94,5,1,0,3,0,29,4,7,0,5,25,1,26,13,8,3,3,5,3,2,1,2,1,0,0,0,5,3,0,2,0,0,0,17,5,8,4,3,1,0,0,0,0,0,0,0,0,2,1,0,0,0,0,7,1,2,0,1,4,1,1,0,0,2,1
25 - Καρδίτσας,89 E.T. Δήμου Καρδίτσας,530,361,4,2,6,355,110,25,10,29,10,17,48,163,26,70,52,24,21,66,7,2,1,2,2,27,10,3,0,3,16,1,20,7,2,1,1,12,2,3,0,0,0,0,0,0,2,0,0,0,0,0,0,8,3,2,0,0,1,0,0,0,0,0,0,0,0,1,0,0,0,0,0,10,2,1,1,0,2,1,0,1,2,2,2
25 - Καρδίτσας,90 E.T. Δήμου Καρδίτσας,557,393,4,3,7,386,126,18,20,29,15,22,41,174,32,80,68,22,23,61,8,3,1,3,2,19,5,2,0,3,14,2,24,10,3,6,5,10,0,1,0,0,1,1,0,0,3,0,2,3,0,0,0,12,3,2,2,2,3,2,0,0,2,0,0,0,0,2,1,0,0,0,0,10,3,3,2,0,4,2,1,2,1,1,1
25 - Καρδίτσας,91 E.T. Δήμου Καρδίτσας,570,379,3,4,7,372,128,33,13,13,16,21,44,163,30,65,33,36,7,78,4,2,1,1,0,22,4,1,0,3,17,2,16,7,2,3,2,4,0,0,0,0,0,0,0,0,3,0,0,1,1,0,0,10,5,1,3,0,0,0,0,0,0,0,0,1,0,5,0,0,0,0,0,9,0,3,2,2,4,0,0,2,0,6,4
25 - Καρδίτσας,92 E.T. Δήμου Καρδίτσας,570,382,4,3,7,375,130,21,23,23,12,23,43,140,30,54,45,29,8,58,5,3,0,0,1,25,7,2,0,4,20,0,38,19,6,2,3,16,0,4,1,1,2,4,1,0,3,0,0,1,0,0,0,13,6,1,7,1,1,1,0,0,0,0,1,0,0,4,2,2,0,0,0,7,1,3,2,0,0,0,0,0,0,2,2
25 - Καρδίτσας,93 E.T. Δήμου Καρδίτσας,564,371,4,2,6,365,107,16,23,33,15,33,38,154,36,55,51,36,6,58,9,6,1,4,0,26,8,5,0,0,17,3,19,8,2,3,3,7,1,6,0,1,2,3,0,0,2,2,0,1,0,0,0,10,4,2,4,1,2,2,0,0,0,1,2,0,0,4,1,0,0,0,0,17,8,6,4,4,4,1,1,2,0,5,4
25 - Καρδίτσας,94 E.T. Δήμου Καρδίτσας,566,384,5,3,8,376,120,24,23,25,16,30,38,161,32,57,45,29,21,66,7,2,2,1,1,34,11,2,0,5,24,3,27,9,5,2,5,6,4,3,1,1,0,0,0,0,2,0,1,1,0,0,0,3,2,0,2,1,0,0,0,0,0,0,0,0,0,1,1,0,0,0,0,15,2,5,2,1,1,0,0,0,0,2,2
25 - Καρδίτσας,95 E.T. Δήμου Καρδίτσας,563,380,3,4,7,373,121,15,20,32,22,19,57,157,23,63,43,17,17,63,9,8,2,3,1,37,9,4,0,4,29,2,23,8,4,3,5,11,2,2,0,0,0,0,0,0,0,0,0,0,0,0,0,10,3,1,3,0,2,2,0,0,0,1,1,0,0,2,0,1,0,1,0,7,1,0,1,1,1,0,0,0,0,1,1
25 - Καρδίτσας,96 E.T. Δήμου Καρδίτσας,547,378,2,1,3,375,119,11,29,28,12,20,51,164,33,64,47,32,22,82,12,9,1,3,2,23,2,5,0,2,18,4,22,5,3,2,2,8,4,4,0,1,3,2,1,0,2,2,1,0,1,0,0,8,2,1,2,3,2,2,0,0,0,0,0,0,0,3,2,0,0,0,0,9,2,1,1,0,2,0,0,0,0,3,1
25 - Καρδίτσας,97 E.T. Δήμου Καρδίτσας,530,323,3,2,5,318,119,23,33,31,14,18,45,110,22,39,39,25,4,40,8,4,2,2,1,16,6,0,0,3,10,0,24,9,4,4,3,9,0,3,0,0,2,1,0,0,8,2,2,2,0,0,0,15,8,3,1,4,2,1,0,0,0,1,0,0,0,0,0,0,0,0,0,11,2,4,2,2,0,0,0,0,0,3,2
25 - Καρδίτσας,98 E.T. Δήμου Καρδίτσας,568,372,4,3,7,365,137,15,34,32,20,24,57,146,34,57,29,31,14,50,8,6,1,3,0,17,3,2,0,2,13,2,27,13,7,2,2,12,1,1,0,0,0,0,0,0,1,0,1,1,0,0,0,10,4,3,2,3,2,0,0,0,0,0,0,0,0,1,0,1,0,0,0,9,1,2,2,0,2,1,0,0,0,5,3
25 - Καρδίτσας,99 E.T. Δήμου Καρδίτσας,563,381,7,2,9,372,118,25,36,30,21,14,47,134,32,62,33,25,8,48,8,5,1,2,0,42,4,4,2,8,37,1,26,7,2,1,3,13,3,3,1,0,2,1,0,0,5,0,3,4,0,0,0,14,4,5,2,1,0,1,0,0,0,0,0,0,0,1,1,1,0,0,0,14,1,3,1,2,1,0,0,0,0,4,1
25 - Καρδίτσας,100 E.T. Δήμου Καρδίτσας,568,360,2,2,4,356,170,19,17,32,12,36,74,106,18,35,29,18,13,42,11,5,4,1,5,31,9,3,1,6,17,1,14,6,2,1,0,9,0,3,0,0,2,1,0,0,1,0,0,0,0,0,0,10,2,1,4,0,1,1,0,0,0,1,0,0,0,3,2,0,0,0,0,5,3,1,2,0,0,0,0,0,0,1,0
25 - Καρδίτσας,101 E.T. Δήμου Καρδίτσας,545,334,2,1,3,331,113,16,11,25,19,36,43,141,29,54,37,23,16,65,6,2,0,0,1,19,4,3,1,3,11,2,19,2,2,1,0,8,0,3,1,0,1,0,0,0,4,2,1,0,0,0,0,15,5,3,6,4,3,1,0,0,0,0,1,0,0,1,0,0,0,0,0,5,2,1,1,0,3,1,0,2,1,1,1
25 - Καρδίτσας,102 E.T. Δήμου Καρδίτσας,569,357,11,6,17,340,132,24,21,48,16,37,56,111,32,37,34,22,12,41,2,2,0,2,0,38,13,5,1,8,22,4,23,7,3,3,1,12,2,1,1,0,0,1,0,0,2,1,0,1,0,0,0,6,4,2,0,1,0,5,0,1,0,5,2,0,0,2,2,0,0,0,0,12,4,3,2,2,1,1,0,0,1,5,3
25 - Καρδίτσας,103 E.T. Δήμου Καρδίτσας,533,333,4,0,4,329,104,16,31,25,16,23,35,132,27,44,35,32,20,58,10,6,2,2,1,28,7,4,0,1,20,1,30,14,4,2,2,20,3,3,1,0,0,0,1,1,1,0,0,1,0,0,0,6,2,3,1,2,0,0,0,0,0,0,0,0,0,1,0,2,1,0,0,7,4,2,2,1,3,0,1,2,0,1,1
25 - Καρδίτσας,104 E.T. Δήμου Καρδίτσας,534,372,1,2,3,369,133,23,27,40,14,17,60,134,32,54,33,23,0,49,3,1,0,1,0,30,14,7,1,1,19,2,22,11,4,1,0,8,1,3,0,0,0,1,0,0,3,1,0,1,0,0,0,14,0,3,11,1,0,2,0,0,0,1,1,2,1,1,0,0,0,0,0,14,4,4,4,1,4,3,0,3,1,4,2
25 - Καρδίτσας,105 E.T. Δήμου Καρδίτσας,541,353,4,3,7,346,109,18,16,23,10,18,49,149,26,57,34,34,14,63,2,2,0,0,0,23,4,2,0,4,15,1,27,10,6,1,2,14,2,3,0,0,0,0,0,0,8,3,1,1,0,0,0,9,6,1,1,1,2,0,0,0,0,0,0,0,0,2,2,0,0,0,0,5,2,1,1,1,3,0,2,1,0,6,3
25 - Καρδίτσας,106 E.T. Δήμου Καρδίτσας,570,372,9,0,9,363,130,26,22,30,12,19,53,147,33,55,39,23,15,65,10,6,1,2,1,27,6,0,0,3,23,4,11,9,0,0,2,4,2,4,2,0,1,0,2,1,2,1,0,1,0,0,0,13,2,3,5,3,0,1,0,0,0,0,0,0,0,1,1,0,0,0,0,11,1,2,2,2,1,0,0,1,0,3,2
25 - Καρδίτσας,107 E.T. Δήμου Καρδίτσας,531,351,1,4,5,346,133,23,27,36,17,20,58,143,28,69,41,29,10,48,1,0,1,1,0,16,2,0,0,2,0,1,24,10,4,2,3,9,1,1,0,0,0,0,0,0,3,1,0,1,1,1,0,6,2,1,1,0,0,1,0,0,0,0,0,1,1,3,0,1,0,0,1,10,5,2,2,1,1,1,0,1,0,1,0
25 - Καρδίτσας,108 E.T. Δήμου Καρδίτσας,559,348,8,2,10,338,114,20,21,30,9,19,42,149,29,47,27,36,14,71,5,1,1,0,0,19,2,1,2,2,12,4,16,8,1,1,1,10,1,3,0,1,0,0,0,0,3,2,0,0,1,1,1,11,3,3,5,1,2,1,0,0,0,1,0,0,0,3,0,2,0,1,2,8,1,2,3,0,0,0,0,0,0,3,1
25 - Καρδίτσας,109 E.T. Δήμου Καρδίτσας,536,341,4,3,7,334,118,18,17,23,15,23,40,142,24,55,39,29,14,73,2,1,1,1,1,21,12,1,0,0,17,1,23,9,2,0,3,11,2,3,2,1,0,1,0,0,1,1,0,1,1,0,0,7,2,1,3,1,1,1,0,0,0,0,0,0,0,2,0,0,0,0,0,7,2,2,1,0,2,0,0,0,0,4,2
25 - Καρδίτσας,110 E.T. Δήμου Καρδίτσας,530,320,4,6,10,310,76,13,15,6,14,19,30,160,56,4,41,43,14,63,16,8,1,4,0,34,7,4,2,8,26,2,8,1,2,3,0,3,2,0,0,0,0,0,0,0,2,0,0,0,0,0,0,7,3,1,1,0,0,1,0,0,0,0,1,0,0,0,0,0,0,0,0,6,2,0,2,3,0,0,0,0,0,0,0
25 - Καρδίτσας,111 E.T. Δήμου Καρδίτσας,565,367,2,2,4,363,139,9,15,68,12,27,51,126,11,57,27,29,13,50,17,7,1,5,1,41,12,7,0,4,35,0,6,5,1,0,0,0,0,2,0,0,1,0,0,0,2,0,0,0,0,0,0,12,3,3,5,2,3,0,0,0,0,0,0,0,0,1,0,1,0,0,0,8,1,2,2,0,5,0,0,0,1,3,1
25 - Καρδίτσας,112 E.T. Δήμου Καρδίτσας,562,381,3,3,6,375,133,13,8,59,21,32,56,172,42,61,39,43,7,73,4,2,0,1,1,27,6,2,1,6,19,2,5,0,1,4,0,1,0,6,3,4,2,0,0,0,2,0,0,0,2,1,1,14,5,1,2,3,1,1,0,0,0,1,1,0,0,0,0,1,0,1,0,3,1,3,0,0,1,0,0,0,0,4,1
25 - Καρδίτσας,113 E.T. Δήμου Καρδίτσας,566,346,3,1,4,342,99,11,20,34,10,25,47,177,44,86,40,56,14,54,8,6,0,2,0,29,5,2,1,5,19,1,5,1,0,1,0,2,0,3,2,1,0,1,1,0,0,0,0,0,0,0,0,6,2,2,1,3,2,1,1,0,0,1,0,0,0,2,1,0,0,0,0,3,0,0,0,0,3,1,0,0,0,5,1
25 - Καρδίτσας,114 E.T. Δήμου Καρδίτσας,463,266,6,1,7,259,95,25,15,17,17,20,41,111,26,30,23,34,9,49,2,1,0,0,0,21,2,5,0,7,14,2,9,1,5,0,0,4,3,2,0,0,0,0,0,0,0,0,0,0,0,0,0,6,1,3,2,1,0,1,1,1,0,0,0,0,0,0,0,2,0,0,0,3,1,2,1,0,2,0,0,0,0,5,5
25 - Καρδίτσας,115 E.T. Δήμου Καρδίτσας,459,263,2,2,4,259,117,13,19,33,12,31,41,90,27,30,8,34,10,28,5,2,1,2,1,13,3,2,0,2,9,1,5,1,2,0,0,1,0,3,1,2,1,0,0,0,0,0,0,0,0,0,0,17,7,5,2,3,4,0,0,0,0,0,0,0,0,0,0,1,0,0,0,4,0,1,1,1,0,0,0,0,0,4,3
25 - Καρδίτσας,116 E.T. Δήμου Καρδίτσας,514,299,11,1,12,287,94,19,15,19,15,26,41,129,59,46,28,39,13,47,5,2,1,0,2,25,5,1,2,3,13,0,13,3,4,0,2,9,1,1,0,0,0,0,0,0,1,0,0,0,0,0,0,9,0,3,1,3,5,1,1,1,0,0,0,0,0,1,0,1,0,0,0,7,3,0,2,2,0,0,0,0,0,0,0
25 - Καρδίτσας,117 E.T. Δήμου Καρδίτσας,458,255,0,1,1,254,90,26,14,20,19,11,45,106,25,40,29,36,8,30,10,3,2,1,4,16,2,4,1,1,12,2,11,5,1,2,0,8,1,4,2,1,0,0,2,1,0,0,0,0,1,1,0,7,1,3,0,4,1,0,0,0,0,0,0,0,0,0,0,0,0,0,0,6,2,2,0,0,0,0,0,0,0,1,1
25 - Καρδίτσας,118 E.T. Δήμου Καρδίτσας,509,303,4,1,5,298,104,18,15,33,17,26,43,124,25,41,26,33,8,54,10,5,1,1,2,24,5,2,2,5,14,2,12,3,0,0,1,7,2,1,0,0,0,0,0,0,0,0,0,0,0,0,0,5,2,1,1,0,0,0,0,0,0,0,0,0,0,1,0,0,0,0,0,11,4,2,5,3,1,1,0,0,0,5,2
25 - Καρδίτσας,119 E.T. Δήμου Καρδίτσας,426,266,4,3,7,259,84,10,9,13,13,18,24,89,20,45,9,22,4,25,14,5,4,3,1,42,7,0,0,2,36,0,11,3,5,2,2,1,1,1,0,0,0,0,0,0,2,0,0,0,1,1,0,4,1,0,3,0,0,0,0,0,0,0,0,0,0,0,0,0,0,0,0,5,0,2,0,0,3,1,0,1,0,3,2
25 - Καρδίτσας,120 E.T. Δήμου Καρδίτσας,493,346,6,1,7,339,101,14,25,12,12,24,17,122,27,39,24,22,17,62,5,3,1,2,0,69,10,7,0,0,61,1,22,1,5,3,2,9,1,4,1,0,2,1,0,0,0,0,0,0,0,0,0,6,2,2,2,1,1,1,0,0,0,1,0,0,0,1,0,0,0,0,0,6,2,0,1,0,0,0,0,0,0,2,2
25 - Καρδίτσας,121 E.T. Δήμου Καρδίτσας,341,233,2,0,2,231,54,7,19,17,12,10,13,94,11,37,19,28,12,41,4,1,0,1,0,28,3,14,0,1,23,3,33,18,17,2,5,3,7,0,0,0,0,0,0,0,1,0,1,1,0,0,0,5,2,0,0,0,1,2,1,1,0,0,0,0,0,0,0,0,0,0,0,4,1,0,1,0,2,1,1,0,0,4,0
25 - Καρδίτσας,122 E.T. Δήμου Καρδίτσας,309,204,2,1,3,201,55,6,10,13,10,7,5,78,10,36,18,11,7,41,7,3,1,3,1,21,3,5,0,0,16,2,16,5,6,0,0,5,4,3,0,0,1,0,0,0,0,0,0,0,1,1,1,10,5,1,0,1,0,1,0,0,1,1,0,1,0,1,1,0,0,0,0,5,0,0,1,2,0,0,0,0,0,2,0
25 - Καρδίτσας,123 E.T. Δήμου Καρδίτσας,409,247,5,0,5,242,72,10,12,12,9,10,31,125,37,48,27,37,24,39,0,0,0,0,0,23,2,1,0,4,20,1,5,1,2,1,0,2,0,2,1,1,1,1,0,0,1,0,0,0,5,4,3,2,1,1,0,0,0,1,0,0,0,1,0,0,0,0,0,0,0,0,0,3,0,0,0,0,0,0,0,0,0,3,2
25 - Καρδίτσας,124 E.T. Δήμου Καρδίτσας,337,210,2,0,2,208,59,13,19,6,8,16,16,93,27,31,25,25,16,27,0,0,0,0,0,28,4,5,0,3,18,0,8,3,1,0,0,4,0,2,0,0,2,0,0,0,1,0,0,0,0,0,0,2,0,0,0,1,1,0,0,0,0,0,0,0,0,0,0,0,0,0,0,10,2,4,2,2,1,0,0,1,1,4,1
25 - Καρδίτσας,125 E.T. Δήμου Καρδίτσας,275,157,0,2,2,155,71,13,20,34,6,10,25,58,11,23,8,21,5,18,3,2,0,0,0,10,3,0,0,1,3,0,6,1,0,0,1,1,0,0,0,0,0,0,0,0,0,0,0,0,0,0,0,1,1,1,0,0,0,0,0,0,0,0,0,0,0,0,0,0,0,0,0,2,1,0,0,1,1,0,0,1,0,3,1
25 - Καρδίτσας,126 E.T. Δήμου Καρδίτσας,338,198,2,1,3,195,49,2,9,6,11,10,26,101,32,42,20,29,12,32,8,6,1,6,2,24,11,2,0,2,14,0,2,0,0,0,0,1,1,2,0,1,1,2,0,0,0,0,0,0,0,0,0,3,2,1,0,1,0,0,0,0,0,0,0,0,0,0,0,0,0,0,0,3,1,1,0,0,2,0,0,1,0,1,1
25 - Καρδίτσας,127 E.T. Δήμου Καρδίτσας,546,345,0,1,1,344,109,11,43,8,13,15,47,130,10,40,36,61,13,33,12,6,4,5,3,33,8,4,1,6,28,4,23,9,4,2,1,13,6,8,2,3,1,2,0,0,0,0,0,0,0,0,0,18,5,0,7,3,7,3,0,0,0,2,0,0,0,0,0,1,0,0,0,5,2,1,3,0,2,0,0,0,0,0,0
25 - Καρδίτσας,128 E.T. Δήμου Καρδίτσας,559,341,5,4,9,332,105,17,22,9,21,23,40,113,30,35,26,27,7,45,8,3,3,2,0,46,5,5,2,10,36,5,36,7,4,3,0,23,11,1,0,0,1,1,0,0,2,1,1,2,0,0,0,5,4,1,1,3,0,1,0,0,0,1,1,0,0,1,1,0,0,0,0,14,2,6,3,2,0,0,0,0,0,0,0
25 - Καρδίτσας,129 E.T. Δήμου Καρδίτσας,534,306,10,5,15,291,97,7,15,15,20,24,23,99,21,38,21,24,9,45,1,1,0,0,0,29,2,6,0,4,21,1,39,11,2,0,0,22,25,2,1,1,0,0,0,0,0,0,0,0,0,0,0,6,1,0,2,4,0,3,0,0,1,0,2,0,0,1,0,2,0,0,0,8,0,1,2,2,1,0,0,0,0,3,3
25 - Καρδίτσας,130 E.T. Δήμου Καρδίτσας,564,333,6,2,8,325,101,14,10,7,13,17,30,95,6,49,17,27,8,43,7,1,2,0,0,56,5,4,0,14,41,2,50,7,1,3,1,36,25,1,1,0,0,0,0,0,1,0,1,0,0,0,0,4,1,0,1,1,0,0,0,0,0,0,0,0,0,1,0,1,0,0,0,7,0,0,0,0,0,0,0,0,0,1,1
25 - Καρδίτσας,131 E.T. Δήμου Καρδίτσας,332,231,4,1,5,226,44,4,4,8,5,12,15,120,31,49,18,31,5,59,2,1,0,1,0,34,9,3,2,2,26,3,11,5,1,1,0,4,1,1,1,0,0,0,0,0,1,0,0,0,0,0,0,6,2,0,1,1,0,1,0,0,0,0,1,0,0,0,0,3,0,0,0,0,0,1,2,0,1,0,0,0,0,2,1
25 - Καρδίτσας,132 E.T. Δήμου Καρδίτσας,371,249,5,0,5,244,56,9,8,10,16,11,11,111,12,47,21,32,7,51,5,3,0,0,0,28,5,3,0,2,20,3,33,7,6,0,1,26,14,1,0,0,0,0,0,0,2,0,0,1,1,0,0,3,2,0,1,1,0,0,0,0,0,0,0,0,0,1,0,0,0,0,0,2,0,1,0,0,1,0,0,0,0,0,0
25 - Καρδίτσας,133 E.T. Δήμου Καρδίτσας,216,136,0,2,2,134,21,4,2,5,4,4,10,82,17,40,18,37,8,24,1,0,0,0,0,3,1,0,1,0,2,0,13,3,3,1,2,6,3,3,0,0,0,1,0,0,1,0,0,1,0,0,0,4,2,1,2,1,0,3,1,0,0,1,1,0,0,0,0,0,0,0,0,2,0,0,0,0,0,0,0,0,0,1,0
25 - Καρδίτσας,134 E.T. Δήμου Καρδίτσας,498,353,7,2,9,344,109,12,17,15,26,17,39,122,13,56,32,41,13,53,2,0,0,0,0,39,7,15,2,5,27,2,42,9,6,6,4,14,10,3,1,0,0,0,0,0,0,0,0,0,0,0,0,11,3,2,1,1,0,4,0,0,0,3,2,0,0,0,0,1,0,0,0,6,0,1,2,0,1,0,0,0,0,4,1
25 - Καρδίτσας,135 E.T. Δήμου Λίμνης Πλαστήρα,73,26,0,0,0,26,1,1,0,0,0,1,0,23,0,16,1,15,5,4,0,0,0,0,0,1,0,1,0,0,1,0,0,0,0,0,0,0,0,1,0,0,1,0,0,0,0,0,0,0,0,0,0,0,0,0,0,0,0,0,0,0,0,0,0,0,0,0,0,0,0,0,0,0,0,0,0,0,0,0,0,0,0,0,0
25 - Καρδίτσας,136 E.T. Δήμου Λίμνης Πλαστήρα,412,176,1,1,2,174,66,19,20,14,14,9,25,65,5,16,15,29,9,31,0,0,0,0,0,17,9,2,1,4,2,4,10,5,4,0,0,7,0,1,0,0,0,0,0,0,4,1,3,1,0,0,0,0,0,0,0,0,0,0,0,0,0,0,0,0,0,0,0,0,0,0,0,5,2,3,1,0,2,1,0,0,1,4,1
25 - Καρδίτσας,137 E.T. Δήμου Λίμνης Πλαστήρα,332,228,2,0,2,226,66,12,29,7,13,9,2,109,15,43,23,32,11,51,1,0,0,0,0,32,3,9,1,6,23,6,8,1,1,1,0,3,3,2,0,0,1,0,0,0,1,0,0,0,0,0,0,5,4,0,0,0,1,0,0,0,0,0,0,0,0,0,0,1,1,1,0,1,0,0,0,0,0,0,0,0,0,0,0
25 - Καρδίτσας,138 E.T. Δήμου Λίμνης Πλαστήρα,377,212,2,0,2,210,53,20,16,6,12,9,14,121,16,54,29,24,11,80,4,4,0,0,0,10,6,1,0,2,6,2,10,1,0,5,2,5,1,0,0,0,0,0,0,0,1,0,0,1,0,0,0,5,4,1,1,1,0,2,0,0,0,0,2,0,0,0,0,0,0,0,0,4,2,3,1,2,0,0,0,0,0,0,0
25 - Καρδίτσας,139 E.T. Δήμου Λίμνης Πλαστήρα,251,144,0,0,0,144,58,7,46,4,0,5,10,47,3,13,11,16,8,20,2,1,0,1,0,20,2,6,0,8,9,4,10,1,1,0,1,1,0,0,0,0,0,0,0,0,0,0,0,0,0,0,0,3,0,1,0,1,0,0,0,0,0,0,0,0,0,0,0,0,0,0,0,1,0,1,0,0,3,0,1,2,0,0,0
25 - Καρδίτσας,140 E.T. Δήμου Λίμνης Πλαστήρα,430,241,4,0,4,237,62,7,23,18,13,12,13,128,13,58,32,39,14,61,2,1,0,0,0,21,5,4,2,3,14,5,8,1,1,2,0,5,1,0,0,0,0,0,0,0,2,0,0,0,0,0,0,5,2,1,1,1,2,3,0,0,0,0,3,0,0,0,0,0,0,0,0,3,0,0,0,0,2,0,0,0,0,1,0
25 - Καρδίτσας,141 E.T. Δήμου Λίμνης Πλαστήρα,388,220,1,1,2,218,68,13,16,11,16,13,13,95,11,37,24,25,9,43,1,0,0,0,0,21,3,5,1,0,9,1,9,0,0,0,0,5,4,4,0,0,0,1,0,0,2,1,1,0,0,0,0,8,3,0,3,1,3,1,0,0,0,0,0,0,0,0,0,1,1,0,0,3,1,0,1,1,1,0,0,1,0,4,1
25 - Καρδίτσας,142 E.T. Δήμου Λίμνης Πλαστήρα,363,207,4,0,4,203,76,25,24,16,9,6,27,78,6,34,26,16,9,30,1,0,1,1,0,27,7,1,2,4,18,1,5,2,1,0,0,1,0,0,0,0,0,0,0,0,1,0,1,0,0,0,0,3,1,0,0,2,1,3,0,0,1,0,3,0,0,1,1,0,0,0,0,4,0,1,0,0,1,0,1,1,0,3,1
25 - Καρδίτσας,143 E.T. Δήμου Λίμνης Πλαστήρα,389,220,0,1,1,219,61,13,20,11,15,12,12,102,7,40,15,26,12,48,5,2,0,3,1,22,10,0,1,1,19,2,2,0,1,0,0,0,0,2,1,0,1,1,0,0,4,0,0,0,0,0,0,14,6,2,4,1,3,1,0,0,0,1,0,0,0,1,1,0,0,0,0,2,0,0,1,0,0,0,0,0,0,3,2
25 - Καρδίτσας,144 E.T. Δήμου Λίμνης Πλαστήρα,425,255,0,2,2,253,57,8,16,9,4,10,21,122,6,43,32,45,11,56,8,4,1,1,0,18,4,3,1,1,13,4,23,5,4,1,9,6,2,0,0,0,0,0,0,0,3,1,0,1,0,0,0,9,3,1,2,0,1,3,1,0,0,0,2,0,0,0,0,0,0,0,0,7,1,1,0,1,1,1,0,1,0,2,1
25 - Καρδίτσας,145 E.T. Δήμου Λίμνης Πλαστήρα,361,197,1,0,1,196,68,13,22,5,24,9,24,73,13,37,17,20,5,29,1,1,0,0,1,29,2,1,2,7,19,0,8,2,3,3,0,4,0,3,0,0,0,0,0,0,0,0,0,0,0,0,0,8,2,2,3,1,0,1,0,0,0,0,0,1,1,0,0,1,0,0,0,2,1,0,1,0,0,0,0,0,0,1,0
25 - Καρδίτσας,146 E.T. Δήμου Λίμνης Πλαστήρα,450,270,3,2,5,265,68,11,17,4,19,7,22,99,22,62,13,32,7,36,7,4,2,0,0,44,6,2,0,5,37,0,27,0,3,7,1,10,0,0,0,0,0,0,0,0,1,0,0,0,0,0,0,11,3,3,1,2,0,1,0,0,0,0,1,0,0,1,1,1,1,0,0,5,2,2,1,1,0,0,0,0,0,0,0
25 - Καρδίτσας,147 E.T. Δήμου Λίμνης Πλαστήρα,450,234,5,1,6,228,73,15,20,8,9,26,24,81,18,37,21,19,7,32,7,2,2,1,1,30,7,11,1,3,25,6,20,8,4,6,1,8,3,4,1,1,1,1,0,0,2,1,0,1,0,0,0,4,1,2,1,1,0,1,0,0,1,0,1,0,0,1,1,0,0,0,0,3,2,0,1,0,0,0,0,0,0,2,2
25 - Καρδίτσας,148 E.T. Δήμου Λίμνης Πλαστήρα,469,266,4,1,5,261,76,17,16,6,18,24,23,106,23,47,25,30,8,44,4,2,0,2,2,38,10,8,1,7,24,3,22,14,4,1,0,7,3,2,0,0,0,1,0,0,2,1,0,0,1,1,1,4,1,1,0,1,1,0,0,0,0,0,0,0,0,0,0,0,0,0,0,5,2,3,3,0,1,1,0,1,0,0,0
25 - Καρδίτσας,149 E.T. Δήμου Λίμνης Πλαστήρα,403,242,7,3,10,232,67,13,20,13,13,23,15,111,17,60,14,33,15,40,6,5,2,0,0,22,8,2,1,0,14,4,12,6,0,2,4,2,3,2,0,0,0,0,0,0,0,0,0,0,0,0,0,6,2,3,3,2,1,0,0,0,0,0,0,0,0,1,1,1,1,0,0,3,1,2,0,0,0,0,0,0,0,1,0
25 - Καρδίτσας,150 E.T. Δήμου Λίμνης Πλαστήρα,312,161,1,1,2,159,36,4,6,4,16,5,3,73,10,25,13,19,9,24,5,1,1,1,0,24,3,2,0,2,12,1,12,2,1,4,1,6,3,2,0,0,0,0,0,0,1,0,0,0,0,0,0,2,0,0,0,0,0,1,0,0,0,0,0,0,0,0,0,1,0,1,0,0,0,0,0,0,1,0,0,0,0,1,0
25 - Καρδίτσας,151 E.T. Δήμου Λίμνης Πλαστήρα,330,174,1,0,1,173,45,11,8,4,18,6,11,74,11,30,11,16,6,42,4,3,1,1,0,22,6,2,1,2,15,1,12,0,4,5,1,4,1,3,1,0,2,0,0,0,2,1,0,1,0,0,0,4,1,0,0,0,0,0,0,0,0,0,0,0,0,0,0,0,0,0,0,4,1,0,2,0,1,1,0,0,0,2,1
25 - Καρδίτσας,152 E.T. Δήμου Λίμνης Πλαστήρα,352,178,4,3,7,171,63,2,30,17,1,7,15,56,4,13,17,24,5,26,1,0,0,0,0,18,6,4,0,1,11,2,13,4,3,6,1,6,0,4,0,0,0,0,0,0,1,0,0,0,0,0,0,8,4,3,0,3,0,0,0,0,0,0,0,0,0,0,0,0,0,0,0,3,0,0,1,0,0,0,0,0,0,4,2
25 - Καρδίτσας,153 E.T. Δήμου Λίμνης Πλαστήρα,383,200,8,0,8,192,66,13,34,22,2,5,10,76,10,36,13,25,11,34,3,1,2,1,0,24,6,3,0,5,13,0,11,5,1,2,5,5,0,2,1,0,0,1,0,0,0,0,0,0,0,0,0,0,0,0,0,0,0,1,0,0,0,0,0,0,0,1,0,0,0,0,0,7,0,0,1,1,0,0,0,0,0,1,0
25 - Καρδίτσας,154 E.T. Δήμου Λίμνης Πλαστήρα,327,206,3,2,5,201,46,7,13,7,5,10,10,98,23,50,23,15,6,52,5,3,1,1,1,11,2,1,1,4,5,0,27,16,3,2,2,14,2,2,1,0,1,0,0,0,2,1,0,2,0,0,0,3,1,1,2,0,2,1,0,0,0,1,1,0,0,0,0,0,0,0,0,4,0,2,1,1,0,0,0,0,0,2,0
25 - Καρδίτσας,155 E.T. Δήμου Λίμνης Πλαστήρα,373,209,0,0,0,209,59,6,21,13,8,17,17,109,23,33,14,31,12,46,3,1,0,1,0,7,1,0,1,0,6,0,18,11,2,5,0,5,5,1,1,0,0,0,0,0,1,1,0,1,0,0,0,4,0,0,0,1,2,0,0,0,0,0,0,0,0,2,1,0,0,0,0,1,0,0,0,0,1,0,1,1,0,3,0
25 - Καρδίτσας,156 E.T. Δήμου Λίμνης Πλαστήρα,494,324,3,1,4,320,73,19,17,8,6,10,29,131,6,22,13,103,5,14,6,1,1,0,2,44,10,7,0,4,37,2,37,4,11,12,1,19,0,0,0,0,0,0,0,0,0,0,0,0,0,0,0,10,3,5,1,1,1,3,0,0,0,0,1,0,0,0,0,1,0,0,0,12,4,4,1,0,1,0,0,0,0,2,2
25 - Καρδίτσας,157 E.T. Δήμου Μουζακίου,415,170,2,2,4,166,53,3,8,18,24,4,10,71,5,32,36,10,5,28,2,2,0,1,1,14,2,1,1,3,6,3,16,6,2,1,2,8,4,2,2,0,0,0,0,0,2,0,0,0,0,0,0,0,0,0,0,0,0,0,0,0,0,0,0,0,0,0,0,1,0,1,0,3,1,2,0,0,1,0,0,0,0,1,0
25 - Καρδίτσας,158 E.T. Δήμου Μουζακίου,485,263,1,0,1,262,75,15,18,27,24,5,16,140,4,71,102,27,6,27,5,2,1,0,3,15,0,1,0,1,13,0,15,1,2,1,1,8,5,0,0,0,0,0,0,0,1,0,0,0,0,0,0,2,1,0,1,2,0,0,0,0,0,0,0,0,0,2,1,0,0,0,0,5,2,0,1,0,0,0,0,0,0,2,2
25 - Καρδίτσας,159 E.T. Δήμου Μουζακίου,427,194,2,4,6,188,50,5,6,15,19,7,11,95,15,36,37,28,9,36,0,0,0,0,0,14,2,0,0,3,12,2,15,1,2,0,1,8,6,2,0,0,0,0,0,0,1,0,0,0,0,0,0,6,3,1,1,0,0,1,0,1,0,0,0,0,0,0,0,0,0,0,0,0,0,0,0,0,3,1,0,0,0,1,1
25 - Καρδίτσας,160 E.T. Δήμου Μουζακίου,434,208,6,0,6,202,40,11,4,7,15,6,7,133,2,21,91,18,12,34,11,6,4,3,1,8,1,0,0,1,6,0,2,0,1,0,1,0,0,2,2,0,0,0,0,0,0,0,0,0,0,0,0,4,2,2,2,0,0,0,0,0,0,0,0,0,0,1,1,0,0,0,0,1,0,0,0,0,0,0,0,0,0,0,0
25 - Καρδίτσας,161 E.T. Δήμου Μουζακίου,329,181,1,1,2,179,21,6,6,1,10,1,4,135,43,65,49,14,11,45,8,3,3,3,1,2,1,0,0,0,0,1,3,2,2,0,0,0,0,0,0,0,0,0,0,0,1,1,0,0,0,0,0,5,2,0,3,1,0,0,0,0,0,0,0,1,1,0,0,0,0,0,0,0,0,0,0,0,1,0,0,0,0,2,1
25 - Καρδίτσας,162 E.T. Δήμου Μουζακίου,355,173,0,2,2,171,25,4,5,0,12,0,12,122,36,51,47,12,14,41,9,5,1,7,1,1,0,0,0,0,0,0,1,0,0,0,0,0,0,0,0,0,0,0,0,0,0,0,0,0,1,0,0,7,4,2,4,1,0,0,0,0,0,0,0,0,0,0,0,0,0,0,0,4,3,1,3,0,0,0,0,0,0,1,1
25 - Καρδίτσας,163 E.T. Δήμου Μουζακίου,406,212,0,0,0,212,55,17,7,8,9,12,16,72,3,42,19,14,18,13,1,1,0,0,0,13,1,2,1,2,7,2,40,10,2,1,3,17,8,10,8,0,5,0,0,0,2,1,0,1,0,0,0,11,6,1,3,3,1,4,0,0,0,1,2,0,0,0,0,0,0,0,0,2,0,0,0,0,1,0,0,1,1,1,1
25 - Καρδίτσας,164 E.T. Δήμου Μουζακίου,485,240,4,4,8,232,89,20,19,12,12,17,24,81,2,39,38,17,9,24,2,1,0,1,1,8,1,2,0,2,5,2,27,2,4,3,0,9,2,3,1,1,0,0,0,0,0,0,0,0,0,0,0,10,4,2,4,1,0,0,0,0,0,0,0,0,0,3,2,2,1,1,0,3,1,0,0,0,1,0,0,0,0,3,1
25 - Καρδίτσας,165 E.T. Δήμου Μουζακίου,353,211,1,0,1,210,41,10,8,5,15,7,18,113,23,61,45,16,14,37,7,3,0,3,0,29,4,5,3,7,19,2,7,0,1,2,0,4,0,1,0,0,0,0,0,0,1,0,1,0,0,0,0,4,3,2,1,1,1,0,0,0,0,0,0,0,0,1,1,0,0,0,0,4,1,2,0,0,2,1,1,0,0,0,0
25 - Καρδίτσας,166 E.T. Δήμου Μουζακίου,250,136,4,1,5,131,43,8,9,9,20,4,13,58,2,20,36,7,1,11,0,0,0,0,0,10,2,1,0,3,6,0,10,4,1,1,0,5,1,0,0,0,0,0,0,0,3,3,0,0,0,0,0,0,0,0,0,0,0,1,0,0,0,0,0,1,1,0,0,0,0,0,0,4,1,1,0,0,0,0,0,0,0,1,0
25 - Καρδίτσας,167 E.T. Δήμου Μουζακίου,298,154,1,0,1,153,19,7,1,4,10,4,5,108,10,43,58,26,9,36,6,2,2,1,2,4,1,0,1,2,3,0,7,1,1,1,1,2,0,0,0,0,0,0,0,0,1,0,0,0,0,0,0,4,2,1,2,0,0,1,0,0,0,0,0,0,0,0,0,0,0,0,0,1,1,0,1,0,2,0,0,0,0,0,0
25 - Καρδίτσας,168 E.T. Δήμου Μουζακίου,340,171,2,3,5,166,34,3,7,2,20,5,13,111,5,56,50,21,28,40,4,4,0,0,1,7,0,1,0,3,3,0,3,1,1,0,0,0,0,0,0,0,0,0,0,0,0,0,0,0,0,0,0,3,1,0,0,0,0,0,0,0,0,0,0,0,0,0,0,0,0,0,0,3,1,0,1,0,1,0,0,0,0,0,0
25 - Καρδίτσας,169 E.T. Δήμου Μουζακίου,130,72,0,1,1,71,22,2,4,10,3,0,7,34,0,19,0,3,3,17,0,0,0,0,0,8,2,2,0,0,4,2,3,1,0,0,0,2,0,2,0,0,2,1,0,0,0,0,0,0,0,0,0,1,0,1,1,0,0,0,0,0,0,0,0,0,0,0,0,0,0,0,0,1,0,0,0,0,0,0,0,0,0,0,0
25 - Καρδίτσας,170 E.T. Δήμου Μουζακίου,247,155,1,2,3,152,40,4,6,2,24,3,17,80,8,48,4,5,11,34,3,1,0,0,0,11,6,1,1,3,4,1,0,0,0,0,0,0,0,0,0,0,0,0,0,0,0,0,0,0,1,1,1,10,5,5,5,0,1,0,0,0,0,0,0,0,0,1,1,0,0,0,0,4,2,1,0,0,1,0,0,1,0,1,1
25 - Καρδίτσας,171 E.T. Δήμου Μουζακίου,342,196,3,1,4,192,41,7,11,6,18,5,17,118,12,77,13,15,41,31,5,1,0,2,0,17,5,2,2,3,11,1,3,0,0,0,1,0,2,1,0,0,0,0,0,0,0,0,0,0,0,0,0,3,1,2,0,0,0,0,0,0,0,0,0,0,0,0,0,0,0,0,0,3,1,0,2,0,0,0,0,0,0,1,1
25 - Καρδίτσας,172 E.T. Δήμου Μουζακίου,414,196,1,1,2,194,60,20,3,0,34,6,20,105,4,64,15,18,39,33,3,1,1,0,2,11,0,2,0,1,8,0,2,0,0,0,0,0,0,3,0,0,1,0,0,0,0,0,0,0,0,0,0,1,0,1,1,0,0,0,0,0,0,0,0,0,0,0,0,1,0,0,0,7,1,0,1,0,1,1,0,1,0,0,0
25 - Καρδίτσας,173 E.T. Δήμου Μουζακίου,431,203,0,1,1,202,60,10,2,3,23,4,12,102,10,57,15,8,38,25,4,1,0,2,0,16,0,2,0,3,12,1,3,2,1,1,0,2,0,2,1,1,0,0,0,0,0,0,0,0,0,0,0,12,2,2,1,2,4,0,0,0,0,0,0,1,0,0,0,0,0,0,0,1,1,0,0,0,1,0,0,0,0,0,0
25 - Καρδίτσας,174 E.T. Δήμου Μουζακίου,319,175,4,0,4,171,41,9,5,2,29,0,13,94,4,51,4,19,20,34,4,1,2,2,1,11,5,4,0,4,4,3,9,2,0,0,0,1,1,1,0,0,1,1,0,0,1,0,0,0,0,0,0,1,0,0,0,0,0,0,0,0,0,0,0,0,0,1,1,0,0,0,0,4,1,1,0,0,2,1,1,0,1,2,0
25 - Καρδίτσας,175 E.T. Δήμου Μουζακίου,303,183,0,0,0,183,56,5,9,4,37,2,11,82,10,50,6,16,23,21,1,0,0,0,0,13,8,2,1,1,9,0,6,0,1,0,0,2,1,1,0,0,0,0,0,0,0,0,0,0,0,0,0,18,5,7,1,0,2,0,0,0,0,0,0,0,0,1,0,0,0,0,0,3,1,3,1,0,0,0,0,0,0,2,1
25 - Καρδίτσας,176 E.T. Δήμου Μουζακίου,389,207,3,2,5,202,78,5,4,1,49,33,8,79,1,43,8,11,31,23,12,5,1,8,4,14,4,1,1,4,5,1,6,2,0,1,1,4,0,0,0,0,0,0,0,0,0,0,0,0,0,0,0,3,1,1,1,1,0,0,0,0,0,0,0,0,0,0,0,0,0,0,0,7,3,3,0,2,2,0,0,0,1,1,0
25 - Καρδίτσας,177 E.T. Δήμου Μουζακίου,486,226,1,1,2,224,78,10,5,6,45,25,10,110,3,81,8,13,30,21,5,0,1,1,0,10,3,0,0,3,3,3,8,3,2,1,0,1,0,1,0,1,0,0,0,0,0,0,0,0,1,0,1,4,2,3,2,0,1,0,0,0,0,0,0,0,0,0,0,0,0,0,0,7,3,3,3,2,0,0,0,0,0,0,0
25 - Καρδίτσας,178 E.T. Δήμου Μουζακίου,201,112,0,2,2,110,35,4,9,1,27,6,8,61,9,45,0,3,19,13,5,1,0,0,0,1,1,0,0,0,0,0,2,0,0,0,0,0,0,1,1,0,0,0,0,0,0,0,0,0,0,0,0,1,0,0,0,0,0,0,0,0,0,0,0,0,0,0,0,0,0,0,0,4,0,0,0,0,0,0,0,0,0,0,0
25 - Καρδίτσας,179 E.T. Δήμου Μουζακίου,333,143,2,0,2,141,20,6,1,2,10,0,5,90,0,65,4,9,17,35,3,2,0,2,0,7,2,3,1,0,4,0,3,0,0,0,1,2,0,0,0,0,0,0,0,0,0,0,0,0,0,0,0,13,4,2,1,1,0,0,0,0,0,0,0,0,0,0,0,0,0,0,0,5,2,1,1,1,0,0,0,0,0,0,0
25 - Καρδίτσας,180 E.T. Δήμου Μουζακίου,298,138,3,0,3,135,42,5,11,6,24,1,16,71,0,52,6,7,26,26,4,4,0,1,0,9,2,3,0,5,3,1,4,2,4,1,0,0,0,0,0,0,0,0,0,0,0,0,0,0,1,1,0,2,2,2,0,0,0,0,0,0,0,0,0,0,0,1,1,0,0,0,0,0,0,0,0,0,0,0,0,0,0,1,1
25 - Καρδίτσας,181 E.T. Δήμου Μουζακίου,294,162,1,0,1,161,52,4,5,7,37,0,11,82,4,52,1,22,21,20,5,1,1,2,0,8,3,3,0,4,2,1,1,1,0,0,0,0,0,3,1,1,0,0,0,0,1,0,0,0,2,1,1,2,1,0,0,0,0,1,0,0,0,0,0,0,0,1,0,0,0,0,0,2,0,0,0,0,1,1,0,0,1,0,0
25 - Καρδίτσας,182 E.T. Δήμου Μουζακίου,497,322,4,1,5,317,98,4,14,11,61,7,22,153,5,92,10,38,29,60,4,3,0,3,1,41,2,1,0,8,30,2,5,0,2,3,0,1,0,1,0,0,0,0,0,0,0,0,0,0,0,0,0,3,1,0,0,0,0,1,0,1,0,0,0,0,0,1,0,0,0,0,0,5,1,1,1,0,2,0,0,0,0,3,0
25 - Καρδίτσας,183 E.T. Δήμου Μουζακίου,501,301,2,1,3,298,86,4,15,11,34,19,43,159,11,81,17,22,51,53,5,2,1,1,0,37,7,8,0,10,23,1,1,0,0,0,1,0,0,1,0,0,0,0,0,0,1,0,0,0,0,0,0,2,2,0,2,0,0,0,0,0,0,0,0,1,0,1,1,0,0,0,0,2,0,0,0,0,0,0,0,0,0,2,0
25 - Καρδίτσας,184 E.T. Δήμου Μουζακίου,429,226,7,0,7,219,69,9,5,11,32,8,25,115,6,60,31,28,27,37,6,1,2,1,1,13,3,2,1,2,7,2,2,1,0,0,1,1,0,2,1,1,0,1,0,0,0,0,0,0,1,0,0,4,3,0,2,1,0,0,0,0,0,0,0,0,0,0,0,1,0,0,1,4,2,2,0,0,1,0,0,1,0,1,0
25 - Καρδίτσας,185 E.T. Δήμου Μουζακίου,493,280,2,1,3,277,81,13,6,4,47,10,26,139,10,94,23,31,34,32,3,0,1,1,0,20,3,12,0,1,10,1,15,7,0,1,2,8,1,3,0,0,2,1,0,0,1,0,0,0,1,0,0,5,2,1,1,1,1,0,0,0,0,0,0,0,0,1,1,0,0,0,0,3,0,1,1,1,3,0,0,0,0,2,1
25 - Καρδίτσας,186 E.T. Δήμου Μουζακίου,506,259,3,0,3,256,55,6,5,2,44,5,18,129,8,85,6,28,21,50,5,2,1,2,1,11,1,3,2,0,5,2,18,6,3,2,0,12,1,4,1,0,2,1,0,0,0,0,0,0,2,1,1,18,6,6,3,5,3,1,0,0,0,0,0,0,0,4,4,1,1,0,1,5,2,0,2,0,0,0,0,0,0,3,1
25 - Καρδίτσας,187 E.T. Δήμου Μουζακίου,496,222,2,0,2,220,49,8,6,3,31,1,9,133,11,97,13,23,35,38,6,3,0,2,1,6,3,0,1,0,1,0,9,3,2,2,0,7,0,1,0,1,0,1,0,0,0,0,0,0,4,4,3,5,2,2,0,2,1,0,0,0,0,0,0,0,0,0,0,0,0,0,0,5,4,2,1,1,0,0,0,0,0,2,1
25 - Καρδίτσας,188 E.T. Δήμου Μουζακίου,558,346,1,3,4,342,111,29,22,3,78,22,18,173,16,111,8,22,79,47,4,2,2,3,1,21,6,8,0,4,8,1,10,2,1,5,0,6,0,4,2,0,1,1,0,0,1,1,1,0,0,0,0,5,1,2,1,0,0,0,0,0,0,0,0,0,0,0,0,1,0,1,1,4,0,0,0,0,0,0,0,0,0,8,3
25 - Καρδίτσας,189 E.T. Δήμου Μουζακίου,562,325,1,2,3,322,84,20,16,4,52,9,17,176,10,103,14,16,94,52,14,7,6,3,4,13,2,2,0,1,8,1,10,1,4,1,0,1,0,0,0,0,0,0,0,0,1,1,1,0,1,1,1,12,1,3,2,4,1,0,0,0,0,0,0,0,0,2,2,0,0,0,0,2,1,0,0,0,5,3,2,2,1,2,1
25 - Καρδίτσας,190 E.T. Δήμου Μουζακίου,567,351,5,4,9,342,86,15,15,8,49,7,24,194,15,110,15,34,80,62,5,4,0,3,0,26,10,4,0,4,16,0,8,1,3,1,0,3,1,2,1,0,1,1,0,0,0,0,0,0,3,1,1,9,1,1,0,1,2,0,0,0,0,0,0,0,0,1,1,0,0,0,0,8,3,3,0,2,0,0,0,0,0,0,0
25 - Καρδίτσας,191 E.T. Δήμου Μουζακίου,570,316,1,1,2,314,90,19,7,7,68,10,22,177,11,109,16,26,76,56,3,2,0,3,0,13,2,3,1,1,9,2,6,3,1,0,1,4,0,0,0,0,0,0,0,0,0,0,0,0,0,0,0,10,3,3,3,0,1,0,0,0,0,0,0,1,0,0,0,0,0,0,0,8,3,1,2,2,3,0,0,0,0,3,1
25 - Καρδίτσας,192 E.T. Δήμου Μουζακίου,273,135,0,1,1,134,32,5,3,4,24,5,7,86,2,47,3,18,49,16,7,3,1,1,3,5,0,1,2,0,3,1,2,0,1,0,0,1,0,1,0,0,0,0,0,0,0,0,0,0,0,0,0,1,0,0,0,0,0,0,0,0,0,0,0,0,0,0,0,0,0,0,0,0,0,0,0,0,0,0,0,0,0,0,0
25 - Καρδίτσας,193 E.T. Δήμου Μουζακίου,331,153,2,0,2,151,39,3,2,0,23,7,8,94,13,56,8,13,50,7,7,3,1,4,0,5,0,0,1,0,3,3,0,0,0,0,0,0,0,0,0,0,0,0,0,0,0,0,0,0,0,0,0,5,1,3,1,2,0,0,0,0,0,0,0,0,0,0,0,0,0,0,0,1,1,1,0,0,0,0,0,0,0,0,0
25 - Καρδίτσας,194 E.T. Δήμου Μουζακίου,392,234,6,0,6,228,51,9,8,3,35,2,13,150,0,82,10,12,97,28,6,2,0,4,1,4,0,1,0,0,4,0,1,0,0,0,0,0,0,1,1,1,0,0,0,0,2,2,1,0,0,0,0,8,4,3,1,2,0,0,0,0,0,0,0,0,0,0,0,0,0,0,0,3,2,1,1,0,2,0,2,1,1,0,0
25 - Καρδίτσας,195 E.T. Δήμου Μουζακίου,367,220,3,1,4,216,44,9,6,3,25,3,14,127,0,95,9,13,46,41,6,5,1,3,0,14,3,5,0,1,5,1,4,0,0,1,0,2,0,0,0,0,0,0,0,0,1,0,0,0,0,0,0,13,6,2,2,3,4,0,0,0,0,0,0,0,0,1,1,0,0,0,0,5,3,1,1,3,0,0,0,0,0,1,0
25 - Καρδίτσας,196 E.T. Δήμου Μουζακίου,298,145,0,1,1,144,50,14,4,0,26,4,14,60,10,33,10,6,16,12,3,0,0,0,0,15,5,8,0,2,9,2,3,0,1,2,0,0,0,1,1,0,0,0,0,0,0,0,0,0,0,0,0,4,3,1,1,1,2,1,0,1,0,0,0,0,0,2,1,0,0,0,0,2,2,0,2,0,2,2,0,1,0,1,1
25 - Καρδίτσας,197 E.T. Δήμου Μουζακίου,361,165,1,1,2,163,42,3,2,3,32,4,8,90,12,58,1,12,31,21,2,0,0,2,0,18,0,2,1,0,11,4,1,0,0,0,0,0,0,1,0,0,0,0,0,0,1,0,0,0,0,0,0,1,0,0,0,1,0,0,0,0,0,0,0,1,0,2,2,0,0,0,0,1,0,0,0,0,2,1,0,0,1,1,0
25 - Καρδίτσας,198 E.T. Δήμου Μουζακίου,481,261,2,0,2,259,81,7,10,12,24,9,50,142,14,72,31,37,12,58,14,7,6,3,2,2,0,1,0,1,1,0,1,0,0,1,0,1,0,1,0,0,0,0,0,0,3,1,0,1,0,0,0,9,3,2,4,0,3,0,0,0,0,0,0,0,0,0,0,0,0,0,0,2,1,2,1,0,0,0,0,0,0,4,2
25 - Καρδίτσας,199 E.T. Δήμου Μουζακίου,484,246,1,4,5,241,71,11,9,8,15,13,41,118,27,34,34,38,6,55,10,1,1,1,1,11,3,5,0,1,2,3,6,0,1,1,1,0,0,1,0,0,1,0,1,0,1,0,1,0,0,0,0,14,4,1,0,4,0,0,0,0,0,0,0,0,0,1,1,0,0,0,0,4,0,0,1,0,0,0,0,0,0,3,2
25 - Καρδίτσας,200 E.T. Δήμου Μουζακίου,489,251,4,1,5,246,91,15,13,10,17,31,45,103,17,33,25,34,11,55,20,11,5,7,5,5,2,1,0,0,3,0,5,0,0,1,1,1,0,0,0,0,0,0,0,0,1,0,0,0,0,0,0,18,7,1,2,4,7,0,0,0,0,0,0,0,0,2,0,0,0,0,0,0,0,0,0,0,0,0,0,0,0,1,0
25 - Καρδίτσας,201 E.T. Δήμου Μουζακίου,486,270,3,3,6,264,53,8,4,9,7,14,31,154,34,53,27,39,20,62,8,2,3,2,3,12,0,1,1,0,9,2,7,1,2,2,0,1,0,3,1,1,1,0,0,0,1,1,0,1,0,0,0,12,1,1,0,0,2,0,0,0,0,0,0,0,0,1,0,1,0,0,0,8,4,0,2,2,1,1,0,0,0,3,1
25 - Καρδίτσας,202 E.T. Δήμου Μουζακίου,483,260,0,1,1,259,66,7,7,8,11,12,41,150,19,58,19,43,29,74,7,1,0,2,1,12,2,3,1,0,4,1,3,2,1,0,0,1,0,0,0,0,0,0,1,0,1,0,1,0,1,1,1,12,4,0,2,2,1,0,0,0,0,0,0,0,0,0,0,0,0,0,0,2,0,0,0,0,0,0,0,0,0,4,3
25 - Καρδίτσας,203 E.T. Δήμου Μουζακίου,504,301,3,1,4,297,109,15,17,18,52,21,28,120,20,53,23,21,15,65,5,3,2,1,3,26,7,5,0,3,19,0,22,5,5,4,10,6,3,3,0,1,0,1,0,0,0,0,0,0,0,0,0,3,2,1,0,1,0,2,0,0,0,1,1,0,0,1,0,0,0,0,0,4,0,0,0,0,0,0,0,0,0,2,1
25 - Καρδίτσας,204 E.T. Δήμου Μουζακίου,445,258,1,0,1,257,96,15,15,15,45,17,30,94,13,60,18,18,11,31,4,3,0,1,1,24,13,6,3,3,15,4,27,6,2,3,12,10,12,1,0,0,0,0,0,0,0,0,0,0,0,0,0,7,2,1,3,0,0,2,0,0,1,1,1,0,0,0,0,0,0,0,0,2,0,0,0,0,0,0,0,0,0,0,0
25 - Καρδίτσας,205 E.T. Δήμου Μουζακίου,511,295,3,2,5,290,87,7,7,10,32,5,21,149,15,84,23,39,26,42,3,2,2,0,1,20,12,0,0,0,9,3,8,2,1,0,2,1,2,1,0,0,0,0,0,0,0,0,0,0,0,0,0,10,3,1,0,1,1,0,0,0,0,0,0,0,0,0,0,1,0,0,1,4,1,0,1,0,4,0,1,1,1,3,2
25 - Καρδίτσας,206 E.T. Δήμου Μουζακίου,445,267,1,1,2,265,92,4,22,10,28,8,28,125,15,75,14,17,15,59,3,1,0,1,0,11,3,0,0,0,8,0,14,3,3,2,3,2,1,1,1,0,1,0,1,0,1,0,0,0,0,0,0,7,3,0,0,3,2,1,0,0,0,0,0,0,0,1,0,2,0,1,1,5,0,2,0,0,1,0,0,0,0,0,0
25 - Καρδίτσας,207 E.T. Δήμου Μουζακίου,553,330,7,2,9,321,100,15,15,6,35,4,38,143,24,70,10,36,23,66,14,5,2,5,1,27,13,1,0,5,16,5,16,0,2,0,0,8,6,4,0,0,0,0,2,0,0,0,0,0,0,0,0,13,5,1,4,5,1,0,0,0,0,0,0,0,0,0,0,1,0,0,0,1,0,0,0,0,0,0,0,0,0,0,0
25 - Καρδίτσας,208 E.T. Δήμου Μουζακίου,509,283,3,2,5,278,74,8,14,7,38,4,20,161,22,53,68,29,29,68,5,3,1,0,0,12,3,3,0,6,11,0,3,1,3,0,0,0,0,3,0,0,1,0,0,0,0,0,0,0,4,3,3,9,0,3,2,1,1,0,0,0,0,0,0,0,0,0,0,0,0,0,0,1,0,0,0,0,1,0,0,0,0,5,3
25 - Καρδίτσας,209 E.T. Δήμου Παλαμά,523,347,3,1,4,343,104,12,38,21,12,31,22,164,39,62,12,57,11,79,11,4,1,4,1,26,3,1,0,1,15,19,18,4,1,1,14,1,2,3,0,1,0,1,0,0,1,0,0,0,1,1,1,1,0,0,0,1,1,0,0,0,0,0,0,0,0,1,1,0,0,0,0,9,2,1,4,1,2,0,1,1,0,2,0
25 - Καρδίτσας,210 E.T. Δήμου Παλαμά,551,306,4,1,5,301,88,13,38,7,5,21,22,145,38,57,13,32,20,72,13,6,2,5,0,29,7,3,0,1,12,17,14,3,3,2,11,2,1,0,0,0,0,0,0,0,0,0,0,0,0,0,0,4,1,1,1,1,0,0,0,0,0,0,0,0,0,0,0,1,1,0,0,5,0,2,2,0,1,1,1,0,0,1,1
25 - Καρδίτσας,211 E.T. Δήμου Παλαμά,559,348,7,2,9,339,107,18,24,11,8,22,35,134,39,65,12,36,7,67,6,6,3,0,0,47,8,3,2,2,25,28,17,3,1,4,11,4,2,4,1,0,1,2,0,0,0,0,0,0,0,0,0,8,5,2,1,2,1,0,0,0,0,0,0,0,0,0,0,4,4,0,0,8,2,3,3,1,0,0,0,0,0,4,3
25 - Καρδίτσας,212 E.T. Δήμου Παλαμά,500,302,4,1,5,297,65,15,17,11,12,12,12,154,30,60,14,42,21,62,8,2,1,0,1,22,2,2,0,1,14,13,35,6,7,4,26,5,3,2,0,0,0,0,0,0,0,0,0,0,1,0,0,3,0,1,0,1,1,1,0,0,0,1,0,0,0,2,1,0,0,0,0,4,1,1,1,0,0,0,0,0,0,0,0
25 - Καρδίτσας,213 E.T. Δήμου Παλαμά,501,315,5,0,5,310,98,4,34,15,18,28,37,128,34,56,16,52,7,49,12,6,2,4,0,32,4,1,0,0,19,15,20,9,3,3,14,3,1,3,0,0,0,1,0,0,2,0,1,0,1,1,1,8,5,2,3,1,0,2,0,0,0,2,2,0,0,0,0,0,0,0,0,2,0,0,1,0,0,0,0,0,0,2,2
25 - Καρδίτσας,214 E.T. Δήμου Παλαμά,531,345,5,2,7,338,137,13,43,21,19,37,33,122,32,49,14,37,5,55,8,6,2,1,0,36,13,2,1,2,19,19,20,3,2,6,18,3,0,1,0,1,0,1,0,0,1,0,0,0,0,0,0,7,3,0,0,1,2,1,0,0,0,0,0,0,0,2,0,0,0,0,0,2,1,1,0,0,1,0,0,1,0,0,0
25 - Καρδίτσας,215 E.T. Δήμου Παλαμά,500,298,0,3,3,295,79,10,25,4,20,25,25,152,35,65,13,51,15,65,11,6,4,2,2,27,5,2,2,1,9,18,19,6,3,3,16,3,1,0,0,0,0,0,0,0,1,0,0,0,0,0,0,0,1,0,0,2,1,3,0,0,0,0,0,0,0,0,0,0,0,0,0,2,1,0,0,0,0,0,0,0,0,1,1
25 - Καρδίτσας,216 E.T. Δήμου Παλαμά,507,302,2,3,5,297,81,7,26,10,15,17,22,111,24,43,14,33,12,52,7,6,1,4,0,47,8,9,0,7,17,27,26,8,3,3,17,2,1,0,0,0,0,0,0,0,2,1,0,0,0,0,0,7,2,0,4,2,1,1,0,0,0,1,0,0,0,0,0,1,1,0,0,6,1,1,2,2,3,0,0,1,0,5,2
25 - Καρδίτσας,217 E.T. Δήμου Παλαμά,527,321,3,0,3,318,75,19,19,10,10,21,20,164,39,63,25,43,11,100,7,2,2,1,1,37,6,10,0,2,21,21,23,4,3,2,18,5,5,2,0,0,2,0,0,0,0,0,0,0,1,0,0,5,0,1,0,1,0,0,0,0,0,0,0,0,0,0,0,1,1,0,0,3,2,0,0,0,0,0,0,0,0,0,0
25 - Καρδίτσας,218 E.T. Δήμου Παλαμά,544,351,4,2,6,345,133,13,49,26,29,39,37,104,19,36,9,27,13,56,12,9,2,2,0,41,9,2,0,5,24,14,36,14,3,7,27,4,2,1,0,0,0,0,0,0,1,0,0,0,0,0,0,5,2,0,1,1,0,1,0,0,1,0,0,0,0,0,0,0,0,0,0,9,2,1,1,2,2,0,0,0,0,0,0
25 - Καρδίτσας,219 E.T. Δήμου Παλαμά,283,183,0,1,1,182,62,12,33,4,13,6,27,79,19,41,9,40,10,27,4,0,0,1,0,16,0,6,0,1,7,5,11,1,0,4,10,2,0,1,0,0,0,0,0,0,1,0,0,0,0,0,0,3,1,0,1,0,0,0,0,0,0,0,0,0,0,1,0,1,0,1,0,2,0,0,0,0,1,0,0,0,0,0,0
25 - Καρδίτσας,220 E.T. Δήμου Παλαμά,145,90,0,1,1,89,21,5,5,10,6,0,4,62,19,26,1,10,10,26,4,3,1,0,0,0,0,0,0,0,0,0,0,0,0,0,0,0,0,1,1,0,0,1,0,0,0,0,0,0,0,0,0,1,1,0,1,0,0,0,0,0,0,0,0,0,0,0,0,0,0,0,0,0,0,0,0,0,0,0,0,0,0,0,0
25 - Καρδίτσας,221 E.T. Δήμου Παλαμά,366,224,2,1,3,221,69,9,33,11,11,8,22,110,42,41,10,32,2,4,2,2,1,1,0,32,3,7,1,3,20,12,5,1,1,0,2,1,0,0,0,0,0,0,0,0,0,0,0,0,0,0,0,0,0,0,0,0,0,0,0,0,0,0,0,0,0,1,0,1,0,0,1,1,1,0,1,0,0,0,0,0,0,0,0
25 - Καρδίτσας,222 E.T. Δήμου Παλαμά,317,181,1,1,2,179,51,7,26,14,9,10,9,91,39,29,8,25,4,37,5,2,1,2,0,16,2,2,0,0,11,7,6,1,0,0,4,0,0,0,0,0,0,0,0,0,0,0,0,0,0,0,0,3,1,1,0,2,1,0,0,0,0,0,0,0,0,1,1,0,0,0,0,4,0,1,1,0,1,0,0,0,0,1,0
25 - Καρδίτσας,223 E.T. Δήμου Παλαμά,348,220,1,2,3,217,90,9,40,7,8,19,34,87,13,34,31,27,4,33,3,0,0,1,0,24,3,6,0,0,16,6,6,0,1,3,5,1,0,0,0,0,0,0,0,0,1,1,0,0,0,0,0,3,3,0,1,0,1,0,0,0,0,0,0,0,0,0,0,0,0,0,0,2,0,0,0,0,0,0,0,0,0,1,0
25 - Καρδίτσας,224 E.T. Δήμου Παλαμά,253,150,2,2,4,146,61,8,17,8,16,6,22,57,13,28,11,29,4,13,5,0,0,1,0,11,2,0,0,3,5,1,0,0,0,0,0,0,0,1,1,0,0,0,0,0,0,0,0,0,0,0,0,1,0,1,0,0,0,0,0,0,0,0,0,0,0,0,0,2,2,0,0,2,0,0,0,0,0,0,0,0,0,6,2
25 - Καρδίτσας,225 E.T. Δήμου Παλαμά,288,151,3,0,3,148,53,13,16,4,26,7,13,70,25,36,2,24,5,25,0,0,0,0,0,6,1,3,2,1,0,3,13,1,1,1,11,0,4,0,0,0,0,0,0,0,0,0,0,0,0,0,0,4,0,0,0,0,0,0,0,0,0,0,0,0,0,1,0,0,0,0,0,1,0,0,0,0,0,0,0,0,0,0,0
25 - Καρδίτσας,226 E.T. Δήμου Παλαμά,391,209,3,0,3,206,78,12,30,9,34,18,18,65,16,21,11,26,1,31,7,6,2,3,0,26,1,3,0,9,0,5,16,0,2,3,10,1,5,0,0,0,0,0,0,0,1,1,0,1,0,0,0,8,1,2,1,2,1,0,0,0,0,0,0,0,0,3,3,0,0,0,0,2,1,0,0,0,0,0,0,0,0,0,0
25 - Καρδίτσας,227 E.T. Δήμου Παλαμά,335,237,4,0,4,233,87,11,36,24,15,12,25,112,27,48,19,28,4,50,6,1,2,2,0,16,4,2,0,1,14,6,1,0,0,1,1,0,0,0,0,0,0,0,0,0,0,0,0,0,0,0,0,5,0,0,1,0,0,0,0,0,0,0,0,0,0,3,1,0,0,0,0,3,1,2,1,0,0,0,0,0,0,0,0
25 - Καρδίτσας,228 E.T. Δήμου Παλαμά,354,221,2,0,2,219,47,5,12,7,7,12,17,126,29,46,29,35,5,70,5,0,1,2,0,21,0,4,0,4,8,6,1,0,0,0,0,0,0,0,0,0,0,0,0,0,0,0,0,0,0,0,0,12,4,4,1,6,2,0,0,0,0,0,0,0,0,0,0,0,0,0,0,3,2,1,0,0,0,0,0,0,0,4,3
25 - Καρδίτσας,229 E.T. Δήμου Παλαμά,364,244,4,1,5,239,51,5,17,12,10,9,16,125,22,37,27,35,8,70,11,4,2,2,2,35,3,2,0,12,18,2,0,0,0,0,0,0,0,2,0,0,1,0,0,0,0,0,0,0,0,0,0,10,4,1,1,2,1,0,0,0,0,0,0,0,0,0,0,0,0,0,0,5,1,1,1,1,0,0,0,0,0,0,0
25 - Καρδίτσας,230 E.T. Δήμου Παλαμά,546,311,1,1,2,309,81,10,18,12,10,24,15,155,41,60,8,42,21,44,10,4,1,2,2,33,2,0,0,11,18,19,12,3,2,2,8,3,1,2,1,1,0,0,0,0,0,0,0,0,0,0,0,9,3,0,1,0,1,0,0,0,0,0,0,0,0,0,0,0,0,0,0,5,4,1,1,0,0,0,0,0,0,2,2
25 - Καρδίτσας,231 E.T. Δήμου Παλαμά,446,249,5,1,6,243,94,19,35,2,25,10,19,79,8,15,28,28,6,34,15,8,2,1,2,30,7,4,4,13,19,1,5,0,0,2,4,0,0,1,0,0,0,0,0,0,2,0,0,1,0,0,0,3,1,1,2,0,0,0,0,0,0,0,0,0,0,4,2,4,3,0,0,3,1,0,1,1,1,0,0,0,0,2,0
25 - Καρδίτσας,232 E.T. Δήμου Παλαμά,440,270,1,6,7,263,107,40,48,12,29,19,21,100,14,31,48,43,4,34,11,4,0,1,2,22,5,3,0,7,14,2,3,0,0,0,1,0,0,2,0,0,1,1,0,0,0,0,0,0,0,0,0,7,5,2,1,3,1,3,0,0,0,1,1,0,0,0,0,1,1,0,0,6,1,2,0,1,1,0,0,0,0,0,0
25 - Καρδίτσας,233 E.T. Δήμου Παλαμά,386,234,0,2,2,232,61,6,20,9,6,23,13,121,11,35,82,40,2,28,7,5,0,6,0,22,6,7,1,3,16,2,8,0,0,5,4,0,1,1,1,0,0,1,0,0,1,1,0,1,0,0,0,5,4,1,2,1,0,1,0,0,0,1,1,0,0,0,0,0,0,0,0,4,1,0,1,2,0,0,0,0,0,1,0
25 - Καρδίτσας,234 E.T. Δήμου Παλαμά,413,237,2,0,2,235,59,5,20,2,12,13,13,128,15,28,75,39,5,40,7,4,1,0,2,14,2,1,0,5,10,0,14,0,1,11,13,1,0,0,0,0,0,0,0,0,0,0,0,0,2,0,0,3,1,0,1,1,1,1,0,0,0,1,1,0,0,0,0,0,0,0,0,6,2,0,1,1,1,0,0,0,0,0,0
25 - Καρδίτσας,235 E.T. Δήμου Παλαμά,357,245,1,2,3,242,71,7,25,9,16,13,22,115,14,21,18,31,4,70,4,3,1,1,0,21,2,4,0,10,14,3,18,0,1,15,9,0,0,1,0,0,0,0,0,0,0,0,0,0,0,0,0,5,2,0,0,0,0,1,0,0,1,0,0,0,0,1,0,0,0,0,0,3,0,0,0,1,0,0,0,0,0,2,1
25 - Καρδίτσας,236 E.T. Δήμου Παλαμά,380,233,0,0,0,233,72,6,20,15,18,16,16,104,10,29,17,25,13,61,4,2,0,0,0,23,5,6,0,4,14,6,24,1,3,18,10,2,0,0,0,0,0,0,0,0,0,0,0,0,0,0,0,2,1,0,0,0,0,0,0,0,0,0,0,0,0,0,0,0,0,0,0,4,0,0,0,0,0,0,0,0,0,0,0
25 - Καρδίτσας,237 E.T. Δήμου Παλαμά,249,144,1,1,2,142,26,9,8,1,4,1,17,93,11,24,14,35,13,0,6,4,0,0,2,10,2,1,0,2,6,2,3,0,1,2,0,0,1,0,0,0,0,0,0,0,0,0,0,0,0,0,0,3,1,1,0,0,1,1,0,1,0,0,0,0,0,0,0,0,0,0,0,0,0,0,0,0,0,0,0,0,0,0,0
25 - Καρδίτσας,238 E.T. Δήμου Παλαμά,330,198,0,0,0,198,45,1,8,11,10,22,10,113,19,64,8,32,12,44,5,3,1,0,1,18,4,5,0,3,14,4,7,0,4,1,1,0,1,1,0,0,0,0,0,0,0,0,0,0,0,0,0,6,2,1,0,3,1,0,0,0,0,0,0,0,0,0,0,0,0,0,0,1,0,0,0,0,1,0,0,0,0,1,0
25 - Καρδίτσας,239 E.T. Δήμου Παλαμά,410,250,2,1,3,247,67,3,17,20,12,27,9,124,22,68,13,33,12,61,1,1,0,0,0,26,0,8,0,7,16,2,17,0,15,7,0,0,0,0,0,0,0,0,0,0,0,0,0,0,0,0,0,0,0,0,0,0,0,0,0,0,0,0,0,0,0,5,1,0,0,0,0,4,1,0,0,0,1,0,1,0,1,2,1
25 - Καρδίτσας,240 E.T. Δήμου Παλαμά,459,272,3,0,3,269,108,9,49,14,27,10,32,116,22,52,37,24,3,53,7,4,0,5,0,12,4,2,0,2,11,2,5,0,0,1,2,0,1,1,0,0,0,0,0,0,0,0,0,0,0,0,0,9,3,3,4,2,2,1,0,0,0,0,0,0,0,0,0,0,0,0,0,3,1,1,1,0,3,1,1,1,1,4,4
25 - Καρδίτσας,241 E.T. Δήμου Παλαμά,484,301,1,1,2,299,114,9,46,23,22,15,49,124,20,42,28,37,5,65,11,8,1,4,1,22,5,8,1,1,14,5,5,1,0,4,4,0,0,0,0,0,0,0,0,0,0,0,0,0,1,1,1,10,4,0,3,3,2,0,0,0,0,0,0,0,0,0,0,0,0,0,0,10,4,4,1,1,2,0,0,0,0,0,0
25 - Καρδίτσας,242 E.T. Δήμου Παλαμά,466,289,4,2,6,283,80,22,32,7,18,14,25,129,23,43,33,53,9,63,8,5,2,3,1,37,7,9,1,9,30,4,0,0,0,0,0,0,0,1,0,1,1,0,0,0,0,0,0,0,0,0,0,11,3,1,1,6,1,0,0,0,0,0,0,0,0,1,0,1,0,0,0,13,4,3,3,5,2,0,1,1,0,0,0
25 - Καρδίτσας,243 E.T. Δήμου Παλαμά,472,271,1,1,2,269,111,15,42,17,34,19,25,90,13,40,26,16,6,48,8,3,0,2,1,35,8,10,1,3,24,2,5,1,1,1,0,1,0,0,0,0,0,0,0,0,0,0,0,0,0,0,0,8,1,0,1,4,4,0,0,0,0,0,0,0,0,1,0,0,0,0,0,6,1,0,0,0,1,0,0,1,1,4,1
25 - Καρδίτσας,244 E.T. Δήμου Παλαμά,408,290,0,1,1,289,60,10,12,16,10,17,17,155,36,67,16,41,6,79,11,7,1,1,0,13,0,2,0,9,4,1,37,7,5,5,25,7,4,2,0,1,1,0,0,0,0,0,0,0,0,0,0,0,0,0,0,0,0,0,0,0,0,0,0,0,0,0,0,0,0,0,0,0,0,0,0,0,8,0,0,0,0,3,0
25 - Καρδίτσας,245 E.T. Δήμου Παλαμά,440,296,3,4,7,289,52,12,10,7,5,8,9,177,29,60,9,63,11,108,6,5,0,0,0,14,0,2,0,4,9,3,25,5,2,1,19,4,3,3,0,0,0,0,0,0,1,0,1,0,1,1,1,2,1,0,0,0,0,0,0,0,0,0,0,0,0,1,0,0,0,0,0,7,3,2,2,1,0,0,0,0,0,0,0
25 - Καρδίτσας,246 E.T. Δήμου Παλαμά,429,291,3,6,9,282,66,15,9,9,15,9,12,157,35,61,14,37,4,83,4,4,0,0,0,10,2,0,0,0,4,6,22,2,0,5,13,1,3,2,0,1,1,1,0,0,0,0,0,0,2,0,2,7,1,1,1,1,1,0,0,0,0,0,0,0,0,0,0,0,0,0,0,6,2,0,1,0,4,0,0,0,0,2,0
25 - Καρδίτσας,247 E.T. Δήμου Παλαμά,185,115,3,0,3,112,37,3,13,17,8,7,6,48,8,8,14,13,13,22,0,0,0,0,0,11,0,2,0,1,7,4,10,1,0,0,9,3,0,0,0,0,0,0,0,0,0,0,0,0,0,0,0,4,0,0,2,0,0,0,0,0,0,0,0,0,0,0,0,0,0,0,0,2,0,1,1,0,0,0,0,0,0,0,0
25 - Καρδίτσας,248 E.T. Δήμου Παλαμά,290,184,3,2,5,179,49,3,10,4,8,14,16,50,9,20,3,14,1,22,4,0,2,1,1,27,1,6,0,16,15,0,27,0,0,0,24,1,5,3,0,0,0,0,0,0,0,0,0,0,1,1,1,8,4,1,1,1,2,0,0,0,0,0,0,1,0,0,0,1,0,0,0,4,1,1,0,0,1,0,1,0,1,3,3
25 - Καρδίτσας,249 E.T. Δήμου Παλαμά,419,235,4,2,6,229,87,14,18,13,23,20,50,82,5,33,3,58,2,34,10,6,0,4,0,17,5,2,0,4,12,5,14,2,2,1,9,1,0,5,3,1,4,0,0,0,0,0,0,0,0,0,0,9,6,1,1,1,3,0,0,0,0,0,0,0,0,0,0,0,0,0,0,4,0,1,1,0,0,0,0,0,0,1,1
25 - Καρδίτσας,250 E.T. Δήμου Παλαμά,324,204,5,1,6,198,55,19,20,3,9,13,7,110,7,54,11,39,13,44,3,2,0,1,0,18,1,1,0,6,13,6,2,0,1,0,2,0,0,1,1,0,0,0,0,0,1,1,1,0,1,0,0,2,0,1,0,0,1,0,0,0,0,0,0,0,0,0,0,0,0,0,0,3,1,1,1,0,2,1,0,2,1,0,0
25 - Καρδίτσας,251 E.T. Δήμου Παλαμά,298,192,4,1,5,187,36,8,6,3,4,5,20,101,13,36,5,26,2,55,7,5,2,1,0,18,5,3,0,13,8,5,15,3,0,0,8,6,0,0,0,0,0,0,0,0,1,0,0,0,0,0,0,6,0,0,0,0,0,0,0,0,0,0,0,0,0,0,0,0,0,0,0,2,0,1,0,0,0,0,0,0,0,1,1
25 - Καρδίτσας,252 E.T. Δήμου Παλαμά,399,243,2,3,5,238,79,5,30,5,25,10,20,122,19,53,10,32,9,51,10,7,3,4,1,5,3,1,0,2,2,1,10,0,0,1,7,0,3,2,1,1,1,1,0,0,0,0,0,0,0,0,0,4,1,0,0,1,1,0,0,0,0,0,0,0,0,2,2,0,0,0,0,2,0,1,0,0,1,0,0,0,0,1,0
25 - Καρδίτσας,253 E.T. Δήμου Παλαμά,482,314,3,4,7,307,96,11,29,3,34,19,31,157,30,67,17,48,16,65,3,2,1,1,1,14,1,1,1,5,7,4,21,0,2,0,20,0,1,1,1,1,0,0,0,0,0,0,0,0,0,0,0,3,1,0,2,1,0,0,0,0,0,0,0,0,0,0,0,2,0,0,0,5,1,2,0,1,0,0,0,0,0,5,2
25 - Καρδίτσας,254 E.T. Δήμου Σοφάδων,442,285,7,1,8,277,86,11,14,3,16,44,36,107,32,49,2,37,13,57,11,3,1,5,2,20,8,8,0,0,13,5,15,0,3,3,6,6,2,3,1,0,2,1,0,0,0,0,0,0,1,0,0,10,3,0,2,3,4,1,0,0,0,0,0,9,2,2,1,1,1,1,0,8,1,0,1,0,1,0,0,0,0,2,1
25 - Καρδίτσας,255 E.T. Δήμου Σοφάδων,449,300,2,1,3,297,113,15,21,8,17,46,39,128,28,53,10,62,5,58,7,2,1,0,0,20,2,4,0,0,18,2,9,1,1,1,3,3,4,2,0,0,1,1,1,1,1,0,0,0,0,0,0,1,1,1,0,0,0,0,0,0,0,0,0,4,1,2,2,1,1,0,1,8,3,2,2,1,0,0,0,0,0,0,0
25 - Καρδίτσας,256 E.T. Δήμου Σοφάδων,460,298,6,3,9,289,97,9,17,14,15,31,38,118,35,54,8,44,2,64,7,5,1,4,0,35,9,4,2,0,21,9,9,1,1,1,3,5,2,2,1,0,1,2,0,0,1,0,0,0,0,0,0,6,0,0,1,1,0,0,0,0,0,0,0,0,0,0,0,0,0,0,0,10,2,1,0,3,2,0,0,0,1,2,1
25 - Καρδίτσας,257 E.T. Δήμου Σοφάδων,404,228,3,2,5,223,97,9,20,14,17,48,27,75,13,24,10,41,4,30,8,8,3,2,1,17,5,8,0,0,13,4,6,0,1,0,0,3,2,3,1,0,1,2,0,0,1,0,1,1,0,0,0,6,2,3,2,3,0,1,0,0,0,0,1,2,1,0,0,1,1,0,1,4,0,0,0,0,0,0,0,0,0,2,1
25 - Καρδίτσας,258 E.T. Δήμου Σοφάδων,322,213,4,4,8,205,69,4,20,2,8,37,24,83,19,30,12,27,9,33,8,4,2,0,1,15,5,0,1,7,7,3,19,9,1,0,5,12,3,1,1,0,0,0,0,0,0,0,0,0,0,0,0,5,1,2,1,1,1,0,0,0,0,0,0,1,1,0,0,1,1,0,0,1,0,0,0,0,0,0,0,0,0,2,1
25 - Καρδίτσας,259 E.T. Δήμου Σοφάδων,311,210,4,2,6,204,38,3,4,4,7,11,12,106,36,46,12,21,5,57,3,1,0,1,0,49,5,10,0,34,22,0,3,2,0,0,0,0,0,0,0,0,0,0,0,0,0,0,0,0,0,0,0,0,0,0,0,0,0,0,0,0,0,0,0,0,0,0,0,0,0,0,0,3,1,0,0,0,0,0,0,0,0,2,1
25 - Καρδίτσας,260 E.T. Δήμου Σοφάδων,364,227,0,1,1,226,40,7,7,2,6,12,10,119,30,27,14,31,9,56,4,2,0,0,1,46,5,14,0,16,32,1,5,0,0,0,1,1,0,2,0,0,0,1,0,0,1,0,0,0,0,0,0,4,1,2,2,0,1,0,0,0,0,0,0,0,0,1,0,0,0,0,0,3,1,0,1,0,0,0,0,0,0,1,1
25 - Καρδίτσας,261 E.T. Δήμου Σοφάδων,531,330,4,4,8,322,107,17,31,5,27,35,22,143,26,39,26,48,19,77,10,5,2,4,0,24,4,14,0,3,16,1,15,2,2,1,4,3,2,0,0,0,0,0,0,0,0,0,0,0,0,0,0,15,3,4,1,5,3,0,0,0,0,0,0,1,0,0,0,0,0,0,0,6,2,1,3,2,0,0,0,0,0,1,1
25 - Καρδίτσας,262 E.T. Δήμου Σοφάδων,235,130,1,1,2,128,15,1,0,3,1,6,12,85,9,59,3,37,3,34,4,3,0,0,1,10,2,2,1,4,2,5,2,0,0,0,0,1,1,0,0,0,0,0,0,0,1,1,0,1,0,0,0,9,7,1,2,4,1,0,0,0,0,0,0,0,0,0,0,0,0,0,0,1,1,0,0,1,1,1,0,0,1,0,0
25 - Καρδίτσας,263 E.T. Δήμου Σοφάδων,355,174,1,0,1,173,48,12,11,11,11,19,14,88,8,40,20,37,10,42,0,0,0,0,0,20,6,1,0,3,16,2,5,0,0,0,1,3,1,1,0,0,0,0,0,0,1,1,1,0,0,0,0,6,3,0,2,2,2,0,0,0,0,0,0,0,0,0,0,0,0,0,0,4,0,0,0,0,0,0,0,0,0,0,0
25 - Καρδίτσας,264 E.T. Δήμου Σοφάδων,379,220,2,1,3,217,59,12,16,16,8,22,22,107,14,53,23,51,7,40,9,2,2,3,2,17,0,5,0,12,9,3,11,4,3,0,0,5,4,1,1,0,0,1,0,0,1,1,1,0,0,0,0,4,0,0,2,2,1,0,0,0,0,0,0,0,0,2,2,0,0,0,0,3,0,1,0,0,2,1,0,1,0,1,0
25 - Καρδίτσας,265 E.T. Δήμου Σοφάδων,411,264,2,1,3,261,52,11,13,3,2,23,18,124,12,61,21,44,7,50,11,9,3,4,1,40,6,4,0,28,13,3,21,0,6,1,1,10,10,1,0,0,0,0,0,0,2,0,1,1,0,0,0,4,1,2,0,0,0,1,0,0,0,0,0,1,1,1,0,0,0,0,0,3,2,0,2,0,0,0,0,0,0,0,0
25 - Καρδίτσας,266 E.T. Δήμου Σοφάδων,465,305,5,3,8,297,77,8,11,9,7,46,29,119,8,66,21,45,3,56,7,5,0,0,0,42,3,7,0,36,6,1,26,4,2,4,1,14,9,2,1,0,1,0,0,0,4,1,0,0,0,0,0,8,4,1,0,1,0,0,0,0,0,0,0,0,0,1,0,0,0,0,0,6,1,1,0,1,0,0,0,0,0,5,3
25 - Καρδίτσας,267 E.T. Δήμου Σοφάδων,382,194,4,1,5,189,49,12,8,11,8,28,17,98,12,66,17,32,6,30,4,1,0,2,0,13,1,3,1,9,3,2,11,4,1,2,1,7,4,1,1,0,0,0,0,0,1,1,1,0,0,0,0,7,3,2,1,2,4,0,0,0,0,0,0,0,0,1,1,0,0,0,0,2,1,1,2,0,0,0,0,0,0,2,2
25 - Καρδίτσας,268 E.T. Δήμου Σοφάδων,303,166,2,0,2,164,35,3,3,6,4,18,10,96,13,52,20,29,7,30,6,2,1,2,1,9,2,1,0,8,1,0,8,1,2,1,0,4,4,2,1,0,0,0,0,0,0,0,0,0,0,0,0,2,2,0,1,0,0,0,0,0,0,0,0,0,0,2,2,0,0,0,0,3,2,0,2,0,1,0,0,0,0,0,0
25 - Καρδίτσας,269 E.T. Δήμου Σοφάδων,376,257,0,0,0,257,30,4,6,7,5,16,8,108,6,51,46,33,5,43,2,0,0,0,0,82,3,6,5,81,8,0,24,3,3,1,8,3,12,2,1,0,0,0,0,0,1,1,1,0,0,0,0,4,3,1,0,0,1,0,0,0,0,0,0,0,0,0,0,0,0,0,0,3,0,1,0,0,1,0,0,0,0,0,0
25 - Καρδίτσας,270 E.T. Δήμου Σοφάδων,297,166,1,1,2,164,30,10,11,3,3,7,15,95,9,51,20,18,8,50,2,1,2,0,0,20,2,2,16,1,11,1,2,0,0,0,0,0,0,0,0,0,0,0,0,0,0,0,0,0,1,0,0,5,2,0,0,1,0,0,0,0,0,0,0,0,0,0,0,0,0,0,0,6,1,1,0,0,2,1,0,1,0,1,1
25 - Καρδίτσας,271 E.T. Δήμου Σοφάδων,396,171,3,1,4,167,46,8,15,9,3,14,17,79,4,38,17,22,5,37,2,1,0,1,0,27,3,1,22,4,13,5,1,0,0,0,0,0,0,3,2,1,1,0,0,0,0,0,0,0,0,0,0,3,2,0,0,0,0,0,0,0,0,0,0,0,0,1,0,2,1,1,0,2,1,0,1,0,1,0,0,0,0,0,0
25 - Καρδίτσας,272 E.T. Δήμου Σοφάδων,545,325,4,3,7,318,108,10,20,10,20,45,40,128,41,50,12,24,13,63,9,4,2,4,2,40,8,20,1,8,21,4,16,3,3,1,3,1,4,2,0,0,0,0,0,0,2,0,0,0,1,0,0,6,4,0,1,0,0,0,0,0,0,0,0,0,0,0,0,0,0,0,0,4,1,1,0,1,0,0,0,0,0,2,1
25 - Καρδίτσας,273 E.T. Δήμου Σοφάδων,516,313,8,3,11,302,143,7,14,6,22,48,39,112,36,40,23,23,8,50,7,4,2,0,1,23,9,9,0,3,3,1,1,0,0,0,0,1,1,1,0,0,0,0,0,0,2,0,0,0,0,0,0,4,2,0,1,0,1,1,0,0,0,0,1,0,0,2,0,0,0,0,0,1,0,0,0,0,0,0,0,0,0,5,3
25 - Καρδίτσας,274 E.T. Δήμου Σοφάδων,511,327,8,1,9,318,146,10,16,5,31,67,36,106,49,42,17,19,4,51,9,4,3,3,1,22,2,9,1,5,8,1,12,3,0,1,0,5,5,2,0,0,0,0,0,0,0,0,0,0,0,0,0,8,3,1,0,1,0,0,0,0,0,0,0,0,0,0,0,0,0,0,0,11,1,1,0,0,1,0,0,0,0,1,1
25 - Καρδίτσας,275 E.T. Δήμου Σοφάδων,527,346,5,3,8,338,86,10,11,10,6,46,23,158,64,53,18,24,7,86,8,6,1,5,1,53,6,32,0,18,15,3,10,0,1,1,2,2,1,1,1,0,1,0,0,0,2,0,0,0,0,0,0,9,2,3,0,3,2,1,0,0,0,1,0,0,0,0,0,0,0,0,0,3,1,0,0,0,0,0,0,0,0,7,3
25 - Καρδίτσας,276 E.T. Δήμου Σοφάδων,543,341,7,0,7,334,218,12,14,10,43,75,64,71,21,32,8,11,3,32,3,2,0,0,1,19,2,7,0,5,12,0,6,3,0,0,5,3,1,1,0,0,0,0,0,0,0,0,0,0,0,0,0,6,3,0,0,1,3,0,0,0,0,0,0,0,0,0,0,0,0,0,0,7,2,1,2,1,0,0,0,0,0,3,2
25 - Καρδίτσας,277 E.T. Δήμου Σοφάδων,559,330,21,0,21,309,236,12,23,8,56,91,100,43,12,11,5,11,2,25,2,1,0,0,0,12,1,8,0,6,6,0,4,1,0,0,0,0,2,1,0,0,0,0,0,0,2,1,1,0,0,0,0,4,3,2,1,0,1,0,0,0,0,0,0,0,0,0,0,2,1,0,1,2,1,1,0,0,1,1,0,1,0,0,0
25 - Καρδίτσας,278 E.T. Δήμου Σοφάδων,524,298,5,0,5,293,175,12,16,6,27,61,52,89,30,31,21,10,8,40,2,2,1,1,0,12,2,5,0,2,6,2,6,1,1,2,2,1,2,0,0,0,0,0,0,0,0,0,0,0,0,0,0,3,2,0,1,0,1,0,0,0,0,0,0,0,0,0,0,3,1,0,1,2,1,0,1,0,0,0,0,0,0,1,0
25 - Καρδίτσας,279 E.T. Δήμου Σοφάδων,524,318,2,0,2,316,135,10,26,11,17,61,47,130,48,45,31,27,13,50,5,2,1,1,1,25,10,12,3,8,3,3,8,1,0,0,2,1,2,1,0,0,0,0,0,0,0,0,0,0,0,0,0,5,3,2,1,1,1,1,1,0,0,1,0,0,0,0,0,0,0,0,0,1,0,1,1,0,2,0,0,0,0,3,1
25 - Καρδίτσας,280 E.T. Δήμου Σοφάδων,513,334,7,1,8,326,256,5,26,4,62,81,65,44,13,16,8,8,3,23,1,1,0,0,1,12,2,4,0,6,4,2,6,0,2,3,0,1,0,1,0,0,1,1,0,0,1,0,0,0,0,0,0,2,0,0,1,0,0,0,0,0,0,0,0,0,0,0,0,0,0,0,0,3,0,0,0,0,0,0,0,0,0,0,0
25 - Καρδίτσας,281 E.T. Δήμου Σοφάδων,548,325,2,1,3,322,139,8,14,16,20,47,57,143,47,52,22,28,13,48,1,1,0,0,0,18,2,5,2,2,11,1,10,1,3,3,5,3,1,0,0,0,0,0,1,0,0,0,0,0,0,0,0,2,1,0,1,0,0,0,0,0,0,0,0,0,0,0,0,0,0,0,0,4,1,0,0,1,1,0,1,0,0,3,3
25 - Καρδίτσας,282 E.T. Δήμου Σοφάδων,518,317,1,0,1,316,135,13,16,18,19,61,31,123,40,40,12,67,5,72,10,6,2,3,0,22,6,7,0,0,0,0,10,3,3,2,3,3,2,1,0,0,0,0,0,0,1,0,0,0,0,0,0,3,0,0,0,0,0,0,0,0,0,0,0,0,0,1,0,0,0,0,0,6,0,0,0,0,1,0,0,0,0,3,0
25 - Καρδίτσας,283 E.T. Δήμου Σοφάδων,435,277,4,2,6,271,63,10,18,5,4,27,8,148,31,40,15,76,20,63,13,6,2,7,1,27,9,5,0,4,17,0,3,0,0,0,0,0,0,2,0,0,1,1,0,0,1,0,0,0,0,0,0,10,1,0,1,3,1,0,0,0,0,0,0,0,0,1,0,0,0,0,0,2,2,0,0,0,0,0,0,0,0,1,0
25 - Καρδίτσας,284 E.T. Δήμου Σοφάδων,225,145,0,0,0,145,31,2,1,0,1,16,14,74,14,36,3,27,7,33,6,2,0,1,2,22,3,8,0,6,15,0,2,1,0,1,0,1,0,2,0,0,1,0,0,0,0,0,0,0,0,0,0,2,2,2,0,0,0,0,0,0,0,0,0,0,0,1,0,0,0,0,0,5,0,0,0,0,0,0,0,0,0,0,0
25 - Καρδίτσας,285 E.T. Δήμου Σοφάδων,530,341,4,0,4,337,77,16,14,16,8,31,28,166,40,67,15,66,14,75,9,2,3,1,2,40,12,10,3,15,14,2,29,6,7,3,5,8,13,0,0,0,0,0,0,0,0,0,0,0,0,0,0,7,3,2,0,1,2,2,0,1,1,0,0,0,0,1,1,0,0,0,0,4,1,0,1,0,1,1,1,0,0,1,0
25 - Καρδίτσας,286 E.T. Δήμου Σοφάδων,133,94,0,0,0,94,40,6,16,7,2,20,6,26,7,9,1,7,0,12,4,3,0,2,1,9,0,4,0,0,8,0,12,0,0,0,5,3,5,0,0,0,0,0,0,0,0,0,0,0,0,0,0,2,1,1,0,1,0,0,0,0,0,0,0,0,0,0,0,1,1,0,0,0,0,0,0,0,0,0,0,0,0,0,0
25 - Καρδίτσας,287 E.T. Δήμου Σοφάδων,506,344,2,3,5,339,46,3,4,10,6,15,12,215,60,71,29,83,7,97,7,4,2,2,1,44,7,7,1,3,41,4,13,0,1,2,0,2,7,0,0,0,0,0,0,0,0,0,0,0,0,0,0,6,3,0,2,2,0,0,0,0,0,0,0,0,0,3,3,0,0,0,0,3,1,0,1,0,0,0,0,0,0,2,2
25 - Καρδίτσας,288 E.T. Δήμου Σοφάδων,436,270,3,3,6,264,70,3,6,8,5,43,23,142,33,64,16,51,4,54,5,0,0,0,0,31,4,13,0,18,9,0,5,1,0,1,1,2,2,1,0,0,0,0,0,0,0,0,0,0,0,0,0,2,0,0,0,0,0,1,1,1,0,0,0,0,0,0,0,0,0,0,0,6,3,0,2,0,1,0,0,0,0,0,0
25 - Καρδίτσας,289 E.T. Δήμου Σοφάδων,292,187,2,1,3,184,38,4,3,5,2,15,14,76,34,14,12,22,1,30,7,5,0,1,1,29,2,12,1,6,17,2,7,2,0,2,2,1,4,0,0,0,0,0,0,0,0,0,0,0,0,0,0,19,6,0,5,3,6,0,0,0,0,0,0,0,0,0,0,1,0,0,0,4,2,1,2,2,0,0,0,0,0,3,1
25 - Καρδίτσας,290 E.T. Δήμου Σοφάδων,326,207,3,2,5,202,53,6,2,15,10,19,18,95,27,29,8,31,3,44,3,2,0,3,0,31,6,6,0,6,21,2,3,1,0,0,2,0,3,0,0,0,0,0,0,0,0,0,0,0,0,0,0,8,3,1,2,2,2,0,0,0,0,0,0,0,0,2,1,0,0,0,0,4,1,0,0,1,0,0,0,0,0,3,3
25 - Καρδίτσας,291 E.T. Δήμου Σοφάδων,482,333,5,7,12,321,88,12,24,13,8,31,21,174,13,49,9,35,29,124,4,1,0,0,0,26,4,6,0,4,25,1,10,0,2,0,7,3,1,0,0,0,0,0,0,0,3,2,1,1,1,1,0,6,3,1,1,0,0,0,0,0,0,0,0,0,0,0,0,1,0,1,0,5,0,0,0,0,0,0,0,0,0,3,1
25 - Καρδίτσας,292 E.T. Δήμου Σοφάδων,578,403,0,1,1,402,69,9,14,8,5,24,22,250,31,95,30,58,32,192,12,6,3,0,1,44,11,8,0,0,21,1,3,0,2,0,2,1,0,0,0,0,0,0,1,1,1,0,0,1,0,0,0,5,1,0,1,0,0,0,0,0,0,0,0,0,0,1,0,1,1,0,0,9,1,2,1,1,1,0,0,0,0,5,3
25 - Καρδίτσας,293 E.T. Δήμου Σοφάδων,512,331,0,2,2,329,85,12,13,19,9,35,25,152,56,36,24,49,13,81,6,0,1,0,0,58,4,54,0,4,15,2,6,1,0,0,1,1,0,0,0,0,0,0,0,0,1,0,0,0,0,0,0,10,2,1,1,1,1,1,0,0,0,0,1,0,0,0,0,3,3,0,2,4,0,2,2,0,1,0,0,0,0,2,2
25 - Καρδίτσας,294 E.T. Δήμου Σοφάδων,248,171,0,0,0,171,37,5,11,6,7,11,12,102,24,35,10,36,11,61,2,1,1,1,0,13,0,4,0,0,10,3,8,2,3,1,1,3,3,1,0,0,0,0,0,0,0,0,0,0,0,0,0,5,2,2,1,2,3,0,0,0,0,0,0,0,0,0,0,0,0,0,0,2,1,0,1,0,0,0,0,0,0,1,1
25 - Καρδίτσας,295 E.T. Δήμου Σοφάδων,348,205,2,1,3,202,60,9,11,10,9,20,14,96,15,30,8,37,8,51,6,2,1,1,1,9,0,4,0,0,5,0,12,3,1,2,0,1,6,0,0,0,0,0,0,0,0,0,0,0,0,0,0,10,7,1,0,2,1,0,0,0,0,0,0,0,0,2,0,0,0,0,0,0,0,0,0,0,3,1,0,0,0,4,1
25 - Καρδίτσας,296 E.T. Δήμου Σοφάδων,351,248,0,1,1,247,45,4,3,7,7,24,17,140,39,75,12,37,3,65,6,1,0,2,0,37,13,9,1,17,17,4,9,3,3,0,2,4,4,1,0,1,0,0,0,0,0,0,0,0,0,0,0,5,4,0,1,0,0,0,0,0,0,0,0,0,0,0,0,0,0,0,0,1,0,0,1,1,1,0,0,0,0,2,2
25 - Καρδίτσας,297 E.T. Δήμου Σοφάδων,570,336,14,1,15,321,94,7,2,21,22,31,31,135,32,52,12,35,10,73,9,2,5,3,1,30,2,11,4,3,20,1,15,0,1,0,3,5,3,1,0,0,0,0,0,0,1,1,0,1,0,0,0,9,5,0,0,1,0,0,0,0,0,0,0,1,1,2,0,0,0,0,0,7,0,1,1,0,3,0,1,1,2,14,6
25 - Καρδίτσας,298 E.T. Δήμου Σοφάδων,548,360,2,3,5,355,70,11,6,10,10,28,17,222,61,45,17,97,12,139,4,1,1,1,1,26,5,5,0,10,12,0,9,2,1,0,0,0,1,3,0,0,0,0,0,0,1,0,0,0,0,0,0,5,2,0,1,1,0,5,0,0,0,5,5,0,0,0,0,0,0,0,0,8,2,1,0,0,1,0,0,0,0,1,1
25 - Καρδίτσας,299 E.T. Δήμου Σοφάδων,533,338,2,2,4,334,85,6,2,4,6,57,10,154,41,53,8,41,8,86,3,1,2,0,1,56,4,10,1,22,38,1,16,1,2,0,0,2,2,0,0,0,0,0,0,0,3,0,0,1,0,0,0,9,4,0,1,0,1,1,0,0,0,0,0,0,0,1,0,0,0,0,0,5,0,1,0,0,0,0,0,0,0,1,0
25 - Καρδίτσας,300 E.T. Δήμου Σοφάδων,495,295,5,0,5,290,62,5,5,5,0,47,8,151,46,37,17,49,6,88,5,4,0,0,2,33,2,5,2,16,20,5,18,5,2,2,1,8,9,6,4,2,3,0,0,0,0,0,0,0,0,0,0,4,3,1,0,1,0,0,0,0,0,0,0,0,0,1,1,1,1,1,0,5,0,1,1,0,1,0,0,0,0,3,1
25 - Καρδίτσας,301 E.T. Δήμου Σοφάδων,312,175,1,0,1,174,37,10,3,5,12,10,3,85,16,50,8,12,5,39,9,1,1,1,2,14,3,1,0,8,9,0,11,0,0,0,0,6,6,2,0,0,0,1,0,0,0,0,0,0,1,0,0,8,1,0,1,5,5,1,0,0,0,1,1,0,0,0,0,1,1,0,1,1,0,0,0,0,1,0,0,0,0,3,3
25 - Καρδίτσας,302 E.T. Δήμου Σοφάδων,506,272,4,3,7,265,67,10,7,11,1,41,14,123,12,52,5,40,9,69,7,3,3,2,1,18,3,1,0,10,2,2,21,3,4,2,3,5,8,0,0,0,0,0,0,0,1,0,0,0,1,0,1,10,2,2,1,1,1,1,0,0,1,1,0,0,0,2,1,0,0,0,0,8,2,1,1,1,2,0,0,0,0,4,2
25 - Καρδίτσας,303 E.T. Δήμου Σοφάδων,437,192,2,2,4,188,30,5,5,3,2,7,11,91,31,41,2,22,9,36,3,2,1,0,1,25,6,1,2,22,3,1,35,9,4,0,1,14,26,0,0,0,0,0,0,0,0,0,0,0,0,0,0,1,0,1,0,0,0,0,0,0,0,0,0,0,0,1,0,0,0,0,0,2,0,0,0,0,0,0,0,0,0,0,0
25 - Καρδίτσας,304 E.T. Δήμου Σοφάδων,277,140,1,0,1,139,24,8,4,2,1,13,3,73,10,23,7,42,3,35,3,0,1,0,1,14,10,0,0,5,9,0,13,9,0,0,2,0,9,0,0,0,0,0,0,0,0,0,0,0,0,0,0,8,2,0,0,2,1,0,0,0,0,0,0,0,0,0,0,0,0,0,0,1,1,0,0,0,0,0,0,0,0,3,0
25 - Καρδίτσας,305 E.T. Δήμου Σοφάδων,538,243,0,0,0,243,81,3,15,24,5,42,27,112,23,68,1,16,2,57,8,5,0,0,0,12,1,0,1,8,7,0,20,1,1,1,0,11,13,2,0,0,0,0,0,0,0,0,0,0,0,0,0,3,0,0,0,0,0,1,1,1,0,0,0,0,0,0,0,0,0,0,0,1,0,0,0,0,1,0,0,1,1,2,0
25 - Καρδίτσας,306 E.T. Δήμου Σοφάδων,128,58,0,0,0,58,12,1,2,1,1,7,4,32,7,11,1,4,1,20,2,1,1,0,0,2,0,0,0,0,0,1,7,3,1,0,0,2,4,0,0,0,0,0,0,0,1,0,0,0,0,0,0,0,0,0,0,0,0,0,0,0,0,0,0,0,0,1,1,0,0,0,0,1,0,0,0,0,0,0,0,0,0,0,0
25 - Καρδίτσας,307 E.T. Δήμου Σοφάδων,533,275,2,1,3,272,70,13,2,3,4,41,20,114,15,52,18,34,4,62,6,5,4,2,0,39,5,3,0,19,28,3,29,6,2,0,2,15,18,2,1,0,2,0,0,0,0,0,0,0,0,0,0,9,4,3,3,2,0,0,0,0,0,0,0,0,0,1,0,0,0,0,0,2,1,2,0,0,0,0,0,0,0,0,0
25 - Καρδίτσας,308 E.T. Δήμου Σοφάδων,524,315,3,1,4,311,91,5,5,0,1,61,32,111,19,41,7,36,5,49,3,1,0,0,0,51,7,7,0,23,39,2,33,10,2,3,4,5,16,0,0,0,0,0,0,0,2,2,0,1,0,0,0,2,2,0,1,0,0,0,0,0,0,0,0,0,0,2,2,0,0,0,0,13,0,1,0,0,0,0,0,0,0,3,0
25 - Καρδίτσας,Ετερ. Καρδίτσας (από 14ο Ε.Τ. Νομ. Θεσσαλονίκης),208,140,3,0,3,137,28,4,6,3,19,6,6,67,6,15,4,13,12,40,5,5,1,1,0,10,0,2,1,2,0,1,12,3,4,1,1,4,3,1,0,0,0,0,0,0,1,1,0,0,0,0,0,7,0,1,0,0,1,0,0,0,0,0,0,0,0,1,0,0,0,0,0,2,0,2,0,0,2,1,1,0,0,1,1
25 - Καρδίτσας,Ετερ. Καρδίτσας (από Εφετείο Θεσσαλονίκης),58,38,1,0,1,37,8,1,0,3,1,1,3,15,1,7,0,4,6,6,3,2,0,1,0,3,0,1,0,1,1,0,5,0,1,0,0,1,0,1,0,0,1,1,0,0,0,0,0,0,0,0,0,0,0,0,0,0,0,0,0,0,0,0,0,0,0,0,0,0,0,0,0,2,0,1,1,1,0,0,0,0,0,0,0
25 - Καρδίτσας,Ετερ. Καρδίτσας (από Εφετείο Λάρισσας),171,106,3,0,3,103,26,7,2,3,6,5,10,53,0,24,3,12,7,32,4,3,1,0,2,6,1,0,0,0,1,2,0,0,0,0,0,0,0,0,0,0,0,0,0,0,0,0,0,0,0,0,0,10,3,3,1,0,1,0,0,0,0,0,0,0,0,1,1,0,0,0,0,0,0,0,0,0,0,0,0,0,0,3,3
25 - Καρδίτσας,Ετερ. Καρδίτσας (από Εφετείο Λαμίας),87,50,0,0,0,50,20,7,1,1,3,2,5,14,1,5,1,5,1,4,0,0,0,0,0,7,1,0,1,1,5,1,6,1,0,0,1,1,2,0,0,0,0,0,0,0,0,0,0,0,0,0,0,0,0,0,0,0,0,2,0,0,0,2,1,1,0,0,0,0,0,0,0,0,0,0,0,0,0,0,0,0,0,0,0
25 - Καρδίτσας,Ετερ. Καρδίτσας (από 73ο Ε.Τ. Νομ. Αττικής-Αθηνών),529,370,1,3,4,366,102,26,24,4,25,21,30,180,16,51,34,52,28,100,8,4,3,2,2,28,12,7,2,2,7,5,24,3,8,3,3,6,5,2,0,1,1,0,0,0,2,0,0,0,0,0,0,7,2,1,1,2,1,0,0,0,0,0,0,0,0,1,1,0,0,0,0,9,1,2,2,1,2,1,1,0,0,1,1
25 - Καρδίτσας,Ετερ. Καρδίτσας (από 74ο Ε.Τ. Νομ. Αττικής-Αθηνών),528,352,6,1,7,345,95,28,19,5,16,13,33,144,7,48,16,30,19,72,14,6,5,1,2,53,9,9,0,12,13,15,18,2,3,3,0,10,5,2,0,0,1,0,0,0,0,0,0,0,0,0,0,6,2,0,1,1,1,0,0,0,0,0,0,0,0,1,1,0,0,0,0,6,1,2,3,1,2,0,1,1,0,4,3
25 - Καρδίτσας,Ετερ. Καρδίτσας (από 75ο Ε.Τ. Νομ. Αττικής-Αθηνών),509,358,6,2,8,350,106,42,20,8,22,21,40,162,17,61,19,58,18,95,2,1,0,1,2,34,4,15,3,6,18,4,29,4,4,4,1,10,3,0,0,0,0,0,0,0,2,0,1,0,0,0,0,6,1,1,3,2,2,0,0,0,0,0,0,0,0,1,1,1,1,0,1,4,2,2,0,0,2,0,0,0,0,1,1
25 - Καρδίτσας,Ετερ. Καρδίτσας (από 76ο Ε.Τ. Νομ. Αττικής-Αθηνών),527,367,2,0,2,365,111,29,13,6,34,16,34,168,7,62,17,55,19,93,3,2,0,1,1,31,6,12,5,2,13,7,23,0,4,5,2,10,4,2,1,0,1,1,0,0,4,2,0,0,0,0,0,8,2,2,2,0,0,1,0,0,1,0,1,0,0,1,0,0,0,0,0,9,1,1,0,0,0,0,0,0,0,4,1
25 - Καρδίτσας,Ετερ. Καρδίτσας (από 77ο Ε.Τ. Νομ. Αττικής-Αθηνών),505,339,2,2,4,335,113,22,19,23,22,23,34,142,15,34,17,39,23,74,4,1,2,1,1,20,7,7,1,7,7,1,33,3,10,5,1,13,6,2,0,0,0,0,0,0,0,0,0,0,0,0,0,10,3,3,2,1,2,0,0,0,0,0,0,0,0,1,0,1,0,0,0,8,1,3,2,0,0,0,0,0,0,1,1
25 - Καρδίτσας,Ετερ. Καρδίτσας (από 78ο Ε.Τ. Νομ. Αττικής-Αθηνών),537,351,5,0,5,346,101,33,15,8,35,25,30,140,29,44,14,33,16,74,9,3,4,1,2,32,9,10,2,5,12,5,29,6,10,8,0,12,3,2,1,1,1,0,0,0,3,1,1,0,0,0,0,10,4,2,1,1,1,0,0,0,0,0,0,0,0,3,2,0,0,0,0,10,6,5,4,3,2,0,0,0,0,5,4
25 - Καρδίτσας,Ετερ. Καρδίτσας (από 14ο Ε.Τ. Νομ. Αττικής-Πειραιώς),143,92,2,0,2,90,26,8,2,4,5,5,13,43,1,13,3,7,2,25,3,0,0,2,1,9,1,7,2,1,2,4,5,0,2,2,0,2,1,0,0,0,0,0,0,0,0,0,0,0,0,0,0,1,0,0,0,0,0,0,0,0,0,0,0,0,0,1,1,0,0,0,0,0,0,0,0,0,0,0,0,0,0,2,2
Σύνολο,,133913,78548,913,442,1355,77193,23502,3808,4724,3644,4980,5557,7573,34667,6082,14508,6600,8990,4058,14852,1765,878,324,473,226,7270,1325,1278,213,1488,4586,808,4322,1092,840,505,781,1530,821,456,116,54,110,86,19,6,307,91,64,78,75,38,35,1921,688,355,395,357,262,181,12,15,23,66,68,41,14,235,115,116,46,25,17,1434,358,321,258,132,303,59,50,65,41,579,301
