ΠΕΡΙΦΕΡΕΙΑ,ΕΚΛΟΓΙΚΟ ΤΜΗΜΑ,ΕΓΓΕΓΡΑΜΜΕΝΟΙ,ΨΗΦΙΣΑΝΤΕΣ,ΑΚΥΡΑ,ΛΕΥΚΑ,ΑΚΥΡΑ & ΛΕΥΚΑ,ΕΓΚΥΡΑ,ΣΥΡΙΖΑ,ΚΩΝΣΤΑΝΤΙΝΙΔΗΣ ΒΑΣΙΛΕΙΟΣ του Κωνσταντίνου,ΜΠΑΛΤΑΓΙΑΝΝΗΣ ΣΤΕΦΑΝΟΣ του Δημητρίου,ΜΠΟΥΤΑΣΗ ΙΩΑΝΝΑ του Χρήστου,ΤΕΛΙΓΙΟΡΙΔΟΥ ΟΛΥΜΠΙΑ του Ιωάννη,Νέα Δημοκρατία,ΑΝΤΩΝΙΟΥ ΜΑΡΙΑ του Βασιλείου,ΚΑΝΔΥΛΗ ΑΓΝΗ του Ανδρέα,ΤΖΗΚΑΛΑΓΙΑΣ ΖΗΣΗΣ του Γεωργίου,ΤΣΙΦΛΙΚΙΩΤΗΣ ΒΑΣΙΛΕΙΟΣ του Νικολάου,Λαϊκός Σύνδεσμος - Χρυσή Αυγή,ΓΟΥΠΙΔΟΥ ΕΥΑΝΘΙΑ του Μιχαήλ,ΓΡΑΤΣΙΑΣ ΒΑΣΙΛΕΙΟΣ του Ιωάννη,ΤΟΥΦΑΣ ΣΤΕΡΓΙΟΣ του Δημητρίου,Κίνημα Αλλαγής,ΔΙΑΜΑΝΤΟΠΟΥΛΟΥ ΚΩΝΣΤΑΝΤΙΝΙΑ του Ζήση,ΖΥΜΠΙΔΗΣ ΘΕΟΦΥΛΑΚΤΟΣ του Παναγιώτη,ΠΕΤΡΟΠΟΥΛΟΣ ΔΗΜΗΤΡΙΟΣ του Αντωνίου,ΤΣΑΛΟΥΚΙΔΟΥ ΑΘΗΝΑ του Αχιλλέα,Κ.Κ.Ε.,ΑΘΑΝΑΣΙΑΔΗΣ ΚΩΝΣΤΑΝΤΙΝΟΣ του Ανδρέα,ΓΡΑΜΜΕΝΟΥ ΓΙΑΝΝΟΥΛΑ (ΑΝΝΕΤΑ) του Γεωργίου,ΖΕΓΑ ΓΕΩΡΓΙΑ του Πασχάλη,ΚΑΝΑΤΣΙΟΣ ΙΩΑΝΝΗΣ του Δημητρίου,Ένωση Κεντρώων,ΒΑΣΙΛΕΙΟΥ ΚΩΝΣΤΑΝΤΙΝΑ-ΠΑΡΑΣΚΕΥΗ του Κωνσταντίνου,ΜΑΡΑΤΟΣ ΓΕΡΑΣΙΜΟΣ του Νικολάου,Ο.Κ.Δ.Ε.,ΚΟΥΛΟΓΛΟΥ Ελισάβετ του Αλκιβιάδη,ΑΝΤ.ΑΡ.ΣΥ.Α.,ΒΑΣΙΛΟΠΟΥΛΟΣ ΧΡΗΣΤΟΣ του Δημητρίου,Ελλήνων Συνέλευσις,ΚΡΑΓΙΑ ΑΘΗΝΑ του Χρήστου,ΠΑΠΑΔΟΠΟΥΛΟΣ ΘΕΟΔΩΡΟΣ του Γεωργίου,Ελληνική Λύση - Κ. Βελόπουλος,ΒΟΥΤΥΡΑ ΑΦΡΟΔΙΤΗ του Μιχαήλ,ΠΑΤΣΙΟΣ ΓΡΗΓΟΡΗΣ του Μιχάλη,ΣΙΔΗΡΟΠΟΥΛΟΣ ΑΝΕΣΤΗΣ του Ιωάννη,Κ.Κ.Ε. (μ-λ),ΚΑΡΑΜΗΤΡΟΣ ΓΙΑΝΝΗΣ του Στεφάνου,Μ-Λ Κ.Κ.Ε.,ΚΑΡΕΛΑ ΓΕΩΡΓΙΑ του Νικολάου,Ε.ΠΑ.Μ - Α.Κ.Κ.ΕΛ,ΜΥΛΙΟΡΔΟΥ ΜΥΡΤΩ του Αθανασίου,ΠΑΠΑΣΤΕΡΓΙΟΥ ΑΛΚΙΒΙΑΔΗΣ του Γεωργίου,ΠΑΧΙΟΣ ΚΩΝΣΤΑΝΤΙΝΟΣ του Δημητρίου,Λαϊκή Ενότητα,ΛΙΟΥΖΑΣ ΣΤΕΦΑΝΟΣ του Γεωργίου,ΜέΡΑ25,ΚΑΡΟΥΛΗ ΦΙΛΙΑ του Δημητρίου,ΜΟΣΧΟΣ ΘΩΜΑΣ του Δημητρίου,Δημιουργία ξανά - Θ. Τζήμερος,ΓΟΥΔΗΣ ΝΑΟΥΜ του Βασιλείου,ΜΑΝΟΥ Αλεξάνδρα του Ορφέως - Γεωργίου,Πλεύση Ελευθερίας - Ζωή Κωνστ.,ΟΥΣΤΑΜΠΑΣΙΔΗΣ ΠΑΝΑΓΙΩΤΗΣ του Μιλτιάδη
16 - Καστοριάς,1 E.T. Δήμου Καστοριάς,293,134,2,0,2,132,40,0,17,1,18,64,28,5,13,12,2,0,2,0,13,0,8,1,1,3,1,1,0,1,0,0,0,0,0,0,0,0,0,0,5,0,0,4,1,1,0,0,0,0,0,0,0,0,3,0,2,1,1,0,0,0
16 - Καστοριάς,2 E.T. Δήμου Καστοριάς,515,221,2,3,5,216,45,1,17,0,21,119,18,26,40,21,4,1,0,3,27,0,7,1,18,5,0,0,0,4,1,0,0,0,0,0,0,0,0,0,7,2,1,1,1,0,0,0,1,0,0,0,0,0,2,1,1,3,0,0,1,0
16 - Καστοριάς,3 E.T. Δήμου Καστοριάς,662,334,0,0,0,334,128,1,26,2,84,143,47,27,21,37,7,0,1,5,22,2,4,7,0,11,1,1,2,2,0,0,0,0,0,2,0,4,0,0,7,1,0,0,1,0,0,0,0,0,0,0,1,0,4,0,3,2,0,0,2,0
16 - Καστοριάς,4 E.T. Δήμου Καστοριάς,472,321,4,2,6,315,68,2,19,2,42,191,81,23,55,28,14,3,0,6,11,1,1,2,0,8,2,0,1,4,3,1,0,1,0,0,0,0,0,0,9,3,0,3,0,0,0,0,1,0,0,0,1,0,5,3,1,1,1,0,2,0
16 - Καστοριάς,5 E.T. Δήμου Καστοριάς,484,336,2,2,4,332,79,2,16,2,55,194,60,45,53,28,8,1,0,5,20,2,6,5,2,3,0,0,0,3,0,0,0,0,0,1,1,1,0,1,10,5,0,1,0,0,0,0,1,0,1,0,0,0,7,2,5,5,3,0,3,1
16 - Καστοριάς,6 E.T. Δήμου Καστοριάς,477,311,1,4,5,306,102,5,13,2,73,145,60,22,40,19,7,0,0,7,19,2,6,4,0,5,0,1,0,3,5,0,0,1,0,0,0,0,0,0,5,1,1,2,1,0,0,0,1,0,0,0,0,0,7,0,5,4,0,0,4,0
16 - Καστοριάς,7 E.T. Δήμου Καστοριάς,497,291,4,1,5,286,91,2,22,1,59,139,60,19,38,19,7,0,0,5,16,2,7,1,0,9,1,1,0,4,7,4,1,0,0,1,0,0,0,0,4,1,0,1,0,0,0,0,0,0,0,0,0,0,10,1,6,1,0,0,1,0
16 - Καστοριάς,8 E.T. Δήμου Καστοριάς,323,68,1,0,1,67,22,0,7,0,12,30,3,1,7,18,0,0,0,0,10,1,2,4,1,1,0,0,1,0,1,0,0,0,0,0,0,0,0,0,1,0,0,0,0,0,0,0,0,0,0,0,0,0,2,1,1,0,0,0,0,0
16 - Καστοριάς,9 E.T. Δήμου Καστοριάς,441,248,3,0,3,245,48,0,18,1,20,129,42,23,34,22,17,6,0,7,30,1,26,2,0,3,1,2,0,0,3,0,1,0,0,1,0,0,0,0,9,3,1,1,0,0,0,0,1,0,0,0,0,0,1,0,1,0,0,0,3,0
16 - Καστοριάς,10 E.T. Δήμου Καστοριάς,489,273,4,3,7,266,44,0,7,1,32,144,46,32,39,24,11,1,3,3,30,1,27,0,0,2,2,0,0,0,3,0,0,0,0,2,2,1,0,1,6,1,0,4,0,0,0,0,0,0,0,0,1,1,9,0,5,8,3,0,5,4
16 - Καστοριάς,11 E.T. Δήμου Καστοριάς,128,65,1,1,2,63,29,0,11,0,15,22,6,3,7,4,0,0,0,0,6,2,3,0,1,0,0,0,0,0,0,0,0,0,0,0,0,0,0,0,0,0,0,0,0,0,0,0,0,0,0,0,2,0,1,0,1,2,2,0,1,0
16 - Καστοριάς,12 E.T. Δήμου Καστοριάς,427,248,2,0,2,246,64,1,22,2,32,126,35,29,30,26,16,0,5,6,16,1,10,1,3,3,0,2,0,1,3,0,0,0,0,0,0,0,0,0,5,1,1,2,0,0,0,0,1,0,0,0,0,0,2,0,0,2,0,0,8,0
16 - Καστοριάς,13 E.T. Δήμου Καστοριάς,405,215,0,0,0,215,92,1,12,3,69,65,40,9,10,5,7,2,0,5,30,3,15,2,5,5,2,0,1,0,4,0,0,0,0,1,0,0,0,0,5,3,0,1,0,0,0,0,0,0,0,0,1,0,1,0,1,1,0,0,3,0
16 - Καστοριάς,14 E.T. Δήμου Καστοριάς,414,200,3,2,5,195,71,1,16,0,45,84,41,6,24,12,3,1,0,1,13,1,6,1,2,9,0,1,5,1,2,0,0,0,0,1,0,0,0,0,6,3,0,3,0,0,0,0,0,0,0,0,0,0,5,1,1,0,0,0,1,0
16 - Καστοριάς,15 E.T. Δήμου Καστοριάς,346,226,5,1,6,220,82,4,16,0,58,78,23,11,14,26,6,0,1,4,17,0,11,0,4,7,0,0,0,6,1,0,0,0,0,1,0,0,0,0,8,2,0,4,0,0,0,0,1,0,0,0,1,0,16,1,9,0,0,0,2,0
16 - Καστοριάς,16 E.T. Δήμου Καστοριάς,524,201,0,1,1,200,57,0,22,1,31,83,33,7,31,8,10,0,3,1,13,1,3,1,0,10,0,1,2,2,3,0,0,0,0,1,0,1,0,0,14,2,2,6,0,0,0,0,1,0,0,0,4,0,0,0,0,2,0,0,1,0
16 - Καστοριάς,17 E.T. Δήμου Καστοριάς,457,190,0,1,1,189,62,5,11,3,35,93,35,10,30,13,1,0,1,0,11,0,4,5,2,6,0,0,1,2,4,1,0,0,0,0,0,0,0,0,7,2,1,0,0,0,0,0,1,0,0,0,1,0,1,0,1,0,0,0,2,1
16 - Καστοριάς,18 E.T. Δήμου Καστοριάς,494,259,3,9,12,247,82,2,34,4,32,108,20,3,25,48,2,0,1,1,25,4,5,2,5,9,1,5,0,1,1,0,0,0,0,0,0,1,0,0,4,0,0,2,0,0,0,0,4,0,0,0,0,0,7,0,4,0,0,0,4,0
16 - Καστοριάς,19 E.T. Δήμου Καστοριάς,459,252,1,2,3,249,71,2,17,2,44,123,23,7,31,55,7,2,3,1,18,1,10,5,0,8,0,6,1,0,2,0,0,0,0,0,0,0,0,0,7,2,1,1,0,0,0,0,0,0,0,0,1,0,11,0,7,1,0,0,0,0
16 - Καστοριάς,20 E.T. Δήμου Καστοριάς,449,247,6,3,9,238,51,2,17,2,23,126,44,13,26,32,5,1,3,0,18,3,3,4,3,4,0,3,0,0,5,0,0,0,0,0,0,0,0,0,10,3,2,1,0,0,0,0,0,0,0,0,0,0,15,4,8,2,0,0,2,0
16 - Καστοριάς,21 E.T. Δήμου Καστοριάς,489,266,5,1,6,260,106,1,24,0,78,102,22,18,31,25,4,0,2,1,23,5,6,5,1,1,0,0,1,0,3,0,0,0,0,0,0,1,0,0,3,0,0,1,0,0,0,0,0,0,0,0,0,0,14,0,8,1,0,0,2,0
16 - Καστοριάς,22 E.T. Δήμου Καστοριάς,571,287,0,0,0,287,78,1,17,1,50,123,53,22,27,15,7,2,3,1,17,3,3,3,3,5,0,0,0,1,6,0,0,0,0,1,0,0,0,0,17,6,0,1,0,0,0,0,2,0,0,0,0,0,28,0,26,0,0,0,3,0
16 - Καστοριάς,23 E.T. Δήμου Καστοριάς,684,106,1,0,1,105,37,0,9,0,28,49,29,2,8,10,1,0,0,1,11,2,1,7,0,1,0,1,0,0,0,0,0,0,0,0,0,0,0,0,0,0,0,0,0,0,0,0,0,0,0,0,0,0,4,2,2,0,0,0,2,2
16 - Καστοριάς,24 E.T. Δήμου Καστοριάς,282,141,2,1,3,138,55,1,28,1,17,50,17,2,20,7,1,0,0,0,10,1,8,0,0,3,1,2,0,0,2,0,0,0,0,1,0,0,0,0,1,0,1,0,0,0,0,0,2,0,0,0,0,0,11,0,11,0,0,0,2,0
16 - Καστοριάς,25 E.T. Δήμου Καστοριάς,232,158,2,0,2,156,41,0,11,0,20,66,22,3,15,23,8,5,0,1,16,2,8,3,1,7,6,0,1,0,1,0,1,0,0,1,1,1,0,1,4,2,0,1,0,0,0,0,3,0,1,0,0,0,5,1,2,3,1,2,0,0
16 - Καστοριάς,26 E.T. Δήμου Καστοριάς,161,72,0,0,0,72,16,1,5,0,10,41,7,6,7,15,0,0,0,0,6,0,4,2,0,2,0,1,0,0,0,0,0,0,0,0,0,0,0,0,1,0,1,0,0,0,0,0,0,0,0,0,0,0,5,0,4,0,0,0,1,0
16 - Καστοριάς,27 E.T. Δήμου Καστοριάς,181,25,0,0,0,25,11,0,1,0,8,11,2,1,4,4,1,0,0,0,0,0,0,0,0,0,0,0,0,0,0,0,0,0,0,1,1,0,0,0,1,1,0,0,0,0,0,0,0,0,0,0,0,0,0,0,0,0,0,0,0,0
16 - Καστοριάς,28 E.T. Δήμου Καστοριάς,236,94,0,0,0,94,38,1,9,0,27,38,16,2,6,10,0,0,0,0,5,2,1,0,0,0,0,0,0,0,0,0,0,0,0,0,0,0,0,0,2,0,0,0,0,0,0,0,0,0,0,0,0,0,6,0,5,2,0,0,3,0
16 - Καστοριάς,29 E.T. Δήμου Καστοριάς,443,248,1,1,2,246,64,6,14,2,36,132,26,11,14,77,6,0,0,3,19,2,3,7,3,1,0,0,1,0,5,0,0,0,0,0,0,1,0,0,3,1,0,1,1,0,0,0,0,0,0,0,2,0,11,1,8,0,0,0,1,0
16 - Καστοριάς,30 E.T. Δήμου Καστοριάς,443,221,3,3,6,215,42,1,15,0,18,129,22,10,17,75,2,0,1,1,20,2,6,5,2,5,0,1,0,1,1,0,0,0,0,0,0,0,0,0,5,2,0,1,0,0,0,0,0,0,0,0,0,0,9,2,4,0,0,0,2,0
16 - Καστοριάς,31 E.T. Δήμου Καστοριάς,556,335,6,4,10,325,93,0,27,1,57,162,52,24,40,35,16,1,2,8,17,0,5,1,3,6,0,1,2,1,6,0,0,0,0,1,0,0,0,0,9,4,2,0,0,0,0,0,2,0,0,0,0,0,6,0,4,5,0,0,2,0
16 - Καστοριάς,32 E.T. Δήμου Καστοριάς,530,288,2,3,5,283,76,0,21,0,49,148,53,19,39,26,9,2,3,2,15,0,6,3,2,3,1,2,0,0,2,0,0,0,0,0,0,1,0,0,7,2,1,0,0,0,0,0,2,0,0,0,3,0,7,0,1,6,0,0,4,0
16 - Καστοριάς,33 E.T. Δήμου Καστοριάς,541,324,5,2,7,317,76,0,27,2,39,172,53,17,62,33,10,1,1,4,11,0,4,0,0,12,0,1,1,4,6,0,0,0,0,2,0,2,0,0,7,0,1,2,1,0,0,0,0,0,0,0,2,0,10,0,6,2,0,0,4,0
16 - Καστοριάς,34 E.T. Δήμου Καστοριάς,558,311,2,0,2,309,85,1,16,9,56,159,40,22,47,37,11,1,1,7,12,1,1,5,3,11,0,4,1,4,6,0,2,0,0,1,1,0,0,0,13,3,4,1,0,0,0,0,0,0,0,0,2,0,5,0,2,3,3,0,1,0
16 - Καστοριάς,35 E.T. Δήμου Καστοριάς,529,296,2,4,6,290,73,0,19,0,49,157,23,26,63,40,4,0,0,3,20,3,5,4,2,3,0,0,1,2,3,1,0,0,0,0,0,1,1,0,4,0,0,1,0,0,0,0,2,0,2,0,1,0,14,1,8,4,2,1,4,0
16 - Καστοριάς,36 E.T. Δήμου Καστοριάς,533,298,6,4,10,288,74,2,25,1,39,157,44,28,51,28,10,1,1,8,14,1,3,4,4,3,0,0,0,3,0,0,0,0,0,0,0,0,0,0,10,1,3,2,0,0,0,0,0,0,0,0,0,0,9,2,5,6,2,2,5,3
16 - Καστοριάς,37 E.T. Δήμου Καστοριάς,536,284,3,3,6,278,67,2,28,0,32,150,31,23,59,29,11,1,1,9,17,4,6,1,2,6,0,2,0,2,3,0,0,0,0,4,0,0,0,0,2,0,0,0,0,0,0,0,0,0,0,0,2,0,14,2,4,1,0,0,1,0
16 - Καστοριάς,38 E.T. Δήμου Καστοριάς,558,316,2,5,7,309,63,3,19,0,37,181,58,24,47,42,10,1,3,5,16,0,6,4,2,4,0,3,0,1,1,1,0,0,0,1,0,1,0,0,8,2,2,2,0,0,1,0,1,0,0,0,2,0,14,1,3,4,0,0,2,0
16 - Καστοριάς,39 E.T. Δήμου Καστοριάς,556,274,1,6,7,267,59,0,26,1,24,164,39,19,63,35,6,0,1,2,10,2,5,0,1,2,0,1,0,0,3,0,0,0,0,1,0,0,0,0,3,1,0,0,0,0,1,0,0,0,0,0,1,0,9,0,3,2,0,0,6,0
16 - Καστοριάς,40 E.T. Δήμου Καστοριάς,557,330,3,3,6,324,78,3,27,7,33,176,52,19,44,47,7,1,2,4,22,3,5,3,4,6,0,1,1,1,3,0,0,0,0,1,1,0,0,0,8,1,1,3,0,0,0,0,2,1,1,0,0,0,12,3,5,3,1,1,6,3
16 - Καστοριάς,41 E.T. Δήμου Καστοριάς,564,315,7,2,9,306,67,1,10,3,48,191,46,32,61,47,10,2,1,6,9,1,5,0,1,7,1,0,0,4,4,0,1,0,0,1,0,2,2,0,9,0,3,2,0,0,0,0,0,0,0,0,0,0,4,0,4,1,1,0,1,0
16 - Καστοριάς,42 E.T. Δήμου Καστοριάς,548,325,4,2,6,319,92,6,30,2,46,161,38,14,62,38,10,1,0,6,12,0,6,2,1,5,1,0,0,2,4,0,0,0,0,1,0,1,0,0,10,4,4,2,0,0,0,0,2,0,0,0,0,0,12,0,10,4,0,0,5,0
16 - Καστοριάς,43 E.T. Δήμου Καστοριάς,560,308,2,4,6,302,101,0,20,1,59,145,41,17,48,30,8,1,1,3,10,1,0,1,3,10,0,2,1,4,3,0,1,0,0,2,1,0,0,0,5,0,1,1,0,0,0,0,0,0,0,0,0,0,9,0,5,6,3,0,3,1
16 - Καστοριάς,44 E.T. Δήμου Καστοριάς,565,317,6,3,9,308,79,4,18,3,42,164,30,28,69,29,7,2,1,4,18,1,8,3,3,4,0,0,0,0,4,0,0,0,0,1,0,0,0,0,7,0,1,1,0,0,0,0,1,0,0,0,1,0,15,2,2,3,0,0,4,0
16 - Καστοριάς,45 E.T. Δήμου Καστοριάς,553,313,6,2,8,305,113,1,47,1,53,134,39,15,39,34,3,0,1,2,27,9,9,2,0,5,0,1,1,1,2,0,0,0,0,1,0,0,0,0,1,0,0,1,1,0,0,0,1,0,0,0,0,0,13,2,3,3,0,0,1,0
16 - Καστοριάς,46 E.T. Δήμου Καστοριάς,562,293,4,2,6,287,66,1,24,2,32,172,45,16,62,36,2,0,0,1,9,0,5,1,3,10,1,2,1,5,2,0,0,0,0,1,0,1,0,0,2,1,1,0,0,0,0,0,2,0,0,0,1,0,9,0,7,8,0,0,2,0
16 - Καστοριάς,47 E.T. Δήμου Καστοριάς,562,341,10,3,13,328,85,2,25,2,50,181,56,28,47,47,6,1,0,4,12,2,6,1,2,8,1,2,1,1,1,1,0,0,0,0,0,0,0,0,7,2,1,1,1,0,0,0,2,0,0,0,1,0,13,8,1,6,3,1,5,2
16 - Καστοριάς,48 E.T. Δήμου Καστοριάς,547,320,4,6,10,310,83,2,23,2,48,150,36,16,54,40,7,2,0,5,17,2,5,2,0,11,0,2,0,1,4,0,0,0,0,0,0,1,0,0,5,2,0,1,1,0,0,0,6,0,0,0,1,0,9,3,2,9,0,0,6,0
16 - Καστοριάς,49 E.T. Δήμου Καστοριάς,533,296,3,6,9,287,72,4,29,4,26,162,34,27,57,30,8,0,3,2,11,1,2,2,3,3,0,0,0,0,4,0,0,0,0,1,0,1,0,0,7,1,1,3,0,0,0,0,1,0,0,0,3,0,5,0,3,6,0,0,3,0
16 - Καστοριάς,50 E.T. Δήμου Καστοριάς,539,302,3,0,3,299,62,0,22,0,34,174,50,25,47,43,5,0,0,3,12,2,3,3,1,7,1,3,1,1,9,3,1,0,0,1,0,1,1,0,7,1,1,1,0,0,1,0,4,0,4,0,1,0,7,0,5,7,2,1,1,1
16 - Καστοριάς,51 E.T. Δήμου Καστοριάς,565,302,3,3,6,296,73,2,16,0,49,161,37,17,59,34,9,1,0,6,14,0,7,2,1,9,0,1,2,1,2,1,0,0,0,0,0,0,0,0,6,1,1,0,0,0,1,0,2,0,0,0,3,0,8,0,7,5,0,0,3,0
16 - Καστοριάς,52 E.T. Δήμου Καστοριάς,560,294,5,1,6,288,80,2,27,2,43,156,30,14,57,47,7,0,2,2,8,1,5,0,0,4,0,2,0,0,2,0,0,0,0,0,0,1,0,0,12,2,1,2,0,0,0,0,3,0,0,0,1,0,5,1,2,6,0,0,3,0
16 - Καστοριάς,53 E.T. Δήμου Καστοριάς,551,327,6,1,7,320,73,0,20,2,46,195,46,20,76,47,12,0,3,7,11,3,3,0,3,6,0,1,1,4,3,1,2,0,0,0,0,0,0,0,7,0,1,1,0,0,0,0,1,0,0,0,1,0,8,1,2,1,0,1,2,0
16 - Καστοριάς,54 E.T. Δήμου Καστοριάς,563,338,7,1,8,330,94,3,33,1,49,176,44,21,63,42,9,0,0,8,9,0,7,1,0,7,0,2,1,0,4,3,1,0,0,0,0,1,0,0,7,5,0,0,1,0,0,0,1,0,0,0,0,0,11,2,4,7,0,0,3,0
16 - Καστοριάς,55 E.T. Δήμου Καστοριάς,567,312,5,1,6,306,56,1,27,0,26,188,61,18,62,43,9,2,1,5,13,2,4,5,1,5,0,4,1,0,4,0,0,0,0,2,0,0,0,0,8,1,2,0,0,0,0,0,2,0,0,0,0,0,9,2,2,8,0,0,2,0
16 - Καστοριάς,56 E.T. Δήμου Καστοριάς,566,292,7,5,12,280,93,2,29,0,53,127,25,20,43,29,8,0,0,8,15,0,9,1,0,6,0,1,1,3,3,0,0,0,0,0,0,0,0,0,9,1,2,3,0,0,0,0,1,0,1,0,1,1,7,1,4,4,1,1,6,3
16 - Καστοριάς,57 E.T. Δήμου Καστοριάς,297,212,8,2,10,202,72,3,18,3,38,78,15,19,16,22,1,0,0,0,28,5,0,14,1,2,0,0,1,0,1,0,0,0,0,0,0,0,0,0,9,3,2,2,0,0,0,0,3,0,0,0,0,0,7,0,5,1,0,0,0,0
16 - Καστοριάς,58 E.T. Δήμου Καστοριάς,132,89,0,1,1,88,35,1,4,4,21,26,9,3,7,4,0,0,0,0,17,0,1,16,0,3,0,2,1,0,0,0,0,0,0,0,0,0,0,0,1,1,0,0,0,0,0,0,1,0,0,0,0,0,5,2,2,0,0,0,0,0
16 - Καστοριάς,59 E.T. Δήμου Καστοριάς,573,334,4,1,5,329,81,3,11,3,51,192,92,18,39,30,4,1,1,0,25,0,13,4,3,19,0,0,0,17,0,0,0,0,0,1,0,0,0,0,1,1,0,0,0,0,0,0,0,0,0,0,0,0,4,0,1,2,0,0,0,0
16 - Καστοριάς,60 E.T. Δήμου Καστοριάς,566,242,0,0,0,242,66,1,15,0,43,133,88,5,4,35,7,0,4,0,15,5,6,1,2,7,0,0,0,7,4,0,0,0,0,0,0,0,0,0,3,1,0,0,0,0,0,0,1,0,0,0,1,0,3,1,1,1,0,0,1,0
16 - Καστοριάς,61 E.T. Δήμου Καστοριάς,306,160,1,0,1,159,51,2,11,0,36,70,21,11,14,16,5,3,0,1,14,0,4,10,0,0,0,0,0,0,0,0,0,0,0,1,0,0,0,0,9,2,2,3,0,0,0,0,0,0,0,0,0,0,6,3,0,0,0,0,3,0
16 - Καστοριάς,62 E.T. Δήμου Καστοριάς,350,168,8,0,8,160,57,3,18,0,32,78,32,11,24,9,3,0,1,1,1,1,0,0,0,3,0,0,0,0,3,0,0,0,0,0,0,0,0,0,7,1,1,1,0,0,0,0,0,0,0,0,0,0,5,1,0,0,0,0,3,0
16 - Καστοριάς,63 E.T. Δήμου Καστοριάς,286,112,0,2,2,110,25,0,7,0,15,56,17,7,20,8,3,1,0,0,8,0,2,3,1,1,1,0,0,0,1,0,0,0,0,0,0,0,0,0,5,1,1,1,0,0,0,0,2,0,0,1,0,0,3,1,1,4,3,0,2,1
16 - Καστοριάς,64 E.T. Δήμου Καστοριάς,402,137,2,0,2,135,34,1,14,1,17,60,19,9,16,12,5,1,1,0,13,0,1,8,1,4,1,0,0,0,2,0,0,1,0,1,0,3,0,0,3,1,1,0,0,0,0,0,1,0,0,0,0,0,7,1,3,1,0,0,0,0
16 - Καστοριάς,65 E.T. Δήμου Καστοριάς,517,114,1,1,2,112,42,0,5,1,35,27,14,1,6,4,1,0,1,0,23,0,7,6,3,9,0,4,0,1,1,0,0,0,0,0,0,0,0,0,0,0,0,0,0,0,1,0,0,0,0,0,0,0,7,1,1,0,0,0,1,0
16 - Καστοριάς,66 E.T. Δήμου Καστοριάς,437,82,0,0,0,82,24,0,10,2,11,48,20,3,16,7,2,0,1,0,4,0,0,4,0,1,0,0,0,0,0,0,0,1,0,0,0,0,0,0,0,0,0,0,0,0,0,0,0,0,0,0,0,0,1,0,0,0,0,0,1,0
16 - Καστοριάς,67 E.T. Δήμου Καστοριάς,323,78,0,0,0,78,35,1,16,1,12,24,5,0,7,10,1,0,1,0,11,0,8,3,0,2,0,0,0,2,1,0,0,0,0,1,0,0,0,0,2,0,0,0,0,0,0,0,0,0,0,0,0,0,1,0,0,0,0,0,0,0
16 - Καστοριάς,68 E.T. Δήμου Καστοριάς,278,30,0,0,0,30,13,0,6,0,7,6,0,0,2,3,1,1,0,0,1,0,1,0,0,5,0,1,0,0,0,0,0,0,0,0,0,0,0,0,1,1,0,0,0,0,0,0,0,0,0,0,0,0,2,0,2,1,0,0,0,0
16 - Καστοριάς,69 E.T. Δήμου Καστοριάς,182,25,0,1,1,24,9,0,6,0,2,11,1,3,6,1,1,0,0,1,3,1,0,2,0,0,0,0,0,0,0,0,0,0,0,0,0,0,0,0,0,0,0,0,0,0,0,0,0,0,0,0,0,0,0,0,0,0,0,0,0,0
16 - Καστοριάς,70 E.T. Δήμου Καστοριάς,379,270,9,3,12,258,53,1,10,1,34,150,49,24,43,28,6,0,2,3,18,1,9,1,1,1,0,0,0,0,4,0,0,0,0,1,0,2,0,0,8,0,3,1,0,0,0,0,2,0,0,0,5,0,5,0,0,2,0,0,1,0
16 - Καστοριάς,71 E.T. Δήμου Καστοριάς,387,253,4,3,7,246,73,4,10,3,52,122,27,17,36,34,7,0,3,3,11,2,6,1,0,3,1,0,1,0,2,1,1,0,0,0,0,0,0,0,13,5,3,1,0,0,0,0,1,0,1,0,2,0,9,3,5,3,0,0,0,0
16 - Καστοριάς,72 E.T. Δήμου Καστοριάς,511,285,4,3,7,278,77,1,19,2,48,135,35,19,63,11,13,6,2,2,12,3,2,1,3,4,0,0,1,3,4,1,0,0,0,0,0,1,0,0,10,4,2,0,1,0,1,0,4,0,0,0,0,0,10,0,8,3,0,0,3,0
16 - Καστοριάς,73 E.T. Δήμου Καστοριάς,513,253,13,1,14,239,88,3,23,0,49,107,26,9,40,22,10,1,1,4,7,3,3,0,0,2,0,2,0,0,3,0,0,0,0,0,0,0,0,0,8,2,1,0,0,0,1,0,0,0,0,0,0,0,10,0,10,1,0,0,2,0
16 - Καστοριάς,74 E.T. Δήμου Καστοριάς,514,284,7,3,10,274,76,2,14,2,46,123,29,11,51,21,11,4,2,2,15,1,4,0,5,3,0,0,2,1,5,0,0,0,0,1,0,0,0,0,15,4,1,3,0,0,0,0,0,0,0,0,1,0,14,2,11,0,0,0,10,0
16 - Καστοριάς,75 E.T. Δήμου Καστοριάς,409,253,2,1,3,250,100,1,45,1,46,65,13,8,28,13,16,14,0,1,16,4,5,2,3,6,0,4,1,1,3,2,0,0,0,0,0,1,1,0,12,3,4,3,0,0,0,0,0,0,0,0,2,1,23,0,20,3,1,1,3,1
16 - Καστοριάς,76 E.T. Δήμου Καστοριάς,413,238,4,8,12,226,58,2,25,0,26,75,17,5,24,20,11,9,0,1,16,5,4,5,0,8,0,3,0,1,6,0,0,0,0,0,0,0,0,0,10,5,0,3,0,0,0,0,0,0,0,0,0,0,39,0,38,0,0,0,3,0
16 - Καστοριάς,77 E.T. Δήμου Καστοριάς,469,224,6,2,8,216,51,2,13,2,33,112,39,5,49,17,15,5,3,3,22,1,18,1,0,3,0,0,0,3,1,0,0,0,0,0,0,1,0,0,7,0,1,4,0,0,0,0,1,0,0,0,0,0,2,0,2,1,0,0,0,0
16 - Καστοριάς,78 E.T. Δήμου Καστοριάς,471,297,3,2,5,292,64,1,13,1,42,145,37,6,71,26,13,1,3,3,40,0,34,0,4,1,0,0,0,0,6,0,0,0,0,0,0,1,0,0,5,1,0,3,0,0,0,0,1,0,0,0,1,0,8,0,4,1,0,0,6,0
16 - Καστοριάς,79 E.T. Δήμου Καστοριάς,479,244,2,1,3,241,75,1,19,1,45,92,25,12,28,25,9,1,1,1,49,0,46,0,0,2,0,0,1,0,2,1,0,0,0,0,0,0,0,0,8,0,1,4,0,0,0,0,0,0,0,0,0,0,2,0,1,1,0,0,1,0
16 - Καστοριάς,80 E.T. Δήμου Καστοριάς,471,278,4,3,7,271,66,2,12,0,45,130,28,7,62,30,4,1,0,2,49,1,46,0,0,1,0,1,0,0,3,0,1,0,0,1,0,0,0,0,5,3,0,1,0,0,0,0,1,0,0,0,0,0,3,2,0,2,0,0,6,0
16 - Καστοριάς,81 E.T. Δήμου Καστοριάς,492,278,0,4,4,274,53,0,16,0,34,142,36,22,35,42,11,2,3,2,51,0,50,1,0,4,0,1,2,1,1,0,0,0,0,0,0,0,0,0,7,0,0,6,0,0,0,0,0,0,0,0,0,0,4,0,2,1,0,0,0,0
16 - Καστοριάς,82 E.T. Δήμου Καστοριάς,639,328,1,2,3,325,99,6,27,15,41,162,63,12,52,28,3,1,0,2,29,3,16,3,4,9,0,0,9,0,3,0,0,0,0,0,0,0,0,0,10,5,1,1,0,0,0,0,0,0,0,0,0,0,3,0,3,5,0,0,2,0
16 - Καστοριάς,83 E.T. Δήμου Καστοριάς,616,229,3,1,4,225,24,0,4,1,16,129,54,16,35,18,5,3,0,1,48,0,40,0,7,2,0,1,0,1,1,1,0,1,0,0,0,2,0,1,6,0,1,3,0,0,0,0,0,0,0,0,0,0,6,0,4,0,0,0,1,0
16 - Καστοριάς,84 E.T. Δήμου Καστοριάς,337,166,3,1,4,162,49,1,14,0,28,59,20,7,16,11,13,1,1,10,25,0,24,0,1,1,0,0,1,0,0,0,0,0,0,1,0,0,0,0,6,2,0,2,0,0,0,0,3,0,0,0,0,0,4,1,2,1,0,0,0,0
16 - Καστοριάς,85 E.T. Δήμου Καστοριάς,298,147,1,1,2,145,40,1,8,2,27,70,17,16,22,13,10,0,2,7,10,0,8,1,0,2,0,0,1,1,2,0,0,0,0,0,0,0,0,0,4,0,2,1,1,1,0,0,0,0,0,0,0,0,3,1,1,1,0,1,2,0
16 - Καστοριάς,86 E.T. Δήμου Καστοριάς,506,194,3,0,3,191,21,0,6,1,12,146,36,27,27,35,2,0,0,0,3,0,3,0,0,2,1,0,0,0,0,0,0,0,0,0,0,2,0,0,11,0,0,10,0,0,1,0,0,0,0,0,0,0,0,0,0,1,0,0,2,0
16 - Καστοριάς,87 E.T. Δήμου Καστοριάς,477,193,1,3,4,189,28,1,3,1,19,114,30,22,32,24,3,0,0,0,10,0,6,2,1,3,0,3,0,0,2,1,0,0,0,0,0,6,0,6,21,0,0,19,0,0,0,0,0,0,0,0,0,0,0,0,0,0,0,0,2,0
16 - Καστοριάς,88 E.T. Δήμου Καστοριάς,383,163,1,0,1,162,13,0,3,0,10,102,46,9,24,18,19,6,2,6,19,0,19,0,0,1,0,0,1,0,1,0,0,0,0,0,0,4,0,0,3,2,0,0,0,0,0,0,0,0,0,0,0,0,0,0,0,0,0,0,0,0
16 - Καστοριάς,89 E.T. Δήμου Νεστορίου,533,237,0,0,0,237,27,1,4,1,19,159,53,25,40,32,8,1,2,2,11,0,8,0,3,4,1,0,0,2,2,0,0,0,0,0,0,1,0,0,18,6,1,7,0,0,0,0,3,0,0,0,0,0,3,0,0,1,0,0,0,0
16 - Καστοριάς,90 E.T. Δήμου Νεστορίου,499,259,1,1,2,257,36,3,2,1,27,172,61,27,48,28,8,2,0,2,14,2,9,0,3,2,0,0,1,0,2,0,0,0,0,1,0,5,0,0,7,2,0,3,0,0,0,0,1,0,0,0,0,0,2,0,1,1,0,0,6,0
16 - Καστοριάς,91 E.T. Δήμου Νεστορίου,343,124,1,0,1,123,48,0,1,0,46,51,9,5,26,5,2,1,0,0,3,0,3,0,0,4,0,0,0,1,2,0,0,0,0,0,0,1,0,0,5,1,0,3,0,0,0,0,1,0,0,0,0,0,5,0,5,1,0,0,0,0
16 - Καστοριάς,92 E.T. Δήμου Νεστορίου,52,37,0,0,0,37,7,0,0,0,7,27,11,0,10,3,0,0,0,0,0,0,0,0,0,0,0,0,0,0,0,0,0,0,0,0,0,0,0,0,0,0,0,0,0,0,0,0,1,0,0,0,0,0,2,0,1,0,0,0,0,0
16 - Καστοριάς,93 E.T. Δήμου Νεστορίου,304,132,0,1,1,131,13,0,3,0,7,100,20,9,51,16,4,1,2,1,8,0,3,0,1,0,0,0,0,0,0,0,0,0,0,0,0,1,0,0,3,0,0,0,0,0,0,0,0,0,0,0,0,0,1,0,1,0,0,0,1,0
16 - Καστοριάς,94 E.T. Δήμου Νεστορίου,575,213,10,1,11,202,58,1,0,0,50,95,43,13,23,12,4,0,0,4,24,5,4,3,9,9,1,2,2,1,2,1,0,0,0,0,0,0,0,0,7,0,1,0,0,0,0,0,0,0,0,0,0,0,3,0,0,0,0,0,0,0
16 - Καστοριάς,95 E.T. Δήμου Νεστορίου,240,106,10,0,10,96,12,0,2,0,9,71,37,4,15,10,3,1,0,1,4,1,0,0,0,3,0,1,0,0,1,0,0,0,0,0,0,0,0,0,0,0,0,0,0,0,0,0,1,0,0,0,0,0,1,0,1,0,0,0,0,0
16 - Καστοριάς,96 E.T. Δήμου Νεστορίου,545,231,3,0,3,228,34,0,9,0,24,158,118,2,29,9,12,0,0,12,10,1,5,0,2,5,0,0,1,3,0,0,0,0,0,0,0,0,0,0,3,2,1,0,0,0,0,0,0,0,0,0,0,0,5,1,4,0,0,0,1,1
16 - Καστοριάς,97 E.T. Δήμου Νεστορίου,139,70,1,0,1,69,8,0,0,0,8,52,25,5,10,7,1,0,0,0,5,1,2,0,0,1,0,1,0,0,0,0,0,0,0,0,0,0,0,0,1,0,0,0,0,0,0,0,0,0,0,0,0,0,1,0,1,0,0,0,0,0
16 - Καστοριάς,98 E.T. Δήμου Νεστορίου,424,222,3,1,4,218,31,3,2,0,22,163,88,7,47,14,2,0,0,2,11,2,4,1,3,3,0,0,2,1,0,0,0,0,0,0,0,1,0,0,4,0,0,1,0,0,0,0,0,0,0,0,0,0,1,0,0,1,0,0,1,0
16 - Καστοριάς,99 E.T. Δήμου Νεστορίου,244,97,0,0,0,97,19,0,6,0,13,69,31,6,28,2,0,0,0,0,6,1,3,2,0,0,0,0,0,0,1,0,0,0,0,0,0,0,0,0,0,0,0,0,0,0,0,0,0,0,0,0,0,0,1,0,1,0,0,0,1,0
16 - Καστοριάς,100 E.T. Δήμου Νεστορίου,541,178,6,0,6,172,42,1,13,0,21,90,35,9,22,19,5,0,1,2,13,1,5,1,0,6,0,1,1,2,1,0,0,0,0,1,0,2,0,0,4,0,0,1,0,0,0,0,0,0,0,0,0,0,5,0,2,0,0,0,3,0
16 - Καστοριάς,101 E.T. Δήμου Νεστορίου,529,116,0,0,0,116,50,2,14,2,31,32,9,1,16,5,3,0,0,2,2,0,2,0,0,15,0,0,3,11,2,0,0,0,0,1,0,3,0,0,0,0,0,0,0,0,0,0,0,0,0,0,0,0,4,0,3,1,0,0,3,0
16 - Καστοριάς,102 E.T. Δήμου Νεστορίου,526,130,2,0,2,128,60,0,16,0,38,32,12,3,14,3,1,0,0,1,7,0,5,0,1,16,2,3,0,6,4,2,1,0,0,0,0,0,0,0,2,0,0,1,1,1,0,0,1,0,0,0,0,0,3,0,2,1,0,0,0,0
16 - Καστοριάς,103 E.T. Δήμου Νεστορίου,527,141,2,1,3,138,47,0,21,1,23,55,16,5,19,13,1,0,0,0,13,1,7,1,0,6,0,0,0,6,3,2,0,0,0,0,0,2,0,2,1,1,0,0,0,0,0,0,2,1,0,0,0,0,2,0,0,6,3,0,0,0
16 - Καστοριάς,104 E.T. Δήμου Νεστορίου,528,123,0,0,0,123,51,0,14,1,29,37,9,1,16,6,3,1,0,0,8,0,4,1,0,10,0,0,0,5,0,0,0,0,0,0,0,5,0,0,2,0,0,0,1,0,0,0,0,0,0,0,1,0,4,1,1,0,0,0,1,0
16 - Καστοριάς,105 E.T. Δήμου Νεστορίου,546,117,1,1,2,115,42,3,15,0,20,34,12,3,13,5,6,1,0,2,7,0,3,1,3,9,0,1,2,5,1,1,0,0,0,0,0,0,0,0,4,0,1,1,0,0,0,0,0,0,0,0,0,0,10,2,4,1,0,0,1,1
16 - Καστοριάς,106 E.T. Δήμου Νεστορίου,346,174,3,1,4,170,66,2,24,2,33,67,21,5,16,22,4,1,0,2,21,1,17,0,0,2,1,0,0,0,1,0,0,0,0,2,0,0,0,0,3,0,0,0,0,0,0,0,0,0,0,0,0,0,3,0,2,1,0,0,0,0
16 - Καστοριάς,107 E.T. Δήμου Νεστορίου,283,106,0,0,0,106,40,1,13,1,23,49,14,2,11,21,1,1,0,0,10,0,5,1,3,1,0,0,0,0,0,0,0,0,0,0,0,0,0,0,1,0,0,0,0,0,0,0,0,0,0,0,0,0,2,1,1,1,0,0,1,1
16 - Καστοριάς,108 E.T. Δήμου Άργους Ορεστικού,49,30,0,0,0,30,7,1,3,0,2,13,3,0,7,3,0,0,0,0,9,7,1,1,0,1,0,0,1,0,0,0,0,0,0,0,0,0,0,0,0,0,0,0,0,0,0,0,0,0,0,0,0,0,0,0,0,0,0,0,0,0
16 - Καστοριάς,109 E.T. Δήμου Άργους Ορεστικού,490,295,0,2,2,293,85,0,25,4,49,141,49,18,53,16,5,3,2,0,24,3,5,5,4,5,0,0,0,2,2,1,0,0,0,1,1,0,0,0,8,2,0,2,0,0,0,0,4,0,0,0,4,0,5,0,2,3,0,0,6,0
16 - Καστοριάς,110 E.T. Δήμου Άργους Ορεστικού,532,306,8,0,8,298,88,2,31,3,40,152,41,15,44,29,5,2,2,0,21,2,7,1,3,4,1,0,1,0,3,0,0,0,0,0,0,4,0,0,6,2,0,0,0,0,0,0,1,0,0,0,1,0,8,1,5,2,0,0,3,0
16 - Καστοριάς,111 E.T. Δήμου Άργους Ορεστικού,567,351,2,1,3,348,105,1,28,2,60,175,38,14,71,35,10,1,6,1,21,1,12,0,4,9,1,2,0,2,2,0,1,0,0,0,0,4,0,3,10,2,0,2,0,0,0,0,1,0,1,0,0,0,5,0,1,3,1,1,3,2
16 - Καστοριάς,112 E.T. Δήμου Άργους Ορεστικού,555,304,4,0,4,300,97,1,23,2,60,123,28,7,39,33,1,1,0,0,17,4,3,2,4,18,0,4,2,3,4,0,0,1,0,1,0,1,0,0,11,2,2,1,0,0,0,0,1,0,0,0,1,0,18,1,15,3,0,0,3,0
16 - Καστοριάς,113 E.T. Δήμου Άργους Ορεστικού,539,283,3,3,6,277,92,1,21,0,57,124,24,15,42,27,7,1,4,0,14,2,3,2,2,12,0,7,0,0,3,0,0,0,0,4,0,2,0,0,10,2,3,3,0,0,0,0,0,0,0,0,1,0,6,1,3,1,0,0,1,0
16 - Καστοριάς,114 E.T. Δήμου Άργους Ορεστικού,543,288,2,2,4,284,89,3,21,1,49,130,36,13,39,27,9,2,2,3,21,3,9,5,2,7,2,1,2,0,5,0,0,0,0,0,0,0,0,0,8,0,1,1,0,0,1,0,0,0,0,0,0,0,9,0,7,4,0,0,1,0
16 - Καστοριάς,115 E.T. Δήμου Άργους Ορεστικού,527,279,4,5,9,270,77,5,35,2,28,126,37,7,41,29,12,1,5,3,16,4,5,0,3,7,0,5,0,2,6,2,1,0,0,2,2,0,0,0,11,3,1,2,1,0,0,0,2,0,0,0,0,0,5,1,3,3,1,0,2,1
16 - Καστοριάς,116 E.T. Δήμου Άργους Ορεστικού,539,306,1,4,5,301,97,3,41,0,44,141,39,15,49,21,7,2,1,2,9,0,5,1,2,7,1,1,0,1,3,0,0,0,0,1,0,6,0,0,7,1,0,1,0,0,0,0,3,0,0,0,0,0,13,0,8,3,0,0,4,0
16 - Καστοριάς,117 E.T. Δήμου Άργους Ορεστικού,556,327,4,6,10,317,80,1,24,2,50,148,38,23,54,17,10,0,6,2,24,6,14,1,2,13,0,7,0,1,4,3,0,0,0,1,0,4,0,4,9,2,0,2,0,0,0,0,1,0,0,0,2,1,4,1,3,13,2,5,4,1
16 - Καστοριάς,118 E.T. Δήμου Άργους Ορεστικού,553,351,5,0,5,346,82,2,21,1,53,166,63,21,41,20,13,1,4,3,18,0,7,1,4,12,4,4,1,1,6,0,0,0,0,1,0,1,0,0,8,2,2,0,0,0,1,0,3,0,0,0,1,0,16,2,9,10,0,0,8,0
16 - Καστοριάς,119 E.T. Δήμου Άργους Ορεστικού,552,334,4,6,10,324,92,2,37,3,41,149,43,14,54,24,18,4,4,5,12,1,5,1,1,10,3,2,1,0,5,1,2,0,0,0,0,5,0,5,13,4,1,7,0,0,0,0,1,0,1,0,1,0,10,3,4,1,1,0,7,4
16 - Καστοριάς,120 E.T. Δήμου Άργους Ορεστικού,546,334,4,1,5,329,98,6,35,2,39,150,41,16,57,28,8,0,7,0,19,2,9,1,1,12,1,2,0,4,7,0,0,0,0,2,0,3,0,0,12,6,1,2,0,0,0,0,0,0,0,0,1,0,12,3,8,4,0,0,1,0
16 - Καστοριάς,121 E.T. Δήμου Άργους Ορεστικού,578,340,3,2,5,335,77,7,16,0,38,155,55,14,71,10,10,1,1,3,45,30,3,5,2,25,0,6,3,7,2,0,0,0,0,0,0,0,0,0,4,1,0,0,0,0,0,0,0,0,0,0,1,0,8,0,6,3,0,0,5,0
16 - Καστοριάς,122 E.T. Δήμου Άργους Ορεστικού,233,103,0,0,0,103,26,0,7,0,14,63,22,6,18,11,2,0,1,0,3,0,2,0,1,3,0,1,0,0,1,0,0,0,0,0,0,0,0,0,0,0,0,0,0,0,0,0,0,0,0,0,1,0,4,0,3,0,0,0,0,0
16 - Καστοριάς,123 E.T. Δήμου Άργους Ορεστικού,238,115,0,1,1,114,45,0,10,0,33,44,12,15,11,4,2,0,0,1,9,0,5,1,0,4,2,1,0,0,1,0,0,0,0,1,1,0,0,0,2,1,0,1,0,0,0,0,0,0,0,0,0,0,3,0,1,1,1,0,2,2
16 - Καστοριάς,124 E.T. Δήμου Άργους Ορεστικού,266,77,2,0,2,75,30,2,6,1,18,21,13,0,6,0,2,0,1,0,8,0,1,0,5,4,0,4,0,0,0,0,0,0,0,0,0,2,0,0,3,0,0,1,0,0,0,0,1,0,0,0,1,0,2,1,1,1,0,0,0,0
16 - Καστοριάς,125 E.T. Δήμου Άργους Ορεστικού,236,120,0,1,1,119,30,1,12,3,8,67,23,5,25,10,3,0,0,3,6,1,1,0,2,1,0,0,0,1,2,2,0,0,0,0,0,0,0,0,4,0,0,1,0,0,0,0,2,0,0,0,0,0,1,0,1,0,0,0,3,2
16 - Καστοριάς,126 E.T. Δήμου Άργους Ορεστικού,583,322,3,1,4,318,80,2,17,0,50,154,70,19,47,11,6,0,2,2,32,6,7,7,1,7,0,5,0,0,7,0,0,0,0,2,0,0,0,0,8,2,1,3,0,0,0,0,8,0,0,0,0,0,11,1,7,3,0,0,0,0
16 - Καστοριάς,127 E.T. Δήμου Άργους Ορεστικού,362,169,4,1,5,164,19,5,2,1,7,105,25,15,37,23,13,1,8,2,5,1,2,1,1,4,0,1,0,1,0,0,0,1,0,0,0,0,0,0,5,3,0,0,0,0,0,0,0,0,0,0,1,0,2,0,1,1,0,0,8,0
16 - Καστοριάς,128 E.T. Δήμου Άργους Ορεστικού,213,87,1,1,2,85,18,0,7,1,7,48,28,4,7,5,5,1,2,1,2,0,0,1,1,2,1,0,1,0,1,0,0,0,0,0,0,3,0,0,2,1,0,1,0,0,0,0,1,0,0,0,0,0,2,0,1,1,0,0,0,0
16 - Καστοριάς,129 E.T. Δήμου Άργους Ορεστικού,240,100,0,0,0,100,29,0,9,1,19,31,7,1,17,4,1,0,0,1,21,2,2,11,3,0,0,0,0,0,4,2,0,0,0,0,0,5,1,3,0,0,0,0,0,0,0,0,7,2,2,0,1,1,1,0,1,0,0,0,0,0
16 - Καστοριάς,130 E.T. Δήμου Άργους Ορεστικού,192,91,2,1,3,88,33,1,12,0,19,37,14,4,10,6,0,0,0,0,3,1,0,1,0,4,0,1,0,3,1,0,0,0,0,0,0,0,0,0,5,0,1,2,0,0,0,0,0,0,0,0,0,0,4,0,2,1,0,0,0,0
16 - Καστοριάς,131 E.T. Δήμου Άργους Ορεστικού,298,131,4,3,7,124,45,0,18,1,22,47,14,3,12,5,0,0,0,0,20,11,1,4,0,2,0,1,0,0,1,1,0,0,0,0,0,1,0,1,2,0,0,0,0,0,0,0,1,0,1,0,0,0,3,0,2,1,1,0,1,0
16 - Καστοριάς,132 E.T. Δήμου Άργους Ορεστικού,445,207,5,3,8,199,38,5,7,1,21,107,13,28,60,2,7,0,1,3,16,11,1,0,3,15,11,0,0,0,4,0,0,0,0,0,0,0,0,0,4,3,0,0,0,0,0,0,0,0,0,0,0,0,3,0,2,1,0,0,4,0
16 - Καστοριάς,133 E.T. Δήμου Άργους Ορεστικού,544,287,3,0,3,284,56,2,19,0,29,167,21,33,99,7,13,0,0,6,14,10,1,0,0,18,13,3,1,0,0,0,0,0,0,0,0,0,0,0,3,1,0,0,0,0,0,0,2,0,0,0,0,0,3,0,3,4,0,0,4,0
16 - Καστοριάς,134 E.T. Δήμου Άργους Ορεστικού,644,416,4,2,6,410,119,1,32,4,60,193,52,26,74,34,27,6,7,9,24,2,10,4,3,5,0,1,0,0,4,0,0,0,0,0,0,1,0,0,18,5,3,0,0,0,0,0,1,0,0,0,3,0,9,0,6,0,0,0,6,0
16 - Καστοριάς,135 E.T. Δήμου Άργους Ορεστικού,455,212,1,0,1,211,69,0,30,1,29,101,47,4,39,4,7,1,0,4,5,1,0,0,0,12,0,11,0,0,2,2,0,0,0,0,0,0,0,0,7,2,0,1,0,0,0,0,0,0,0,0,0,0,5,0,3,2,0,1,1,0
16 - Καστοριάς,136 E.T. Δήμου Άργους Ορεστικού,537,283,7,1,8,275,71,4,22,2,38,158,49,5,76,19,6,0,1,1,5,1,0,1,1,12,2,9,0,0,2,0,0,0,0,0,0,1,0,0,3,0,1,0,0,0,0,0,0,0,0,0,1,0,12,2,10,1,0,0,3,0
16 - Καστοριάς,137 E.T. Δήμου Άργους Ορεστικού,529,267,5,0,5,262,76,2,22,4,38,113,11,14,47,31,16,0,5,3,17,0,10,0,3,11,1,3,0,1,2,0,0,0,0,0,0,0,0,0,10,4,3,1,0,0,0,0,0,0,0,0,0,0,12,2,3,3,1,0,2,0
16 - Καστοριάς,138 E.T. Δήμου Άργους Ορεστικού,580,260,5,0,5,255,53,0,17,3,17,133,12,24,69,26,14,2,1,3,16,0,13,1,2,3,1,1,0,1,4,0,0,0,0,0,0,0,0,0,13,4,0,2,0,0,0,0,0,0,0,0,0,0,6,1,2,8,0,0,5,0
16 - Καστοριάς,139 E.T. Δήμου Άργους Ορεστικού,414,260,5,3,8,252,75,1,23,0,40,125,33,12,48,24,5,1,0,4,16,5,7,3,0,9,0,5,1,1,5,1,0,0,0,1,0,2,2,0,5,1,1,0,0,0,0,0,0,0,0,0,0,0,3,0,1,3,1,0,3,2
16 - Καστοριάς,Ετερ. Καστοριάς (από 15ο Ε.Τ. Νομ. Θεσσαλονίκης),225,142,2,0,2,140,27,3,4,2,8,71,19,7,19,9,7,2,3,1,11,6,0,0,0,6,2,1,1,0,3,1,0,0,0,0,0,0,0,0,6,4,1,0,0,0,0,0,3,0,0,0,0,0,6,3,2,0,0,0,0,0
16 - Καστοριάς,Ετερ. Καστοριάς (από Εφετείο Θεσσαλονίκης),67,34,0,0,0,34,9,0,1,2,2,17,1,4,5,3,0,0,0,0,3,1,0,0,0,0,0,0,0,0,1,0,1,0,0,0,0,0,0,0,0,0,0,0,0,0,0,0,0,0,0,0,0,0,3,0,0,0,0,0,1,1
16 - Καστοριάς,Ετερ. Καστοριάς (από 79ο Ε.Τ. Νομ. Αττικής-Αθηνών),190,105,3,0,3,102,32,1,9,2,13,45,11,8,11,5,4,0,3,0,6,1,0,0,3,4,0,0,0,2,2,0,0,0,0,2,0,0,0,0,1,0,0,1,0,0,0,0,0,0,0,0,1,0,4,1,2,0,0,0,1,0
Σύνολο,,62591,31398,410,224,634,30764,8338,211,2339,187,4736,15452,4680,1852,4906,3077,916,151,176,347,2155,263,960,292,233,777,79,187,83,196,337,46,19,7,0,69,12,114,8,28,839,202,99,198,15,3,10,0,132,4,16,1,77,5,918,99,521,296,45,19,312,41
