ΠΕΡΙΦΕΡΕΙΑ,ΕΚΛΟΓΙΚΟ ΤΜΗΜΑ,ΕΓΓΕΓΡΑΜΜΕΝΟΙ,ΨΗΦΙΣΑΝΤΕΣ,ΑΚΥΡΑ,ΛΕΥΚΑ,ΑΚΥΡΑ & ΛΕΥΚΑ,ΕΓΚΥΡΑ,ΣΥΡΙΖΑ,ΑΥΛΩΝΙΤΗΣ ΑΛΕΞΑΝΔΡΟΣ - ΧΡΗΣΤΟΣ του Νικολάου ,ΒΑΚΗ ΦΩΤΕΙΝΗ του Γεωργίου ,ΠΑΥΛΙΔΗΣ ΚΩΝΣΤΑΝΤΙΝΟΣ του Κωνσταντίνου ,ΤΟΜΠΡΟΣ ΑΝΑΣΤΑΣΙΟΣ του Εμμανουήλ ,ΤΣΑΓΚΑΛΙΔΟΥ ΕΥΦΗΜΙΑ του Αντωνίου ,Νέα Δημοκρατία,ΓΚΙΚΑΣ ΣΤΕΦΑΝΟΣ του Σωτηρίου ,ΚΑΡΒΟΥΝΗΣ ΚΩΝΣΤΑΝΤΙΝΟΣ - ΣΠΥΡΙΔΩΝ  του Γεωργίου ,ΚΡΟΚΙΔΗΣ ΣΠΥΡΙΔΩΝ του Αλεξάνδρου ,ΜΑΣΤΟΡΑ ΜΑΡΙΑ - ΕΛΕΝΗ (ΜΑΡΙΛΕΝΑ) του Αλεξάνδρου ,ΤΑΡΑΝΤΟΥ ΚΩΝΣΤΑΝΤΙΝΑ (ΙΝΑ) του Αλεξάνδρου ,Λαϊκός Σύνδεσμος - Χρυσή Αυγή,ΑΪΒΑΤΙΔΗΣ ΙΩΑΝΝΗΣ του Γεωργίου ,ΑΡΩΝΗΣ ΓΕΩΡΓΙΟΣ του Λεωνίδα,ΑΥΛΩΝΙΤΗ ΟΛΓΑ - ΕΥΤΥΧΙΑ του Δημοσθένη,ΚΟΝΤΟΥ ΑΡΙΣΤΕΑ του Ανδρέα,ΣΑΜΑΡΤΖΗΣ ΑΝΕΣΤΗΣ του Σπυρίδωνος,Κίνημα Αλλαγής,ΓΑΣΤΕΡΑΤΟΣ ΑΛΕΞΑΝΔΡΟΣ του Στεφάνου,ΙΩΑΝΝΟΥ ΚΩΝΣΤΑΝΤΙΝΙΑ του Χρυσοστόμου,ΜΠΙΑΓΚΗΣ ΔΗΜΗΤΡΙΟΣ του Σπυρίδωνος,ΜΠΟΥΚΑΣ ΧΡΥΣΟΣΤΟΜΟΣ του Βασιλείου ,ΡΑΠΤΗ ΑΝΑΣΤΑΣΙΑ - ΣΥΛΒΑΝΑ  του Σπυρίδωνος ,Κ.Κ.Ε.,ΑΡΜΕΝΙΑΚΟΣ ΒΑΣΙΛΕΙΟΣ  του Χριστοφόρου ,ΜΠΑΛΟΥ  ΑΛΕΞΑΝΔΡΑ του Αριστείδη,ΠΕΛΑΗΣ ΣΤΑΜΑΤΙΟΣ του Σπυρίδωνος,ΣΑΪΤΑ ΜΑΡΙΛΕΝΑ του Γεωργίου ,ΧΑΡΑΛΑΜΠΟΥΣ ΜΥΡΣΙΝΗ του Χαράλαμπου ,Ένωση Κεντρώων,ΒΑΡΑΓΓΟΥΛΗ ΑΝΤΩΝΙΑ - ΕΛΕΝΗ του Δημητρίου ,ΓΟΥΝΑΡΗΣ ΔΗΜΗΤΡΙΟΣ  του Σπυρίδωνος,ΔΕΛΗΣ ΙΩΑΝΝΗΣ του Γεωργίου ,ΔΗΜΗΤΡΙΑΔΟΥ ΝΤΕΝΙΖ του Ιωάννη - Αντωνίου - Κωνσταντίνου ,ΠΑΠΑΓΙΑΝΝΑΚΗΣ ΙΩΑΝΝΗΣ - ΛΑΜΠΡΙΝΟΣ του Σταύρου ,Ο.Κ.Δ.Ε.,ΚΟΛΙΟΥ ΞΑΝΘΗ του Ιωάννη ,ΑΝΤ.ΑΡ.ΣΥ.Α.,ΒΛΑΧΟΣ ΧΡΙΣΤΟΦΟΡΟΣ του Δημητρίου ,ΚΡΑΣΑΚΗΣ ΝΙΚΟΛΑΟΣ του Δημητρίου ,ΤΣΙΡΩΝΗ ΕΥΣΕΒΕΙΑ του Αριστομένη ,Ελλήνων Συνέλευσις,ΑΡΕΤΟΣ ΓΕΩΡΓΙΟΣ  του Κυριάκου,ΒΕΡΓΗΣ ΑΛΕΞΑΝΔΡΟΣ  του Σπυρίδωνος,ΜΙΑΡΗ ΕΛΕΝΗ του Σπυρίδωνος ,Ελληνική Λύση - Κ. Βελόπουλος,ΑΓΑΤΣΑ ΑΡΓΥΡΩ του Αριστείδη ,ΒΛΑΣΣΗΣ ΑΓΓΕΛΟΣ του Βασιλείου ,ΓΡΑΜΜΕΝΟΣ ΑΓΓΕΛΟΣ του Διονυσίου ,Κ.Κ.Ε. (μ-λ),ΚΑΠΑΓΕΡΙΔΗΣ ΧΑΡΑΛΑΜΠΟΣ του Βασιλείου ,Μ-Λ Κ.Κ.Ε.,ΤΣΙΡΙΓΩΤΗΣ ΜΙΧΑΗΛ του Νικολάου ,Ε.ΠΑ.Μ - Α.Κ.Κ.ΕΛ,ΑΝΤΩΝΙΟΥ ΕΙΡΗΝΗ (ΡΕΝΑ) του Νικολάου ,ΒΛΑΧΟΣ  ΕΥΑΓΓΕΛΟΣ  του Νικολάου ,ΚΕΦΑΛΛΩΝΙΤΗΣ ΙΩΑΝΝΗΣ του Γεωργίου ,Λαϊκή Ενότητα,ΚΑΝΤΑ ΜΑΓΔΑΛΗΝΗ του Γεωργίου ,ΜΙΧΑΛΑΚΗ ΜΑΡΙΑ του Δημητρίου ,ΜΠΟΓΔΑΝΟΣ ΓΕΩΡΓΙΟΣ του Νικολάου ,ΝΤΟΥΣΙΚΟΣ ΛΑΜΠΡΟΣ του Κωνσταντίνου ,ΣΑΜΟΪΛΗΣ ΣΤΕΦΑΝΟΣ  του Κωνσταντίνου - Νικολάου ,ΜέΡΑ25,ΒΕΝΤΟΥΡΑΣ ΝΙΚΟΛΑΟΣ του Σπυρίδωνος,ΜΠΙΤΣΑΝΗ ΜΑΡΙΑ του Σαράντου ,ΣΑΒΒΑΝΗΣ ΣΠΥΡΙΔΩΝ του Ευαγγέλου ,Δημιουργία ξανά - Θ. Τζήμερος,ΒΟΥΡΤΣΗΣ ΑΝΤΩΝΙΟΣ του Ιωάννη,ΚΑΡΑΟΥΖΑ ΒΑΣΙΛΙΚΗ του Σωτηρίου ,ΠΑΠΑΔΑΤΟΣ ΘΕΟΔΩΡΟΣ του Γεωργίου ,Πλεύση Ελευθερίας - Ζωή Κωνστ.,ΖΕΡΒΟΥ ΑΡΕΤΟΥΣΑ (ΑΡΕΤΗ) του Γεωργίου 
26 - Κέρκυρας,1 E.T. Δήμου Βόρειας Κέρκυρας,499,280,3,0,3,277,94,41,2,17,11,7,85,49,6,13,10,1,4,2,0,1,0,0,28,1,0,10,11,5,39,1,27,3,1,2,4,2,0,0,0,0,0,0,0,0,0,0,0,0,0,0,2,1,0,0,1,0,0,1,0,0,0,0,1,0,0,0,1,0,17,6,0,5,1,0,1,0,1,0
26 - Κέρκυρας,2 E.T. Δήμου Βόρειας Κέρκυρας,238,149,1,0,1,148,34,10,1,8,6,3,45,23,1,8,7,4,6,3,0,1,0,0,16,1,0,3,3,8,33,4,19,4,1,1,2,0,0,0,0,0,0,0,0,0,0,0,0,0,0,0,3,1,1,1,0,0,0,0,0,0,0,0,0,0,0,0,0,0,3,0,0,1,0,0,0,0,6,1
26 - Κέρκυρας,3 E.T. Δήμου Βόρειας Κέρκυρας,147,85,1,1,2,83,18,7,2,2,3,2,40,25,0,5,7,2,5,2,0,1,1,0,9,0,0,1,0,6,5,0,5,0,0,0,1,0,0,1,0,0,0,0,1,1,0,0,1,0,0,0,2,1,1,0,1,0,0,0,0,0,0,0,0,0,0,0,0,0,0,0,0,0,0,0,0,0,0,0
26 - Κέρκυρας,4 E.T. Δήμου Βόρειας Κέρκυρας,234,120,1,0,1,119,28,12,5,4,1,0,58,29,5,10,1,6,7,3,0,0,0,0,7,1,1,1,1,1,5,1,4,0,0,0,3,2,1,0,0,0,0,0,0,0,0,0,0,0,0,0,3,0,0,1,0,0,0,0,1,1,0,0,0,0,0,0,0,0,4,1,1,1,1,0,0,0,2,2
26 - Κέρκυρας,5 E.T. Δήμου Βόρειας Κέρκυρας,282,162,1,0,1,161,41,22,6,3,2,1,79,41,6,24,3,1,9,3,1,3,0,0,11,2,2,2,1,1,0,0,0,0,0,0,2,1,0,0,0,1,0,0,0,0,0,0,0,0,0,0,4,2,0,0,0,0,1,0,0,0,0,0,0,0,0,0,0,0,9,0,3,6,3,1,1,0,2,1
26 - Κέρκυρας,6 E.T. Δήμου Βόρειας Κέρκυρας,290,172,2,2,4,168,77,33,8,6,3,3,35,22,0,6,5,0,7,0,1,5,1,0,19,0,1,4,6,5,16,0,10,3,1,0,1,0,0,0,0,0,0,0,1,1,0,0,0,0,0,0,3,1,1,0,0,0,0,0,2,1,1,0,0,0,0,0,0,0,3,1,1,0,0,0,0,0,4,0
26 - Κέρκυρας,7 E.T. Δήμου Βόρειας Κέρκυρας,227,128,4,3,7,121,48,4,4,20,10,5,32,25,2,3,1,1,2,1,0,0,0,0,13,0,0,5,1,4,13,1,7,1,2,1,0,0,0,0,0,0,0,0,0,0,0,0,0,0,0,0,4,1,0,1,0,0,0,0,1,0,0,0,1,0,0,0,0,1,2,0,0,1,2,1,0,1,3,3
26 - Κέρκυρας,8 E.T. Δήμου Βόρειας Κέρκυρας,371,195,2,0,2,193,62,26,6,12,2,1,74,42,1,18,4,2,3,1,0,0,0,0,21,0,0,3,3,12,10,0,5,2,3,0,2,0,0,0,0,0,0,0,0,0,0,0,1,0,0,0,6,3,0,1,0,0,0,0,0,0,0,0,0,0,0,0,0,0,10,3,1,5,1,0,0,0,3,0
26 - Κέρκυρας,9 E.T. Δήμου Βόρειας Κέρκυρας,444,208,0,2,2,206,60,24,6,10,9,1,79,54,0,19,2,1,6,2,2,1,0,0,19,1,1,5,0,8,11,0,8,1,0,2,1,1,0,0,0,0,0,0,0,0,0,0,1,1,0,0,8,3,1,2,0,0,1,1,0,0,0,0,0,0,0,0,0,0,16,3,5,4,1,1,0,0,3,1
26 - Κέρκυρας,10 E.T. Δήμου Βόρειας Κέρκυρας,257,132,1,0,1,131,38,14,3,8,5,1,53,31,4,6,6,2,1,0,0,0,0,1,26,0,0,0,25,0,1,0,0,0,0,0,0,0,0,0,0,0,0,0,0,0,0,0,0,0,0,0,4,0,1,0,0,0,0,0,0,0,0,0,0,0,0,0,0,0,6,4,0,0,1,0,1,0,1,1
26 - Κέρκυρας,11 E.T. Δήμου Βόρειας Κέρκυρας,282,147,0,3,3,144,46,21,3,3,8,2,53,35,0,11,3,2,3,0,0,1,0,0,8,1,2,3,1,0,28,0,24,0,3,0,1,0,0,1,0,0,0,0,0,0,0,0,0,0,0,0,0,0,0,0,0,0,0,0,0,0,0,0,0,0,0,0,0,0,3,0,0,0,0,0,0,0,2,0
26 - Κέρκυρας,12 E.T. Δήμου Βόρειας Κέρκυρας,339,160,3,2,5,155,40,15,6,4,3,7,60,29,2,18,9,1,7,3,1,1,1,0,15,0,0,3,3,9,4,0,2,0,1,0,0,0,0,0,0,0,0,0,1,0,0,0,1,0,1,0,7,3,1,2,0,0,0,0,2,1,0,0,0,0,0,0,0,0,8,2,1,3,2,0,0,2,8,7
26 - Κέρκυρας,13 E.T. Δήμου Βόρειας Κέρκυρας,422,207,1,4,5,202,74,20,4,30,4,9,69,29,4,21,7,3,9,3,0,2,0,0,23,0,1,4,7,8,5,0,2,1,0,2,2,0,0,0,0,0,0,0,0,0,0,0,0,0,0,0,5,1,1,1,0,0,0,0,1,0,0,0,1,0,1,0,0,0,7,2,2,3,1,0,0,0,5,4
26 - Κέρκυρας,14 E.T. Δήμου Βόρειας Κέρκυρας,296,133,4,1,5,128,56,28,4,14,1,5,38,11,1,16,7,2,8,3,0,3,0,0,10,2,0,1,2,1,4,0,3,0,0,0,2,0,2,0,0,0,0,0,1,0,0,0,0,0,0,0,3,0,1,0,0,0,0,0,0,0,0,0,1,1,0,0,0,0,4,2,0,1,0,0,0,0,1,0
26 - Κέρκυρας,15 E.T. Δήμου Βόρειας Κέρκυρας,408,183,1,1,2,181,80,7,7,8,52,1,60,29,2,19,6,1,3,3,0,0,0,0,14,1,0,6,4,2,10,0,7,3,0,0,3,1,1,0,0,0,0,0,0,0,0,0,0,0,0,0,0,0,0,0,0,0,0,0,0,0,0,0,0,0,0,0,0,0,8,4,0,2,1,0,1,0,2,0
26 - Κέρκυρας,16 E.T. Δήμου Κεντρικής Κέρκυρας και Διαποντίων Νήσων,365,149,2,1,3,146,53,22,6,5,5,4,51,35,1,6,2,2,1,1,0,0,0,0,7,1,1,2,1,0,12,0,1,3,2,3,5,1,0,0,0,1,0,0,0,0,0,0,0,0,0,0,1,0,0,0,0,0,0,0,0,0,0,0,1,0,0,0,0,1,11,1,3,3,1,0,0,0,3,2
26 - Κέρκυρας,17 E.T. Δήμου Κεντρικής Κέρκυρας και Διαποντίων Νήσων,466,219,3,4,7,212,88,31,6,21,3,12,53,34,1,11,3,3,8,5,1,1,0,0,10,1,0,3,1,5,25,2,12,2,1,5,2,1,0,0,0,0,0,0,0,0,0,0,1,0,0,0,2,0,1,0,0,0,0,0,0,0,0,0,3,0,0,0,1,2,12,4,2,4,2,0,1,0,6,4
26 - Κέρκυρας,18 E.T. Δήμου Κεντρικής Κέρκυρας και Διαποντίων Νήσων,519,331,3,5,8,323,88,19,26,11,5,9,153,64,7,24,11,39,7,5,0,0,0,0,19,1,1,2,6,7,15,0,3,1,0,11,8,0,0,0,0,0,0,0,0,0,0,0,2,0,0,0,9,2,1,2,2,1,0,0,5,2,1,0,0,0,0,0,0,0,11,4,0,2,1,0,0,0,3,2
26 - Κέρκυρας,19 E.T. Δήμου Κεντρικής Κέρκυρας και Διαποντίων Νήσων,478,172,1,2,3,169,61,19,11,5,0,3,47,28,0,2,12,1,9,6,0,0,0,0,19,6,0,1,6,3,9,0,3,0,0,4,3,1,0,0,0,0,0,0,1,0,0,0,0,0,0,0,7,0,1,1,0,0,0,0,0,0,0,0,0,0,0,0,0,0,12,6,1,0,0,0,0,0,1,1
26 - Κέρκυρας,20 E.T. Δήμου Κεντρικής Κέρκυρας και Διαποντίων Νήσων,387,198,3,4,7,191,53,13,11,10,0,5,76,26,2,27,8,5,5,3,1,0,0,0,5,0,1,0,1,2,18,1,10,0,0,5,2,1,0,0,0,0,0,0,2,0,0,0,0,0,0,0,7,3,0,1,1,1,0,0,4,1,0,0,4,0,0,0,0,3,8,0,0,4,0,0,0,0,6,1
26 - Κέρκυρας,21 E.T. Δήμου Κεντρικής Κέρκυρας και Διαποντίων Νήσων,469,253,3,2,5,248,109,30,21,9,2,11,83,46,3,17,6,6,3,2,0,0,0,0,10,1,1,0,3,1,10,2,1,0,0,6,2,0,1,0,0,0,0,0,0,0,0,0,0,0,0,0,13,2,2,5,0,0,0,0,0,0,0,0,2,0,0,0,0,2,9,1,2,2,2,0,1,1,5,3
26 - Κέρκυρας,22 E.T. Δήμου Κεντρικής Κέρκυρας και Διαποντίων Νήσων,471,263,3,1,4,259,88,29,17,8,6,8,92,56,2,9,8,4,23,11,0,1,2,0,9,3,0,1,3,0,7,1,3,2,0,1,2,1,0,0,0,0,0,0,0,0,0,0,2,0,1,0,10,6,0,1,0,0,0,0,0,0,0,0,1,1,0,0,0,0,15,2,3,1,2,0,0,0,8,3
26 - Κέρκυρας,23 E.T. Δήμου Κεντρικής Κέρκυρας και Διαποντίων Νήσων,490,230,4,3,7,223,99,35,11,16,5,9,66,46,2,11,5,0,6,2,0,0,1,2,14,1,2,3,5,2,13,1,2,0,0,5,2,0,0,0,1,0,0,0,2,1,0,0,0,0,0,0,8,1,2,3,0,0,0,0,0,0,0,0,2,0,0,0,0,2,9,5,1,1,0,0,0,0,2,1
26 - Κέρκυρας,24 E.T. Δήμου Κεντρικής Κέρκυρας και Διαποντίων Νήσων,371,199,6,1,7,192,73,17,13,7,1,7,78,38,1,18,9,4,4,2,0,0,0,0,5,0,0,1,1,1,9,0,3,2,1,1,0,0,0,0,0,0,0,0,1,0,0,0,0,0,0,0,7,1,1,1,0,0,0,0,1,0,0,0,0,0,0,0,0,0,6,1,1,0,3,2,0,0,5,2
26 - Κέρκυρας,25 E.T. Δήμου Κεντρικής Κέρκυρας και Διαποντίων Νήσων,470,264,4,0,4,260,96,21,15,7,7,7,96,41,2,35,7,5,5,4,0,0,0,0,13,1,0,1,3,6,11,2,3,3,0,1,3,0,0,0,0,1,0,0,0,0,0,0,0,0,0,0,3,0,0,2,0,0,0,0,0,0,0,0,4,1,0,0,0,3,23,3,4,5,3,0,0,0,3,1
26 - Κέρκυρας,26 E.T. Δήμου Κεντρικής Κέρκυρας και Διαποντίων Νήσων,401,220,3,1,4,216,70,17,13,7,1,7,91,38,1,18,9,4,6,2,0,0,0,0,19,0,0,1,1,1,7,0,3,2,1,1,0,0,0,0,0,0,0,0,0,0,0,0,0,0,0,0,5,1,1,1,0,0,0,0,0,0,0,0,1,0,0,0,0,0,10,1,1,0,2,2,0,0,5,2
26 - Κέρκυρας,27 E.T. Δήμου Κεντρικής Κέρκυρας και Διαποντίων Νήσων,258,147,4,0,4,143,60,13,3,12,2,9,49,21,2,5,11,7,7,3,0,1,1,0,3,1,0,0,1,0,6,0,5,0,0,1,4,0,1,1,0,0,0,0,0,0,0,0,3,0,2,1,3,1,0,1,0,0,0,0,1,0,0,0,0,0,0,0,0,0,6,1,0,0,0,0,0,0,1,0
26 - Κέρκυρας,28 E.T. Δήμου Κεντρικής Κέρκυρας και Διαποντίων Νήσων,353,194,1,1,2,192,98,26,15,16,4,18,49,24,2,16,5,1,3,2,0,0,0,0,9,2,0,1,3,2,16,0,2,6,1,1,1,0,0,0,0,0,0,0,1,0,0,1,0,0,0,0,1,0,0,1,0,0,0,0,2,0,1,1,0,0,0,0,0,0,8,2,1,1,1,0,0,1,3,1
26 - Κέρκυρας,29 E.T. Δήμου Κεντρικής Κέρκυρας και Διαποντίων Νήσων,220,133,1,4,5,128,50,18,10,7,1,4,33,16,3,4,4,0,4,4,0,0,0,0,11,1,1,0,8,0,20,1,5,1,5,4,2,1,0,0,0,0,0,0,1,0,0,0,0,0,0,0,1,0,0,1,0,0,0,0,0,0,0,0,0,0,0,0,0,0,4,1,0,1,1,0,0,1,1,1
26 - Κέρκυρας,30 E.T. Δήμου Κεντρικής Κέρκυρας και Διαποντίων Νήσων,337,154,3,0,3,151,71,18,6,12,2,9,39,21,0,11,4,2,17,11,0,0,1,0,3,1,0,0,2,0,7,0,2,0,0,2,1,0,0,0,0,0,0,0,0,0,0,0,0,0,0,0,4,1,0,2,1,0,0,0,3,1,0,0,0,0,0,0,0,0,5,3,0,0,0,0,0,0,0,0
26 - Κέρκυρας,31 E.T. Δήμου Κεντρικής Κέρκυρας και Διαποντίων Νήσων,364,170,1,3,4,166,65,11,8,13,2,12,57,29,2,8,11,2,2,2,0,0,0,0,14,0,2,6,1,0,9,1,2,0,1,2,1,0,0,0,0,0,0,0,1,0,0,0,0,0,0,0,2,0,0,2,0,0,1,1,1,1,0,0,1,0,1,0,0,0,9,3,0,1,2,0,0,0,1,0
26 - Κέρκυρας,32 E.T. Δήμου Κεντρικής Κέρκυρας και Διαποντίων Νήσων,301,116,1,2,3,113,32,14,5,1,2,1,37,22,1,6,3,2,6,4,0,0,1,0,7,0,1,2,0,4,8,0,5,1,0,1,3,1,0,1,0,0,0,0,0,0,0,0,0,0,0,0,8,4,1,0,0,0,0,0,1,1,0,0,1,0,0,0,1,0,7,3,0,0,3,2,0,0,0,0
26 - Κέρκυρας,33 E.T. Δήμου Κεντρικής Κέρκυρας και Διαποντίων Νήσων,448,217,3,2,5,212,79,27,10,4,3,9,58,32,2,10,8,3,9,3,0,1,0,0,21,2,1,2,2,10,6,0,0,2,0,4,1,0,0,0,0,0,0,0,0,0,0,0,2,0,0,0,6,0,0,2,0,0,0,0,2,1,0,1,0,0,0,0,0,0,22,2,2,6,1,1,0,0,5,3
26 - Κέρκυρας,34 E.T. Δήμου Κεντρικής Κέρκυρας και Διαποντίων Νήσων,390,153,18,1,19,134,59,25,7,9,2,6,38,27,0,3,1,1,5,3,0,0,0,0,6,0,0,1,2,3,7,0,0,2,0,4,1,1,0,0,0,0,0,0,0,0,0,0,0,0,0,0,1,0,0,1,1,0,0,0,2,1,0,0,0,0,0,0,0,0,10,3,1,3,1,0,0,0,3,2
26 - Κέρκυρας,35 E.T. Δήμου Κεντρικής Κέρκυρας και Διαποντίων Νήσων,313,176,0,3,3,173,67,14,15,11,4,5,46,31,1,5,5,2,7,3,0,1,1,0,8,1,0,2,1,4,28,0,15,3,3,3,1,0,0,0,1,0,0,0,0,0,0,0,2,0,2,0,1,0,0,0,0,0,1,0,0,0,0,0,1,0,0,0,0,1,4,0,1,0,0,0,0,0,7,0
26 - Κέρκυρας,36 E.T. Δήμου Κεντρικής Κέρκυρας και Διαποντίων Νήσων,490,254,2,2,4,250,110,46,14,8,2,6,78,47,1,16,4,6,10,7,0,0,0,1,2,0,0,1,0,1,17,4,1,1,0,9,2,0,0,0,0,0,0,0,0,0,0,0,0,0,0,0,6,0,0,1,2,2,0,0,1,0,0,0,1,0,0,0,0,1,11,2,1,4,2,1,1,0,8,5
26 - Κέρκυρας,37 E.T. Δήμου Κεντρικής Κέρκυρας και Διαποντίων Νήσων,482,247,5,0,5,242,87,32,19,11,4,10,83,49,2,14,7,9,13,5,2,0,0,2,14,3,1,3,5,2,19,1,5,0,0,7,0,0,0,0,0,0,0,0,2,1,0,0,1,0,1,0,7,1,3,2,0,0,0,0,2,0,0,1,1,0,0,0,0,1,9,2,1,5,1,1,0,0,3,0
26 - Κέρκυρας,38 E.T. Δήμου Κεντρικής Κέρκυρας και Διαποντίων Νήσων,484,239,0,3,3,236,73,23,6,12,10,4,89,53,1,14,9,5,6,5,0,1,0,0,20,1,0,1,5,12,17,3,5,2,0,4,3,0,0,1,0,0,0,0,3,0,0,0,0,0,0,0,8,0,3,1,0,0,0,0,0,0,0,0,1,0,0,0,0,0,13,3,3,2,0,0,0,0,3,2
26 - Κέρκυρας,39 E.T. Δήμου Κεντρικής Κέρκυρας και Διαποντίων Νήσων,476,228,4,1,5,223,108,39,4,18,7,9,63,37,1,8,7,3,8,3,0,1,1,1,3,0,0,0,1,1,11,1,3,2,0,4,1,0,0,0,0,0,0,0,2,0,0,1,1,0,0,1,7,1,1,1,0,0,0,0,3,2,0,1,0,0,0,0,0,0,11,3,0,1,0,0,0,0,5,2
26 - Κέρκυρας,40 E.T. Δήμου Κεντρικής Κέρκυρας και Διαποντίων Νήσων,391,236,4,1,5,231,57,15,12,10,3,7,89,61,2,9,13,2,21,15,0,0,4,0,9,2,0,1,2,3,10,2,3,4,0,0,3,0,0,1,0,0,0,0,1,0,0,0,0,0,0,0,4,0,1,1,0,0,0,0,5,2,0,0,0,0,0,0,0,0,22,5,3,10,1,1,0,0,9,6
26 - Κέρκυρας,41 E.T. Δήμου Κεντρικής Κέρκυρας και Διαποντίων Νήσων,418,238,0,0,0,238,57,14,5,7,0,8,96,22,3,20,17,4,19,12,0,0,3,1,16,3,2,2,2,4,9,0,2,0,0,5,3,0,0,0,0,0,0,0,0,0,0,0,0,0,0,0,9,1,0,2,0,0,0,0,0,0,0,0,2,0,0,0,0,0,23,4,4,3,1,0,0,0,3,3
26 - Κέρκυρας,42 E.T. Δήμου Κεντρικής Κέρκυρας και Διαποντίων Νήσων,268,145,2,3,5,140,64,13,9,25,6,5,37,16,0,8,3,6,6,2,2,0,1,0,9,1,1,1,4,1,11,0,5,2,0,4,3,0,0,1,0,0,0,0,0,0,0,0,0,0,0,0,2,1,0,0,0,0,0,0,0,0,0,0,0,0,0,0,0,0,7,2,2,1,0,0,0,0,1,1
26 - Κέρκυρας,43 E.T. Δήμου Κεντρικής Κέρκυρας και Διαποντίων Νήσων,289,137,4,2,6,131,43,12,4,5,2,3,35,23,3,4,0,3,4,3,0,0,1,0,5,2,0,1,1,1,21,2,7,0,1,5,1,1,0,0,0,0,0,0,1,0,0,0,0,0,0,0,0,0,0,0,0,0,0,0,0,0,0,0,0,0,0,0,0,0,13,3,2,4,2,0,1,1,6,6
26 - Κέρκυρας,44 E.T. Δήμου Κεντρικής Κέρκυρας και Διαποντίων Νήσων,579,139,3,0,3,136,12,1,3,6,0,1,96,29,4,28,30,3,8,3,4,0,0,0,15,0,2,5,5,3,1,0,0,0,0,0,1,0,0,0,0,0,0,0,0,0,0,0,0,0,0,0,1,0,0,1,0,0,0,0,0,0,0,0,0,0,0,0,0,0,1,0,1,0,0,0,0,0,1,0
26 - Κέρκυρας,45 E.T. Δήμου Βόρειας Κέρκυρας,176,87,0,1,1,86,29,3,7,9,0,3,27,18,1,1,4,3,1,1,0,0,0,0,2,0,0,2,0,0,9,0,7,0,0,1,1,0,0,0,0,0,0,0,0,0,0,0,0,0,0,0,4,1,0,3,0,0,8,4,0,0,0,0,0,0,0,0,0,0,2,1,0,1,0,0,0,0,3,2
26 - Κέρκυρας,46 E.T. Δήμου Βόρειας Κέρκυρας,497,236,1,1,2,234,67,9,9,33,3,3,83,42,1,4,22,4,15,10,0,0,1,1,28,1,0,18,5,2,14,0,6,0,3,1,3,2,0,1,0,0,0,0,0,0,0,0,1,0,0,1,4,1,0,0,1,0,0,0,1,1,0,0,3,0,3,0,0,0,6,2,1,1,4,3,0,0,4,1
26 - Κέρκυρας,47 E.T. Δήμου Βόρειας Κέρκυρας,330,177,1,1,2,175,80,22,10,23,3,5,49,15,0,4,24,2,2,0,0,0,1,0,13,0,2,1,3,7,10,0,5,2,0,0,2,1,0,0,0,0,0,0,0,0,0,0,2,1,0,1,5,0,1,4,0,0,0,0,0,0,0,0,1,0,0,0,0,0,4,1,1,0,3,0,0,0,4,2
26 - Κέρκυρας,48 E.T. Δήμου Βόρειας Κέρκυρας,473,249,1,0,1,248,62,23,8,20,1,2,128,88,2,16,14,3,7,2,2,3,0,0,22,0,0,12,2,7,4,0,2,1,0,0,2,0,0,0,0,0,0,0,1,0,0,1,1,0,1,0,6,2,0,1,0,0,0,0,0,0,0,0,0,0,0,0,0,0,10,0,3,2,1,1,0,0,4,3
26 - Κέρκυρας,49 E.T. Δήμου Βόρειας Κέρκυρας,436,251,3,0,3,248,57,16,6,24,1,6,138,92,5,18,12,1,7,3,0,1,0,0,20,1,1,5,5,5,10,1,3,1,0,1,2,0,1,0,0,0,0,0,0,0,0,0,0,0,0,0,2,1,0,0,1,0,0,0,1,0,0,0,1,0,0,0,0,1,4,0,1,0,0,0,0,0,5,3
26 - Κέρκυρας,50 E.T. Δήμου Βόρειας Κέρκυρας,429,238,2,1,3,235,40,13,3,14,3,0,127,89,4,14,12,0,7,1,2,4,0,0,18,2,0,2,4,9,10,0,5,0,0,1,8,1,2,0,0,1,0,0,0,0,0,0,1,0,0,0,6,4,0,0,0,0,0,0,1,0,0,0,0,0,0,0,0,0,13,5,1,3,1,0,0,0,3,1
26 - Κέρκυρας,51 E.T. Δήμου Βόρειας Κέρκυρας,327,166,1,0,1,165,58,13,4,22,9,1,28,15,3,3,2,1,2,1,0,0,0,0,6,0,0,4,2,0,53,2,39,4,1,3,2,0,1,0,1,0,0,0,0,0,0,0,0,0,0,0,6,1,0,2,1,1,1,0,0,0,0,0,1,0,0,0,0,0,7,1,0,2,0,0,0,0,0,0
26 - Κέρκυρας,52 E.T. Δήμου Βόρειας Κέρκυρας,439,213,6,1,7,206,77,48,0,11,7,2,57,28,0,14,14,1,8,6,2,0,0,0,25,0,0,13,3,8,20,0,15,0,2,0,1,1,0,0,0,0,0,0,0,0,0,0,0,0,0,0,9,3,0,0,0,0,0,0,0,0,0,0,1,0,0,0,0,1,4,0,0,0,2,0,0,1,2,2
26 - Κέρκυρας,53 E.T. Δήμου Βόρειας Κέρκυρας,447,253,4,1,5,248,95,51,6,17,5,2,80,58,2,8,8,1,8,4,0,2,0,1,23,1,0,8,5,6,22,1,14,2,0,4,1,0,1,0,0,0,0,0,1,0,0,0,0,0,0,0,3,1,0,0,1,1,0,0,4,2,0,0,1,0,0,0,0,0,9,1,2,3,0,0,0,0,0,0
26 - Κέρκυρας,54 E.T. Δήμου Βόρειας Κέρκυρας,412,227,0,2,2,225,95,17,4,57,1,2,56,25,1,13,12,0,7,6,0,0,0,0,16,1,0,9,2,3,35,0,2,0,29,0,0,0,0,0,0,0,0,0,0,0,0,0,0,0,0,0,8,2,3,1,0,0,0,0,0,0,0,0,2,0,0,0,0,0,2,0,2,0,1,0,0,0,3,3
26 - Κέρκυρας,55 E.T. Δήμου Βόρειας Κέρκυρας,339,166,0,0,0,166,67,13,8,26,0,4,53,34,2,4,10,1,5,2,2,1,0,0,11,0,0,2,2,1,12,0,2,5,2,1,4,1,2,0,0,0,0,0,0,0,0,0,1,0,0,0,6,2,1,0,0,0,0,0,0,0,0,0,0,0,0,0,0,0,4,0,1,1,1,0,0,0,2,0
26 - Κέρκυρας,56 E.T. Δήμου Βόρειας Κέρκυρας,347,172,3,0,3,169,78,22,3,27,5,2,38,18,0,3,11,1,6,2,0,0,0,0,11,0,0,7,1,1,23,0,4,5,2,7,0,0,0,0,0,0,0,0,0,0,0,0,0,0,0,0,6,1,1,0,0,0,0,0,1,0,0,0,0,0,0,0,0,0,3,0,0,1,0,0,0,0,3,0
26 - Κέρκυρας,57 E.T. Δήμου Βόρειας Κέρκυρας,327,185,4,0,4,181,70,17,6,29,4,5,55,36,1,3,9,2,8,2,1,1,0,0,16,0,0,7,1,7,13,0,9,4,0,0,0,0,0,0,0,0,0,0,0,0,0,0,1,1,0,0,4,0,2,0,0,0,1,1,1,1,0,0,0,0,0,0,0,0,6,1,0,0,1,0,1,0,5,3
26 - Κέρκυρας,58 E.T. Δήμου Βόρειας Κέρκυρας,338,183,1,1,2,181,56,11,11,21,2,2,77,48,1,10,7,1,6,4,0,0,0,1,11,0,0,4,4,2,16,0,2,0,4,3,1,0,0,0,0,0,0,0,0,0,0,0,0,0,0,0,4,0,1,0,0,0,0,0,0,0,0,0,1,0,0,0,0,0,9,0,0,4,0,0,0,0,0,0
26 - Κέρκυρας,59 E.T. Δήμου Βόρειας Κέρκυρας,502,250,2,0,2,248,70,27,0,24,2,1,137,60,1,48,8,10,4,2,0,0,0,0,10,2,0,7,1,0,3,0,1,0,1,1,2,0,0,0,0,0,0,0,1,0,0,0,2,0,1,0,5,0,0,0,0,0,0,0,0,0,0,0,0,0,0,0,0,0,11,2,0,8,2,1,0,0,1,1
26 - Κέρκυρας,60 E.T. Δήμου Βόρειας Κέρκυρας,529,252,7,0,7,245,81,28,5,27,1,5,111,53,2,48,4,3,6,2,1,1,0,0,12,1,1,4,2,2,6,0,3,1,0,1,1,0,0,0,0,0,0,0,0,0,0,0,0,0,0,0,6,0,2,3,0,0,0,0,1,1,0,0,0,0,0,0,0,0,17,9,2,5,0,0,0,0,4,3
26 - Κέρκυρας,61 E.T. Δήμου Βόρειας Κέρκυρας,420,181,0,1,1,180,79,37,5,24,1,5,42,29,0,5,3,1,7,1,3,2,0,0,19,1,1,9,1,5,10,0,9,0,0,1,2,1,0,0,1,0,0,0,0,0,0,0,1,0,0,1,4,0,2,2,0,0,0,0,0,0,0,0,1,0,0,0,0,0,12,3,2,3,2,0,0,0,1,0
26 - Κέρκυρας,62 E.T. Δήμου Βόρειας Κέρκυρας,360,163,3,2,5,158,65,32,8,10,8,2,51,32,2,1,9,4,8,4,2,2,0,0,7,0,0,2,0,3,2,0,2,0,0,0,1,1,0,0,0,0,0,0,0,0,0,0,0,0,0,0,8,5,2,1,0,0,0,0,0,0,0,0,1,1,0,0,0,0,12,0,3,4,0,0,0,0,3,2
26 - Κέρκυρας,63 E.T. Δήμου Βόρειας Κέρκυρας,303,175,6,1,7,168,52,15,5,20,5,1,61,28,2,8,20,1,3,1,1,0,0,0,17,2,0,10,0,4,12,1,7,0,4,0,0,0,0,0,0,0,0,0,1,0,0,0,0,0,0,0,1,0,0,1,0,0,0,0,0,0,0,0,0,0,0,0,0,0,17,3,3,5,1,0,0,1,3,3
26 - Κέρκυρας,64 E.T. Δήμου Βόρειας Κέρκυρας,416,218,3,1,4,214,84,9,0,63,0,3,79,37,3,10,20,4,5,2,1,0,1,0,17,0,0,11,2,1,12,0,5,3,0,3,0,0,0,0,0,0,0,0,1,0,0,0,0,0,0,0,3,1,0,2,0,0,0,0,0,0,0,0,2,0,1,0,0,0,8,3,3,2,2,0,0,0,1,0
26 - Κέρκυρας,65 E.T. Δήμου Βόρειας Κέρκυρας,497,256,2,2,4,252,119,8,6,88,0,5,56,23,3,4,14,3,6,3,0,2,0,0,22,0,2,12,1,2,23,0,9,6,0,7,3,0,0,1,1,0,0,0,3,2,0,0,4,2,1,1,2,0,0,2,0,0,0,0,0,0,0,0,0,0,0,0,0,0,7,2,2,1,1,0,0,1,6,3
26 - Κέρκυρας,66 E.T. Δήμου Βόρειας Κέρκυρας,329,161,1,0,1,160,53,5,5,26,1,7,54,29,2,10,6,2,5,2,0,0,1,1,16,0,0,10,3,3,14,0,6,0,2,3,1,1,0,0,0,0,0,0,0,0,0,0,0,0,0,0,4,0,1,2,1,0,0,0,0,0,0,0,2,0,1,0,0,1,7,0,1,2,1,1,0,0,2,1
26 - Κέρκυρας,67 E.T. Δήμου Βόρειας Κέρκυρας,331,187,2,1,3,184,71,11,5,34,4,8,56,30,0,7,15,1,5,3,0,0,1,0,26,0,0,15,5,6,6,0,5,0,0,0,4,4,0,0,0,0,1,0,0,0,0,0,0,0,0,0,4,1,1,0,1,1,0,0,0,0,0,0,0,0,0,0,0,0,9,2,1,1,0,0,0,0,1,1
26 - Κέρκυρας,68 E.T. Δήμου Βόρειας Κέρκυρας,451,276,0,1,1,275,80,8,2,51,2,0,81,52,4,8,9,2,6,0,1,1,0,0,79,0,0,73,2,1,8,0,4,2,0,2,0,0,0,0,0,0,1,0,0,0,0,0,0,0,0,0,4,0,0,1,0,0,0,0,3,1,1,1,0,0,0,0,0,0,8,2,2,0,1,0,0,0,4,0
26 - Κέρκυρας,69 E.T. Δήμου Βόρειας Κέρκυρας,330,166,4,0,4,162,58,3,1,42,1,5,36,21,1,1,10,2,7,3,0,0,1,0,28,1,0,11,6,10,9,2,4,1,0,0,2,1,0,0,0,0,0,0,1,1,0,0,0,0,0,0,4,1,0,2,0,0,0,0,2,0,0,1,0,0,0,0,0,0,9,1,2,5,1,0,0,0,5,2
26 - Κέρκυρας,70 E.T. Δήμου Βόρειας Κέρκυρας,269,161,0,0,0,161,52,7,7,27,1,1,48,20,1,11,8,3,4,1,0,1,0,0,33,0,0,25,3,2,2,0,2,0,0,0,2,0,1,0,0,0,0,0,0,0,0,0,0,0,0,0,4,0,1,3,0,0,0,0,1,0,0,0,0,0,0,0,0,0,12,3,1,5,0,0,0,0,3,2
26 - Κέρκυρας,71 E.T. Δήμου Βόρειας Κέρκυρας,473,261,10,2,12,249,78,6,6,40,1,4,46,28,1,4,2,2,7,0,0,3,0,0,59,0,0,50,2,1,41,3,24,2,1,8,0,0,0,0,0,0,0,0,1,0,0,0,0,0,0,0,5,2,0,2,0,0,0,0,0,0,0,0,1,0,1,0,0,0,8,0,2,2,0,0,0,0,3,1
26 - Κέρκυρας,72 E.T. Δήμου Βόρειας Κέρκυρας,555,305,3,3,6,299,107,14,9,53,3,3,46,33,1,3,4,0,3,1,0,0,0,0,61,1,0,49,2,4,61,2,38,2,1,11,1,0,0,0,0,0,0,0,0,0,0,0,0,0,0,0,0,0,0,0,0,0,0,0,1,1,0,0,3,0,2,0,0,0,11,2,1,1,1,0,0,1,4,2
26 - Κέρκυρας,73 E.T. Δήμου Βόρειας Κέρκυρας,281,164,2,0,2,162,57,2,4,25,3,3,56,34,1,5,10,4,3,2,0,0,0,0,20,0,0,14,2,1,10,0,4,1,0,0,1,0,0,0,0,0,0,0,0,0,0,0,0,0,0,0,2,1,0,0,0,0,0,0,0,0,0,0,0,0,0,0,0,0,8,2,2,2,3,0,0,0,2,1
26 - Κέρκυρας,74 E.T. Δήμου Βόρειας Κέρκυρας,506,281,2,5,7,274,88,16,9,34,0,2,104,45,4,19,19,6,10,3,0,0,1,1,17,1,0,11,1,2,21,1,4,1,1,8,4,1,0,0,0,1,0,0,2,0,0,0,1,0,0,1,9,1,0,6,0,0,0,0,0,0,0,0,1,0,0,0,0,0,10,6,1,1,1,1,0,0,6,2
26 - Κέρκυρας,75 E.T. Δήμου Βόρειας Κέρκυρας,362,158,1,0,1,157,43,6,4,24,1,3,71,39,2,9,10,5,6,3,0,0,0,0,15,3,0,3,7,0,4,0,1,0,0,2,2,0,0,0,1,0,0,0,0,0,0,0,0,0,0,0,3,1,1,0,0,0,0,0,1,0,0,0,1,0,0,0,0,0,9,1,3,3,1,0,0,0,1,1
26 - Κέρκυρας,76 E.T. Δήμου Βόρειας Κέρκυρας,507,257,4,2,6,251,83,20,8,46,1,5,92,48,0,24,17,3,6,3,0,1,0,0,26,1,0,21,3,1,7,0,3,0,1,0,4,0,0,0,0,0,0,0,0,0,0,0,0,0,0,0,12,2,1,5,0,0,0,0,0,0,0,0,2,0,1,0,0,0,15,7,2,1,3,0,0,0,1,0
26 - Κέρκυρας,77 E.T. Δήμου Βόρειας Κέρκυρας,317,169,1,1,2,167,44,8,4,16,0,3,65,36,0,7,11,6,7,4,0,0,0,0,14,1,1,2,2,4,13,0,8,0,1,2,2,1,0,1,0,0,0,0,0,0,0,0,8,8,0,0,4,2,0,2,0,0,0,0,0,0,0,0,0,0,0,0,0,0,8,0,2,1,1,0,0,0,1,0
26 - Κέρκυρας,78 E.T. Δήμου Βόρειας Κέρκυρας,442,255,7,0,7,248,51,12,10,15,4,1,115,61,6,17,17,5,17,16,0,0,0,0,10,0,1,5,4,0,19,2,8,2,2,2,4,0,1,0,0,0,0,0,2,2,0,0,1,0,0,0,5,2,1,0,0,0,0,0,1,0,0,0,1,0,1,0,0,0,16,4,3,5,1,0,0,0,5,3
26 - Κέρκυρας,79 E.T. Δήμου Βόρειας Κέρκυρας,413,245,2,1,3,242,57,22,9,10,1,5,103,45,1,7,30,6,19,10,1,2,2,0,12,0,0,3,8,0,17,2,7,0,1,2,3,2,0,0,0,0,0,0,0,0,0,0,0,0,0,0,3,2,0,0,0,0,0,0,1,1,0,0,2,0,0,0,2,0,18,11,0,4,2,1,1,0,5,4
26 - Κέρκυρας,80 E.T. Δήμου Βόρειας Κέρκυρας,426,232,0,2,2,230,45,10,4,10,0,4,119,67,9,15,14,3,4,2,0,2,0,0,27,1,0,2,8,10,5,0,1,3,0,0,2,0,0,0,0,0,0,0,0,0,0,0,0,0,0,0,1,0,0,0,0,0,0,0,1,0,0,0,0,0,0,0,0,0,24,5,4,6,0,0,0,0,2,0
26 - Κέρκυρας,81 E.T. Δήμου Βόρειας Κέρκυρας,403,233,1,1,2,231,77,20,25,14,0,5,89,60,0,11,8,2,12,4,1,1,2,1,12,1,0,2,4,4,8,0,6,0,0,2,3,1,0,0,0,0,0,0,3,0,0,0,0,0,0,0,7,1,1,3,0,0,0,0,1,0,0,1,1,0,0,0,1,0,10,1,0,2,4,1,0,1,4,3
26 - Κέρκυρας,82 E.T. Δήμου Βόρειας Κέρκυρας,325,164,3,0,3,161,55,26,4,13,3,1,49,32,2,5,7,1,8,7,0,0,0,0,38,1,0,11,14,10,0,0,0,0,0,0,0,0,0,0,0,0,0,0,0,0,0,0,0,0,0,0,4,1,1,2,0,0,0,0,2,0,2,0,0,0,0,0,0,0,3,0,2,0,0,0,0,0,2,1
26 - Κέρκυρας,83 E.T. Δήμου Κεντρικής Κέρκυρας και Διαποντίων Νήσων,523,222,3,3,6,216,89,26,17,15,1,6,77,49,2,11,8,3,9,4,0,0,0,0,9,0,0,0,3,5,9,0,6,1,0,2,1,0,0,0,0,0,0,0,0,0,0,0,0,0,0,0,1,0,1,0,0,0,1,0,2,0,0,0,1,1,0,0,0,0,10,4,1,0,2,0,0,2,5,1
26 - Κέρκυρας,84 E.T. Δήμου Κεντρικής Κέρκυρας και Διαποντίων Νήσων,518,225,2,1,3,222,81,17,15,17,4,7,90,37,7,22,14,4,5,3,0,0,0,0,12,0,0,2,1,6,12,1,7,0,0,2,1,0,0,0,0,0,0,0,1,1,0,0,1,0,0,0,2,0,1,0,0,0,0,0,3,1,0,0,2,0,0,0,2,0,8,1,1,2,1,0,0,0,3,0
26 - Κέρκυρας,85 E.T. Δήμου Κεντρικής Κέρκυρας και Διαποντίων Νήσων,515,240,22,0,22,218,68,20,8,11,4,9,95,46,9,9,20,3,2,1,0,0,0,0,11,0,1,3,5,1,15,0,6,0,0,2,2,0,0,0,0,0,0,0,0,0,0,0,0,0,0,0,7,2,1,1,2,0,0,0,1,1,0,0,2,0,0,0,2,0,9,2,1,3,1,0,0,1,3,1
26 - Κέρκυρας,86 E.T. Δήμου Κεντρικής Κέρκυρας και Διαποντίων Νήσων,519,248,5,1,6,242,79,15,16,20,1,8,101,39,15,15,12,14,2,1,0,0,0,0,16,1,0,6,2,3,11,0,8,1,0,0,2,0,0,0,0,0,1,1,1,0,1,0,0,0,0,0,6,3,1,1,0,0,0,0,1,1,0,0,3,0,1,0,0,2,11,3,2,1,0,0,0,0,8,3
26 - Κέρκυρας,87 E.T. Δήμου Κεντρικής Κέρκυρας και Διαποντίων Νήσων,509,242,1,6,7,235,74,16,16,21,1,6,101,47,10,11,18,9,4,2,0,0,0,0,10,0,0,1,2,5,17,3,4,2,0,3,4,1,0,0,0,0,0,0,3,0,1,0,1,0,1,0,1,1,0,0,1,1,0,0,2,1,0,0,1,0,0,1,0,0,13,2,1,5,0,0,0,0,3,2
26 - Κέρκυρας,88 E.T. Δήμου Κεντρικής Κέρκυρας και Διαποντίων Νήσων,511,282,0,2,2,280,94,22,19,16,2,8,116,62,12,16,8,8,5,2,0,0,0,0,20,6,0,6,3,3,15,0,8,2,0,3,3,2,1,0,0,0,0,0,0,0,0,0,0,0,0,0,5,2,0,2,2,0,0,0,0,0,0,0,0,0,0,0,0,0,13,4,2,2,2,1,0,0,5,1
26 - Κέρκυρας,89 E.T. Δήμου Κεντρικής Κέρκυρας και Διαποντίων Νήσων,518,255,1,3,4,251,73,10,13,17,2,12,110,57,3,22,19,1,4,2,1,0,1,0,12,1,0,4,2,3,12,0,5,0,0,3,4,1,0,0,0,1,0,0,3,0,0,2,0,0,0,0,4,0,2,0,0,0,0,0,0,0,0,0,4,0,0,0,0,0,17,4,2,3,1,0,0,0,7,4
26 - Κέρκυρας,90 E.T. Δήμου Κεντρικής Κέρκυρας και Διαποντίων Νήσων,528,214,3,2,5,209,70,14,15,13,2,9,75,38,7,9,8,9,4,3,1,0,0,0,21,1,0,13,1,5,10,1,5,1,0,1,4,3,0,1,0,0,0,0,2,1,0,1,0,0,0,0,2,0,0,2,0,0,0,0,1,0,0,0,4,0,0,1,1,2,8,1,2,1,3,0,1,1,5,3
26 - Κέρκυρας,91 E.T. Δήμου Κεντρικής Κέρκυρας και Διαποντίων Νήσων,516,222,0,2,2,220,65,16,9,14,0,11,100,46,5,24,12,6,5,3,0,0,0,1,9,1,0,3,2,2,16,1,9,0,0,2,0,0,0,0,0,0,0,0,1,0,0,0,0,0,0,0,2,0,0,0,0,0,0,0,3,0,0,0,1,0,0,0,0,0,11,4,0,0,3,1,0,0,4,2
26 - Κέρκυρας,92 E.T. Δήμου Κεντρικής Κέρκυρας και Διαποντίων Νήσων,506,248,1,2,3,245,79,18,20,16,3,6,105,52,4,20,14,8,5,2,0,1,0,0,10,0,0,1,7,1,18,0,9,3,0,2,2,1,0,0,0,0,0,0,1,0,0,0,1,1,0,0,6,1,1,1,0,0,0,0,2,2,0,0,3,0,0,0,0,3,10,0,2,3,1,0,0,1,2,2
26 - Κέρκυρας,93 E.T. Δήμου Κεντρικής Κέρκυρας και Διαποντίων Νήσων,525,249,3,6,9,240,93,12,24,10,5,16,88,38,7,10,9,10,2,2,0,0,0,0,18,1,0,9,3,2,6,0,3,0,0,1,6,1,0,0,0,0,0,0,2,0,0,0,0,0,0,0,4,0,2,0,0,0,0,0,1,0,0,0,2,0,0,0,0,2,12,6,0,1,0,0,0,0,6,2
26 - Κέρκυρας,94 E.T. Δήμου Κεντρικής Κέρκυρας και Διαποντίων Νήσων,512,277,1,1,2,275,99,27,20,14,7,8,102,41,2,21,10,12,4,2,0,2,0,0,15,2,2,2,3,4,14,0,6,0,0,2,1,1,0,0,0,0,0,0,2,0,0,1,0,0,0,0,7,1,2,1,0,0,0,0,0,0,0,0,1,0,0,0,0,1,19,1,1,4,2,0,0,1,9,5
26 - Κέρκυρας,95 E.T. Δήμου Κεντρικής Κέρκυρας και Διαποντίων Νήσων,523,257,4,3,7,250,68,10,8,19,2,9,120,53,9,19,20,10,4,2,0,0,0,0,14,0,1,4,5,2,10,1,9,0,0,0,3,2,0,1,0,0,0,0,1,0,0,0,0,0,0,0,11,1,0,3,1,1,0,0,2,1,0,0,2,0,1,0,1,0,7,1,0,1,3,1,0,0,4,2
26 - Κέρκυρας,96 E.T. Δήμου Κεντρικής Κέρκυρας και Διαποντίων Νήσων,510,295,4,2,6,289,101,26,26,18,2,14,107,59,4,15,16,7,3,3,0,0,0,0,18,1,1,4,2,9,30,1,15,4,1,3,8,5,1,0,0,0,0,0,1,0,0,1,0,0,0,0,3,2,0,0,2,2,0,0,0,0,0,0,1,0,0,0,0,1,9,4,0,3,3,0,1,1,3,2
26 - Κέρκυρας,97 E.T. Δήμου Κεντρικής Κέρκυρας και Διαποντίων Νήσων,494,304,6,2,8,296,101,34,12,13,7,11,106,55,3,13,16,9,9,5,0,0,0,0,19,4,1,1,4,6,20,0,9,1,0,3,1,0,0,0,1,0,0,0,1,0,0,0,1,0,1,0,12,2,2,4,0,0,0,0,1,0,1,0,1,1,0,0,0,0,17,5,2,2,4,0,1,1,3,1
26 - Κέρκυρας,98 E.T. Δήμου Κεντρικής Κέρκυρας και Διαποντίων Νήσων,491,323,4,6,10,313,97,26,18,15,3,10,129,49,6,27,29,8,10,5,2,1,0,0,19,0,0,5,7,5,14,1,3,2,1,4,2,1,0,0,1,0,0,0,0,0,0,0,2,1,0,1,6,4,0,0,1,0,0,0,1,0,0,0,2,0,0,0,1,1,18,4,1,2,3,0,0,3,9,3
26 - Κέρκυρας,99 E.T. Δήμου Κεντρικής Κέρκυρας και Διαποντίων Νήσων,507,297,2,1,3,294,91,28,17,16,3,11,122,57,10,22,16,10,15,8,3,1,2,0,23,2,2,2,6,11,13,2,4,0,1,5,3,2,0,0,0,0,0,0,0,0,0,0,0,0,0,0,4,0,2,0,0,0,0,0,2,0,0,0,0,0,0,0,0,0,15,5,1,6,5,0,1,0,1,0
26 - Κέρκυρας,100 E.T. Δήμου Κεντρικής Κέρκυρας και Διαποντίων Νήσων,498,298,6,2,8,290,90,24,19,18,3,9,123,62,8,17,22,9,8,5,1,0,0,0,19,2,0,3,5,6,24,0,18,1,1,1,0,0,0,0,0,0,0,0,1,1,0,0,1,0,1,0,4,1,0,0,0,0,0,0,0,0,0,0,1,0,0,0,0,0,10,2,2,1,3,0,1,2,6,4
26 - Κέρκυρας,101 E.T. Δήμου Κεντρικής Κέρκυρας και Διαποντίων Νήσων,493,280,6,2,8,272,108,23,13,24,3,13,104,52,6,18,12,9,2,0,0,0,0,0,11,0,1,0,4,5,14,0,7,1,1,3,3,1,0,0,0,0,0,0,2,0,0,0,4,3,1,0,3,1,0,2,0,0,0,0,1,0,0,0,2,0,0,0,1,1,13,4,0,2,1,0,0,0,4,1
26 - Κέρκυρας,102 E.T. Δήμου Κεντρικής Κέρκυρας και Διαποντίων Νήσων,489,264,3,2,5,259,88,20,9,25,2,17,104,60,3,9,11,13,3,2,0,0,0,0,22,1,0,5,8,5,17,10,4,0,0,1,0,0,0,0,0,0,0,0,1,0,0,0,1,0,0,0,0,0,0,0,0,0,0,0,0,0,0,0,6,1,0,0,2,3,12,3,1,1,2,0,2,0,3,3
26 - Κέρκυρας,103 E.T. Δήμου Κεντρικής Κέρκυρας και Διαποντίων Νήσων,495,260,6,1,7,253,113,29,16,13,8,15,84,40,3,8,15,10,4,2,0,0,0,0,21,1,3,2,5,7,16,0,9,1,1,3,1,0,0,0,0,0,0,0,1,1,0,0,0,0,0,0,2,1,0,1,0,0,0,0,1,1,0,0,1,0,0,0,1,0,7,2,0,2,0,0,0,0,2,2
26 - Κέρκυρας,104 E.T. Δήμου Κεντρικής Κέρκυρας και Διαποντίων Νήσων,461,232,6,3,9,223,83,24,17,11,3,9,82,39,1,13,17,3,7,5,1,0,0,0,11,2,0,0,2,5,14,0,7,0,0,5,2,0,1,1,0,0,0,0,0,0,0,0,0,0,0,0,4,0,1,2,0,0,0,0,2,2,0,0,1,0,0,0,0,1,10,1,1,5,2,0,0,0,5,4
26 - Κέρκυρας,105 E.T. Δήμου Κεντρικής Κέρκυρας και Διαποντίων Νήσων,530,241,5,2,7,234,99,32,20,15,0,4,73,35,2,8,9,5,6,3,1,0,0,0,10,2,0,1,3,1,12,0,6,2,0,3,1,0,0,0,0,0,0,0,1,0,0,0,0,0,0,0,11,4,2,2,1,0,0,0,2,0,0,0,0,0,0,0,0,0,12,3,0,3,2,0,0,1,4,2
26 - Κέρκυρας,106 E.T. Δήμου Κεντρικής Κέρκυρας και Διαποντίων Νήσων,464,268,0,0,0,268,101,45,16,20,5,12,100,66,4,10,6,10,6,3,1,1,0,0,17,0,1,7,5,2,15,0,8,0,0,4,1,1,0,0,0,0,0,0,0,0,0,0,0,0,0,0,7,3,2,1,0,0,0,0,2,2,0,0,2,0,0,0,0,2,8,1,4,3,1,1,0,0,8,3
26 - Κέρκυρας,107 E.T. Δήμου Κεντρικής Κέρκυρας και Διαποντίων Νήσων,484,279,2,0,2,277,88,17,14,18,3,10,110,60,7,15,6,12,6,5,0,0,0,0,27,2,2,8,3,9,17,1,3,0,0,4,1,0,0,0,0,0,0,0,1,1,0,0,0,0,0,0,4,1,0,1,2,1,0,0,1,0,0,0,1,0,0,0,0,1,11,1,1,1,1,1,0,0,7,3
26 - Κέρκυρας,108 E.T. Δήμου Κεντρικής Κέρκυρας και Διαποντίων Νήσων,463,235,4,3,7,228,77,18,15,15,7,5,101,47,6,17,14,8,2,0,0,0,0,0,12,0,0,2,3,7,12,1,8,0,0,1,2,0,0,0,0,0,0,0,0,0,0,0,0,0,0,0,4,1,1,2,0,0,0,0,0,0,0,0,2,0,0,0,1,1,13,1,2,3,2,0,0,0,1,0
26 - Κέρκυρας,109 E.T. Δήμου Κεντρικής Κέρκυρας και Διαποντίων Νήσων,458,244,4,2,6,238,94,28,11,20,3,7,86,42,5,17,13,2,9,8,0,0,0,0,6,0,1,0,3,2,16,1,5,3,2,3,2,0,0,0,0,0,0,0,1,0,0,1,1,0,1,0,1,0,1,0,0,0,0,0,2,1,0,0,1,0,1,0,0,0,10,4,0,1,2,0,0,0,7,4
26 - Κέρκυρας,110 E.T. Δήμου Κεντρικής Κέρκυρας και Διαποντίων Νήσων,449,276,4,2,6,270,116,27,22,18,3,17,77,31,5,11,12,12,12,7,0,2,0,1,4,0,0,0,0,3,17,2,6,3,0,1,5,1,0,0,0,0,0,0,0,0,0,0,2,0,2,0,10,2,1,3,0,0,1,1,1,0,0,0,0,0,0,0,0,0,15,3,1,0,2,0,0,0,8,5
26 - Κέρκυρας,111 E.T. Δήμου Κεντρικής Κέρκυρας και Διαποντίων Νήσων,463,243,3,3,6,237,102,27,18,16,6,13,70,41,0,14,7,7,7,4,1,0,0,0,8,0,0,0,3,2,12,3,4,2,0,3,2,2,0,0,0,0,0,0,1,0,0,1,0,0,0,0,6,2,0,4,0,0,0,0,3,3,0,0,0,0,0,0,0,0,15,4,1,1,2,1,1,0,9,5
26 - Κέρκυρας,112 E.T. Δήμου Κεντρικής Κέρκυρας και Διαποντίων Νήσων,456,269,5,2,7,262,117,35,17,16,7,15,75,38,5,7,12,6,9,7,0,0,1,0,11,0,0,3,2,3,14,1,7,2,1,2,3,2,1,0,0,0,0,0,1,1,0,0,0,0,0,0,9,8,0,0,0,0,0,0,0,0,0,0,0,0,0,0,0,0,19,5,2,3,0,0,0,0,4,2
26 - Κέρκυρας,113 E.T. Δήμου Κεντρικής Κέρκυρας και Διαποντίων Νήσων,456,242,2,0,2,240,96,20,17,18,8,11,64,25,5,12,8,8,5,4,0,0,0,0,17,0,2,1,8,3,23,0,10,4,1,4,3,0,1,0,0,0,0,0,0,0,0,0,1,0,1,0,7,2,2,2,0,0,0,0,0,0,0,0,0,0,0,0,0,0,18,3,4,4,1,1,0,0,5,3
26 - Κέρκυρας,114 E.T. Δήμου Κεντρικής Κέρκυρας και Διαποντίων Νήσων,527,303,5,2,7,296,115,29,17,19,7,11,93,53,2,7,14,10,14,5,1,0,2,0,17,3,2,1,7,3,15,2,5,2,0,2,4,0,0,0,1,0,0,0,1,0,0,1,2,1,0,0,14,5,1,3,0,0,2,1,2,0,0,0,1,1,0,0,0,0,7,2,0,2,0,0,0,0,9,0
26 - Κέρκυρας,115 E.T. Δήμου Κεντρικής Κέρκυρας και Διαποντίων Νήσων,561,323,5,1,6,317,119,27,25,16,6,15,120,63,4,23,16,9,14,10,0,1,1,0,18,1,0,3,6,6,14,1,8,0,0,3,3,0,1,0,1,0,0,0,1,0,0,0,0,0,0,0,7,2,0,3,0,0,0,0,0,0,0,0,1,0,0,1,0,0,14,3,4,2,1,0,0,0,5,3
26 - Κέρκυρας,116 E.T. Δήμου Κεντρικής Κέρκυρας και Διαποντίων Νήσων,558,285,9,6,15,270,89,20,12,15,4,13,100,43,5,18,18,5,6,1,0,0,0,0,18,1,1,1,1,8,20,1,8,2,2,3,0,0,0,0,0,0,0,0,1,0,0,0,2,0,1,0,7,1,2,1,0,0,0,0,1,0,0,1,1,0,0,0,0,0,18,1,0,5,2,0,0,1,5,1
26 - Κέρκυρας,117 E.T. Δήμου Κεντρικής Κέρκυρας και Διαποντίων Νήσων,563,295,5,1,6,289,96,22,18,22,5,10,121,62,2,20,18,9,12,8,0,0,3,0,10,1,0,1,5,2,15,1,7,3,1,0,6,3,1,0,0,0,0,0,1,0,0,1,0,0,0,0,6,1,2,1,0,0,0,0,2,0,0,0,2,0,1,0,0,1,11,1,2,2,1,0,0,0,6,3
26 - Κέρκυρας,118 E.T. Δήμου Κεντρικής Κέρκυρας και Διαποντίων Νήσων,563,347,9,4,13,334,124,3,20,21,9,9,116,64,4,16,15,7,8,4,1,0,0,0,26,1,1,12,3,4,25,0,14,0,3,5,1,0,0,0,0,0,0,0,1,1,0,0,0,0,0,0,12,2,3,2,0,0,1,0,2,1,0,0,1,0,0,0,0,1,8,1,2,0,4,0,0,0,5,4
26 - Κέρκυρας,119 E.T. Δήμου Κεντρικής Κέρκυρας και Διαποντίων Νήσων,566,329,4,1,5,324,113,20,15,20,1,13,128,53,2,24,27,9,3,1,0,0,0,0,17,1,2,5,3,5,24,0,14,2,0,3,1,0,0,0,0,0,0,0,1,1,0,0,1,1,0,0,7,1,2,0,1,0,0,0,0,0,0,0,5,2,0,1,0,0,12,3,0,0,2,0,0,0,9,5
26 - Κέρκυρας,120 E.T. Δήμου Κεντρικής Κέρκυρας και Διαποντίων Νήσων,506,307,3,0,3,304,97,54,17,23,1,2,127,54,5,31,10,13,11,7,2,0,0,0,24,3,1,4,9,5,21,1,7,3,2,5,6,2,2,0,0,0,0,0,0,0,0,0,0,0,0,0,4,1,2,0,0,0,0,0,0,0,0,0,1,0,0,0,0,0,9,3,1,2,1,0,0,0,3,0
26 - Κέρκυρας,121 E.T. Δήμου Κεντρικής Κέρκυρας και Διαποντίων Νήσων,514,280,1,1,2,278,102,20,21,11,5,16,117,63,1,19,16,9,8,2,1,1,0,0,15,0,0,3,4,6,10,0,3,2,1,1,2,0,0,1,0,0,0,0,1,0,0,1,2,0,2,0,6,0,2,2,0,0,0,0,0,0,0,0,1,0,0,0,1,0,8,1,1,1,3,1,1,1,3,1
26 - Κέρκυρας,122 E.T. Δήμου Κεντρικής Κέρκυρας και Διαποντίων Νήσων,497,279,4,2,6,273,98,25,22,20,5,8,108,47,2,25,17,7,8,5,0,0,0,1,17,1,0,4,5,4,9,0,4,0,0,3,1,0,0,0,0,0,0,0,1,0,0,0,0,0,0,0,6,1,0,1,1,0,0,0,1,0,0,0,2,1,1,0,0,0,12,3,1,4,1,0,0,1,8,5
26 - Κέρκυρας,123 E.T. Δήμου Κεντρικής Κέρκυρας και Διαποντίων Νήσων,496,287,2,2,4,283,111,26,15,30,6,13,100,59,3,16,8,5,7,6,0,0,0,0,16,1,1,3,4,6,11,1,2,2,0,0,7,1,1,0,0,0,0,0,2,2,0,0,1,0,0,1,3,0,0,1,0,0,0,0,0,0,0,0,0,0,0,0,0,0,14,0,0,4,2,0,0,0,9,3
26 - Κέρκυρας,124 E.T. Δήμου Κεντρικής Κέρκυρας και Διαποντίων Νήσων,494,293,11,3,14,279,97,35,15,14,2,12,106,56,2,15,13,10,10,5,0,0,0,4,12,0,1,2,4,3,7,0,1,3,0,1,4,2,1,1,0,0,0,0,1,0,0,0,0,0,0,0,11,2,3,3,0,0,0,0,2,1,0,0,1,0,0,0,0,1,13,2,2,4,9,3,1,0,6,4
26 - Κέρκυρας,125 E.T. Δήμου Κεντρικής Κέρκυρας και Διαποντίων Νήσων,504,260,5,0,5,255,85,16,22,15,2,7,98,67,1,7,7,9,5,3,2,0,0,0,17,1,0,1,8,5,11,0,5,1,2,2,4,0,1,1,0,0,0,0,1,0,0,1,2,1,0,1,10,2,2,2,2,1,0,0,0,0,0,0,3,0,0,0,2,1,11,1,0,4,0,0,0,0,6,4
26 - Κέρκυρας,126 E.T. Δήμου Κεντρικής Κέρκυρας και Διαποντίων Νήσων,471,227,2,1,3,224,77,14,10,14,4,10,93,51,7,8,19,5,7,5,0,1,0,0,5,0,1,0,1,2,8,0,0,5,0,1,2,2,0,0,0,0,0,0,4,0,0,1,0,0,0,0,3,1,1,1,0,0,1,1,0,0,0,0,1,0,0,0,1,0,15,1,3,6,2,0,0,0,6,5
26 - Κέρκυρας,127 E.T. Δήμου Κεντρικής Κέρκυρας και Διαποντίων Νήσων,552,262,10,1,11,251,88,24,22,7,6,9,91,52,7,16,7,1,16,9,1,2,0,0,15,1,0,5,4,4,7,0,1,1,0,1,0,0,0,0,0,0,0,0,3,1,1,0,0,0,0,0,8,1,0,1,1,0,0,0,2,0,0,0,0,0,0,0,0,0,13,2,0,8,4,0,0,0,3,1
26 - Κέρκυρας,128 E.T. Δήμου Κεντρικής Κέρκυρας και Διαποντίων Νήσων,488,227,6,2,8,219,74,19,9,13,2,7,80,39,0,14,10,5,4,1,1,0,0,0,18,0,0,3,6,3,15,0,5,5,0,4,5,1,0,0,0,1,0,0,1,0,0,0,0,0,0,0,8,2,0,2,0,0,0,0,0,0,0,0,0,0,0,0,0,0,10,1,2,3,2,0,0,0,2,2
26 - Κέρκυρας,129 E.T. Δήμου Κεντρικής Κέρκυρας και Διαποντίων Νήσων,490,272,25,1,26,246,89,24,8,22,3,5,91,47,4,9,20,4,8,5,0,3,0,0,7,0,0,4,0,1,6,0,3,2,0,1,7,0,2,0,0,1,0,0,3,0,2,0,1,0,0,0,10,1,3,2,1,0,0,0,2,1,0,0,1,0,0,0,0,0,13,2,1,5,0,0,0,0,7,4
26 - Κέρκυρας,130 E.T. Δήμου Κεντρικής Κέρκυρας και Διαποντίων Νήσων,490,239,10,2,12,227,87,21,14,13,8,11,77,36,1,16,13,4,8,4,2,0,0,0,14,2,1,6,1,4,5,1,3,0,0,0,3,2,0,0,0,0,1,0,1,1,0,0,3,0,2,0,2,0,0,1,0,0,1,0,2,1,1,0,1,0,0,0,0,0,13,2,4,2,3,1,0,0,6,4
26 - Κέρκυρας,131 E.T. Δήμου Κεντρικής Κέρκυρας και Διαποντίων Νήσων,510,211,2,2,4,207,63,22,6,13,5,3,94,56,2,12,7,10,12,7,0,0,0,0,7,0,0,2,3,1,6,0,0,4,1,1,1,0,0,0,0,0,0,0,1,0,0,0,3,1,1,0,2,0,0,0,0,0,0,0,1,0,0,0,0,0,0,0,0,0,13,5,1,0,1,1,0,0,3,2
26 - Κέρκυρας,132 E.T. Δήμου Κεντρικής Κέρκυρας και Διαποντίων Νήσων,478,262,2,3,5,257,86,23,10,11,5,9,99,44,3,16,21,7,10,4,1,0,1,1,9,2,0,0,1,6,13,0,5,3,1,2,4,1,1,0,0,0,0,0,0,0,0,0,3,1,0,2,11,3,0,4,0,0,1,0,2,0,1,1,1,0,0,0,1,0,11,3,2,4,2,0,2,0,5,2
26 - Κέρκυρας,133 E.T. Δήμου Κεντρικής Κέρκυρας και Διαποντίων Νήσων,499,257,5,2,7,250,92,28,10,12,7,10,114,66,6,14,13,9,4,3,0,0,0,0,4,0,0,0,0,0,10,0,3,3,0,2,1,1,0,0,0,0,0,0,0,0,0,0,0,0,0,0,7,3,0,2,0,0,0,0,0,0,0,0,1,0,0,0,0,0,7,2,0,4,2,0,1,0,8,5
26 - Κέρκυρας,134 E.T. Δήμου Κεντρικής Κέρκυρας και Διαποντίων Νήσων,465,269,1,2,3,266,96,32,11,17,4,15,96,35,7,15,16,11,9,5,3,0,0,1,11,0,0,3,3,4,16,0,9,2,1,2,4,3,0,0,0,0,0,0,1,0,0,0,0,0,0,0,11,3,1,3,0,0,1,0,0,0,0,0,0,0,0,0,0,0,11,1,1,3,3,0,0,2,7,5
26 - Κέρκυρας,135 E.T. Δήμου Κεντρικής Κέρκυρας και Διαποντίων Νήσων,466,231,2,1,3,228,96,27,15,16,4,9,83,36,3,14,13,7,6,4,0,0,0,0,6,2,0,2,1,1,6,0,3,2,0,0,2,2,0,0,0,0,0,0,2,0,0,0,0,0,0,0,7,0,2,1,0,0,0,0,3,1,0,1,0,0,0,0,0,0,13,2,3,1,1,0,0,1,3,0
26 - Κέρκυρας,136 E.T. Δήμου Κεντρικής Κέρκυρας και Διαποντίων Νήσων,489,269,4,1,5,264,106,20,19,18,7,14,80,36,1,20,7,7,4,1,1,0,0,0,16,1,1,0,5,7,15,0,9,0,1,2,4,2,0,0,0,0,0,0,2,0,0,0,1,0,0,1,15,3,3,4,1,1,0,0,1,1,0,0,0,0,0,0,0,0,10,5,1,3,0,0,0,0,9,5
26 - Κέρκυρας,137 E.T. Δήμου Κεντρικής Κέρκυρας και Διαποντίων Νήσων,477,244,6,1,7,237,98,22,11,17,6,18,90,47,2,19,12,4,8,5,0,0,0,0,17,0,2,3,3,8,3,0,0,2,0,1,1,0,1,0,0,0,0,0,0,0,0,0,0,0,0,0,5,0,0,3,1,0,0,0,1,1,0,0,1,0,0,0,0,1,9,1,1,0,1,0,1,0,2,0
26 - Κέρκυρας,138 E.T. Δήμου Κεντρικής Κέρκυρας και Διαποντίων Νήσων,401,170,0,1,1,169,64,12,10,7,6,6,48,20,3,12,6,2,11,7,0,2,0,0,10,0,1,0,3,5,2,0,2,0,0,0,1,0,0,0,0,0,0,0,0,0,0,0,2,0,2,0,8,2,2,1,0,0,0,0,1,0,0,0,1,0,0,0,0,0,7,3,1,1,2,0,0,0,12,9
26 - Κέρκυρας,139 E.T. Δήμου Κεντρικής Κέρκυρας και Διαποντίων Νήσων,475,250,3,2,5,245,95,25,13,19,5,11,84,45,2,21,7,0,8,6,0,0,0,0,21,1,0,6,7,4,12,0,6,2,0,2,2,1,0,0,0,0,0,0,2,0,0,0,1,0,1,0,2,0,0,1,0,0,0,0,1,0,0,0,0,0,0,0,0,0,14,2,1,3,1,0,0,0,2,1
26 - Κέρκυρας,140 E.T. Δήμου Κεντρικής Κέρκυρας και Διαποντίων Νήσων,482,274,3,1,4,270,116,42,19,11,5,11,99,46,1,15,17,5,6,3,1,2,0,0,10,2,0,1,1,4,10,0,5,1,1,1,0,0,0,0,0,0,0,0,3,0,0,0,0,0,0,0,6,1,0,2,0,0,0,0,0,0,0,0,0,0,0,0,0,0,14,2,0,3,2,0,0,1,4,2
26 - Κέρκυρας,141 E.T. Δήμου Κεντρικής Κέρκυρας και Διαποντίων Νήσων,482,238,6,3,9,229,104,29,17,11,2,8,76,40,0,15,9,6,5,3,0,0,0,0,9,0,1,3,2,2,8,1,2,1,0,0,3,0,0,0,0,0,0,0,0,0,0,0,0,0,0,0,4,0,0,0,0,0,0,0,2,0,1,0,1,0,0,0,0,0,12,4,1,3,2,1,0,0,3,0
26 - Κέρκυρας,142 E.T. Δήμου Κεντρικής Κέρκυρας και Διαποντίων Νήσων,498,268,2,1,3,265,91,23,9,30,2,8,85,52,5,10,9,5,15,9,1,0,0,0,21,0,0,9,2,9,7,0,4,0,1,1,1,0,0,0,0,0,0,0,3,0,0,1,1,0,0,0,6,1,1,1,1,1,0,0,1,0,0,0,2,0,0,0,0,1,21,5,0,4,2,1,0,0,8,2
26 - Κέρκυρας,143 E.T. Δήμου Κεντρικής Κέρκυρας και Διαποντίων Νήσων,274,129,2,0,2,127,55,10,6,19,3,4,50,23,1,9,10,2,8,3,1,0,0,0,1,0,0,0,0,1,3,1,1,1,0,0,1,0,0,0,0,0,0,0,0,0,0,0,1,0,1,0,2,0,0,0,0,0,0,0,1,1,0,0,1,0,0,0,0,1,1,0,0,1,0,0,0,0,3,2
26 - Κέρκυρας,144 E.T. Δήμου Κεντρικής Κέρκυρας και Διαποντίων Νήσων,348,189,6,2,8,181,84,13,3,10,28,7,49,31,0,6,5,5,7,5,0,1,1,0,8,0,1,1,1,4,13,0,7,2,0,2,3,0,0,0,1,0,0,0,0,0,0,0,2,1,0,1,8,2,0,3,0,0,0,0,1,0,0,0,0,0,0,0,0,0,4,0,1,0,0,0,0,0,2,1
26 - Κέρκυρας,145 E.T. Δήμου Κεντρικής Κέρκυρας και Διαποντίων Νήσων,534,311,3,2,5,306,124,45,16,22,3,17,94,51,3,10,19,5,9,4,1,0,0,0,19,3,0,6,3,6,17,1,7,1,0,7,0,0,0,0,0,0,0,0,0,0,0,0,1,0,1,0,5,0,0,3,0,0,0,0,1,0,0,1,2,0,0,0,0,2,24,9,2,3,1,0,0,0,9,9
26 - Κέρκυρας,146 E.T. Δήμου Κεντρικής Κέρκυρας και Διαποντίων Νήσων,494,293,4,3,7,286,130,49,18,25,5,10,87,47,2,13,15,4,12,7,1,0,0,0,19,0,7,2,2,6,11,0,8,2,0,1,3,0,0,1,0,0,0,0,1,0,0,0,0,0,0,0,7,4,0,1,0,0,0,0,2,0,0,1,1,0,0,0,0,0,7,4,0,2,0,0,0,0,6,4
26 - Κέρκυρας,147 E.T. Δήμου Κεντρικής Κέρκυρας και Διαποντίων Νήσων,500,273,3,0,3,270,104,41,16,13,4,10,101,48,5,22,12,6,7,4,0,1,0,0,8,3,1,1,0,3,13,0,5,1,0,3,2,1,0,0,1,0,0,0,2,0,2,0,0,0,0,0,8,3,0,2,0,0,2,1,2,0,0,0,0,0,0,0,0,0,15,6,0,4,4,1,0,1,2,0
26 - Κέρκυρας,148 E.T. Δήμου Κεντρικής Κέρκυρας και Διαποντίων Νήσων,543,277,3,5,8,269,97,28,12,16,4,13,86,45,4,10,16,6,9,7,0,1,0,0,13,3,1,1,1,5,14,1,7,0,0,2,1,0,0,0,0,0,0,0,2,1,0,1,1,0,0,1,7,1,1,2,0,0,2,1,1,0,0,0,5,1,0,0,0,2,17,5,2,3,1,0,0,1,13,9
26 - Κέρκυρας,149 E.T. Δήμου Κεντρικής Κέρκυρας και Διαποντίων Νήσων,514,281,1,1,2,279,116,51,12,15,1,14,85,48,4,14,10,4,9,4,0,0,1,1,12,2,1,0,5,1,12,1,7,1,0,3,2,1,1,0,0,0,0,0,1,0,0,1,3,0,0,0,13,2,2,3,0,0,1,1,1,0,0,0,2,0,0,0,0,1,16,6,2,2,0,0,0,0,6,5
26 - Κέρκυρας,150 E.T. Δήμου Κεντρικής Κέρκυρας και Διαποντίων Νήσων,506,273,7,1,8,265,102,32,10,14,4,6,97,54,1,15,9,7,7,5,1,0,0,1,19,2,1,1,6,3,12,1,2,0,0,5,1,1,0,0,0,0,0,0,0,0,0,0,1,0,0,0,7,0,2,0,1,1,0,0,2,1,0,0,0,0,0,0,0,0,12,3,0,0,1,0,0,0,3,3
26 - Κέρκυρας,151 E.T. Δήμου Νότιας Κέρκυρας,345,196,2,1,3,193,66,11,3,24,0,3,81,50,1,12,1,12,4,2,0,1,0,0,13,5,0,5,0,1,11,1,5,4,0,0,3,0,0,0,0,0,0,0,1,1,0,0,0,0,0,0,2,0,0,0,0,0,0,0,0,0,0,0,0,0,0,0,0,0,7,3,1,0,0,0,0,0,5,0
26 - Κέρκυρας,152 E.T. Δήμου Νότιας Κέρκυρας,358,180,1,0,1,179,64,17,6,16,2,4,78,62,1,9,3,1,4,2,1,0,0,0,16,7,0,2,2,3,2,0,0,1,0,0,3,2,0,0,0,0,0,0,1,1,0,0,0,0,0,0,1,1,0,0,0,0,0,0,1,0,0,0,0,0,0,0,0,0,3,0,0,0,1,0,0,0,5,2
26 - Κέρκυρας,153 E.T. Δήμου Νότιας Κέρκυρας,444,237,3,0,3,234,104,21,13,28,4,7,58,28,5,18,5,0,3,1,0,1,0,1,19,4,0,6,5,4,26,1,12,5,0,1,1,1,0,0,0,0,0,0,0,0,0,0,0,0,0,0,3,0,0,2,0,0,1,0,1,0,0,0,0,0,0,0,0,0,10,1,1,2,0,0,0,0,8,5
26 - Κέρκυρας,154 E.T. Δήμου Νότιας Κέρκυρας,447,268,1,1,2,266,104,26,19,31,5,2,60,31,1,15,8,1,4,3,0,0,0,0,36,10,0,0,6,7,28,3,14,3,0,4,3,1,0,1,0,0,0,0,1,0,0,1,0,0,0,0,6,3,0,1,1,1,1,1,0,0,0,0,0,0,0,0,0,0,20,3,1,3,0,0,0,0,2,0
26 - Κέρκυρας,155 E.T. Δήμου Νότιας Κέρκυρας,436,215,2,2,4,211,87,22,13,28,0,8,51,24,1,13,10,2,6,4,0,0,0,0,26,10,0,6,3,2,18,2,5,4,0,3,2,1,0,1,0,0,0,0,1,0,0,0,1,0,0,1,2,0,0,1,1,0,1,0,0,0,0,0,1,0,0,0,0,0,6,1,0,0,0,0,0,0,8,3
26 - Κέρκυρας,156 E.T. Δήμου Νότιας Κέρκυρας,441,231,1,3,4,227,70,23,3,17,3,7,95,50,1,28,10,3,9,8,0,0,0,0,16,5,1,3,1,3,14,1,6,2,0,2,1,0,0,0,0,0,0,0,1,0,0,1,0,0,0,0,1,0,0,1,1,0,0,0,1,0,0,0,0,0,0,0,0,0,8,3,1,0,0,0,0,0,10,6
26 - Κέρκυρας,157 E.T. Δήμου Νότιας Κέρκυρας,346,205,5,4,9,196,68,19,9,10,9,4,57,40,0,6,4,0,10,7,0,1,0,1,16,4,2,0,3,1,25,1,3,17,0,1,1,0,0,0,0,0,0,0,2,1,0,0,1,0,0,1,8,1,3,2,1,0,0,0,1,1,0,0,2,0,1,0,0,0,2,1,0,1,0,0,0,0,2,0
26 - Κέρκυρας,158 E.T. Δήμου Νότιας Κέρκυρας,189,98,1,1,2,96,28,3,2,4,0,3,24,8,0,5,3,2,0,0,0,0,0,0,12,1,0,5,3,2,20,3,3,8,0,3,0,0,0,0,0,0,0,0,0,0,0,0,0,0,0,0,2,1,0,0,0,0,0,0,1,0,0,0,0,0,0,0,0,0,4,1,0,0,1,0,0,0,4,3
26 - Κέρκυρας,159 E.T. Δήμου Νότιας Κέρκυρας,436,249,5,2,7,242,90,12,7,20,4,24,84,49,2,9,7,11,4,2,2,0,0,0,4,1,1,1,0,1,14,3,2,4,0,3,1,1,0,0,0,0,0,0,2,0,2,0,4,2,0,2,13,3,5,1,0,0,0,0,1,0,0,1,0,0,0,0,0,0,13,5,2,3,0,0,0,0,12,10
26 - Κέρκυρας,160 E.T. Δήμου Νότιας Κέρκυρας,441,190,2,1,3,187,50,12,6,6,1,7,48,35,1,9,1,1,3,2,0,0,0,0,11,9,1,0,1,0,44,1,15,21,0,4,0,0,0,0,0,0,0,0,1,1,0,0,9,0,0,9,4,1,3,0,0,0,0,0,2,2,0,0,0,0,0,0,0,0,7,2,1,2,0,0,0,0,8,7
26 - Κέρκυρας,161 E.T. Δήμου Νότιας Κέρκυρας,440,202,7,2,9,193,62,8,10,6,2,10,48,34,1,6,1,0,8,4,0,0,0,0,17,9,1,1,2,0,29,1,8,13,0,4,0,0,0,0,0,0,0,0,0,0,0,0,4,0,0,4,8,0,4,1,0,0,1,0,1,0,0,0,3,1,0,0,0,1,8,1,1,1,1,0,0,0,3,2
26 - Κέρκυρας,162 E.T. Δήμου Νότιας Κέρκυρας,436,207,1,0,1,206,81,19,10,2,4,21,50,35,0,9,3,0,8,3,0,1,0,0,17,10,0,0,4,2,14,1,2,9,0,1,3,1,0,0,0,0,0,0,0,0,0,0,6,1,0,3,11,0,4,1,0,0,1,0,0,0,0,0,1,0,0,0,1,0,11,1,2,3,0,0,0,0,3,1
26 - Κέρκυρας,163 E.T. Δήμου Νότιας Κέρκυρας,424,179,1,1,2,177,54,8,9,9,5,5,66,44,4,7,0,2,3,3,0,0,0,0,17,9,0,1,4,2,15,0,3,12,0,0,1,0,0,0,0,0,0,0,0,0,0,0,5,0,0,5,3,0,2,1,0,0,0,0,2,1,1,0,0,0,0,0,0,0,4,2,1,0,2,0,0,2,5,3
26 - Κέρκυρας,164 E.T. Δήμου Νότιας Κέρκυρας,343,174,3,1,4,170,57,11,5,24,0,0,48,33,2,3,4,1,5,0,1,3,0,0,16,7,0,0,5,3,20,1,9,3,0,5,4,0,0,0,0,0,0,0,0,0,0,0,0,0,0,0,4,2,0,1,0,0,0,0,1,0,0,0,1,1,0,0,0,0,5,2,1,0,0,0,0,0,9,5
26 - Κέρκυρας,165 E.T. Δήμου Νότιας Κέρκυρας,425,209,4,1,5,204,67,20,16,17,2,6,43,28,1,5,5,2,4,2,0,1,0,0,42,11,1,1,19,7,17,1,7,5,2,1,4,4,0,0,0,0,0,0,0,0,0,0,1,0,1,0,6,1,2,3,0,0,0,0,0,0,0,0,0,0,0,0,0,0,15,3,3,5,1,0,0,0,4,2
26 - Κέρκυρας,166 E.T. Δήμου Νότιας Κέρκυρας,355,174,3,2,5,169,46,4,15,5,5,8,35,17,0,10,2,2,6,4,0,0,2,0,28,23,0,1,3,1,33,0,19,6,0,1,2,2,0,0,0,0,0,0,1,0,0,1,0,0,0,0,2,0,0,1,1,1,0,0,2,1,0,0,5,2,0,0,0,3,5,0,0,4,0,0,0,0,3,1
26 - Κέρκυρας,167 E.T. Δήμου Νότιας Κέρκυρας,361,174,2,0,2,172,42,8,8,3,4,10,41,24,0,8,4,1,5,4,0,0,0,0,27,27,0,0,0,0,31,2,17,1,3,6,0,0,0,0,0,0,0,0,0,0,0,0,4,0,0,4,3,2,0,1,0,0,0,0,0,0,0,0,1,0,0,0,0,0,10,3,0,3,2,1,0,0,6,4
26 - Κέρκυρας,168 E.T. Δήμου Νότιας Κέρκυρας,361,168,1,0,1,167,36,9,7,2,3,2,43,25,1,7,8,1,3,3,0,0,0,0,23,13,0,0,9,0,33,1,21,3,0,0,0,0,0,0,0,0,0,0,0,0,0,0,0,0,0,0,6,1,3,0,0,0,0,0,0,0,0,0,2,0,0,0,0,2,14,0,1,4,1,0,0,0,6,4
26 - Κέρκυρας,169 E.T. Δήμου Νότιας Κέρκυρας,453,233,1,3,4,229,50,12,6,6,4,4,66,37,0,11,8,6,8,6,0,1,0,0,21,19,0,0,1,0,43,0,26,7,1,4,0,0,0,0,0,0,0,0,0,0,0,0,7,0,0,6,5,0,3,0,1,1,0,0,1,0,0,0,5,3,0,0,0,2,12,2,1,2,1,1,0,0,9,4
26 - Κέρκυρας,170 E.T. Δήμου Νότιας Κέρκυρας,466,265,4,2,6,259,108,23,18,12,4,28,49,25,0,5,6,5,2,2,0,0,0,0,31,31,0,0,0,0,41,1,21,10,0,6,1,0,0,0,0,0,0,0,1,1,0,0,2,0,0,2,5,0,3,2,0,0,0,0,1,1,0,0,0,0,0,0,0,0,12,2,0,7,1,0,1,0,5,5
26 - Κέρκυρας,171 E.T. Δήμου Νότιας Κέρκυρας,340,162,2,1,3,159,30,4,6,2,4,6,44,21,1,8,2,5,7,7,0,0,0,0,13,6,0,0,1,2,32,5,14,6,1,2,2,1,0,0,0,0,0,0,3,2,0,0,1,0,0,1,6,1,2,1,0,0,0,0,0,0,0,0,3,1,0,0,0,2,7,0,1,1,1,0,1,0,10,4
26 - Κέρκυρας,172 E.T. Δήμου Νότιας Κέρκυρας,479,244,2,1,3,241,74,17,11,6,3,27,55,21,1,14,12,2,5,3,0,0,1,0,50,44,0,0,2,2,30,1,14,11,0,3,1,0,0,0,0,1,0,0,2,2,0,0,4,0,0,4,3,2,1,0,0,0,0,0,1,1,0,0,1,0,0,0,0,0,8,3,1,0,1,0,0,0,6,3
26 - Κέρκυρας,173 E.T. Δήμου Νότιας Κέρκυρας,384,203,6,2,8,195,47,9,5,5,4,6,58,32,1,13,4,3,10,7,0,1,1,0,21,17,1,2,0,1,26,1,15,3,1,3,1,0,1,0,0,0,0,0,1,1,0,0,4,0,0,3,3,0,1,1,0,0,0,0,2,0,0,0,1,0,0,0,0,0,12,1,0,3,1,0,0,0,8,7
26 - Κέρκυρας,174 E.T. Δήμου Νότιας Κέρκυρας,359,201,1,0,1,200,47,14,5,6,2,5,64,30,1,18,4,0,5,3,0,0,0,0,14,12,0,0,0,1,39,2,22,8,0,3,1,0,0,0,0,0,0,0,3,1,0,1,1,0,0,1,1,1,0,0,0,0,0,0,0,0,0,0,10,2,0,0,0,7,6,2,1,0,1,1,0,0,8,4
26 - Κέρκυρας,175 E.T. Δήμου Νότιας Κέρκυρας,430,194,0,1,1,193,67,17,10,7,3,13,42,20,1,16,2,1,8,6,0,0,1,0,26,24,0,1,0,0,18,1,11,1,1,3,1,0,1,0,0,0,0,0,2,1,0,0,2,0,0,2,2,1,1,0,0,0,0,0,2,1,0,0,2,0,0,0,0,2,11,2,0,4,1,0,0,0,9,3
26 - Κέρκυρας,176 E.T. Δήμου Νότιας Κέρκυρας,509,280,3,0,3,277,41,11,4,1,1,7,117,71,1,19,17,1,6,5,0,0,0,0,26,21,0,0,0,1,19,2,9,2,0,2,3,1,0,0,0,0,0,0,2,1,0,0,1,1,0,0,6,0,3,2,0,0,0,0,1,0,1,0,6,0,0,0,0,4,41,6,7,3,0,0,0,0,8,4
26 - Κέρκυρας,177 E.T. Δήμου Νότιας Κέρκυρας,308,167,2,0,2,165,65,12,8,5,2,8,24,18,0,2,0,3,1,1,0,0,0,0,24,17,0,1,2,0,33,0,1,31,0,0,0,0,0,0,0,0,0,0,0,0,0,0,2,0,0,0,1,1,0,0,0,0,0,0,2,0,0,1,0,0,0,0,0,0,12,1,2,3,0,0,0,0,1,0
26 - Κέρκυρας,178 E.T. Δήμου Νότιας Κέρκυρας,273,157,2,0,2,155,48,13,8,1,2,1,47,34,1,7,1,0,3,0,0,0,0,0,18,14,0,1,1,1,20,0,1,19,0,0,0,0,0,0,0,0,0,0,0,0,0,0,2,0,0,0,3,0,0,0,0,0,0,0,0,0,0,0,0,0,0,0,0,0,8,0,0,3,3,0,0,0,3,0
26 - Κέρκυρας,179 E.T. Δήμου Νότιας Κέρκυρας,461,241,4,1,5,236,76,23,4,15,7,5,65,47,1,8,5,0,2,0,0,0,0,0,38,26,0,1,8,1,17,0,7,3,1,6,1,0,1,0,0,0,0,0,1,1,0,0,2,0,0,2,4,1,0,0,1,0,1,0,3,2,0,0,3,0,0,0,1,2,16,3,2,2,0,0,0,0,6,3
26 - Κέρκυρας,180 E.T. Δήμου Νότιας Κέρκυρας,378,209,1,1,2,207,76,4,4,44,3,9,66,33,2,24,2,2,8,7,0,1,0,0,11,9,0,0,0,2,10,0,0,0,0,3,1,1,0,0,0,0,0,0,1,1,0,0,0,0,0,0,4,1,1,0,0,0,1,0,0,0,0,0,0,0,0,0,0,0,9,2,0,2,0,0,0,0,20,5
26 - Κέρκυρας,181 E.T. Δήμου Νότιας Κέρκυρας,473,247,2,1,3,244,51,14,6,16,4,4,108,75,3,19,6,2,5,4,0,0,1,0,30,21,0,1,5,1,17,1,6,7,1,1,0,0,0,0,0,0,0,0,0,0,0,0,1,0,0,1,7,2,3,0,2,1,1,0,0,0,0,0,1,1,0,0,0,0,11,2,1,4,1,0,0,1,9,5
26 - Κέρκυρας,182 E.T. Δήμου Νότιας Κέρκυρας,397,265,0,1,1,264,101,33,25,11,11,3,97,76,5,10,1,5,5,2,1,0,0,0,14,8,1,1,1,1,9,0,0,7,1,0,1,0,0,0,0,0,0,0,0,0,0,0,10,1,0,7,8,0,6,0,1,0,0,0,0,0,0,0,1,0,0,0,0,1,14,2,1,2,0,0,0,0,3,1
26 - Κέρκυρας,183 E.T. Δήμου Νότιας Κέρκυρας,123,92,0,0,0,92,38,10,4,6,4,7,16,8,3,3,0,0,4,2,0,0,1,0,19,19,0,0,0,0,3,1,0,0,0,0,1,0,0,0,0,0,0,0,0,0,0,0,0,0,0,0,0,0,0,0,0,0,0,0,1,0,1,0,0,0,0,0,0,0,6,0,1,2,0,0,0,0,4,4
26 - Κέρκυρας,184 E.T. Δήμου Κεντρικής Κέρκυρας και Διαποντίων Νήσων,538,98,0,0,0,98,20,6,2,8,0,2,58,33,0,18,7,0,0,0,0,0,0,0,13,0,0,10,1,2,5,0,0,0,0,5,0,0,0,0,0,0,0,0,0,0,0,0,0,0,0,0,0,0,0,0,0,0,0,0,0,0,0,0,0,0,0,0,0,0,2,1,1,0,0,0,0,0,0,0
26 - Κέρκυρας,185 E.T. Δήμου Νότιας Κέρκυρας,418,238,12,1,13,225,53,16,9,4,3,4,91,53,0,22,3,5,5,2,0,0,2,0,22,6,0,2,6,5,35,20,3,6,0,0,0,0,0,0,0,0,0,0,1,0,0,0,0,0,0,0,3,1,0,0,0,0,0,0,0,0,0,0,1,0,0,0,0,1,10,3,0,0,1,0,0,0,3,1
26 - Κέρκυρας,186 E.T. Δήμου Νότιας Κέρκυρας,429,265,6,0,6,259,81,26,14,11,5,6,76,43,1,20,3,4,22,8,0,0,7,0,19,1,2,4,8,2,39,32,1,1,0,3,1,0,0,0,0,0,0,0,0,0,0,0,0,0,0,0,4,0,1,1,0,0,0,0,0,0,0,0,8,0,0,0,0,5,5,2,1,0,1,0,0,0,3,2
26 - Κέρκυρας,187 E.T. Δήμου Νότιας Κέρκυρας,420,227,3,2,5,222,79,28,4,22,5,5,68,33,3,21,7,0,13,8,0,0,1,0,18,7,0,7,3,0,18,9,3,2,2,0,2,0,0,0,0,0,0,0,0,0,0,0,0,0,0,0,6,2,0,3,0,0,0,0,2,0,1,0,0,0,0,0,0,0,12,4,1,2,0,0,0,0,4,3
26 - Κέρκυρας,188 E.T. Δήμου Νότιας Κέρκυρας,439,236,4,1,5,231,69,18,12,8,4,6,80,30,0,37,5,7,16,11,1,1,3,0,19,3,0,2,10,2,28,19,2,0,1,1,1,1,0,0,0,0,0,0,0,0,0,0,0,0,0,0,2,1,0,1,0,0,0,0,1,0,0,0,3,0,0,0,1,2,11,6,1,2,0,0,0,0,1,0
26 - Κέρκυρας,189 E.T. Δήμου Νότιας Κέρκυρας,495,308,4,3,7,301,83,15,4,8,7,9,116,22,3,74,3,5,26,18,1,1,1,0,8,0,0,4,0,3,33,11,1,19,0,2,2,0,0,0,1,0,0,0,1,1,0,0,0,0,0,0,9,2,1,1,0,0,1,0,0,0,0,0,1,0,0,0,0,0,10,0,0,6,0,0,0,0,11,6
26 - Κέρκυρας,190 E.T. Δήμου Νότιας Κέρκυρας,340,180,5,2,7,173,48,16,13,3,0,4,76,50,0,17,6,1,14,9,1,0,0,0,17,1,2,1,1,6,6,1,0,2,0,2,2,1,0,0,0,0,0,0,0,0,0,0,0,0,0,0,2,2,0,0,0,0,0,0,1,0,0,0,0,0,0,0,0,0,5,1,0,1,0,0,0,0,2,2
26 - Κέρκυρας,191 E.T. Δήμου Νότιας Κέρκυρας,234,121,0,1,1,120,52,17,7,14,0,4,15,9,0,2,0,1,6,3,0,0,0,0,4,1,0,1,1,0,17,10,0,2,3,1,0,0,0,0,0,0,0,0,4,1,0,2,0,0,0,0,12,2,4,1,1,0,0,0,1,0,1,0,1,0,0,0,0,0,2,0,0,0,0,0,0,0,5,2
26 - Κέρκυρας,192 E.T. Δήμου Νότιας Κέρκυρας,364,208,5,2,7,201,45,12,6,7,2,2,58,40,1,10,4,0,9,4,0,0,1,2,25,1,1,3,12,3,31,10,2,9,0,9,7,3,0,1,0,0,0,0,0,0,0,0,0,0,0,0,5,1,2,0,0,0,0,0,0,0,0,0,2,0,0,0,0,1,10,5,2,1,2,0,1,1,7,1
26 - Κέρκυρας,193 E.T. Δήμου Νότιας Κέρκυρας,467,258,9,3,12,246,72,17,7,24,1,12,89,57,4,15,7,1,8,2,0,0,2,0,9,2,0,0,5,1,34,16,7,6,0,3,5,2,0,0,1,0,0,0,0,0,0,0,0,0,0,0,4,2,1,1,0,0,0,0,2,1,1,0,1,0,0,0,0,0,12,7,3,1,2,0,0,0,8,5
26 - Κέρκυρας,194 E.T. Δήμου Νότιας Κέρκυρας,334,210,4,1,5,205,65,21,2,15,3,4,94,65,0,21,4,2,5,3,0,0,0,2,12,1,0,0,0,3,14,6,2,1,0,1,0,0,0,0,0,0,0,0,1,1,0,0,1,0,0,0,3,0,0,0,0,0,0,0,0,0,0,0,0,0,0,0,0,0,6,3,0,0,1,0,0,0,3,0
26 - Κέρκυρας,195 E.T. Δήμου Νότιας Κέρκυρας,296,164,2,1,3,161,73,10,15,5,4,15,47,31,1,3,4,0,3,2,0,0,0,0,12,0,0,2,7,1,13,3,4,2,0,4,0,0,0,0,0,0,0,0,0,0,0,0,0,0,0,0,2,1,0,1,1,0,0,0,0,0,0,0,0,0,0,0,0,0,3,0,0,2,1,0,0,0,6,3
26 - Κέρκυρας,196 E.T. Δήμου Νότιας Κέρκυρας,305,180,0,4,4,176,94,20,24,11,1,13,42,22,6,6,6,1,5,2,0,0,0,2,6,1,1,2,0,1,8,2,1,3,1,0,2,0,0,0,0,0,0,0,0,0,0,0,0,0,0,0,1,1,0,0,1,0,0,0,0,0,0,0,0,0,0,0,0,0,13,3,1,3,0,0,0,0,4,2
26 - Κέρκυρας,197 E.T. Δήμου Νότιας Κέρκυρας,437,253,3,3,6,247,75,23,4,27,2,6,65,45,1,7,4,2,16,9,0,3,0,4,17,3,0,2,5,1,26,15,2,2,1,2,1,1,0,0,0,0,1,0,0,0,0,0,0,0,0,0,12,4,2,3,0,0,0,0,2,0,0,1,0,0,0,0,0,0,22,9,4,2,0,0,0,0,10,7
26 - Κέρκυρας,198 E.T. Δήμου Νότιας Κέρκυρας,357,198,2,1,3,195,54,15,4,13,2,6,71,51,2,7,3,1,2,1,0,0,0,0,15,0,0,2,5,2,19,5,0,9,0,5,2,1,1,0,0,0,0,0,0,0,0,0,0,0,0,0,9,2,0,2,0,0,0,0,1,1,0,0,0,0,0,0,0,0,7,2,2,1,4,0,1,1,11,7
26 - Κέρκυρας,199 E.T. Δήμου Νότιας Κέρκυρας,522,292,7,3,10,282,98,33,14,13,7,6,82,46,0,14,5,8,9,6,0,1,0,1,35,6,1,4,8,6,31,15,2,8,2,4,2,0,0,0,0,0,0,0,2,0,0,1,0,0,0,0,7,2,3,1,0,0,0,0,4,1,0,0,2,0,0,0,1,1,4,0,1,1,1,0,0,0,5,4
26 - Κέρκυρας,200 E.T. Δήμου Νότιας Κέρκυρας,446,252,5,2,7,245,56,5,4,14,7,3,112,45,4,24,5,20,11,4,0,1,0,2,24,4,0,2,3,7,22,8,4,5,0,3,1,0,0,0,0,0,0,0,1,0,0,1,1,0,0,0,3,2,0,0,0,0,0,0,2,2,0,0,0,0,0,0,0,0,5,1,1,0,2,0,0,0,5,2
26 - Κέρκυρας,201 E.T. Δήμου Κεντρικής Κέρκυρας και Διαποντίων Νήσων,569,178,2,0,2,176,28,11,3,6,0,3,119,34,1,20,60,0,1,1,0,0,0,0,12,2,0,0,2,7,4,1,1,0,0,0,2,1,0,0,1,0,0,0,1,0,0,0,0,0,0,0,1,1,0,0,0,0,0,0,0,0,0,0,0,0,0,0,0,0,6,1,1,0,0,0,0,0,2,2
26 - Κέρκυρας,202 E.T. Δήμου Κεντρικής Κέρκυρας και Διαποντίων Νήσων,381,198,1,2,3,195,41,11,7,8,7,1,87,51,4,12,10,3,7,3,0,0,1,0,22,8,0,2,2,5,11,0,0,3,1,4,2,0,0,0,1,0,0,0,1,0,0,0,2,0,0,2,4,0,0,1,0,0,0,0,0,0,0,0,0,0,0,0,0,0,14,0,0,10,2,0,1,0,2,0
26 - Κέρκυρας,203 E.T. Δήμου Κεντρικής Κέρκυρας και Διαποντίων Νήσων,382,227,1,1,2,225,73,15,8,17,9,4,94,61,1,19,6,3,6,4,1,0,0,0,10,3,1,0,0,2,3,0,1,0,0,1,1,0,0,0,0,0,0,0,0,0,0,0,5,0,0,4,7,3,0,2,0,0,0,0,1,0,0,1,0,0,0,0,0,0,20,0,4,10,0,0,0,0,5,0
26 - Κέρκυρας,204 E.T. Δήμου Κεντρικής Κέρκυρας και Διαποντίων Νήσων,191,92,0,1,1,91,23,5,4,0,2,1,42,29,0,8,1,3,2,0,0,1,0,0,17,2,0,5,5,3,1,0,0,0,0,1,1,0,0,0,0,0,0,0,0,0,0,0,0,0,0,0,0,0,0,0,0,0,0,0,1,0,0,0,0,0,0,0,0,0,4,1,1,1,0,0,0,0,0,0
26 - Κέρκυρας,205 E.T. Δήμου Κεντρικής Κέρκυρας και Διαποντίων Νήσων,348,198,5,0,5,193,59,17,11,8,1,5,74,50,3,12,3,4,4,3,0,0,0,0,10,1,1,1,3,3,11,0,5,0,0,2,10,5,0,1,0,1,0,0,0,0,0,0,4,1,3,0,2,0,0,1,0,0,0,0,0,0,0,0,0,0,0,0,0,0,14,1,2,7,1,0,0,1,4,3
26 - Κέρκυρας,206 E.T. Δήμου Κεντρικής Κέρκυρας και Διαποντίων Νήσων,319,157,7,3,10,147,61,18,14,13,3,0,40,11,0,10,11,4,3,2,0,0,0,0,14,1,2,5,3,3,8,0,4,0,1,2,3,0,0,0,0,0,0,0,0,0,0,0,0,0,0,0,2,1,0,0,1,0,0,0,0,0,0,0,0,0,0,0,0,0,12,4,0,2,0,0,0,0,3,2
26 - Κέρκυρας,207 E.T. Δήμου Κεντρικής Κέρκυρας και Διαποντίων Νήσων,328,175,2,1,3,172,60,18,9,17,2,6,71,34,4,15,13,1,5,4,0,0,0,0,5,0,0,2,0,0,7,0,2,3,0,2,1,0,0,0,0,0,0,0,4,1,0,0,0,0,0,0,6,3,0,1,0,0,0,0,1,0,0,0,1,0,0,1,0,0,5,1,0,0,0,0,0,0,6,2
26 - Κέρκυρας,208 E.T. Δήμου Κεντρικής Κέρκυρας και Διαποντίων Νήσων,310,170,2,0,2,168,46,12,10,6,7,1,67,22,1,25,14,2,9,2,0,2,1,2,16,2,0,7,1,4,5,0,0,5,0,0,3,2,0,1,0,0,0,0,0,0,0,0,1,0,0,0,10,3,2,4,0,0,1,0,0,0,0,0,0,0,0,0,0,0,5,3,0,1,0,0,0,0,5,3
26 - Κέρκυρας,209 E.T. Δήμου Κεντρικής Κέρκυρας και Διαποντίων Νήσων,523,308,0,1,1,307,86,19,15,18,3,11,111,66,4,4,13,12,10,6,0,1,0,0,26,5,0,4,8,6,33,1,15,3,1,9,4,2,0,0,0,0,0,0,2,0,1,0,2,0,2,0,12,5,2,3,1,1,0,0,0,0,0,0,0,0,0,0,0,0,15,4,2,1,4,2,0,1,1,1
26 - Κέρκυρας,210 E.T. Δήμου Κεντρικής Κέρκυρας και Διαποντίων Νήσων,494,267,3,0,3,264,85,19,20,21,6,3,80,51,3,7,9,4,12,9,1,0,0,0,22,1,2,11,3,4,29,4,6,8,0,8,2,0,0,0,0,0,0,0,1,0,0,0,0,0,0,0,9,3,3,1,1,0,0,0,0,0,0,0,1,0,0,0,1,0,12,1,3,3,0,0,0,0,10,7
26 - Κέρκυρας,211 E.T. Δήμου Κεντρικής Κέρκυρας και Διαποντίων Νήσων,376,193,1,2,3,190,63,29,16,7,2,1,94,59,1,21,9,0,3,1,0,2,0,0,8,4,0,0,2,2,3,0,1,0,0,1,1,0,0,0,0,0,0,0,0,0,0,0,0,0,0,0,0,0,0,0,0,0,0,0,0,0,0,0,0,0,0,0,0,0,14,2,2,5,0,0,0,0,4,1
26 - Κέρκυρας,212 E.T. Δήμου Κεντρικής Κέρκυρας και Διαποντίων Νήσων,533,306,1,2,3,303,104,26,22,20,5,7,90,51,4,17,4,5,9,7,0,0,0,0,25,0,0,7,4,12,30,2,3,18,1,3,3,1,0,0,0,0,0,0,2,0,0,1,0,0,0,0,8,3,1,2,0,0,0,0,1,0,0,0,2,0,0,0,0,0,25,0,0,22,1,0,0,0,3,1
26 - Κέρκυρας,213 E.T. Δήμου Κεντρικής Κέρκυρας και Διαποντίων Νήσων,420,225,1,3,4,221,86,38,9,3,2,7,57,20,0,27,4,3,13,5,1,2,2,0,11,0,3,2,0,5,6,0,4,0,0,1,5,2,0,1,0,0,0,0,1,0,0,1,1,0,1,0,13,2,3,3,1,0,0,0,2,2,0,0,1,0,0,0,0,0,14,4,1,3,3,0,1,2,7,2
26 - Κέρκυρας,214 E.T. Δήμου Κεντρικής Κέρκυρας και Διαποντίων Νήσων,488,276,9,1,10,266,162,109,11,12,3,4,44,18,1,12,9,1,3,2,1,0,0,0,27,2,0,12,7,3,5,0,1,0,0,2,2,0,0,0,0,0,0,0,0,0,0,0,1,0,1,0,5,3,1,1,0,0,0,0,1,0,0,0,0,0,0,0,0,0,11,1,1,3,3,2,1,0,2,1
26 - Κέρκυρας,215 E.T. Δήμου Κεντρικής Κέρκυρας και Διαποντίων Νήσων,579,303,1,0,1,302,166,102,18,19,2,7,83,58,0,12,6,4,6,5,0,0,0,0,19,2,0,6,4,4,7,1,3,2,0,0,1,0,0,0,0,1,0,0,0,0,0,0,0,0,0,0,2,0,2,0,0,0,0,0,0,0,0,0,0,0,0,0,0,0,9,3,1,3,5,1,0,0,4,3
26 - Κέρκυρας,216 E.T. Δήμου Κεντρικής Κέρκυρας και Διαποντίων Νήσων,463,255,2,1,3,252,76,23,12,21,6,7,109,54,2,32,14,6,13,8,1,1,0,0,14,2,0,3,0,6,12,0,3,4,2,3,4,1,1,0,0,0,0,0,2,0,0,1,0,0,0,0,9,2,2,3,0,0,0,0,0,0,0,0,0,0,0,0,0,0,7,4,0,1,1,1,0,0,5,1
26 - Κέρκυρας,217 E.T. Δήμου Κεντρικής Κέρκυρας και Διαποντίων Νήσων,413,245,3,4,7,238,83,26,10,19,2,6,98,46,0,18,26,2,8,6,0,0,0,0,10,0,1,4,1,2,11,0,3,4,0,1,1,0,0,0,0,0,0,0,1,1,0,0,0,0,0,0,10,3,0,5,0,0,0,0,0,0,0,0,0,0,0,0,0,0,10,2,1,4,1,1,0,0,5,0
26 - Κέρκυρας,218 E.T. Δήμου Κεντρικής Κέρκυρας και Διαποντίων Νήσων,503,238,1,0,1,237,85,3,8,6,6,6,82,22,1,40,11,2,11,7,1,2,0,0,12,2,1,0,0,6,6,0,0,0,0,2,1,0,0,1,0,0,0,0,0,0,0,0,4,0,4,0,14,1,3,1,0,0,0,0,1,1,0,0,1,0,0,1,0,0,12,1,0,3,1,1,0,0,7,2
26 - Κέρκυρας,219 E.T. Δήμου Κεντρικής Κέρκυρας και Διαποντίων Νήσων,414,217,1,2,3,214,82,19,11,16,5,1,47,24,0,5,8,1,9,2,0,7,0,0,18,1,0,9,0,5,19,0,8,0,2,5,5,1,0,0,0,0,0,0,0,0,0,0,4,0,1,3,3,0,0,1,2,0,1,0,1,0,0,0,0,0,0,0,0,0,16,2,3,2,5,1,0,3,2,0
26 - Κέρκυρας,220 E.T. Δήμου Κεντρικής Κέρκυρας και Διαποντίων Νήσων,488,238,5,2,7,231,82,11,14,15,10,3,55,30,0,10,8,4,4,0,1,2,0,0,11,2,1,2,0,4,54,0,28,6,2,10,4,1,0,1,0,0,0,0,0,0,0,0,1,0,0,1,5,1,0,1,0,0,0,0,0,0,0,0,1,1,0,0,0,0,5,2,0,0,0,0,0,0,9,4
26 - Κέρκυρας,221 E.T. Δήμου Κεντρικής Κέρκυρας και Διαποντίων Νήσων,374,156,3,1,4,152,60,25,7,11,2,5,50,25,1,15,0,8,2,1,0,0,0,0,7,2,1,3,0,1,7,0,2,2,0,2,4,1,1,0,1,0,0,0,1,1,0,0,0,0,0,0,3,2,1,0,0,0,0,0,1,0,0,0,0,0,0,0,0,0,15,2,1,4,1,1,0,0,1,1
26 - Κέρκυρας,222 E.T. Δήμου Κεντρικής Κέρκυρας και Διαποντίων Νήσων,260,175,3,0,3,172,61,23,8,12,0,6,71,31,0,25,5,4,3,2,0,0,1,0,16,1,0,1,2,9,5,0,1,0,0,3,1,0,1,0,0,0,0,0,0,0,0,0,1,0,0,0,0,0,0,0,1,1,0,0,0,0,0,0,1,0,0,0,1,0,11,2,2,4,0,0,0,0,1,1
26 - Κέρκυρας,223 E.T. Δήμου Κεντρικής Κέρκυρας και Διαποντίων Νήσων,300,179,1,2,3,176,74,17,6,29,1,9,69,41,0,14,5,6,1,1,0,0,0,0,5,0,0,2,0,2,10,0,0,0,0,5,2,0,0,0,0,1,0,0,2,1,0,0,0,0,0,0,3,1,0,0,0,0,0,0,0,0,0,0,1,0,0,0,0,0,6,1,1,2,1,0,0,0,2,0
26 - Κέρκυρας,224 E.T. Δήμου Κεντρικής Κέρκυρας και Διαποντίων Νήσων,308,177,0,3,3,174,81,16,7,18,6,10,55,25,0,17,4,8,7,4,1,0,1,0,9,0,1,4,0,3,5,0,2,2,0,1,1,0,0,0,0,0,0,0,0,0,0,0,1,0,1,0,2,1,0,1,0,0,0,0,0,0,0,0,2,1,0,0,0,1,8,1,1,4,0,0,0,0,3,1
26 - Κέρκυρας,225 E.T. Δήμου Κεντρικής Κέρκυρας και Διαποντίων Νήσων,484,211,4,0,4,207,65,20,9,10,3,4,66,23,4,16,7,9,7,3,1,0,0,0,8,1,1,3,0,2,12,0,1,4,0,2,0,0,0,0,0,0,2,1,2,0,0,0,12,0,12,0,3,0,1,0,0,0,0,0,2,0,0,0,1,0,0,0,1,0,8,4,2,0,6,1,0,1,13,4
26 - Κέρκυρας,226 E.T. Δήμου Κεντρικής Κέρκυρας και Διαποντίων Νήσων,507,270,5,3,8,262,105,30,12,13,4,10,97,41,4,27,7,9,7,4,1,0,0,0,7,2,0,3,0,2,9,0,2,4,0,1,3,0,1,0,0,0,0,0,3,0,0,0,2,0,2,0,5,0,1,1,0,0,0,0,0,0,0,0,2,0,0,0,2,0,16,2,1,4,3,2,0,1,3,1
26 - Κέρκυρας,227 E.T. Δήμου Κεντρικής Κέρκυρας και Διαποντίων Νήσων,297,156,5,2,7,149,37,5,4,14,3,2,47,19,0,20,3,1,6,3,0,0,0,0,19,2,0,15,1,1,16,0,7,7,1,0,2,0,0,0,0,0,0,0,1,0,0,0,0,0,0,0,6,1,0,5,0,0,0,0,0,0,0,0,0,0,0,0,0,0,8,0,0,4,0,0,0,0,7,5
26 - Κέρκυρας,228 E.T. Δήμου Κεντρικής Κέρκυρας και Διαποντίων Νήσων,345,210,0,1,1,209,62,25,7,3,4,1,74,41,3,15,11,3,12,7,0,1,1,0,16,2,0,6,3,3,18,1,2,7,1,3,0,0,0,0,0,0,0,0,0,0,0,0,1,0,0,1,7,1,0,5,1,0,0,0,0,0,0,0,0,0,0,0,0,0,13,2,1,3,1,0,0,0,4,2
26 - Κέρκυρας,229 E.T. Δήμου Κεντρικής Κέρκυρας και Διαποντίων Νήσων,306,180,3,3,6,174,44,18,6,5,3,2,80,43,1,12,8,5,2,0,0,0,0,0,8,2,0,2,3,1,22,2,9,7,1,2,1,1,0,0,0,0,0,0,3,1,0,2,2,0,2,0,3,0,0,1,0,0,0,0,0,0,0,0,2,0,0,0,0,1,3,1,1,1,1,0,0,0,3,0
26 - Κέρκυρας,230 E.T. Δήμου Κεντρικής Κέρκυρας και Διαποντίων Νήσων,305,189,2,1,3,186,54,11,10,4,6,3,74,44,2,15,10,0,8,2,1,3,0,1,10,2,1,0,3,2,13,0,2,4,2,1,2,1,0,1,0,0,0,0,0,0,0,0,3,0,2,1,5,1,1,2,0,0,0,0,0,0,0,0,0,0,0,0,0,0,11,1,3,5,1,0,0,0,5,1
26 - Κέρκυρας,231 E.T. Δήμου Κεντρικής Κέρκυρας και Διαποντίων Νήσων,268,168,1,0,1,167,30,7,3,8,1,1,85,36,2,7,8,1,6,3,1,0,0,0,6,0,0,5,0,0,8,1,0,3,1,2,4,1,1,2,0,0,0,0,2,1,0,0,0,0,0,0,4,3,0,0,0,0,1,0,2,0,0,0,1,0,0,0,0,0,10,0,1,6,1,0,0,0,0,4
26 - Κέρκυρας,232 E.T. Δήμου Κεντρικής Κέρκυρας και Διαποντίων Νήσων,342,170,1,4,5,165,30,4,10,4,1,2,90,53,3,19,6,5,6,3,1,0,0,0,6,0,0,2,1,0,11,0,1,7,1,1,2,2,0,0,0,0,0,0,0,0,0,0,0,0,0,0,5,2,0,2,1,0,0,0,0,0,0,0,1,0,1,0,0,0,10,1,3,4,2,1,1,0,1,0
26 - Κέρκυρας,233 E.T. Δήμου Κεντρικής Κέρκυρας και Διαποντίων Νήσων,444,259,1,2,3,256,98,30,19,17,1,7,69,39,2,8,11,4,6,1,2,0,0,0,23,4,3,3,4,8,22,0,15,0,1,4,3,0,0,1,0,1,0,0,2,0,0,0,0,0,0,0,9,3,0,2,2,0,0,0,2,1,0,0,1,0,0,0,1,0,13,0,2,3,1,0,0,0,5,2
26 - Κέρκυρας,234 E.T. Δήμου Κεντρικής Κέρκυρας και Διαποντίων Νήσων,350,184,4,0,4,180,72,22,12,14,1,12,58,31,2,4,11,5,3,3,0,0,0,0,11,1,0,1,1,4,15,0,7,2,3,2,3,2,0,1,0,0,1,1,1,1,0,0,0,0,0,0,1,1,0,0,1,0,0,0,0,0,0,0,5,0,0,0,1,3,8,0,0,0,0,0,0,0,1,1
26 - Κέρκυρας,235 E.T. Δήμου Κεντρικής Κέρκυρας και Διαποντίων Νήσων,372,199,2,1,3,196,77,22,9,16,3,6,62,31,2,10,7,9,7,4,0,0,1,0,14,1,0,4,1,4,8,0,4,0,0,2,4,0,0,0,0,0,0,0,0,0,0,0,0,0,0,0,3,0,0,2,1,1,0,0,1,1,0,0,1,0,0,0,0,1,12,1,0,4,2,1,0,0,4,3
26 - Κέρκυρας,236 E.T. Δήμου Κεντρικής Κέρκυρας και Διαποντίων Νήσων,323,180,5,1,6,174,53,9,9,0,3,7,44,22,3,10,4,1,12,7,0,0,0,1,28,1,0,11,1,7,7,0,2,0,1,1,3,0,1,0,1,0,0,0,1,0,0,0,0,0,0,0,5,1,0,2,0,0,0,0,1,1,0,0,0,0,0,0,0,0,8,1,0,4,2,2,0,0,10,3
26 - Κέρκυρας,237 E.T. Δήμου Κεντρικής Κέρκυρας και Διαποντίων Νήσων,496,282,4,0,4,278,96,34,10,15,5,7,93,48,3,19,4,13,9,5,0,2,0,0,19,0,1,3,5,6,13,0,0,3,0,4,1,1,0,0,0,0,0,0,0,0,0,0,2,1,0,0,12,1,3,3,1,0,0,0,3,2,0,1,2,0,0,0,1,0,19,0,1,12,0,0,0,0,8,4
26 - Κέρκυρας,238 E.T. Δήμου Κεντρικής Κέρκυρας και Διαποντίων Νήσων,503,310,2,3,5,305,85,34,19,10,2,8,127,74,3,13,19,6,4,2,1,0,0,0,26,4,0,4,2,6,11,2,5,3,0,1,4,2,1,0,0,1,0,0,0,0,0,0,0,0,0,0,11,1,1,3,0,0,0,0,1,0,0,1,0,0,0,0,0,0,25,7,2,9,2,0,0,2,9,5
26 - Κέρκυρας,239 E.T. Δήμου Κεντρικής Κέρκυρας και Διαποντίων Νήσων,520,319,7,2,9,310,105,38,16,12,6,13,125,80,3,7,22,12,7,6,0,0,0,0,15,6,1,1,3,4,11,0,5,4,0,2,2,0,0,0,1,1,0,0,2,0,1,0,0,0,0,0,12,5,0,5,0,0,0,0,0,0,0,0,1,0,0,1,0,0,20,2,2,15,2,1,0,0,8,1
26 - Κέρκυρας,240 E.T. Δήμου Κεντρικής Κέρκυρας και Διαποντίων Νήσων,541,305,0,0,0,305,94,27,10,18,9,8,117,69,3,15,17,7,8,3,0,1,1,0,17,1,0,4,3,3,11,0,2,2,1,4,1,1,0,0,0,0,0,0,2,0,0,0,0,0,0,0,12,1,2,4,0,0,0,0,1,1,0,0,2,0,0,0,0,1,23,4,0,3,3,1,1,0,14,7
26 - Κέρκυρας,241 E.T. Δήμου Κεντρικής Κέρκυρας και Διαποντίων Νήσων,261,147,2,2,4,143,44,13,11,12,2,2,56,21,1,8,9,5,7,4,0,1,0,0,8,2,0,3,0,3,5,0,1,0,0,0,3,2,0,0,0,0,0,0,0,0,0,0,0,0,0,0,4,3,1,0,1,0,0,0,1,0,0,0,2,0,0,0,0,0,2,1,0,0,2,0,0,1,8,7
26 - Κέρκυρας,242 E.T. Δήμου Κεντρικής Κέρκυρας και Διαποντίων Νήσων,416,226,3,1,4,222,101,25,13,18,4,13,65,39,3,4,11,2,4,1,1,0,0,0,14,0,0,2,3,5,15,0,5,1,3,3,2,1,0,0,0,0,0,0,0,0,0,0,0,0,0,0,6,2,0,0,1,0,0,0,1,0,0,0,1,0,0,0,0,0,7,1,0,4,1,0,0,1,4,2
26 - Κέρκυρας,243 E.T. Δήμου Κεντρικής Κέρκυρας και Διαποντίων Νήσων,417,228,8,1,9,219,93,17,22,23,2,6,54,24,3,8,13,2,2,2,0,0,0,0,17,3,0,1,2,8,16,2,4,3,0,3,1,0,0,0,0,0,0,0,0,0,0,0,1,1,0,0,7,2,0,1,1,0,0,0,0,0,0,0,2,1,0,0,1,0,20,2,2,8,0,0,0,0,5,4
26 - Κέρκυρας,244 E.T. Δήμου Κεντρικής Κέρκυρας και Διαποντίων Νήσων,447,261,1,0,1,260,95,25,12,19,8,4,77,50,2,10,6,4,4,2,0,0,0,0,24,0,1,5,6,10,35,0,10,20,0,1,1,1,0,0,0,0,0,0,2,0,1,1,1,1,0,0,3,2,0,1,0,0,1,0,0,0,0,0,4,0,0,0,0,3,10,0,1,4,1,0,0,0,2,2
26 - Κέρκυρας,245 E.T. Δήμου Παξών,460,264,5,1,6,258,70,11,11,14,0,8,99,43,5,20,15,0,9,2,2,0,0,0,19,3,2,2,6,3,12,0,5,0,0,4,4,0,0,0,0,0,0,0,1,0,0,0,0,0,0,0,14,5,1,5,0,0,0,0,1,0,1,0,6,0,0,5,0,0,15,6,0,3,1,0,0,0,7,4
26 - Κέρκυρας,246 E.T. Δήμου Παξών,414,244,5,4,9,235,65,14,13,15,3,7,88,33,3,25,20,0,16,5,1,2,3,0,13,2,0,1,3,3,22,0,11,2,0,3,1,0,1,0,0,0,0,0,1,0,0,0,0,0,0,0,4,1,0,2,0,0,0,0,1,0,0,1,1,1,0,0,0,0,11,5,1,0,3,0,0,2,9,7
26 - Κέρκυρας,247 E.T. Δήμου Παξών,471,249,1,4,5,244,86,9,15,21,2,11,79,35,3,15,23,0,15,7,1,1,0,0,15,3,0,2,9,1,13,1,1,0,1,4,0,0,0,0,0,0,0,0,0,0,0,0,1,1,0,0,6,1,0,1,2,1,0,0,1,0,0,0,3,0,0,2,0,0,14,3,2,3,2,0,0,0,7,4
26 - Κέρκυρας,248 E.T. Δήμου Παξών,511,283,3,0,3,280,100,8,23,13,0,22,73,41,0,6,8,3,11,2,4,0,1,0,36,5,0,3,13,8,26,1,11,1,1,7,4,1,0,0,0,0,0,0,0,0,0,0,3,0,0,0,0,0,0,0,0,0,1,1,1,0,0,0,2,0,0,1,1,0,16,6,4,1,0,0,0,0,7,6
26 - Κέρκυρας,249 E.T. Δήμου Παξών,280,146,2,0,2,144,50,11,23,5,0,6,49,23,0,13,7,1,1,1,0,0,0,0,13,1,0,1,2,7,14,0,6,0,0,3,3,2,0,0,0,0,0,0,0,0,0,0,0,0,0,0,3,1,0,1,0,0,0,0,4,2,0,0,3,0,0,2,0,0,0,0,0,0,1,0,0,1,3,1
26 - Κέρκυρας,250 E.T. Δήμου Παξών,410,224,0,0,0,224,64,9,17,11,2,10,78,44,1,18,6,2,4,0,1,0,0,0,19,0,0,0,6,9,33,1,15,1,7,6,1,0,0,0,0,0,0,0,0,0,0,0,0,0,0,0,5,0,0,4,0,0,0,0,1,1,0,0,2,0,0,1,0,1,11,0,2,3,2,1,0,1,4,2
26 - Κέρκυρας,Ετερ. Κέρκυρας (από 16ο Ε.Τ. Νομ. Θεσσαλονίκης),74,44,0,0,0,44,12,2,3,1,1,0,22,5,1,5,3,3,1,1,0,0,0,0,4,0,0,0,1,3,3,0,0,1,0,1,0,0,0,0,0,0,0,0,0,0,0,0,0,0,0,0,0,0,0,0,0,0,0,0,1,1,0,0,1,0,0,0,0,1,0,0,0,0,0,0,0,0,0,0
26 - Κέρκυρας,Ετερ. Κέρκυρας (από Εφετείο Θεσσαλονίκης),60,30,0,1,1,29,9,1,6,0,0,1,12,2,1,2,2,2,0,0,0,0,0,0,2,0,0,1,0,0,1,0,0,0,0,0,0,0,0,0,0,0,0,0,0,0,0,0,1,1,0,0,0,0,0,0,1,1,0,0,0,0,0,0,0,0,0,0,0,0,1,1,0,0,0,0,0,0,2,1
26 - Κέρκυρας,ΕΙΔΙΚΟ ΕΚΛΟΓΙΚΟ ΤΜΗΜΑ ΓΕΝΙΚΟ ΚΑΤΑΣΤΗΜΑ ΚΡΑΤΗΣΗΣ Β ΤΥΠΟΥ ΚΕΡΚΥΡΑΣ,35,34,2,0,2,32,25,18,2,3,1,1,2,2,0,0,0,0,1,1,0,0,0,0,0,0,0,0,0,0,1,0,0,0,0,1,0,0,0,0,0,0,0,0,0,0,0,0,0,0,0,0,0,0,0,0,0,0,0,0,0,0,0,0,0,0,0,0,0,0,3,0,2,0,0,0,0,0,0,0
26 - Κέρκυρας,Ετερ. Κέρκυρας (από 80ο Ε.Τ. Νομ. Αττικής-Αθηνών),565,356,2,1,3,353,113,26,31,14,8,11,125,69,6,16,16,4,4,1,2,1,0,0,40,5,2,2,2,21,24,6,8,0,2,5,11,2,2,0,1,0,0,0,1,1,0,0,0,0,0,0,10,4,2,0,0,0,0,0,1,0,1,0,4,1,0,0,0,3,14,4,5,0,3,2,1,0,3,3
26 - Κέρκυρας,Ετερ. Κέρκυρας (από 81ο Ε.Τ. Νομ. Αττικής-Αθηνών),565,351,1,1,2,349,108,25,20,22,6,9,149,78,11,20,18,7,4,1,0,1,0,1,31,8,0,0,2,13,13,4,5,0,1,1,4,2,0,1,0,0,0,0,6,2,0,0,0,0,0,0,7,1,0,3,0,0,0,0,2,0,0,1,1,0,1,0,0,0,19,4,4,5,2,1,0,0,3,2
26 - Κέρκυρας,Ετερ. Κέρκυρας (από 82ο Ε.Τ. Νομ. Αττικής-Αθηνών),568,361,6,1,7,354,103,11,26,11,9,15,157,20,5,15,16,9,16,10,2,1,1,0,17,4,0,1,4,5,19,1,11,0,1,3,10,2,1,0,1,1,0,0,0,0,0,0,0,0,0,0,11,3,1,3,0,0,0,0,2,1,0,1,1,0,0,0,0,1,11,4,3,0,1,0,0,0,6,1
26 - Κέρκυρας,Ετερ. Κέρκυρας (από 15ο Ε.Τ. Νομ. Αττικής-Πειραιώς),151,73,1,0,1,72,19,5,4,1,1,3,32,20,2,4,3,1,7,2,1,2,1,0,7,1,0,0,0,4,2,1,0,0,0,0,1,0,1,0,0,0,0,0,0,0,0,0,0,0,0,0,2,2,0,0,1,1,1,1,0,0,0,0,0,0,0,0,0,0,0,0,0,0,0,0,0,0,0,0
Σύνολο,,107181,56740,797,375,1172,55568,19123,5152,2731,3924,954,1776,19523,10272,626,3471,2439,1101,1767,951,108,133,83,45,4166,735,122,1019,801,921,3881,344,1492,663,174,601,538,154,48,31,21,16,8,3,197,50,12,32,224,35,61,85,1336,318,209,319,71,26,43,17,225,77,18,21,277,28,20,18,37,105,2689,577,314,644,316,64,34,57,1177,604
