ΠΕΡΙΦΕΡΕΙΑ,ΕΚΛΟΓΙΚΟ ΤΜΗΜΑ,ΕΓΓΕΓΡΑΜΜΕΝΟΙ,ΨΗΦΙΣΑΝΤΕΣ,ΑΚΥΡΑ,ΛΕΥΚΑ,ΑΚΥΡΑ & ΛΕΥΚΑ,ΕΓΚΥΡΑ,ΣΥΡΙΖΑ,ΓΚΟΥΤΣΗΣ ΙΩΑΝΝΗΣ του Αποστόλου,ΘΕΛΕΡΙΤΗ ΜΑΡΙΑ του Παναγιώτη,ΠΕΤΡΟΥ ΠΑΝΑΓΙΩΤΗΣ του Κωνσταντίνου,ΤΣΟΓΚΑΣ ΓΕΩΡΓΙΟΣ του Παύλου,ΦΙΛΙΠΠΑΚΗ ΣΟΦΙΑ του Ανδρέα,ΨΥΧΟΓΙΟΣ ΓΕΩΡΓΙΟΣ του Κωνσταντίνου,Νέα Δημοκρατία,ΑΝΑΓΝΩΣΤΑΡΑ ΣΟΦΙΑ του Παναγιώτη,ΔΗΜΑΣ ΧΡΙΣΤΟΣ του Σταύρου,ΚΟΛΛΙΑΣ ΚΩΝΣΤΑΝΤΙΝΟΣ του Ταξιάρχου,ΠΑΠΑΚΩΝΣΤΑΝΤΙΝΟΥ ΜΑΡΙΑ του Ιωάννη,ΣΟΥΚΟΥΛΗ-ΒΙΛΙΑΛΗ ΜΑΡΙΑ ΕΛΕΝΗ (ΜΑΡΙΛΕΝΑ) του Δημητρίου,ΤΑΓΑΡΑΣ ΝΙΚΟΛΑΟΣ του Χρήστου,Λαϊκός Σύνδεσμος - Χρυσή Αυγή,ΑΛΕΞΑΝΔΡΑΚΗΣ ΚΩΝΣΤΑΝΤΙΝΟΣ του Εμμανουήλ,ΑΡΓΥΡΟΠΟΥΛΟΥ ΣΟΦΙΑ του Δημητρίου,ΜΑΡΚΕΛΛΟΣ ΣΤΥΛΙΑΝΟΣ του Αναστασίου,ΣΕΪΤΑΝΙΔΗΣ ΣΤΥΛΙΑΝΟΣ του Γεωργίου,ΤΣΙΟΓΚΑ ΠΑΡΑΣΚΕΥΗ του Αθανασίου,Κίνημα Αλλαγής,ΑΝΔΡΕΟΥ ΙΩΑΝΝΗΣ του Δημητρίου,ΓΚΙΛΙΤΣΗΣ ΧΡΗΣΤΟΣ του Νικολάου,ΔΗΜΑ ΜΑΡΓΑΡΙΤΑ του Νικολάου,ΣΠΑΝΟΣ ΚΩΝΣΤΑΝΤΙΝΟΣ του Ανέστη,ΦΑΡΜΑΚΗ-ΓΚΕΚΗ ΑΙΚΑΤΕΡΙΝΗ του Γεωργίου,ΧΑΝΙΑΣ ΝΙΚΟΛΑΟΣ του Ηλία,Κ.Κ.Ε.,ΑΛΩΝΙΣΤΙΩΤΗΣ ΠΑΝΑΓΙΩΤΗΣ (ΤΑΚΗΣ) του Αντωνίου,ΚΑΖΑΚΟΠΟΥΛΟΥ ΑΝΘΙΠΠΗ του Αργυρίου,ΚΕΛΛΑΡΗΣ ΙΩΑΝΝΗΣ του Γερασίμου,ΛΑΜΠΑΣ ΓΕΩΡΓΙΟΣ του Κωνσταντίνου,ΜΠΟΖΝΟΣ ΚΩΝΣΤΑΝΤΙΝΟΣ του Βασιλείου,ΤΖΕΚΟΥ ΠΑΡΑΣΚΕΥΗ (ΒΙΒΗ) του Δημητρίου,Ένωση Κεντρώων,ΜΑΡΑ ΑΝΝΑ του Νίκο,ΜΠΟΥΛΟΓΕΩΡΓΟΣ ΑΘΑΝΑΣΙΟΣ του Αριστείδη,ΤΟΜΑΡΑΣ ΑΘΑΝΑΣΙΟΣ του Μιλτιάδη,Ο.Κ.Δ.Ε.,ΕΡΗΜΑΚΗ ΑΝΑΣΤΑΣΙΑ του Βλασίου,ΑΝΤ.ΑΡ.ΣΥ.Α.,ΠΑΠΑΔΗΜΗΤΡΙΟΥ ΧΑΡΙΛΑΟΣ του Παναγή,Ελλήνων Συνέλευσις,ΑΝΑΓΝΩΣΤΟΠΟΥΛΟΣ ΗΛΙΑΣ του Νικολάου,ΚΑΝΕΛΛΟΥ ΕΙΡΗΝΗ του Ηλία,ΜΑΛΛΙΟΣ ΚΩΝΣΤΑΝΤΙΝΟΣ του Χρήστου,ΜΠΑΡΛΑΜΠΑ ΕΛΕΝΗ του Κωνσταντίνου,ΕΕΚ Τροτσκιστές - Εργ.Επ.Κόμμα,ΒΑΛΣΑΜΗ ΗΛΙΑΝΑ του Παύλου,Ελληνική Λύση - Κ. Βελόπουλος,ΑΝΑΣΤΑΣΟΠΟΥΛΟΥ ΕΛΕΝΗ του Βασιλείου,ΚΑΛΑΡΑΣ ΙΩΑΝΝΗΣ του Αθανασίου,ΚΕΛΛΑΡΗΣ ΔΗΜΗΤΡΙΟΣ του Αναστασίου,ΜΑΥΡΙΑΣ ΜΑΡΚΟΣ του Παναγιώτη,ΜΙΧΑΗΛΙΔΟΥ ΜΑΡΓΑΡΙΤΑ του Ιωάννη,ΠΑΠΑΧΡΗΣΤΟΥ ΜΙΧΑΗΛ του Ιωάννη,Κ.Κ.Ε. (μ-λ),ΚΑΜΑΡΕΤΣΟΥ ΜΑΡΙΑΝΑ του Λουδοβίκου,ΣΠΥΡΟΠΟΥΛΟΣ ΓΕΩΡΓΙΟΣ του Σπυρίδωνα,Μ-Λ Κ.Κ.Ε.,ΣΠΥΡΟΠΟΥΛΟΣ ΑΝΤΩΝΙΟΣ του Παναγιώτη,Ε.ΠΑ.Μ - Α.Κ.Κ.ΕΛ,ΑΡΕΤΑΣ ΑΘΑΝΑΣΙΟΣ του Φωτίου,ΓΙΑΚΙΜΤΣΟΥΚΗΣ ΕΥΑΓΓΕΛΟΣ του Αθανασίου,ΚΑΛΛΙΑΝΙΩΤΗ ΠΕΤΡΟΥΛΑ του Γεωργίου,ΚΑΤΕΜΗ ΕΥΑΓΓΕΛΙΑ (ΛΙΤΣΑ) του Δημητρίου,Λαϊκή Ενότητα,ΡΙΣΚΑ ΜΑΡΙΑΝΘΗ (ΜΑΙΡΗ) του Δημητρίου,ΤΣΑΚΟΥΜΑΓΚΟΣ ΚΩΝΣΤΑΝΤΙΝΟΣ του Αντωνίου,ΤΣΟΥΚΑΛΑΣ ΔΗΜΗΤΡΙΟΣ του Κωνσταντίνου,ΜέΡΑ25,ΒΑΣΙΛΑΚΟΠΟΥΛΟΣ ΘΕΟΔΩΡΟΣ του Βασιλείου,ΒΟΥΖΟΥΝΑΡΑΣ ΔΗΜΗΤΡΙΟΣ του Μιλτιάδου,ΔΗΜΗΤΡΙΑΔΗ ΜΑΡΙΑ του Αναστασίου,ΚΑΝΕΛΛΟΠΟΥΛΟΣ ΑΛΕΞΑΝΔΡΟΣ (ΑΛΕΚΟΣ) του Δημητρίου,ΚΥΡΙΑΖΟΠΟΥΛΟΣ ΧΡΗΣΤΟΣ του Σωτηρίου,ΠΑΠΑΔΟΠΟΥΛΟΥ ΕΛΠΙΝΙΚΗ του Χαράλαμπου,Δημιουργία ξανά - Θ. Τζήμερος,ΑΝΑΣΤΑΣΟΠΟΥΛΟΣ ΒΑΣΙΛΕΙΟΣ του Αναστασίου,ΚΑΨΟΥΡΟΥ ΜΑΡΙΑ του Ιωάννη,ΚΩΝΣΤΑΝΤΟΠΟΥΛΟΥ ΓΕΩΡΓΙΑ του Παναγιώτη,ΣΤΑΜΟΥ ΣΠΥΡΙΔΩΝ του Δημητρίου,Πλεύση Ελευθερίας - Ζωή Κωνστ.,ΘΑΝΟΠΟΥΛΟΥ ΔΕΣΠΟΙΝΑ του Αθανασίου,Ανεξάρτητοι Υποψήφιοι,ΘΕΟΔΟΣΙΑΔΗΣ ΒΑΣΙΛΕΙΟΣ του Μιλτιάδη
43 - Κορινθίας,1 E.T. Δήμου Βέλου - Βόχας,500,307,1,2,3,304,85,8,30,4,18,12,23,112,21,46,30,16,57,16,12,4,2,6,3,1,40,8,9,9,18,9,6,4,0,1,1,0,0,3,2,0,0,1,0,0,3,1,5,0,5,3,2,1,0,12,5,2,4,0,5,1,0,0,0,0,0,1,0,0,0,0,2,1,0,0,15,0,1,1,1,1,4,2,1,0,0,1,8,6,0,0
43 - Κορινθίας,2 E.T. Δήμου Βέλου - Βόχας,500,293,2,2,4,289,97,8,42,7,16,19,35,128,16,54,21,21,56,26,11,2,2,6,1,2,23,2,9,2,3,10,11,2,1,1,0,0,0,2,2,0,1,1,0,0,0,0,0,0,0,0,0,0,0,5,3,0,3,0,0,0,0,0,0,0,0,1,0,0,0,0,1,0,1,1,13,5,1,6,2,2,3,2,1,1,0,0,4,1,0,0
43 - Κορινθίας,3 E.T. Δήμου Βέλου - Βόχας,500,301,2,3,5,296,97,10,43,0,13,11,28,125,14,52,23,22,47,24,13,2,3,8,4,0,27,7,9,10,5,5,6,2,1,0,0,0,0,0,5,2,0,1,1,1,0,0,2,0,1,2,0,0,0,10,2,0,5,1,1,0,1,0,0,0,0,0,0,0,0,0,0,0,0,0,5,1,0,1,2,0,1,4,1,1,1,0,4,2,0,0
43 - Κορινθίας,4 E.T. Δήμου Βέλου - Βόχας,500,275,0,1,1,274,73,5,28,4,10,13,20,129,26,46,17,23,60,24,3,0,0,2,1,1,33,2,13,7,8,8,1,4,1,0,1,0,0,2,4,1,0,1,0,0,1,0,0,0,0,0,0,0,0,9,3,1,0,1,2,1,0,0,0,0,0,4,0,0,1,1,0,0,0,0,9,1,1,1,1,0,2,0,0,0,0,0,5,3,0,0
43 - Κορινθίας,5 E.T. Δήμου Βέλου - Βόχας,500,324,8,3,11,313,110,10,48,10,23,17,24,132,16,46,22,11,64,31,7,1,0,5,2,1,20,0,5,3,10,5,1,6,1,1,2,0,1,3,3,0,1,1,0,0,0,0,6,5,1,4,0,0,0,11,4,0,3,2,2,0,0,0,0,0,0,0,0,0,0,0,1,0,0,0,12,1,0,3,3,0,4,1,0,0,0,0,4,2,0,0
43 - Κορινθίας,6 E.T. Δήμου Βέλου - Βόχας,480,295,3,1,4,291,100,17,33,4,17,17,19,115,8,63,15,17,57,28,7,1,0,3,0,0,24,3,5,2,11,7,4,4,1,1,0,0,0,0,5,0,0,1,0,0,0,0,2,2,0,1,0,0,0,9,4,2,1,0,3,1,0,0,0,0,0,2,1,0,1,0,1,0,0,0,9,1,0,1,2,0,1,6,3,2,1,1,7,2,0,0
43 - Κορινθίας,7 E.T. Δήμου Βέλου - Βόχας,450,286,8,1,9,277,95,3,29,1,17,15,26,105,15,31,16,14,44,23,3,0,1,0,0,1,18,3,6,2,4,7,4,4,3,0,0,0,0,1,6,1,0,1,0,0,0,0,0,0,0,0,0,0,0,17,7,1,2,0,3,1,1,0,0,0,0,4,1,0,1,1,3,1,1,0,17,4,2,2,0,0,3,1,0,0,0,0,3,0,0,0
43 - Κορινθίας,8 E.T. Δήμου Βέλου - Βόχας,321,220,1,2,3,217,62,6,24,3,9,8,25,73,16,23,16,19,15,26,3,1,0,2,0,0,36,3,2,4,22,22,1,4,1,1,0,0,0,0,9,1,1,0,0,0,0,0,4,3,1,3,1,1,0,5,1,1,3,0,2,0,0,0,0,0,0,2,0,0,0,0,0,0,0,0,12,2,0,2,1,1,2,3,0,0,0,0,3,0,0,0
43 - Κορινθίας,9 E.T. Δήμου Βέλου - Βόχας,470,317,4,1,5,312,98,7,41,6,14,17,20,123,24,48,38,14,32,37,15,6,4,9,7,2,16,2,4,3,6,8,7,11,5,2,2,0,0,6,5,2,3,0,0,0,2,0,3,1,1,1,0,1,0,14,4,5,7,1,4,1,0,0,0,0,0,4,2,1,1,0,0,0,0,0,16,3,2,4,0,2,4,1,0,0,0,1,3,1,0,0
43 - Κορινθίας,10 E.T. Δήμου Βέλου - Βόχας,458,315,5,0,5,310,89,15,41,6,16,18,27,134,31,67,36,15,27,41,10,3,0,6,3,1,25,4,1,9,9,10,1,8,3,2,1,0,0,4,2,2,0,2,0,0,2,1,2,2,0,2,0,0,0,15,5,3,5,1,6,1,0,0,0,0,0,4,2,1,2,1,0,0,0,0,10,1,1,3,1,1,3,1,0,0,0,0,8,4,0,0
43 - Κορινθίας,11 E.T. Δήμου Βέλου - Βόχας,340,211,6,1,7,204,59,3,14,2,8,9,10,78,16,27,24,19,20,12,11,1,1,3,0,1,16,0,3,4,4,9,2,7,2,4,1,1,0,2,4,1,1,0,0,0,0,0,2,1,1,0,1,2,1,6,4,1,3,0,1,0,0,0,0,0,0,1,0,0,0,0,2,0,1,0,11,1,1,5,0,1,1,1,0,0,0,0,4,1,0,0
43 - Κορινθίας,12 E.T. Δήμου Βέλου - Βόχας,345,185,1,0,1,184,70,9,24,10,13,7,20,76,4,28,23,14,16,20,12,6,0,5,0,0,6,1,0,1,1,3,0,1,0,0,0,0,0,0,0,0,0,0,0,0,0,0,2,2,0,0,0,0,0,6,1,1,0,0,3,1,0,0,0,0,0,2,0,0,0,0,2,1,1,0,5,0,0,1,0,0,1,1,0,0,1,1,1,1,0,0
43 - Κορινθίας,13 E.T. Δήμου Βέλου - Βόχας,422,284,1,3,4,280,91,8,38,7,11,12,23,115,12,55,18,29,29,32,3,1,1,2,0,1,28,6,4,7,5,9,4,14,1,3,8,1,1,6,3,0,0,1,0,0,1,0,0,0,0,0,0,0,0,11,5,2,2,0,4,1,0,0,0,0,0,1,0,0,0,0,2,0,0,0,5,0,0,0,1,1,1,4,0,1,2,1,2,0,0,0
43 - Κορινθίας,14 E.T. Δήμου Βέλου - Βόχας,360,228,4,2,6,222,62,11,20,8,11,17,15,98,19,33,17,19,31,29,13,3,0,6,2,3,19,4,4,1,6,6,6,2,1,0,0,1,0,0,1,0,0,1,0,0,0,0,0,0,0,0,0,0,0,12,6,1,3,2,1,1,0,0,0,0,0,0,0,0,0,0,3,2,0,2,7,0,1,0,1,1,1,0,0,0,0,0,5,2,0,0
43 - Κορινθίας,15 E.T. Δήμου Βέλου - Βόχας,359,225,4,0,4,221,50,2,19,3,4,5,21,96,14,39,19,12,11,20,11,1,1,6,1,2,20,6,2,7,5,4,6,6,0,0,2,0,1,1,0,0,0,0,0,0,1,0,1,0,0,0,0,0,0,14,2,0,2,0,2,0,1,0,0,0,0,0,0,0,0,0,0,0,0,0,15,2,0,4,0,4,3,1,1,0,0,0,5,1,0,0
43 - Κορινθίας,16 E.T. Δήμου Βέλου - Βόχας,540,326,3,0,3,323,66,8,45,3,4,4,13,148,31,54,58,25,36,48,16,4,3,6,1,2,52,5,6,3,28,18,1,5,0,0,0,0,0,0,1,0,0,0,0,0,0,0,1,1,1,0,0,0,0,13,3,2,4,3,1,1,0,0,0,0,0,1,1,0,1,0,0,0,0,0,11,2,0,2,1,1,0,2,1,0,0,0,7,4,0,0
43 - Κορινθίας,17 E.T. Δήμου Βέλου - Βόχας,541,331,0,1,1,330,89,9,65,1,10,7,27,146,40,50,71,19,34,44,12,3,3,6,0,3,32,6,11,4,19,9,1,13,3,3,2,1,0,4,0,0,0,0,0,0,0,0,0,0,0,0,0,0,0,7,1,1,2,2,2,0,1,0,0,0,0,1,0,0,0,0,0,0,0,0,21,9,2,6,0,1,7,2,0,1,0,0,6,6,0,0
43 - Κορινθίας,18 E.T. Δήμου Βέλου - Βόχας,459,310,2,1,3,307,59,8,10,6,5,4,15,161,43,58,51,23,33,63,14,2,0,10,1,0,30,3,4,0,24,2,1,4,1,1,0,0,0,2,2,1,0,1,0,0,0,0,2,2,1,0,1,0,0,14,5,0,0,1,3,1,0,0,0,0,0,4,0,0,0,0,0,0,0,0,11,1,3,3,0,2,2,2,0,1,1,0,4,2,0,0
43 - Κορινθίας,19 E.T. Δήμου Βέλου - Βόχας,540,315,5,0,5,310,81,17,31,5,12,17,38,132,42,60,26,12,39,25,18,6,3,10,0,1,43,11,7,5,8,17,13,1,0,0,0,0,0,0,2,1,0,1,0,0,1,1,0,0,0,0,0,0,0,19,3,1,1,0,10,1,0,0,0,0,0,0,0,0,0,0,0,0,0,0,10,3,0,3,1,0,2,0,0,0,0,0,3,2,0,0
43 - Κορινθίας,20 E.T. Δήμου Βέλου - Βόχας,532,294,2,1,3,291,75,6,20,3,13,8,29,120,48,50,29,11,23,29,14,5,1,8,1,0,35,12,6,9,8,10,8,7,3,0,0,0,1,3,5,2,2,3,0,0,2,0,0,0,0,0,0,0,0,19,7,2,7,1,12,2,0,0,0,0,0,2,0,0,0,0,0,0,0,0,9,3,1,2,1,1,0,0,0,0,0,0,3,3,0,0
43 - Κορινθίας,21 E.T. Δήμου Βέλου - Βόχας,520,329,2,3,5,324,81,10,42,2,20,13,27,158,65,60,29,16,29,54,7,1,1,3,0,3,31,11,3,8,2,11,12,10,0,3,4,1,0,6,1,0,0,0,0,0,0,0,0,0,0,0,0,0,0,13,3,2,1,0,6,1,0,0,0,0,0,2,1,1,0,0,0,0,0,0,12,4,2,3,4,0,1,2,2,1,1,0,7,4,0,0
43 - Κορινθίας,22 E.T. Δήμου Βέλου - Βόχας,520,309,5,3,8,301,107,18,58,8,20,17,38,124,58,52,27,25,20,38,8,2,1,5,0,2,14,4,4,3,2,0,5,7,3,3,1,0,0,6,3,0,0,0,0,0,2,1,0,0,0,0,0,0,0,15,8,3,3,1,4,3,0,0,0,0,0,2,1,1,2,0,1,1,0,0,12,8,2,5,1,2,1,0,0,0,0,0,6,4,0,0
43 - Κορινθίας,23 E.T. Δήμου Βέλου - Βόχας,520,334,3,4,7,327,114,21,48,10,19,36,38,136,45,49,28,11,29,68,9,2,0,5,1,1,22,4,10,5,6,4,9,8,1,1,2,0,0,2,2,2,0,2,0,0,0,0,0,0,0,0,0,0,0,18,5,5,2,2,3,2,0,0,0,0,0,0,0,0,0,0,3,1,2,0,9,2,0,2,2,0,1,4,2,1,1,1,2,2,0,0
43 - Κορινθίας,24 E.T. Δήμου Βέλου - Βόχας,510,323,3,2,5,318,117,14,50,6,19,23,33,127,46,55,18,18,19,46,8,1,1,2,0,1,32,11,5,7,9,6,8,6,2,1,0,0,0,1,4,2,1,0,0,0,2,2,0,0,0,0,0,0,0,10,2,1,3,1,0,2,0,0,0,0,0,0,0,0,0,0,0,0,0,0,9,3,1,5,2,0,3,1,0,0,0,0,2,1,0,0
43 - Κορινθίας,25 E.T. Δήμου Βέλου - Βόχας,510,302,1,3,4,298,101,11,37,10,21,11,27,115,45,39,29,11,24,42,8,2,2,2,1,3,23,8,3,1,3,7,13,6,0,1,0,1,1,3,7,3,1,2,0,0,1,0,0,0,0,0,0,0,0,17,7,1,4,1,7,0,0,0,0,0,0,2,0,0,0,0,0,0,0,0,14,1,1,2,1,3,2,1,0,0,0,1,3,0,0,0
43 - Κορινθίας,26 E.T. Δήμου Βέλου - Βόχας,223,131,2,2,4,127,48,3,8,3,8,5,5,47,12,20,3,8,6,23,3,0,0,1,0,0,11,0,2,2,4,3,2,2,0,0,1,0,0,1,4,2,0,4,0,0,0,0,0,0,0,0,0,0,0,5,3,0,0,0,3,0,0,0,0,0,0,0,0,0,0,0,0,0,0,0,5,1,1,0,1,1,0,0,0,0,0,0,2,1,0,0
43 - Κορινθίας,27 E.T. Δήμου Βέλου - Βόχας,520,286,5,2,7,279,84,10,29,5,10,11,14,124,37,49,23,9,21,44,6,2,1,4,0,1,34,6,13,7,1,11,3,3,0,0,0,1,0,1,4,2,0,2,0,0,0,0,0,0,0,0,0,0,0,15,5,1,2,1,4,0,0,0,0,0,0,4,0,1,2,0,2,2,0,1,3,1,1,0,0,0,1,0,0,0,0,0,0,0,0,0
43 - Κορινθίας,28 E.T. Δήμου Βέλου - Βόχας,530,286,7,1,8,278,113,12,58,3,10,14,9,102,38,53,21,9,14,23,11,1,1,4,2,1,15,1,7,2,3,4,3,6,1,1,0,1,1,1,4,2,0,0,0,0,0,0,0,0,0,0,0,0,0,12,5,1,2,1,5,1,0,0,0,0,0,2,1,0,0,0,0,0,0,0,7,1,0,0,2,1,0,2,1,0,0,1,4,3,0,0
43 - Κορινθίας,29 E.T. Δήμου Βέλου - Βόχας,510,277,5,0,5,272,130,27,51,4,14,13,14,75,30,25,24,13,27,29,12,8,2,0,0,0,26,18,11,3,5,10,2,1,0,1,0,1,0,0,3,1,1,2,0,0,1,0,0,0,0,0,0,0,0,10,2,1,0,1,4,2,0,0,0,0,0,7,0,4,7,1,1,1,0,0,4,1,0,0,0,1,1,1,0,0,0,0,1,0,0,0
43 - Κορινθίας,30 E.T. Δήμου Βέλου - Βόχας,530,296,10,4,14,282,111,12,50,7,18,11,22,113,29,48,35,15,22,39,6,4,1,2,1,1,16,4,12,3,1,2,3,8,2,0,0,0,1,3,2,1,0,1,0,0,0,0,1,0,1,0,1,0,0,7,3,0,1,0,1,1,1,0,0,0,0,3,0,1,3,2,0,0,0,0,8,2,1,2,1,0,2,1,0,0,0,0,5,3,0,0
43 - Κορινθίας,31 E.T. Δήμου Βέλου - Βόχας,530,266,0,0,0,266,61,6,22,2,12,9,15,116,42,40,24,13,27,35,13,2,0,7,0,3,38,0,0,0,8,10,5,4,0,0,0,0,0,0,3,0,0,0,0,0,0,0,1,0,0,0,0,0,0,16,9,2,2,1,5,2,0,0,0,0,0,1,0,0,1,0,0,0,0,0,10,2,0,3,2,1,1,1,1,1,0,0,2,1,0,0
43 - Κορινθίας,32 E.T. Δήμου Βέλου - Βόχας,530,293,8,5,13,280,78,14,21,5,16,11,25,125,44,45,32,12,25,41,9,2,2,2,0,2,24,9,12,6,4,5,2,4,2,0,2,0,0,0,3,0,0,0,0,0,1,0,8,0,0,0,0,0,0,14,5,2,6,0,7,3,0,0,0,0,0,0,0,0,0,0,1,0,0,0,11,2,1,2,1,0,2,1,0,1,0,0,1,0,0,0
43 - Κορινθίας,33 E.T. Δήμου Βέλου - Βόχας,530,289,2,0,2,287,104,13,31,6,28,12,31,80,3,23,54,13,10,57,18,2,0,18,1,0,32,8,18,6,2,5,7,2,0,0,1,0,0,1,1,0,0,0,0,0,0,0,0,0,0,0,0,0,0,21,4,2,1,1,3,1,1,1,0,0,0,9,1,4,5,0,0,0,0,0,14,0,0,2,1,0,5,1,0,0,0,0,4,1,0,0
43 - Κορινθίας,34 E.T. Δήμου Βέλου - Βόχας,518,265,4,2,6,259,125,12,44,5,16,14,24,72,20,20,12,7,11,37,8,2,2,5,1,0,22,3,9,4,1,6,6,4,2,0,1,1,0,0,7,2,1,1,0,0,0,0,0,0,0,0,0,0,0,12,4,1,3,0,1,2,0,0,0,0,0,0,0,0,0,0,0,0,0,0,5,1,0,1,0,0,0,0,0,0,0,0,4,2,0,0
43 - Κορινθίας,35 E.T. Δήμου Βέλου - Βόχας,399,273,1,2,3,270,59,7,11,7,21,6,15,162,53,40,62,10,59,49,2,0,1,0,0,1,19,9,3,4,1,3,8,2,0,1,1,0,0,2,3,1,1,0,0,0,0,0,0,0,0,0,0,0,0,12,6,4,0,2,1,3,0,0,0,1,1,3,1,0,2,1,0,0,0,0,6,1,2,0,1,2,1,0,0,0,0,0,1,1,0,0
43 - Κορινθίας,36 E.T. Δήμου Βέλου - Βόχας,320,194,1,3,4,190,59,6,23,2,11,6,15,75,18,21,18,5,14,36,12,5,1,6,1,1,6,0,0,1,3,2,1,7,2,1,0,0,0,0,3,1,0,2,0,0,1,0,1,0,1,0,1,0,0,12,6,0,4,0,2,1,0,0,0,0,0,0,0,0,0,0,1,1,0,1,10,2,0,2,2,0,1,0,0,0,0,0,3,1,0,0
43 - Κορινθίας,37 E.T. Δήμου Βέλου - Βόχας,317,204,1,0,1,203,79,8,35,4,16,10,28,81,24,38,37,13,14,31,3,2,0,1,1,0,15,8,4,1,8,4,0,5,3,2,0,2,0,1,0,0,0,0,0,0,0,0,0,0,0,0,0,0,0,12,5,0,4,1,2,2,0,0,0,0,0,1,0,0,1,0,0,0,0,0,3,1,1,1,0,0,1,0,0,0,0,0,4,0,0,0
43 - Κορινθίας,38 E.T. Δήμου Βέλου - Βόχας,335,208,2,1,3,205,58,5,12,0,18,3,17,96,24,56,22,17,7,26,3,1,1,1,0,0,23,2,2,3,2,4,13,8,3,0,1,1,0,3,4,1,0,2,0,0,0,0,0,0,0,0,0,0,0,7,0,0,0,0,0,0,0,0,0,0,0,0,0,0,0,0,0,0,0,0,4,2,1,0,0,0,0,1,1,0,0,0,1,0,0,0
43 - Κορινθίας,39 E.T. Δήμου Βέλου - Βόχας,455,221,1,2,3,218,57,3,23,6,25,6,11,90,9,59,8,7,34,10,7,1,0,4,0,2,48,2,3,2,6,5,45,2,1,0,0,0,0,0,0,0,0,0,0,0,0,0,1,1,0,1,0,0,0,4,0,0,0,0,0,0,0,0,0,0,0,1,0,0,0,0,0,0,0,0,6,1,0,3,1,1,1,0,0,0,0,0,2,0,0,0
43 - Κορινθίας,40 E.T. Δήμου Κορινθίων,510,279,0,2,2,277,84,27,24,5,11,17,18,123,84,23,59,6,19,28,9,3,3,5,1,3,30,11,11,5,2,6,3,9,4,3,2,0,1,3,2,2,1,1,0,0,0,0,0,0,0,0,0,0,0,4,2,1,2,1,0,0,0,0,0,0,0,2,0,0,0,0,4,3,0,1,7,2,1,3,0,0,1,1,1,1,0,0,2,0,0,0
43 - Κορινθίας,41 E.T. Δήμου Κορινθίων,500,304,1,1,2,302,104,23,30,16,21,14,37,114,66,37,22,13,12,22,9,5,3,4,1,0,19,7,6,7,1,5,5,16,8,3,6,1,0,8,2,2,0,0,0,0,0,0,0,0,0,0,0,1,1,13,2,2,2,1,6,7,0,0,0,0,0,3,0,0,1,1,0,0,0,0,12,3,3,2,1,1,1,1,0,0,0,0,8,6,0,0
43 - Κορινθίας,42 E.T. Δήμου Κορινθίων,500,282,3,2,5,277,78,19,21,10,7,9,21,135,65,52,33,14,13,27,8,2,3,4,1,1,13,5,6,2,1,0,0,7,1,2,1,0,0,5,0,0,0,0,0,0,1,0,0,0,0,0,0,0,0,13,6,1,3,0,5,2,0,0,0,0,0,4,0,1,0,3,1,0,0,0,13,3,2,4,0,1,3,1,1,0,0,0,3,2,0,0
43 - Κορινθίας,43 E.T. Δήμου Κορινθίων,489,273,6,3,9,264,83,28,27,5,16,13,25,128,67,38,37,5,25,40,9,2,4,2,0,1,21,14,3,0,0,5,6,4,2,1,0,0,0,1,1,0,0,0,0,0,0,0,0,0,0,0,0,0,0,8,3,2,0,0,2,0,0,0,0,0,0,2,1,0,0,1,1,1,1,0,5,2,0,2,0,0,0,1,1,0,0,0,1,1,0,0
43 - Κορινθίας,44 E.T. Δήμου Κορινθίων,557,339,5,1,6,333,89,21,32,8,21,21,28,144,66,40,35,12,15,34,4,2,0,2,0,0,36,13,6,13,1,15,6,9,2,1,1,0,2,3,2,2,0,1,0,0,1,0,0,0,0,0,0,0,0,21,6,6,6,4,10,4,0,0,0,0,0,3,2,0,2,0,0,0,0,0,11,3,3,4,3,0,4,6,3,2,0,1,7,4,0,0
43 - Κορινθίας,45 E.T. Δήμου Κορινθίων,510,308,5,1,6,302,88,12,29,6,23,22,22,118,39,41,37,12,34,20,8,2,0,4,1,0,32,11,13,3,0,4,2,9,4,3,1,0,1,4,3,2,0,2,0,0,1,0,0,0,0,0,0,0,0,16,5,7,2,3,5,3,0,0,0,0,0,5,1,0,1,1,0,0,0,0,13,1,1,2,3,4,2,3,0,1,1,0,6,3,0,0
43 - Κορινθίας,46 E.T. Δήμου Κορινθίων,500,322,5,0,5,317,110,17,26,10,38,18,24,140,26,57,27,15,31,45,11,3,4,7,1,3,11,1,2,2,0,6,0,2,0,0,1,0,0,2,1,1,1,0,0,0,4,1,0,0,0,0,0,0,0,14,3,4,1,0,4,2,0,0,0,0,0,5,3,2,1,0,0,0,0,0,15,2,0,4,2,6,3,1,1,0,0,1,3,2,0,0
43 - Κορινθίας,47 E.T. Δήμου Κορινθίων,490,274,4,1,5,269,79,12,22,8,17,11,20,120,34,32,35,13,24,27,15,3,2,9,1,3,26,4,5,6,1,10,9,4,0,2,0,0,0,1,1,0,0,0,0,0,0,0,0,0,0,0,0,0,0,9,2,1,1,2,2,2,1,1,1,0,0,0,0,0,0,0,0,0,0,0,10,2,1,1,0,5,1,2,0,0,0,2,2,0,0,0
43 - Κορινθίας,48 E.T. Δήμου Κορινθίων,500,331,2,4,6,325,91,6,18,5,24,15,24,135,25,61,30,17,44,34,5,1,3,1,1,1,29,12,10,4,2,11,4,5,0,0,0,0,0,1,3,2,0,0,0,0,2,1,0,0,0,0,0,0,0,25,12,8,2,6,5,4,0,0,0,0,0,4,2,1,1,2,0,0,0,0,17,4,1,2,2,3,3,3,1,1,0,1,6,3,0,0
43 - Κορινθίας,49 E.T. Δήμου Κορινθίων,480,282,2,4,6,276,81,7,19,5,18,16,18,113,24,51,27,15,37,30,12,0,0,0,0,0,30,9,13,3,0,13,3,5,1,0,0,0,0,1,1,0,0,0,0,0,0,0,0,0,0,0,0,0,0,10,2,2,1,2,1,0,2,0,1,0,0,2,1,1,0,1,0,0,0,0,13,1,1,1,0,5,0,1,0,0,0,0,6,2,0,0
43 - Κορινθίας,50 E.T. Δήμου Κορινθίων,430,268,4,2,6,262,72,12,20,11,8,10,13,97,25,43,31,8,16,22,10,4,4,5,2,1,27,13,8,4,0,10,2,14,0,1,2,0,1,5,2,0,0,0,0,0,5,1,0,0,0,0,0,0,0,12,4,3,8,1,1,3,0,0,0,0,0,1,0,0,0,0,1,0,0,0,16,4,1,8,3,0,4,1,0,0,0,0,4,3,0,0
43 - Κορινθίας,51 E.T. Δήμου Κορινθίων,430,221,4,0,4,217,54,6,19,3,12,10,19,97,31,52,15,10,15,29,17,3,0,12,3,1,19,3,8,3,1,4,3,6,2,0,0,2,0,1,1,1,0,1,0,0,1,1,0,0,0,0,0,0,0,7,4,0,3,0,1,1,0,0,0,0,0,1,0,0,1,1,0,0,0,0,10,2,0,3,2,2,2,1,1,0,0,1,3,1,0,0
43 - Κορινθίας,52 E.T. Δήμου Κορινθίων,420,263,1,0,1,262,98,13,29,9,25,12,28,99,19,34,23,3,28,32,6,1,0,0,0,0,10,3,3,2,2,3,0,9,0,1,3,0,0,3,5,2,1,1,0,0,1,0,0,0,0,0,0,0,0,14,7,2,2,4,4,0,0,0,0,0,0,0,0,0,0,0,1,0,0,0,13,4,0,5,0,0,2,3,0,1,0,0,3,2,0,0
43 - Κορινθίας,53 E.T. Δήμου Κορινθίων,450,282,4,2,6,276,111,20,30,3,39,12,29,90,11,41,44,11,34,20,5,1,0,4,1,1,23,5,7,4,1,3,2,5,0,1,1,0,1,0,5,1,0,1,0,0,1,1,0,0,0,0,0,0,0,10,3,0,0,0,3,0,0,0,0,0,0,0,0,0,0,0,1,0,0,0,13,4,0,4,1,1,1,2,0,0,1,0,10,3,0,0
43 - Κορινθίας,54 E.T. Δήμου Κορινθίων,450,260,6,2,8,252,93,12,27,6,21,11,32,97,11,29,40,9,24,31,11,1,4,4,0,0,18,2,6,3,7,5,0,5,1,1,0,1,0,1,1,0,1,0,0,0,0,0,0,0,0,0,0,0,0,6,2,0,1,1,1,0,0,0,0,0,0,3,1,1,0,2,1,1,0,1,5,2,3,0,0,0,1,5,1,0,2,2,7,7,0,0
43 - Κορινθίας,55 E.T. Δήμου Κορινθίων,460,229,3,2,5,224,96,8,26,10,35,11,13,71,7,25,33,3,14,14,8,3,1,1,2,3,16,6,6,3,1,8,1,8,1,1,1,0,0,1,0,0,0,0,0,0,0,0,0,0,0,0,0,0,0,8,3,2,0,0,2,1,0,0,0,0,0,0,0,0,0,0,1,0,1,0,12,2,2,6,0,0,3,0,0,0,0,0,4,1,0,0
43 - Κορινθίας,56 E.T. Δήμου Κορινθίων,460,263,2,3,5,258,73,4,21,7,17,7,12,114,8,37,32,18,35,34,12,0,2,7,3,2,19,4,7,0,0,5,1,10,4,2,0,1,0,5,0,0,0,0,0,0,0,0,0,0,0,0,0,0,0,6,2,1,1,2,0,1,0,0,0,0,0,4,0,0,0,2,0,0,0,0,16,3,2,3,0,2,2,2,0,0,0,0,2,0,0,0
43 - Κορινθίας,57 E.T. Δήμου Κορινθίων,484,282,1,5,6,276,108,17,24,2,41,10,24,103,13,36,38,3,66,20,9,1,3,3,2,0,16,7,10,2,0,2,2,7,1,1,1,0,0,5,1,0,0,0,0,0,0,0,0,0,0,0,0,0,0,11,4,4,3,1,2,3,0,0,0,0,0,4,1,0,1,1,0,0,0,0,12,0,0,4,2,0,2,1,0,0,0,0,4,2,0,0
43 - Κορινθίας,58 E.T. Δήμου Κορινθίων,530,337,4,1,5,332,111,20,38,8,23,18,32,135,8,59,33,19,53,33,29,9,8,15,3,4,26,8,10,6,2,13,1,5,1,1,0,1,0,1,1,1,0,0,0,0,1,1,0,0,0,0,0,0,0,13,4,1,3,1,2,1,0,0,0,0,0,0,0,0,0,0,0,0,0,0,6,2,0,2,0,1,3,0,0,0,0,0,5,4,0,0
43 - Κορινθίας,59 E.T. Δήμου Κορινθίων,530,286,1,0,1,285,113,15,37,1,18,8,33,107,14,49,26,4,31,30,14,3,2,8,1,1,15,7,3,0,1,8,1,1,0,1,0,0,0,1,1,1,0,1,0,0,0,0,0,0,0,0,0,0,0,10,4,1,0,1,2,1,0,0,0,2,1,2,0,0,1,0,0,0,0,0,13,4,0,1,0,8,4,3,0,1,1,1,4,4,0,0
43 - Κορινθίας,60 E.T. Δήμου Κορινθίων,510,271,6,4,10,261,90,7,37,8,19,11,32,96,13,47,28,23,25,18,6,3,1,5,1,1,28,8,7,2,1,13,5,7,0,2,1,3,0,4,5,2,2,4,0,0,0,0,0,0,0,0,0,0,0,9,4,3,2,2,4,1,1,0,0,0,0,1,1,0,0,1,2,1,0,1,10,1,1,2,1,4,3,4,0,0,1,1,2,1,0,0
43 - Κορινθίας,61 E.T. Δήμου Κορινθίων,523,313,11,1,12,301,126,13,65,7,13,11,62,109,20,42,28,17,37,33,12,3,2,5,0,0,20,4,9,3,1,9,1,6,1,1,2,1,1,4,1,1,0,1,0,0,1,0,1,1,0,0,0,0,0,9,5,2,0,0,0,2,0,0,0,1,0,5,2,1,2,2,0,0,0,0,4,1,1,1,0,0,0,3,0,0,0,0,3,2,0,0
43 - Κορινθίας,62 E.T. Δήμου Κορινθίων,540,321,3,1,4,317,137,30,29,9,50,24,43,102,21,37,53,9,40,36,9,1,2,7,1,1,13,5,6,0,0,2,1,14,9,3,1,0,0,12,5,0,2,3,0,0,2,0,1,0,0,1,0,0,0,12,6,2,0,2,4,2,0,0,0,1,0,2,0,1,0,2,1,1,0,0,14,4,3,3,1,2,0,1,1,0,0,0,3,3,0,0
43 - Κορινθίας,63 E.T. Δήμου Κορινθίων,540,325,5,3,8,317,111,13,28,7,45,18,36,130,17,56,24,17,53,38,7,0,1,5,2,0,21,11,5,2,1,8,2,7,3,1,0,0,0,5,1,0,0,0,0,0,0,0,0,0,0,0,0,0,0,10,3,2,1,0,2,0,0,0,0,0,0,4,0,0,1,1,0,0,0,0,10,1,0,3,2,0,1,6,0,1,0,0,10,5,0,0
43 - Κορινθίας,64 E.T. Δήμου Κορινθίων,540,350,6,3,9,341,121,16,37,4,48,17,22,138,19,65,20,18,50,41,13,3,0,6,3,2,20,4,12,0,1,9,2,10,4,4,1,0,2,4,2,1,0,0,0,0,0,0,0,0,0,0,0,0,0,16,6,5,3,2,0,4,0,0,0,0,0,2,0,0,0,0,2,1,0,1,10,2,0,6,0,0,1,3,2,1,0,1,4,3,0,0
43 - Κορινθίας,65 E.T. Δήμου Κορινθίων,540,332,8,1,9,323,100,12,29,4,30,14,24,140,24,57,22,29,54,33,15,2,8,5,4,4,31,8,8,5,0,13,5,6,2,1,1,1,0,1,2,1,1,0,0,0,1,0,0,0,0,0,0,0,0,7,2,0,2,2,4,0,0,0,0,0,0,0,0,0,0,0,2,1,0,1,13,3,3,4,1,2,1,2,1,0,0,0,4,1,0,0
43 - Κορινθίας,66 E.T. Δήμου Κορινθίων,540,319,3,3,6,313,80,24,11,5,29,4,18,155,29,74,34,28,44,34,11,5,0,5,1,0,17,4,6,5,1,6,1,10,2,1,1,1,0,3,0,0,0,0,0,0,0,0,1,1,0,0,0,0,0,7,1,3,2,0,1,3,0,0,0,0,0,1,0,0,0,0,4,1,1,2,20,3,1,5,1,3,2,5,3,1,0,2,2,0,0,0
43 - Κορινθίας,67 E.T. Δήμου Κορινθίων,540,341,3,3,6,335,98,14,21,9,33,12,22,146,24,66,32,21,52,30,7,0,1,4,3,0,23,5,7,2,3,11,3,11,3,2,1,0,0,7,6,4,1,2,0,0,4,1,1,0,1,1,0,0,0,9,2,1,1,0,4,2,0,0,0,0,0,3,1,0,0,2,0,0,0,0,18,5,1,7,2,2,3,0,0,0,0,0,9,2,0,0
43 - Κορινθίας,68 E.T. Δήμου Κορινθίων,540,369,5,4,9,360,112,13,22,7,45,16,30,140,21,69,28,15,42,40,11,1,3,8,1,1,27,5,6,9,1,11,8,14,4,2,0,1,0,5,2,1,0,0,0,0,0,0,2,1,1,0,0,0,0,19,3,6,0,2,8,5,0,0,0,0,0,3,0,0,0,0,0,0,0,0,16,5,2,7,0,2,3,6,0,0,0,1,8,3,0,0
43 - Κορινθίας,69 E.T. Δήμου Κορινθίων,540,350,7,4,11,339,109,15,32,10,43,17,35,140,16,53,29,21,56,34,11,4,2,6,1,2,35,8,16,10,4,9,2,9,2,1,1,0,0,4,3,0,1,0,0,0,0,0,0,0,0,0,0,0,0,12,6,2,3,2,2,0,0,0,0,0,0,2,0,0,1,1,0,0,0,0,12,3,0,2,1,0,2,3,0,0,0,0,3,2,0,0
43 - Κορινθίας,70 E.T. Δήμου Κορινθίων,550,345,13,2,15,330,90,17,31,2,36,8,25,138,16,49,33,20,56,29,7,1,0,4,1,0,27,12,11,6,0,8,0,18,0,7,0,0,0,8,5,3,2,0,0,0,1,0,1,1,0,1,0,0,0,7,3,4,0,0,0,1,0,0,0,0,0,5,0,0,0,2,0,0,0,0,19,4,0,8,2,1,3,5,2,1,3,0,7,5,0,0
43 - Κορινθίας,71 E.T. Δήμου Κορινθίων,540,340,5,2,7,333,93,10,18,3,44,12,23,144,18,70,27,19,45,43,4,2,0,1,1,3,27,7,7,2,1,13,6,15,5,1,0,3,0,7,6,0,1,0,0,0,0,0,0,0,0,0,0,0,0,14,6,2,5,1,3,2,0,0,0,0,0,3,0,0,0,2,1,1,0,1,14,4,1,6,0,1,0,4,0,1,0,0,8,7,0,0
43 - Κορινθίας,72 E.T. Δήμου Κορινθίων,540,335,3,2,5,330,119,26,20,3,40,8,39,113,22,39,32,7,42,26,14,3,2,8,4,1,21,8,5,2,1,5,1,6,2,1,0,0,0,1,2,1,0,1,0,0,0,0,0,0,0,0,0,0,0,10,1,2,1,1,4,2,0,0,0,0,0,0,0,0,0,0,0,0,0,0,25,2,2,9,1,1,7,4,2,1,0,1,16,7,0,0
43 - Κορινθίας,73 E.T. Δήμου Κορινθίων,540,317,1,2,3,314,99,16,21,7,27,14,29,132,27,51,38,22,41,34,15,3,3,12,2,2,16,7,7,1,3,3,1,12,4,2,1,0,0,8,2,2,1,0,0,0,0,0,0,0,0,0,0,0,0,14,4,3,2,2,2,2,0,0,0,0,0,3,0,0,2,1,1,0,0,1,16,6,1,5,0,1,4,2,0,1,1,1,2,2,0,0
43 - Κορινθίας,74 E.T. Δήμου Κορινθίων,540,333,4,1,5,328,109,24,25,7,41,15,36,126,17,49,26,14,42,40,6,1,1,2,2,1,31,9,9,4,1,16,1,11,2,2,0,0,0,4,1,0,1,1,0,0,1,1,0,0,0,0,0,0,0,8,1,1,0,0,1,1,0,0,0,0,0,2,0,1,0,1,0,0,0,0,17,5,1,3,1,1,1,4,0,1,2,0,12,10,0,0
43 - Κορινθίας,75 E.T. Δήμου Κορινθίων,540,318,4,3,7,311,97,21,29,9,30,21,30,124,22,54,33,20,43,36,6,2,1,5,2,0,28,10,7,3,5,12,7,13,2,2,1,1,1,4,2,1,1,0,0,0,1,0,2,1,2,1,0,0,0,12,5,2,2,0,5,1,1,0,0,0,0,1,1,0,0,1,1,0,1,0,15,1,0,5,0,1,4,6,2,0,1,1,2,1,0,0
43 - Κορινθίας,76 E.T. Δήμου Κορινθίων,540,352,8,1,9,343,83,9,21,5,30,11,25,152,24,53,29,22,45,62,8,1,1,2,1,0,34,11,16,5,2,14,2,5,1,0,2,0,0,4,11,5,1,4,0,0,2,0,4,1,4,3,0,0,0,11,3,2,1,0,1,1,0,0,0,0,0,0,0,0,0,0,0,0,0,0,21,4,2,6,2,4,3,5,1,1,0,2,7,4,0,0
43 - Κορινθίας,77 E.T. Δήμου Κορινθίων,540,304,1,3,4,300,93,13,24,7,35,14,29,140,11,69,24,19,52,42,15,1,5,13,0,1,14,5,6,2,3,3,2,7,3,2,0,0,0,5,3,0,2,2,0,0,0,0,0,0,0,0,0,1,0,9,3,3,2,0,1,0,0,0,0,0,0,1,0,0,0,0,0,0,0,0,8,2,0,4,0,0,1,3,1,1,1,0,6,2,0,0
43 - Κορινθίας,78 E.T. Δήμου Κορινθίων,540,314,7,2,9,305,102,18,34,6,45,16,24,129,20,49,30,18,46,49,9,0,1,7,2,3,17,7,6,2,2,6,1,13,2,3,2,2,1,3,8,4,5,4,0,0,3,1,0,0,0,0,0,0,0,12,2,2,1,3,4,2,0,0,0,0,0,0,0,0,0,0,0,0,0,0,8,2,1,3,1,0,2,0,0,0,0,0,4,2,0,0
43 - Κορινθίας,79 E.T. Δήμου Κορινθίων,530,362,10,1,11,351,105,15,17,11,34,16,25,144,23,77,28,18,46,40,11,2,0,8,3,2,31,10,19,6,2,3,4,6,1,1,0,0,0,1,8,5,3,3,0,0,1,1,2,0,1,0,0,0,0,18,2,2,6,0,6,3,0,0,0,0,0,1,1,0,1,0,0,0,0,0,12,2,0,3,2,1,0,3,1,0,2,1,9,7,0,0
43 - Κορινθίας,80 E.T. Δήμου Κορινθίων,540,335,10,0,10,325,114,14,22,8,41,12,33,136,24,55,33,16,44,38,3,0,0,3,0,0,14,5,1,4,2,4,4,8,0,3,0,1,1,5,6,1,1,0,0,0,2,1,0,0,0,0,0,0,0,7,2,1,1,0,0,0,0,0,0,0,0,3,0,0,1,1,0,0,0,0,22,6,0,7,0,4,2,5,2,1,1,1,5,1,0,0
43 - Κορινθίας,81 E.T. Δήμου Κορινθίων,540,310,6,4,10,300,90,11,26,5,29,15,17,126,14,45,20,11,51,40,12,2,2,7,3,3,22,6,10,5,2,2,1,8,2,0,1,1,0,4,2,0,1,0,0,0,0,0,1,0,1,0,0,0,0,13,6,3,3,1,3,1,0,0,0,0,0,1,1,0,1,0,1,0,0,0,21,3,0,6,1,2,4,2,0,0,0,1,1,1,0,0
43 - Κορινθίας,82 E.T. Δήμου Κορινθίων,540,325,3,4,7,318,96,12,23,2,28,18,24,130,16,58,34,22,41,29,7,0,1,4,0,1,26,11,10,6,2,10,2,9,2,2,0,0,0,4,3,0,2,0,0,0,2,0,0,0,0,0,0,0,0,16,7,5,1,0,4,2,0,0,0,0,0,4,1,0,1,2,5,1,1,0,14,5,0,8,1,1,2,1,0,0,0,0,5,3,0,0
43 - Κορινθίας,83 E.T. Δήμου Κορινθίων,540,348,5,2,7,341,105,11,21,6,40,11,28,138,29,67,26,20,51,23,14,0,1,9,1,0,22,3,4,6,1,10,1,13,6,2,2,1,0,9,6,1,2,2,0,0,0,0,1,0,0,0,0,0,0,12,5,2,1,1,4,2,0,0,0,0,0,0,0,0,0,0,2,1,1,0,15,4,0,2,4,2,0,2,0,0,0,0,11,8,0,0
43 - Κορινθίας,84 E.T. Δήμου Κορινθίων,540,337,2,2,4,333,89,6,28,1,42,9,30,157,22,61,36,23,73,30,7,1,2,6,0,0,35,18,10,4,2,12,2,5,5,0,0,0,0,3,3,1,1,1,0,0,2,2,0,0,0,0,0,0,0,11,4,5,0,0,2,5,0,0,0,0,0,0,0,0,0,0,2,1,1,1,18,1,1,7,0,1,5,1,0,0,0,0,3,3,0,0
43 - Κορινθίας,85 E.T. Δήμου Κορινθίων,540,341,2,4,6,335,123,19,24,6,37,14,27,117,31,43,28,27,29,25,13,0,2,7,1,2,24,9,13,2,3,6,3,5,2,3,0,0,0,4,4,2,0,2,0,0,3,1,2,2,1,0,0,1,1,11,2,2,2,1,0,4,1,0,0,0,0,1,0,0,0,1,3,1,0,1,19,7,3,7,1,1,0,1,1,0,0,0,7,3,0,0
43 - Κορινθίας,86 E.T. Δήμου Κορινθίων,540,342,4,1,5,337,123,21,29,11,35,10,47,146,19,65,21,15,54,45,6,1,1,5,2,1,15,3,4,2,2,6,2,9,1,2,1,0,0,2,4,2,2,1,0,0,1,0,0,0,0,0,0,0,0,8,1,1,0,2,4,3,0,0,0,0,0,2,1,0,1,2,1,0,0,0,17,4,1,8,0,1,3,0,0,0,0,0,5,0,0,0
43 - Κορινθίας,87 E.T. Δήμου Κορινθίων,530,332,5,1,6,326,97,9,22,3,39,14,23,139,19,50,38,21,60,38,20,3,1,16,4,1,23,5,12,1,3,6,6,11,7,1,1,0,1,4,5,2,1,3,0,0,1,0,0,0,0,0,0,1,0,9,2,2,2,0,3,1,0,0,0,0,0,2,1,0,1,0,0,0,0,0,15,6,2,5,3,0,5,1,0,0,0,0,2,2,0,0
43 - Κορινθίας,88 E.T. Δήμου Κορινθίων,540,322,4,6,10,312,91,11,27,6,33,10,21,136,21,51,33,10,59,28,4,0,0,0,0,0,24,8,13,3,0,3,1,14,1,3,1,0,0,9,4,0,0,0,0,0,0,0,0,0,0,0,0,0,0,14,6,4,0,1,4,2,0,0,0,0,0,5,1,1,1,0,0,0,0,0,11,6,2,3,3,1,1,1,0,0,0,0,8,4,0,0
43 - Κορινθίας,89 E.T. Δήμου Κορινθίων,550,344,3,1,4,340,100,20,27,4,34,14,27,152,25,50,32,20,63,40,11,2,0,8,2,2,21,6,13,2,0,7,1,10,1,3,1,0,0,7,6,2,2,1,0,0,0,0,0,0,0,0,0,1,0,8,4,0,2,0,2,1,0,0,0,0,0,3,1,0,0,1,0,0,0,0,17,5,0,7,1,0,5,2,1,0,0,1,9,4,0,0
43 - Κορινθίας,90 E.T. Δήμου Κορινθίων,550,350,2,2,4,346,112,15,30,7,43,12,24,130,19,56,27,7,46,43,20,3,2,6,6,2,34,14,13,5,1,11,2,13,6,0,1,0,1,9,4,1,0,1,0,0,0,0,0,0,0,0,0,1,1,11,4,0,0,2,1,1,0,0,0,0,0,3,2,0,0,1,3,0,2,0,11,3,1,4,1,0,1,2,0,0,0,0,2,1,0,0
43 - Κορινθίας,91 E.T. Δήμου Κορινθίων,530,331,6,6,12,319,137,17,21,8,56,9,26,103,10,73,25,20,39,39,14,3,3,10,2,2,21,6,9,2,2,9,2,10,5,1,2,1,1,4,6,3,2,1,0,0,0,0,3,2,1,2,1,0,0,3,2,0,1,0,1,1,0,0,0,0,0,0,0,0,0,0,1,0,0,0,12,2,1,5,0,0,3,0,0,0,0,0,9,3,0,0
43 - Κορινθίας,92 E.T. Δήμου Κορινθίων,538,337,5,3,8,329,95,11,31,4,29,13,32,140,23,59,33,22,37,43,10,3,1,5,2,0,27,7,13,3,5,8,1,4,2,0,0,0,0,2,10,3,1,3,0,0,1,1,0,0,0,0,0,0,0,5,1,2,0,1,1,1,0,0,0,0,0,3,1,1,1,1,4,0,1,0,17,6,1,9,1,1,4,5,2,0,1,0,8,5,0,0
43 - Κορινθίας,93 E.T. Δήμου Κορινθίων,550,343,4,0,4,339,103,22,26,11,40,15,29,134,15,53,26,17,50,47,11,2,1,4,0,1,24,9,14,1,1,13,1,13,7,3,1,0,1,7,8,1,1,2,0,0,1,0,0,0,0,0,0,0,0,16,8,5,0,2,2,1,0,0,0,0,0,0,0,0,0,0,1,1,1,0,20,5,1,11,1,0,2,5,2,0,1,4,3,2,0,0
43 - Κορινθίας,94 E.T. Δήμου Κορινθίων,550,370,5,3,8,362,139,17,37,6,52,20,35,113,15,46,27,10,44,37,5,0,3,4,0,1,37,16,12,2,1,14,0,9,5,1,1,0,0,2,7,1,0,1,1,0,0,0,0,0,0,0,0,0,0,13,4,3,2,1,3,3,0,0,0,1,0,2,1,1,1,1,0,0,0,0,24,10,0,10,1,1,10,2,1,1,0,1,9,3,0,0
43 - Κορινθίας,95 E.T. Δήμου Κορινθίων,550,353,3,1,4,349,111,22,21,9,37,19,28,139,14,61,27,13,54,46,21,6,1,17,6,3,23,15,4,5,2,6,4,11,3,4,2,2,0,5,3,0,0,0,0,0,1,1,1,0,0,0,0,0,0,15,2,7,1,1,6,1,0,0,0,0,0,4,0,1,0,1,0,0,0,0,13,4,0,5,0,1,1,3,1,0,0,2,4,4,0,0
43 - Κορινθίας,96 E.T. Δήμου Κορινθίων,550,357,5,3,8,349,118,16,32,8,34,19,37,141,16,62,35,20,56,47,9,2,5,6,3,0,23,9,12,4,1,3,3,9,5,1,1,0,0,4,6,3,1,1,1,0,0,0,1,0,1,0,0,0,0,15,6,2,0,3,2,5,0,0,0,0,0,2,1,0,1,0,2,1,0,0,17,6,2,12,1,1,3,2,0,0,2,0,3,2,0,0
43 - Κορινθίας,97 E.T. Δήμου Κορινθίων,550,344,7,3,10,334,94,15,22,5,35,13,31,131,9,60,26,14,40,63,13,3,1,10,3,0,41,14,17,5,0,24,5,16,2,7,0,1,0,5,2,0,0,1,0,0,1,1,1,0,0,1,0,0,0,13,3,7,0,0,4,2,0,0,0,0,0,0,0,0,0,0,0,0,0,0,17,3,1,7,1,0,6,1,1,0,0,1,4,4,0,0
43 - Κορινθίας,98 E.T. Δήμου Κορινθίων,550,344,4,3,7,337,110,26,22,12,41,21,35,125,22,49,31,10,31,44,14,3,2,6,7,0,22,3,9,5,0,11,0,14,4,3,1,2,0,3,6,4,1,3,0,0,1,1,3,1,2,0,0,0,0,21,9,5,4,1,5,4,1,1,1,0,0,2,1,1,0,0,0,0,0,0,10,5,0,7,1,1,1,0,0,0,0,0,8,5,0,0
43 - Κορινθίας,99 E.T. Δήμου Κορινθίων,550,354,6,4,10,344,109,18,24,2,30,14,27,114,15,51,18,13,37,52,16,1,1,11,3,1,30,11,11,1,1,10,2,15,4,4,0,0,1,7,4,1,1,0,0,0,0,0,1,0,1,0,0,0,0,26,8,8,2,0,9,1,0,0,0,0,0,1,0,0,0,1,0,0,0,0,18,9,1,7,0,1,2,5,2,1,0,1,5,2,0,0
43 - Κορινθίας,100 E.T. Δήμου Κορινθίων,550,303,8,1,9,294,122,14,35,10,42,20,29,83,17,39,16,12,23,28,16,2,2,8,7,0,32,16,10,5,3,12,2,7,3,1,0,0,1,1,2,2,1,1,0,0,0,0,1,0,1,0,0,0,0,9,3,1,0,0,4,0,0,0,0,0,0,0,0,0,0,0,0,0,0,0,14,3,1,7,1,3,5,4,1,1,1,2,4,1,0,0
43 - Κορινθίας,101 E.T. Δήμου Κορινθίων,550,342,3,6,9,333,108,14,31,11,30,20,32,111,16,39,21,11,37,46,10,2,0,7,2,0,44,8,26,4,3,18,3,4,2,2,0,0,0,1,3,1,1,0,0,0,1,0,0,0,0,0,0,0,0,15,3,5,2,0,2,1,1,1,1,0,0,3,0,0,0,0,2,0,0,0,20,4,1,9,2,2,4,4,4,1,3,0,7,4,0,0
43 - Κορινθίας,102 E.T. Δήμου Κορινθίων,550,311,6,3,9,302,101,18,33,10,27,18,26,89,5,34,15,12,43,37,26,3,3,16,12,6,22,4,12,4,0,6,0,10,4,2,2,0,0,5,5,2,1,1,0,0,0,0,1,0,0,0,0,2,0,15,3,3,1,0,3,6,0,0,0,0,0,1,0,0,1,1,0,0,0,0,11,5,0,3,2,0,3,2,0,0,0,0,17,7,0,0
43 - Κορινθίας,103 E.T. Δήμου Κορινθίων,550,340,2,1,3,337,105,11,10,5,45,13,22,112,20,29,29,12,35,35,16,3,1,5,1,2,36,9,19,1,1,14,1,11,5,5,0,0,0,4,3,2,1,1,0,0,0,0,1,0,1,0,0,0,0,32,11,3,1,2,11,7,0,0,0,0,0,2,0,0,0,1,1,0,0,1,14,1,0,6,1,2,4,1,0,0,1,0,3,2,0,0
43 - Κορινθίας,104 E.T. Δήμου Κορινθίων,550,365,9,1,10,355,109,16,29,8,43,20,34,138,18,54,36,18,42,55,7,2,0,5,3,0,26,5,15,3,2,8,2,17,4,6,0,0,0,6,3,2,0,1,0,0,1,0,2,0,2,0,0,0,0,21,8,8,2,1,6,7,0,0,0,0,0,3,1,0,1,1,1,1,1,0,20,6,2,10,0,1,5,1,0,0,1,0,6,4,0,0
43 - Κορινθίας,105 E.T. Δήμου Κορινθίων,550,350,7,1,8,342,110,15,28,7,38,18,30,130,18,61,37,11,46,45,4,0,2,1,3,2,30,9,10,2,2,14,2,10,5,1,3,1,0,3,5,1,0,0,0,0,1,1,2,2,1,1,0,0,0,19,7,6,3,0,6,4,1,0,0,0,0,3,0,0,1,2,0,0,0,0,20,4,1,6,1,4,4,3,0,1,0,2,4,2,0,0
43 - Κορινθίας,106 E.T. Δήμου Κορινθίων,550,365,5,4,9,356,111,15,37,10,30,19,35,135,20,46,26,16,73,34,17,5,2,8,6,0,31,10,16,4,3,9,2,9,1,3,0,0,0,1,6,2,0,2,0,0,2,1,2,0,1,0,0,0,0,16,4,5,2,3,7,1,0,0,0,0,0,0,0,0,0,0,1,0,1,1,16,7,2,6,0,5,4,5,2,0,1,3,5,4,0,0
43 - Κορινθίας,107 E.T. Δήμου Κορινθίων,570,356,2,4,6,350,120,19,34,5,37,23,40,115,19,39,27,13,33,40,20,5,10,10,6,0,19,8,6,1,3,4,0,21,8,4,0,2,0,9,4,1,2,1,0,0,2,0,0,0,0,0,0,0,0,24,13,5,1,4,5,0,0,0,0,0,0,0,0,0,0,0,2,1,0,0,13,3,1,4,0,0,5,2,2,1,0,1,8,4,0,0
43 - Κορινθίας,108 E.T. Δήμου Κορινθίων,563,318,2,3,5,313,98,11,18,6,35,22,41,105,27,43,22,14,49,55,13,3,1,8,4,2,34,16,25,4,1,13,4,5,0,2,1,1,0,2,4,2,1,0,0,0,2,2,0,0,0,0,0,0,0,23,6,9,2,3,7,3,0,0,0,0,0,1,1,1,0,0,0,0,0,0,20,6,1,11,0,0,7,2,0,2,0,0,6,5,0,0
43 - Κορινθίας,109 E.T. Δήμου Κορινθίων,550,376,4,2,6,370,104,21,18,10,21,15,21,146,23,62,35,14,41,38,14,3,3,10,2,1,33,10,9,3,1,8,1,17,1,1,1,0,0,2,1,0,0,0,0,0,1,1,0,0,0,0,0,0,0,21,7,5,3,4,9,0,0,0,0,0,0,5,1,0,2,1,0,0,0,0,14,0,0,3,1,4,2,8,2,3,1,0,6,2,0,0
43 - Κορινθίας,110 E.T. Δήμου Κορινθίων,549,387,4,3,7,380,123,21,19,16,35,19,25,150,27,51,40,18,47,43,15,3,7,8,0,2,35,11,16,7,0,12,6,19,0,4,5,1,0,9,3,0,1,1,0,0,1,0,1,1,0,0,1,0,0,15,4,3,1,1,4,1,0,0,0,0,0,1,0,0,0,0,2,0,0,0,10,1,0,2,0,3,2,1,0,0,0,0,4,1,0,0
43 - Κορινθίας,111 E.T. Δήμου Κορινθίων,410,294,8,1,9,285,64,8,10,10,18,3,14,165,12,30,112,9,49,40,9,0,2,6,0,0,29,5,14,0,0,7,1,0,0,0,0,0,0,0,1,0,0,0,0,0,0,0,0,0,0,0,0,0,0,11,2,1,1,0,2,2,0,0,0,0,0,0,0,0,0,0,2,1,1,1,2,0,0,1,0,0,0,1,0,1,0,0,1,1,0,0
43 - Κορινθίας,112 E.T. Δήμου Κορινθίων,417,291,3,2,5,286,58,8,6,10,17,13,11,164,13,45,108,14,25,44,7,0,0,5,0,0,23,5,5,1,0,7,3,4,0,0,1,0,2,2,2,0,0,0,0,0,0,0,2,0,2,0,0,0,0,5,2,1,0,0,1,3,0,0,0,0,0,3,0,0,0,3,1,0,1,0,9,3,1,3,0,0,2,4,1,2,1,0,4,3,0,0
43 - Κορινθίας,113 E.T. Δήμου Κορινθίων,396,289,1,3,4,285,48,11,17,5,7,3,12,164,12,30,9,7,142,28,20,2,9,10,1,2,34,17,22,1,0,9,7,1,0,0,0,0,0,0,1,1,0,1,0,0,0,0,0,0,0,0,0,0,0,7,1,0,0,0,3,0,1,0,0,0,0,1,0,0,0,0,1,0,1,0,4,0,0,3,0,0,1,0,0,0,0,0,3,2,0,0
43 - Κορινθίας,114 E.T. Δήμου Κορινθίων,530,355,7,1,8,347,108,15,29,8,23,22,26,168,15,57,82,19,66,33,10,4,1,6,0,1,18,1,10,1,1,3,1,2,1,1,0,0,0,1,7,6,3,1,0,0,0,0,2,0,1,0,1,0,0,25,4,4,1,1,4,11,1,0,0,0,0,0,0,0,0,0,0,0,0,0,4,1,1,1,0,0,0,1,1,0,1,0,1,1,0,0
43 - Κορινθίας,115 E.T. Δήμου Κορινθίων,530,324,0,1,1,323,108,21,24,9,27,30,19,141,17,44,71,10,66,29,9,2,0,7,2,0,20,3,13,1,0,2,2,4,0,2,1,0,0,1,1,1,0,0,0,0,1,0,2,0,2,0,0,0,0,25,4,6,2,0,3,17,0,0,0,0,0,1,0,0,0,0,0,0,0,0,5,0,0,1,0,1,1,4,0,0,3,0,2,1,0,0
43 - Κορινθίας,116 E.T. Δήμου Κορινθίων,520,340,1,1,2,338,84,18,15,5,16,18,24,162,27,22,67,18,80,41,18,4,1,10,1,2,28,6,23,1,0,3,0,6,0,0,1,1,1,2,1,0,0,0,0,0,2,1,0,0,0,0,0,0,0,18,2,0,1,0,3,11,0,0,0,0,0,1,1,0,0,0,0,0,0,0,9,2,1,2,2,2,1,1,0,0,0,0,8,2,0,0
43 - Κορινθίας,117 E.T. Δήμου Κορινθίων,511,323,4,0,4,319,108,6,19,6,15,34,31,134,17,39,52,6,65,37,18,7,5,9,1,1,29,1,23,0,0,4,4,3,2,1,1,0,0,2,3,1,1,0,0,0,2,0,0,0,0,0,0,0,0,9,4,2,0,0,0,3,0,0,0,0,0,0,0,0,0,0,0,0,0,0,5,1,0,3,0,1,2,3,1,0,0,0,4,3,1,1
43 - Κορινθίας,118 E.T. Δήμου Κορινθίων,450,302,1,4,5,297,101,21,22,15,33,16,17,114,21,42,22,12,38,17,11,0,0,0,0,0,21,10,10,1,1,6,2,10,0,2,2,0,0,5,3,0,0,0,0,0,2,0,2,0,0,0,0,0,0,14,5,2,0,1,5,0,0,0,0,0,0,1,0,0,0,0,0,0,0,0,9,5,1,1,2,1,1,1,0,0,0,0,8,0,0,0
43 - Κορινθίας,119 E.T. Δήμου Κορινθίων,460,305,2,0,2,303,73,13,30,6,17,18,13,150,19,55,74,17,48,58,13,3,1,6,0,1,20,5,5,2,0,8,3,11,0,4,1,3,0,2,3,1,0,1,0,0,1,0,0,0,0,0,0,0,0,7,2,3,0,1,3,1,1,0,0,0,0,1,0,0,0,0,0,0,0,0,13,4,1,5,0,1,3,2,1,1,0,0,8,4,0,0
43 - Κορινθίας,120 E.T. Δήμου Κορινθίων,450,303,0,0,0,303,97,14,25,14,26,16,22,129,20,41,51,5,50,42,11,3,4,3,2,1,23,7,9,4,1,11,4,9,3,1,0,0,1,3,2,0,0,0,0,0,1,0,2,2,1,1,0,0,0,16,10,2,1,2,7,1,0,0,0,0,0,2,1,0,0,1,0,0,0,0,5,1,2,0,0,1,0,1,0,1,1,0,5,3,0,0
43 - Κορινθίας,121 E.T. Δήμου Κορινθίων,471,288,0,1,1,287,69,17,13,8,20,15,10,144,22,64,33,26,61,28,15,1,3,8,5,3,15,5,4,6,0,8,0,9,1,0,1,0,1,6,1,1,0,0,0,0,2,1,1,0,0,0,0,0,0,14,3,2,2,1,4,2,0,0,0,0,0,2,1,0,2,0,0,0,0,0,10,2,0,3,2,1,1,1,0,0,0,0,4,2,0,0
43 - Κορινθίας,122 E.T. Δήμου Κορινθίων,283,213,4,0,4,209,58,15,15,2,16,10,13,92,10,35,23,10,27,40,12,7,0,6,1,0,19,5,2,2,3,11,0,7,2,3,0,1,0,4,1,1,0,1,0,0,1,0,0,0,0,0,0,0,0,7,2,1,0,0,1,3,0,0,0,0,0,2,0,0,0,0,1,0,0,0,5,2,1,1,0,0,0,1,0,0,0,0,3,1,0,0
43 - Κορινθίας,123 E.T. Δήμου Κορινθίων,537,316,2,1,3,313,59,10,12,4,19,3,11,190,23,87,52,29,128,34,16,2,2,11,0,1,30,11,20,2,4,18,5,1,0,0,1,0,0,0,2,2,0,1,0,0,1,1,0,0,0,0,0,0,0,4,3,1,0,0,0,0,0,0,0,0,0,0,0,0,0,0,0,0,0,0,9,2,0,2,0,0,1,0,0,0,0,0,1,0,0,0
43 - Κορινθίας,124 E.T. Δήμου Κορινθίων,385,248,8,1,9,239,78,8,27,7,32,22,10,124,16,48,25,30,26,49,4,0,1,3,0,2,12,2,2,2,0,11,1,4,1,2,0,0,0,3,1,1,0,1,0,0,1,0,0,0,0,0,0,0,0,6,4,0,1,1,0,0,0,0,0,0,0,2,0,0,0,0,1,1,0,0,2,0,0,1,0,0,1,0,0,0,0,0,4,0,0,0
43 - Κορινθίας,125 E.T. Δήμου Κορινθίων,500,289,1,1,2,287,80,11,8,5,41,6,20,132,12,64,32,8,34,57,24,2,2,19,4,3,13,1,6,3,0,1,0,1,0,0,0,0,0,0,2,0,0,0,0,0,0,0,0,0,0,0,0,0,0,16,5,7,3,0,1,0,1,0,0,0,0,3,0,0,1,1,2,1,1,0,10,2,0,4,0,1,3,1,0,0,0,0,1,1,1,1
43 - Κορινθίας,126 E.T. Δήμου Κορινθίων,520,300,2,0,2,298,86,18,23,14,29,18,17,123,11,57,33,20,35,44,38,4,7,26,3,5,14,7,9,1,1,5,0,3,1,1,0,0,0,0,2,2,1,1,0,0,1,1,0,0,0,0,0,0,0,14,7,3,1,1,3,2,0,0,0,0,0,1,0,0,0,0,4,1,0,1,6,3,0,3,0,0,1,2,0,0,1,1,3,3,1,0
43 - Κορινθίας,127 E.T. Δήμου Κορινθίων,510,251,5,2,7,244,89,12,24,19,32,12,12,104,25,41,28,7,25,30,17,4,3,13,4,1,5,1,1,1,1,4,0,2,1,0,1,0,0,1,0,0,0,0,0,0,0,0,0,0,0,0,0,0,0,14,3,2,3,0,4,2,0,0,0,0,0,0,0,0,0,0,0,0,0,0,9,0,0,4,2,0,1,0,0,0,0,0,4,2,0,0
43 - Κορινθίας,128 E.T. Δήμου Κορινθίων,514,277,3,1,4,273,87,9,18,8,39,11,28,115,11,57,40,3,33,47,21,1,2,17,0,2,22,7,9,3,3,8,2,5,1,1,1,1,2,2,2,1,0,0,0,0,0,0,0,0,0,0,0,1,1,8,5,3,1,0,4,1,0,0,0,0,0,1,0,0,0,0,1,0,0,0,4,2,2,0,0,0,1,1,0,0,0,0,5,1,0,0
43 - Κορινθίας,129 E.T. Δήμου Κορινθίων,268,162,0,4,4,158,41,12,6,2,8,4,6,74,8,33,20,6,22,29,5,4,0,5,0,0,12,1,8,0,0,3,0,0,0,0,0,0,0,0,4,1,1,0,0,0,0,0,3,1,2,0,0,0,0,11,8,1,0,0,0,1,0,0,0,0,0,1,0,0,0,0,1,0,0,0,4,0,0,0,0,0,0,1,0,0,0,0,1,0,0,0
43 - Κορινθίας,130 E.T. Δήμου Κορινθίων,400,252,6,2,8,244,49,24,7,6,8,1,15,147,19,80,66,27,24,43,15,0,1,12,0,0,9,1,3,1,2,3,4,4,1,1,0,0,1,1,3,0,0,0,0,0,0,0,2,1,2,0,0,0,0,4,2,2,1,0,0,1,0,0,0,1,0,0,0,0,0,0,0,0,0,0,6,0,0,4,0,0,1,2,1,1,0,0,2,2,0,0
43 - Κορινθίας,131 E.T. Δήμου Κορινθίων,400,264,2,0,2,262,64,40,9,10,11,4,16,125,20,53,53,19,20,52,7,2,1,6,1,0,33,0,27,4,13,3,6,2,1,0,0,0,0,1,3,1,0,1,1,1,0,0,2,1,1,0,2,0,0,11,1,5,0,2,4,2,0,0,0,0,0,0,0,0,0,0,0,0,0,0,10,1,0,3,1,1,2,1,1,0,1,0,3,1,0,0
43 - Κορινθίας,132 E.T. Δήμου Κορινθίων,411,263,0,2,2,261,58,31,10,11,9,4,16,166,14,79,51,32,45,83,4,0,0,3,1,0,20,2,11,1,6,4,3,0,0,0,0,0,0,0,1,0,1,1,0,0,0,0,1,0,1,0,0,0,0,2,1,0,0,0,0,0,0,0,0,0,0,1,1,0,1,0,0,0,0,0,3,0,0,1,0,0,1,1,0,0,0,0,4,4,0,0
43 - Κορινθίας,133 E.T. Δήμου Κορινθίων,400,238,1,0,1,237,68,12,17,2,23,14,14,93,11,58,19,7,15,25,12,2,2,7,2,1,22,3,14,4,2,3,4,4,2,0,0,0,0,3,4,2,0,1,0,0,1,1,7,2,7,0,0,0,0,13,4,8,1,0,4,1,0,0,0,0,0,3,0,0,2,2,0,0,0,0,7,1,1,1,1,1,1,1,1,0,1,0,2,1,0,0
43 - Κορινθίας,134 E.T. Δήμου Κορινθίων,393,262,3,0,3,259,49,14,6,5,14,7,11,124,11,87,26,8,16,48,13,0,8,6,0,3,30,5,14,3,1,8,2,12,3,1,0,0,0,5,0,0,0,0,0,0,2,2,1,0,1,0,0,0,0,15,1,8,0,0,1,2,2,1,0,0,0,1,0,0,1,1,0,0,0,0,4,0,0,0,0,0,0,0,0,0,0,0,6,5,0,0
43 - Κορινθίας,135 E.T. Δήμου Κορινθίων,320,229,0,1,1,228,39,0,10,13,3,8,14,138,20,65,53,18,31,43,12,5,1,11,0,1,23,8,10,2,1,7,8,4,1,1,1,0,1,1,0,0,0,0,0,0,0,0,0,0,0,0,0,1,1,7,2,2,1,0,1,0,0,0,0,0,0,0,0,0,0,0,0,0,0,0,2,0,0,1,0,1,2,0,0,0,0,0,2,1,0,0
43 - Κορινθίας,136 E.T. Δήμου Κορινθίων,321,216,3,1,4,212,53,4,10,15,8,6,14,123,13,48,43,8,34,63,5,1,0,2,0,0,19,3,7,4,2,8,2,1,0,0,0,0,1,0,0,0,0,0,0,0,0,0,0,0,0,0,0,0,0,4,0,4,0,1,1,0,0,0,0,0,0,2,0,0,1,0,0,0,0,0,3,2,1,1,0,0,0,0,0,0,0,0,2,0,0,0
43 - Κορινθίας,137 E.T. Δήμου Κορινθίων,427,213,0,2,2,211,68,17,12,1,25,2,23,83,9,56,31,9,16,17,7,2,1,1,1,2,30,7,16,0,0,8,1,1,1,0,0,0,0,0,0,0,0,0,0,0,0,0,1,0,1,0,0,1,0,10,4,3,0,0,1,1,0,0,0,0,0,0,0,0,0,0,0,0,0,0,3,1,0,1,0,0,0,3,2,0,2,1,4,1,0,0
43 - Κορινθίας,138 E.T. Δήμου Κορινθίων,420,300,1,1,2,298,72,13,17,1,16,11,21,152,8,68,33,13,18,107,11,6,3,6,0,0,27,6,8,3,10,8,6,4,0,2,1,1,0,1,5,1,0,0,0,0,0,0,9,1,8,0,0,0,0,6,1,0,1,0,0,2,0,0,0,0,0,3,2,0,0,2,0,0,0,0,4,2,0,1,0,0,2,0,0,0,0,0,5,3,0,0
43 - Κορινθίας,139 E.T. Δήμου Κορινθίων,430,300,2,2,4,296,48,11,6,3,14,8,10,150,8,58,35,11,40,89,15,2,2,9,6,2,22,6,5,0,0,5,4,5,1,3,0,0,0,2,6,2,1,0,0,0,0,0,25,5,25,0,0,0,0,5,2,0,1,1,0,1,1,0,0,1,0,1,0,0,0,1,0,0,0,0,9,3,0,6,1,0,0,5,3,1,0,3,3,3,0,0
43 - Κορινθίας,140 E.T. Δήμου Κορινθίων,420,261,1,2,3,258,56,7,17,0,11,6,13,127,7,57,36,14,21,71,5,1,0,4,0,0,35,3,15,5,7,8,9,4,1,0,1,2,0,1,2,1,0,0,0,0,1,1,9,0,9,0,1,0,0,8,2,6,0,0,0,2,1,1,1,0,0,1,1,0,0,1,0,0,0,0,6,1,1,1,0,0,0,1,0,1,0,1,2,0,0,0
43 - Κορινθίας,141 E.T. Δήμου Κορινθίων,435,313,2,4,6,307,68,13,16,4,20,8,17,150,14,67,42,13,20,119,13,3,0,13,1,0,15,8,9,1,0,3,4,11,1,1,1,1,0,2,1,1,1,0,0,0,1,1,11,0,11,2,1,0,0,18,5,3,1,1,3,2,0,0,0,0,0,1,1,0,0,0,1,1,1,0,7,3,0,2,0,0,2,2,1,0,1,0,8,3,0,0
43 - Κορινθίας,143 E.T. Δήμου Λουτρακίου-Περαχώρας-Αγ. Θεοδώρων,500,315,25,0,25,290,130,20,23,60,6,12,38,85,23,43,9,13,21,21,9,3,2,3,3,0,25,8,7,3,0,15,0,11,2,2,1,3,3,1,0,0,0,0,0,0,0,0,2,1,0,0,1,0,0,11,4,4,2,2,1,0,0,0,0,0,0,0,0,0,0,0,0,0,0,0,7,0,4,4,0,0,0,2,0,0,0,1,8,4,0,0
43 - Κορινθίας,144 E.T. Δήμου Λουτρακίου-Περαχώρας-Αγ. Θεοδώρων,500,281,4,2,6,275,93,14,14,50,10,13,27,105,19,49,18,6,28,35,6,3,1,1,1,1,11,8,2,4,1,6,0,25,4,5,0,6,7,7,0,0,0,0,0,0,0,0,1,1,1,0,0,0,0,10,5,0,2,0,4,3,1,0,0,0,0,3,2,2,1,0,1,0,0,0,12,2,7,1,0,0,3,2,0,0,1,2,5,3,0,0
43 - Κορινθίας,145 E.T. Δήμου Λουτρακίου-Περαχώρας-Αγ. Θεοδώρων,500,356,7,1,8,348,134,16,32,64,9,23,4,122,27,73,30,17,17,33,8,5,1,5,0,0,17,6,8,1,1,11,0,14,1,0,1,6,6,2,1,0,0,0,0,0,1,1,0,0,0,0,0,0,0,25,10,8,5,1,12,2,1,0,0,0,0,1,0,0,1,1,1,1,0,1,12,1,5,7,2,0,4,2,1,1,0,2,9,6,0,0
43 - Κορινθίας,146 E.T. Δήμου Λουτρακίου-Περαχώρας-Αγ. Θεοδώρων,500,326,5,0,5,321,118,19,26,65,12,10,33,103,21,60,22,10,23,26,13,3,5,4,1,1,24,12,12,4,4,8,0,19,2,0,1,7,9,5,6,3,1,1,0,0,1,0,0,0,0,0,0,0,0,12,7,1,2,2,1,2,2,1,1,0,0,0,0,0,0,0,0,0,0,0,7,2,0,1,1,1,2,9,1,0,0,8,7,3,0,0
43 - Κορινθίας,147 E.T. Δήμου Λουτρακίου-Περαχώρας-Αγ. Θεοδώρων,500,321,4,0,4,317,126,6,30,56,14,15,39,83,20,44,20,10,17,21,12,6,5,2,2,1,13,7,3,5,1,5,0,27,5,3,2,7,10,4,6,2,5,3,0,0,0,0,0,0,0,0,0,1,0,23,12,4,0,5,10,2,1,1,1,0,0,4,0,1,1,2,2,1,0,1,11,1,6,5,0,0,2,4,0,0,0,2,4,2,0,0
43 - Κορινθίας,148 E.T. Δήμου Λουτρακίου-Περαχώρας-Αγ. Θεοδώρων,500,340,4,0,4,336,143,19,17,64,17,14,48,105,16,58,23,7,12,40,14,3,3,6,0,4,15,4,5,4,3,4,0,12,1,2,0,4,4,3,1,0,1,1,0,0,1,0,0,0,0,0,0,0,0,18,6,4,1,2,7,2,0,0,0,0,0,2,1,1,1,1,0,0,0,0,8,0,5,6,0,0,0,10,1,1,1,9,7,5,0,0
43 - Κορινθίας,149 E.T. Δήμου Λουτρακίου-Περαχώρας-Αγ. Θεοδώρων,530,358,3,3,6,352,116,10,23,70,10,19,32,133,25,75,33,9,29,49,12,1,1,5,1,1,15,4,5,0,3,8,0,23,4,3,1,6,5,4,1,1,0,1,0,0,1,0,0,0,0,0,0,1,0,13,3,2,1,1,2,1,0,0,0,1,0,3,3,1,2,0,0,0,0,0,14,4,8,4,1,0,1,17,1,0,0,17,2,0,0,0
43 - Κορινθίας,150 E.T. Δήμου Λουτρακίου-Περαχώρας-Αγ. Θεοδώρων,520,360,5,2,7,353,129,18,22,57,0,0,0,120,23,61,23,0,26,37,11,5,4,4,2,2,17,4,3,0,2,4,2,25,5,4,2,12,13,6,1,0,0,0,0,0,0,0,1,0,1,0,0,0,0,13,6,2,1,0,2,2,0,0,0,0,0,1,1,0,1,0,2,0,0,0,15,1,5,5,0,2,1,11,0,1,1,10,7,5,0,0
43 - Κορινθίας,151 E.T. Δήμου Λουτρακίου-Περαχώρας-Αγ. Θεοδώρων,550,342,2,1,3,339,116,16,37,14,17,21,27,124,21,58,26,13,20,49,17,6,5,7,4,2,26,14,5,5,1,13,2,17,4,1,0,8,7,7,2,0,1,0,0,0,0,0,1,1,0,0,0,0,0,19,8,3,5,2,6,4,0,0,0,0,0,1,1,0,0,0,1,1,0,1,10,1,1,2,3,1,2,1,0,0,0,1,4,2,0,0
43 - Κορινθίας,152 E.T. Δήμου Λουτρακίου-Περαχώρας-Αγ. Θεοδώρων,530,340,6,4,10,330,115,9,34,11,20,19,31,123,22,53,29,16,42,36,7,2,2,3,0,0,19,4,8,3,0,7,1,11,1,0,0,4,5,4,8,1,2,2,1,1,0,0,5,2,3,0,0,0,0,16,4,5,1,2,5,4,1,0,0,0,0,1,0,0,0,0,1,1,0,1,10,2,0,1,2,1,1,2,0,0,0,0,10,4,0,0
43 - Κορινθίας,153 E.T. Δήμου Λουτρακίου-Περαχώρας-Αγ. Θεοδώρων,550,361,11,1,12,349,125,14,38,17,15,21,23,131,10,60,19,13,37,32,8,2,1,4,2,2,23,15,3,2,2,6,0,18,3,7,1,4,7,4,5,1,1,2,2,0,1,0,0,0,0,0,0,0,0,15,5,0,1,1,3,1,0,0,0,0,0,0,0,0,0,0,0,0,0,0,7,1,1,1,2,0,2,6,0,0,1,1,8,2,0,0
43 - Κορινθίας,154 E.T. Δήμου Λουτρακίου-Περαχώρας-Αγ. Θεοδώρων,550,325,3,0,3,322,92,14,30,18,12,18,24,108,18,59,16,15,21,33,8,2,3,7,1,0,30,20,15,4,2,8,1,14,2,4,2,1,1,3,9,5,0,4,0,0,1,1,3,2,2,0,0,1,1,22,10,6,3,2,3,1,0,0,0,0,0,2,0,2,2,0,3,3,0,1,16,2,0,8,0,2,3,3,2,1,2,1,10,7,0,0
43 - Κορινθίας,155 E.T. Δήμου Λουτρακίου-Περαχώρας-Αγ. Θεοδώρων,540,345,2,3,5,340,121,19,28,20,31,18,42,128,15,70,27,7,31,38,12,2,2,6,1,1,17,6,5,8,0,4,1,10,2,1,0,2,3,1,5,1,1,0,0,0,3,0,1,0,0,0,0,0,0,20,4,0,1,1,8,2,0,0,0,0,0,2,0,0,1,0,0,0,0,0,7,1,0,3,0,0,2,7,4,3,3,3,7,2,0,0
43 - Κορινθίας,156 E.T. Δήμου Λουτρακίου-Περαχώρας-Αγ. Θεοδώρων,550,350,3,0,3,347,94,12,21,16,21,14,25,144,22,69,19,17,29,44,11,2,3,5,1,2,28,15,10,3,2,4,1,18,1,3,0,9,8,2,6,1,1,3,0,0,1,1,2,2,1,0,0,1,1,8,3,3,1,0,1,0,1,1,0,0,0,0,0,0,0,0,1,1,0,0,15,0,0,3,3,1,1,2,1,0,0,0,15,15,0,0
43 - Κορινθίας,157 E.T. Δήμου Λουτρακίου-Περαχώρας-Αγ. Θεοδώρων,550,351,3,4,7,344,130,9,40,17,19,11,24,114,13,48,25,16,22,25,14,2,1,7,1,1,16,7,4,3,1,5,1,24,2,2,1,5,7,3,4,1,0,1,0,0,1,1,1,1,0,0,0,2,2,22,4,3,1,1,9,3,2,0,0,0,0,2,0,0,1,1,0,0,0,0,6,0,1,1,0,0,0,0,0,0,0,0,6,2,0,0
43 - Κορινθίας,158 E.T. Δήμου Λουτρακίου-Περαχώρας-Αγ. Θεοδώρων,550,328,5,3,8,320,85,3,23,21,22,16,0,150,11,79,27,18,33,61,9,2,0,3,2,0,19,7,6,2,1,6,0,6,3,1,0,0,0,2,1,1,1,0,0,0,0,0,4,2,3,0,1,0,0,16,9,5,2,1,6,1,0,0,0,0,0,5,0,0,2,3,0,0,0,0,11,2,1,7,3,1,3,4,0,0,0,0,10,0,0,0
43 - Κορινθίας,159 E.T. Δήμου Λουτρακίου-Περαχώρας-Αγ. Θεοδώρων,550,341,10,4,14,327,108,11,27,11,18,14,23,136,15,54,25,18,25,48,8,3,2,3,1,1,19,5,9,3,3,7,0,15,3,1,1,1,2,2,8,3,0,2,0,0,1,0,1,1,0,1,0,0,0,12,5,5,1,2,2,0,0,0,0,0,0,1,0,0,0,0,0,0,0,0,5,1,1,0,0,0,1,5,3,0,0,0,8,3,0,0
43 - Κορινθίας,160 E.T. Δήμου Λουτρακίου-Περαχώρας-Αγ. Θεοδώρων,550,339,9,5,14,325,105,17,37,14,21,16,29,138,24,61,25,15,23,48,13,3,7,4,0,0,26,11,8,2,0,10,0,8,0,0,1,1,0,1,4,3,2,2,0,0,1,1,2,1,0,0,2,0,0,13,2,5,3,3,3,1,0,0,0,0,0,2,1,1,1,0,1,1,0,0,3,1,0,0,0,0,0,2,0,1,1,0,7,0,0,0
43 - Κορινθίας,161 E.T. Δήμου Λουτρακίου-Περαχώρας-Αγ. Θεοδώρων,550,349,9,6,15,334,121,11,31,17,29,20,25,126,21,67,21,12,35,34,9,1,1,2,2,0,15,5,6,1,1,4,2,14,3,1,2,1,2,3,4,3,2,1,0,0,0,0,0,0,0,0,0,0,0,16,10,6,0,2,3,1,1,0,0,0,0,3,1,0,0,0,0,0,0,0,15,3,2,5,1,2,0,4,0,2,1,1,6,3,0,0
43 - Κορινθίας,162 E.T. Δήμου Λουτρακίου-Περαχώρας-Αγ. Θεοδώρων,550,322,3,0,3,319,84,8,28,13,14,16,17,136,26,66,27,14,32,49,10,3,4,4,5,1,22,5,6,4,1,5,4,14,1,3,2,2,2,3,1,0,0,0,0,0,1,0,0,0,0,0,0,0,0,12,5,4,3,1,4,4,1,0,0,0,0,3,0,0,1,1,4,1,0,0,23,5,0,4,3,0,3,1,0,0,0,0,7,5,0,0
43 - Κορινθίας,163 E.T. Δήμου Λουτρακίου-Περαχώρας-Αγ. Θεοδώρων,550,344,9,1,10,334,114,25,32,23,16,22,32,141,27,54,21,13,34,50,7,1,2,2,0,1,23,18,5,1,0,5,1,16,1,3,1,11,9,2,3,1,1,0,0,0,0,0,2,1,2,0,0,0,0,10,4,2,1,3,5,0,1,1,1,1,0,1,0,0,1,1,2,1,0,1,6,0,0,2,0,2,1,4,1,1,0,0,3,2,0,0
43 - Κορινθίας,164 E.T. Δήμου Λουτρακίου-Περαχώρας-Αγ. Θεοδώρων,550,341,4,3,7,334,114,2,32,22,18,14,31,138,16,58,3,12,30,53,14,2,5,8,4,1,10,6,2,1,0,3,0,8,0,0,1,0,3,1,1,0,0,1,1,0,0,0,2,1,2,1,0,0,0,12,4,2,1,0,2,0,0,0,0,0,0,4,0,0,1,2,1,0,0,0,23,2,2,10,0,4,3,1,0,0,1,0,5,4,0,0
43 - Κορινθίας,165 E.T. Δήμου Λουτρακίου-Περαχώρας-Αγ. Θεοδώρων,570,394,12,2,14,380,115,14,24,14,15,17,21,171,21,74,30,20,41,55,12,0,0,7,0,0,16,8,7,1,0,2,1,14,3,1,1,0,2,5,4,0,1,1,0,0,5,0,0,0,0,0,0,0,0,14,3,3,0,0,6,2,0,0,0,0,0,3,0,0,0,1,2,1,2,0,13,4,1,3,2,3,2,1,0,0,0,0,10,3,0,0
43 - Κορινθίας,166 E.T. Δήμου Λουτρακίου-Περαχώρας-Αγ. Θεοδώρων,550,353,13,0,13,340,94,15,28,17,26,15,23,143,19,89,28,12,30,43,8,4,1,3,4,1,29,12,10,3,2,4,1,11,3,1,2,1,2,3,2,1,0,0,0,0,0,0,2,2,1,1,0,0,0,21,17,6,3,3,3,2,0,0,0,0,0,0,0,0,0,0,2,2,0,0,12,2,3,2,1,0,4,5,0,1,2,1,11,3,0,0
43 - Κορινθίας,167 E.T. Δήμου Λουτρακίου-Περαχώρας-Αγ. Θεοδώρων,357,359,17,8,25,334,86,8,26,18,17,19,22,136,32,56,17,23,58,37,21,6,5,7,4,3,22,11,9,3,0,5,2,10,4,1,1,0,5,2,5,3,1,3,0,0,0,0,1,1,1,0,0,0,0,15,10,5,6,0,4,1,0,0,0,0,0,2,1,1,0,0,2,1,0,1,24,7,1,8,5,1,6,4,1,1,0,3,6,5,0,0
43 - Κορινθίας,168 E.T. Δήμου Λουτρακίου-Περαχώρας-Αγ. Θεοδώρων,550,337,4,3,7,330,101,11,32,15,16,22,22,114,22,46,27,18,37,33,11,4,1,4,2,0,23,7,5,4,3,13,0,18,8,2,0,1,4,8,6,3,1,2,0,0,0,0,0,0,0,0,0,1,0,15,4,0,2,0,8,3,1,0,0,1,0,0,0,0,0,0,2,1,0,0,27,7,3,3,1,2,5,3,1,0,0,0,7,4,0,0
43 - Κορινθίας,169 E.T. Δήμου Λουτρακίου-Περαχώρας-Αγ. Θεοδώρων,550,339,1,2,3,336,92,11,24,13,23,10,21,164,18,74,24,37,83,58,7,1,1,2,0,3,21,9,8,2,1,7,1,14,0,0,1,4,6,3,8,0,2,1,0,0,1,0,0,0,0,0,0,1,1,10,1,2,1,0,4,1,0,0,0,0,0,1,0,0,0,0,2,1,0,1,9,2,0,0,3,1,1,1,1,0,0,1,5,2,0,0
43 - Κορινθίας,170 E.T. Δήμου Λουτρακίου-Περαχώρας-Αγ. Θεοδώρων,550,339,4,3,7,332,127,14,33,48,61,17,36,107,17,46,26,7,20,32,15,2,0,6,2,0,17,10,4,0,1,6,0,13,6,1,2,4,4,1,6,1,0,0,0,0,2,0,2,1,1,0,0,0,0,19,5,1,3,1,7,0,0,0,0,1,1,2,0,0,0,1,3,2,0,2,12,1,0,4,1,1,3,1,0,0,0,0,5,0,0,0
43 - Κορινθίας,171 E.T. Δήμου Λουτρακίου-Περαχώρας-Αγ. Θεοδώρων,440,262,4,6,10,252,92,21,25,18,17,18,23,56,7,30,14,3,10,8,12,5,3,5,1,3,19,6,4,4,0,9,1,30,2,4,2,14,15,3,4,0,0,0,2,0,0,0,3,1,2,2,1,0,0,12,3,2,0,1,3,1,1,1,0,1,0,1,0,0,0,0,2,2,0,2,11,1,1,3,2,0,1,2,0,0,0,0,4,2,0,0
43 - Κορινθίας,172 E.T. Δήμου Λουτρακίου-Περαχώρας-Αγ. Θεοδώρων,440,287,2,1,3,284,86,16,27,15,18,13,16,119,22,60,18,18,25,42,6,0,0,2,0,1,16,4,4,3,1,7,0,16,4,2,2,4,6,2,3,1,0,2,0,0,0,0,2,2,2,0,0,0,0,15,7,0,4,0,4,2,2,0,0,0,0,0,0,0,0,0,2,2,1,1,10,2,0,2,0,0,4,3,0,1,1,0,4,2,0,0
43 - Κορινθίας,173 E.T. Δήμου Λουτρακίου-Περαχώρας-Αγ. Θεοδώρων,440,277,6,0,6,271,80,16,23,20,17,9,19,100,10,46,9,5,19,39,11,2,0,5,2,0,18,4,7,1,1,10,0,24,1,1,1,11,15,4,6,1,1,1,0,0,0,0,2,1,1,0,0,0,0,19,10,2,1,3,8,2,0,0,0,0,0,0,0,0,0,0,0,0,0,0,7,1,1,0,1,1,3,1,1,0,1,0,3,1,0,0
43 - Κορινθίας,174 E.T. Δήμου Λουτρακίου-Περαχώρας-Αγ. Θεοδώρων,490,352,8,0,8,344,112,19,29,11,34,11,21,143,8,68,30,13,44,45,9,0,0,4,2,0,25,4,10,5,8,10,1,4,0,0,1,0,0,1,3,2,1,0,2,0,0,0,3,3,2,0,0,1,1,17,10,1,3,0,5,4,0,0,0,1,0,1,1,1,0,0,0,0,0,0,19,3,0,13,0,1,2,1,0,0,0,0,3,3,0,0
43 - Κορινθίας,175 E.T. Δήμου Λουτρακίου-Περαχώρας-Αγ. Θεοδώρων,490,335,4,4,8,327,105,15,36,7,37,37,27,119,25,64,19,13,31,44,15,8,3,5,5,2,32,8,8,7,6,17,1,7,2,5,0,0,0,5,3,1,2,0,0,0,1,0,1,1,1,0,0,0,0,12,4,5,1,2,6,0,0,0,0,0,0,0,0,0,0,0,1,0,0,0,24,5,2,13,1,2,3,1,0,0,0,1,6,2,0,0
43 - Κορινθίας,176 E.T. Δήμου Λουτρακίου-Περαχώρας-Αγ. Θεοδώρων,490,329,4,0,4,325,99,13,34,14,27,20,20,142,11,74,33,17,39,39,13,4,0,8,1,1,26,6,20,3,3,6,1,6,0,1,0,0,0,0,4,2,0,1,0,0,0,0,1,1,1,0,0,0,0,15,6,4,1,2,4,1,0,0,0,1,0,1,1,1,0,0,0,0,0,0,9,2,0,4,0,2,3,3,0,0,0,0,5,2,0,0
43 - Κορινθίας,177 E.T. Δήμου Λουτρακίου-Περαχώρας-Αγ. Θεοδώρων,480,318,4,2,6,312,101,21,24,12,32,20,24,123,18,63,22,15,42,30,17,6,3,10,4,1,18,9,9,2,1,6,1,16,6,4,2,3,3,2,2,0,1,1,0,0,0,0,1,0,1,0,1,0,0,12,6,3,2,1,2,0,1,0,0,0,0,2,1,0,0,1,1,0,1,0,12,4,0,4,1,0,2,2,0,1,0,1,4,2,0,0
43 - Κορινθίας,178 E.T. Δήμου Λουτρακίου-Περαχώρας-Αγ. Θεοδώρων,472,327,4,1,5,322,85,14,31,13,21,26,31,127,23,75,20,10,50,35,28,11,6,14,4,3,32,9,14,4,3,15,2,16,4,0,0,7,6,7,2,1,1,0,0,0,0,0,0,0,0,0,0,0,0,16,7,3,3,1,6,0,0,0,0,1,0,1,0,0,1,1,0,0,0,0,9,3,0,6,0,1,3,2,0,2,1,0,3,3,0,0
43 - Κορινθίας,179 E.T. Δήμου Λουτρακίου-Περαχώρας-Αγ. Θεοδώρων,466,305,2,2,4,301,122,0,0,0,0,0,0,108,0,0,0,0,0,0,9,0,0,0,0,0,20,0,0,0,0,0,0,14,0,0,0,0,0,0,2,0,0,0,0,0,0,0,2,0,0,0,0,0,0,9,0,0,0,0,0,0,0,0,0,0,0,2,0,0,0,0,1,0,0,0,10,0,0,0,0,0,0,0,0,0,0,0,2,0,0,0
43 - Κορινθίας,180 E.T. Δήμου Νεμέας,550,299,1,0,1,298,75,19,14,5,7,7,50,130,13,64,48,16,31,32,9,1,1,2,1,0,27,3,1,16,6,12,6,8,0,1,1,0,1,2,6,0,2,2,0,0,3,0,2,0,0,1,2,0,0,14,4,2,0,0,1,2,0,0,0,0,0,1,0,0,0,0,1,1,0,0,15,8,0,2,1,0,1,2,1,0,0,1,5,5,0,0
43 - Κορινθίας,181 E.T. Δήμου Νεμέας,550,329,4,2,6,323,105,12,16,1,19,11,67,136,27,63,28,10,38,46,7,0,1,4,0,3,34,3,2,18,4,15,16,7,0,1,0,0,0,1,1,0,0,1,0,0,1,1,3,0,2,0,3,0,0,8,5,2,3,0,4,1,1,1,0,1,1,1,0,0,1,1,0,0,0,0,16,10,2,4,1,0,3,0,0,0,0,0,2,0,0,0
43 - Κορινθίας,182 E.T. Δήμου Νεμέας,550,343,2,2,4,339,93,17,16,4,16,15,52,151,26,87,35,15,43,39,16,3,1,8,0,2,21,4,6,4,0,11,1,11,1,5,3,2,1,6,5,1,0,0,0,0,0,0,2,0,2,0,2,0,0,9,3,2,1,1,2,0,0,0,0,0,0,2,1,0,2,1,3,1,0,1,12,7,1,2,0,0,1,3,0,0,0,0,11,3,0,0
43 - Κορινθίας,183 E.T. Δήμου Νεμέας,550,318,4,4,8,310,116,13,18,2,16,16,47,113,13,60,29,7,30,41,5,0,1,4,1,0,29,2,8,12,5,11,4,7,1,0,2,0,0,2,4,3,0,2,0,0,1,1,3,1,2,0,2,0,0,12,5,5,2,1,4,0,0,0,0,0,0,4,1,0,0,0,0,0,0,0,10,5,0,2,1,0,0,1,1,0,1,0,5,0,0,0
43 - Κορινθίας,184 E.T. Δήμου Νεμέας,550,323,5,1,6,317,93,19,21,4,13,9,51,144,28,79,27,21,42,36,9,1,3,5,2,2,23,1,7,6,5,7,10,7,0,0,2,1,0,1,1,0,0,0,0,0,1,0,1,0,0,0,1,0,0,11,6,4,1,0,4,0,0,0,0,0,0,2,1,0,1,0,0,0,0,0,19,11,5,6,0,1,3,3,0,0,1,1,3,1,0,0
43 - Κορινθίας,185 E.T. Δήμου Νεμέας,560,325,1,1,2,323,95,17,23,1,23,6,48,130,29,65,40,11,32,43,12,0,0,9,0,3,25,5,5,9,1,13,2,12,1,6,0,0,0,5,2,2,1,1,0,0,1,0,5,2,2,1,4,0,0,14,8,3,1,1,5,1,1,1,0,0,0,6,0,2,3,3,0,0,0,0,17,11,2,6,1,1,5,0,0,0,0,0,3,1,0,0
43 - Κορινθίας,186 E.T. Δήμου Νεμέας,565,334,1,3,4,330,97,18,12,6,11,14,70,120,26,63,31,13,26,34,10,4,1,4,1,1,39,8,4,12,2,14,14,15,6,2,1,1,2,5,3,2,1,1,0,0,1,0,3,0,0,2,2,0,0,13,3,7,2,1,2,2,1,1,1,0,0,10,4,2,6,3,3,3,0,2,12,5,0,4,2,2,4,2,1,0,1,0,1,1,0,0
43 - Κορινθίας,187 E.T. Δήμου Νεμέας,342,177,2,3,5,172,54,16,12,5,7,10,4,75,27,29,21,7,22,22,8,1,0,7,1,0,18,3,1,6,1,4,4,1,0,1,0,0,0,1,2,0,1,1,0,0,1,0,2,0,1,0,2,0,0,7,4,1,1,0,1,1,0,0,0,0,0,0,0,0,0,0,0,0,0,0,1,1,0,1,0,0,0,0,0,0,0,0,3,0,0,0
43 - Κορινθίας,188 E.T. Δήμου Νεμέας,310,192,6,1,7,185,43,7,10,2,2,6,19,94,15,33,30,12,29,35,8,3,1,5,1,1,13,2,2,1,0,4,3,0,0,0,0,0,0,0,3,2,1,0,0,0,0,0,0,0,0,0,0,0,0,6,2,2,2,1,1,1,1,1,0,0,0,5,2,1,2,1,1,0,0,0,5,1,0,0,1,0,0,0,0,0,0,0,6,5,0,0
43 - Κορινθίας,189 E.T. Δήμου Νεμέας,304,182,1,0,1,181,53,9,14,7,6,7,24,77,9,36,22,11,20,18,5,2,1,0,1,1,15,3,0,1,0,6,8,7,0,1,2,1,0,2,2,1,0,1,0,0,0,0,5,4,1,0,3,0,0,7,1,3,0,0,2,0,0,0,0,0,0,2,1,1,1,1,0,0,0,0,8,3,1,0,1,0,0,0,0,0,0,0,0,0,0,0
43 - Κορινθίας,190 E.T. Δήμου Νεμέας,360,244,1,0,1,243,44,6,4,1,15,1,12,136,27,54,72,10,21,32,6,1,1,4,0,0,29,3,1,12,1,7,17,4,0,0,0,0,0,0,4,0,0,0,0,0,0,0,2,1,0,0,1,0,0,8,1,3,0,1,2,1,0,0,0,0,0,1,0,0,0,1,0,0,0,0,4,2,0,0,0,0,0,1,0,1,1,0,4,2,0,0
43 - Κορινθίας,191 E.T. Δήμου Νεμέας,357,216,0,1,1,215,54,6,2,2,21,8,26,128,23,50,60,19,17,28,5,4,0,3,0,0,17,4,0,11,2,8,6,0,0,0,0,0,0,0,1,0,1,0,0,0,0,0,0,0,0,0,0,0,0,7,3,1,0,0,2,0,0,0,0,0,0,1,0,0,0,0,0,0,0,0,1,1,0,0,0,0,1,0,0,0,0,0,1,0,0,0
43 - Κορινθίας,192 E.T. Δήμου Νεμέας,183,81,0,0,0,81,17,10,1,1,3,0,8,55,13,26,11,8,16,21,0,0,0,0,0,0,3,1,1,0,1,2,1,0,0,0,0,0,0,0,2,0,0,0,0,0,0,0,0,0,0,0,0,0,0,1,1,0,0,0,1,0,0,0,0,0,0,0,0,0,0,0,0,0,0,0,2,1,0,0,0,0,0,0,0,0,0,0,1,1,0,0
43 - Κορινθίας,193 E.T. Δήμου Νεμέας,404,214,4,1,5,209,52,3,10,4,14,2,28,84,5,44,19,16,25,17,11,3,2,4,0,4,37,5,5,21,3,19,12,5,1,3,1,1,0,4,1,1,0,0,0,0,0,0,1,0,1,0,1,0,0,8,3,0,0,1,1,0,0,0,0,0,0,1,1,0,1,0,0,0,0,0,8,5,0,1,0,0,2,0,0,0,0,0,1,0,0,0
43 - Κορινθίας,194 E.T. Δήμου Νεμέας,407,205,2,2,4,201,48,10,7,9,18,2,18,114,20,52,46,11,27,26,5,1,1,2,0,1,19,3,1,0,1,5,5,6,1,3,0,0,0,5,0,0,0,0,0,0,0,0,1,0,1,0,0,0,0,1,0,1,0,1,0,0,0,0,0,0,0,0,0,0,0,0,0,0,0,0,3,1,0,1,0,0,0,0,0,0,0,0,4,1,0,0
43 - Κορινθίας,195 E.T. Δήμου Νεμέας,202,129,0,0,0,129,24,5,4,2,6,1,9,86,8,59,16,7,13,24,1,0,0,0,0,0,12,3,1,3,2,4,3,0,0,0,0,0,0,0,1,0,0,0,0,0,0,0,0,0,0,0,0,0,0,4,0,0,1,1,1,1,0,0,0,0,0,1,0,1,0,0,0,0,0,0,0,0,0,0,0,0,0,0,0,0,0,0,0,0,0,0
43 - Κορινθίας,196 E.T. Δήμου Νεμέας,516,241,2,2,4,237,54,11,6,0,11,0,14,103,9,56,23,16,19,24,7,2,1,4,0,0,19,0,4,6,7,4,3,3,0,0,0,0,0,1,1,0,0,0,0,0,1,0,2,1,1,0,2,0,0,10,0,1,1,0,2,0,0,0,0,0,0,1,0,0,0,0,0,0,0,0,30,27,0,2,0,0,1,2,0,0,0,0,4,3,0,0
43 - Κορινθίας,197 E.T. Δήμου Νεμέας,370,245,5,2,7,238,58,20,7,2,10,0,26,131,29,73,19,32,44,23,5,2,2,2,0,0,24,1,0,11,4,12,2,1,0,1,0,0,0,0,1,1,1,0,0,0,0,0,2,1,1,0,2,0,0,5,2,1,0,1,1,1,0,0,0,0,0,1,0,0,1,1,0,0,0,0,8,6,1,1,0,1,0,0,0,0,0,0,2,1,0,0
43 - Κορινθίας,198 E.T. Δήμου Ξυλοκάστρου - Ευρωστίνης,480,279,1,1,2,277,81,5,20,5,18,13,40,134,13,76,14,13,33,54,8,1,1,3,0,0,8,2,0,1,1,4,0,14,1,2,3,0,0,5,5,1,2,0,0,0,0,0,0,0,0,0,0,0,0,10,6,2,0,2,3,2,0,0,0,0,0,0,0,0,0,0,1,0,0,0,12,0,1,3,10,0,1,0,0,0,0,0,4,2,0,0
43 - Κορινθίας,199 E.T. Δήμου Ξυλοκάστρου - Ευρωστίνης,470,255,2,2,4,251,72,4,18,2,5,18,45,112,9,80,17,12,18,55,6,1,2,2,0,1,14,2,0,8,1,9,2,17,2,5,2,0,1,8,1,1,0,1,0,0,1,0,0,0,0,0,0,0,0,4,0,0,1,0,0,2,0,0,0,0,0,0,0,0,0,0,2,2,1,1,14,1,1,3,6,0,3,3,0,0,0,0,5,0,0,0
43 - Κορινθίας,200 E.T. Δήμου Ξυλοκάστρου - Ευρωστίνης,475,282,3,3,6,276,77,4,21,2,7,11,43,129,11,74,23,15,8,60,12,3,2,1,0,3,20,4,0,5,2,10,3,13,4,1,6,0,0,2,0,0,0,0,0,0,0,0,2,2,0,1,1,0,0,8,2,1,0,0,3,0,0,0,0,0,0,2,0,0,0,0,0,0,0,0,10,0,0,1,4,0,0,1,0,0,1,0,2,1,0,0
43 - Κορινθίας,201 E.T. Δήμου Ξυλοκάστρου - Ευρωστίνης,550,299,2,2,4,295,108,9,27,5,5,29,62,94,4,55,21,17,5,45,6,0,0,5,0,0,48,9,4,6,3,36,10,11,2,2,0,0,0,3,2,0,0,1,0,0,3,0,1,0,0,0,0,0,0,5,1,0,0,0,0,0,1,0,0,0,0,2,1,0,1,1,0,0,0,0,7,3,0,1,4,1,1,3,2,0,2,0,4,1,0,0
43 - Κορινθίας,202 E.T. Δήμου Ξυλοκάστρου - Ευρωστίνης,545,315,0,1,1,314,106,8,14,3,5,18,51,131,6,77,19,19,9,48,1,0,1,1,0,0,41,5,4,4,3,19,4,8,1,3,0,1,0,4,4,1,0,0,0,0,1,1,1,1,0,0,0,0,0,5,2,1,0,0,1,1,1,0,0,0,0,2,0,0,1,1,0,0,0,0,7,1,0,2,2,0,1,3,3,0,2,0,3,0,0,0
43 - Κορινθίας,203 E.T. Δήμου Ξυλοκάστρου - Ευρωστίνης,124,70,0,0,0,70,17,0,3,1,2,2,11,29,1,20,7,1,0,11,3,2,0,1,0,0,3,1,0,1,1,1,0,3,0,2,0,1,0,1,1,0,1,1,0,0,0,0,0,0,0,0,0,0,0,3,1,0,0,0,0,0,0,0,0,0,0,1,1,0,1,0,0,0,0,0,4,1,0,2,0,0,3,2,0,0,0,0,4,3,0,0
43 - Κορινθίας,204 E.T. Δήμου Ξυλοκάστρου - Ευρωστίνης,225,165,3,2,5,160,45,1,4,2,0,17,29,81,12,36,27,4,2,43,1,0,0,0,0,0,14,1,3,1,5,10,0,4,0,0,0,0,0,0,1,0,1,0,0,0,0,0,0,0,0,0,0,0,0,6,1,0,2,0,0,0,0,0,0,1,0,0,0,0,0,0,0,0,0,0,6,1,0,1,2,1,0,0,0,0,0,0,1,0,0,0
43 - Κορινθίας,205 E.T. Δήμου Ξυλοκάστρου - Ευρωστίνης,410,255,1,3,4,251,64,5,14,3,9,10,34,126,24,56,24,23,7,50,8,2,4,3,0,3,19,2,2,3,2,11,3,7,0,0,1,0,1,0,1,0,0,0,0,0,0,0,0,0,0,0,0,0,0,7,3,1,1,1,2,1,0,0,0,0,0,0,0,0,0,0,2,1,0,1,9,1,0,2,6,1,0,3,1,1,0,0,5,0,0,0
43 - Κορινθίας,206 E.T. Δήμου Ξυλοκάστρου - Ευρωστίνης,380,271,2,0,2,269,71,2,13,2,4,8,55,136,9,66,51,21,14,43,6,0,1,4,0,0,11,2,1,1,1,10,0,4,0,0,2,0,0,1,2,0,0,0,0,0,0,0,1,1,0,0,0,0,0,9,3,0,0,1,5,1,0,0,0,0,0,2,0,0,0,0,1,0,1,1,17,0,2,8,8,1,2,4,3,1,0,0,5,4,0,0
43 - Κορινθίας,207 E.T. Δήμου Ξυλοκάστρου - Ευρωστίνης,380,243,2,1,3,240,55,1,15,1,1,7,45,115,9,62,28,26,15,46,6,1,2,4,0,0,15,1,4,2,0,10,4,9,0,2,1,0,0,1,4,1,0,0,0,0,1,0,0,0,0,0,0,0,0,13,4,0,1,0,7,0,0,0,0,0,0,1,0,0,0,0,1,1,0,1,13,1,0,0,8,0,1,5,3,0,0,0,2,0,0,0
43 - Κορινθίας,208 E.T. Δήμου Ξυλοκάστρου - Ευρωστίνης,511,319,1,1,2,317,78,6,17,2,7,16,32,173,30,96,19,40,15,73,5,1,1,2,0,2,35,2,7,14,10,18,5,2,0,0,1,0,0,0,2,0,0,0,0,0,0,0,2,1,0,0,0,0,0,8,2,4,1,0,3,2,0,0,0,0,0,0,0,0,0,0,0,0,0,0,6,1,0,1,4,0,1,0,0,0,0,0,6,4,0,0
43 - Κορινθίας,209 E.T. Δήμου Ξυλοκάστρου - Ευρωστίνης,156,102,3,2,5,97,52,3,20,1,10,12,39,20,3,7,1,1,2,8,0,0,0,0,0,0,8,1,3,0,0,5,0,1,0,0,0,0,0,1,4,1,1,0,0,0,1,0,0,0,0,0,0,0,0,7,5,1,2,0,0,1,1,1,1,0,0,0,0,0,0,0,0,0,0,0,3,1,1,0,0,0,0,0,0,0,0,0,0,0,0,0
43 - Κορινθίας,210 E.T. Δήμου Ξυλοκάστρου - Ευρωστίνης,229,155,3,0,3,152,50,1,10,2,5,12,31,69,6,35,18,9,2,26,4,2,0,2,1,2,17,11,2,4,2,11,0,0,0,0,0,0,0,0,4,0,0,0,0,0,0,0,0,0,0,0,0,0,0,5,2,0,1,0,0,0,0,0,0,0,0,0,0,0,0,0,0,0,0,0,0,0,0,0,0,0,0,1,0,0,0,0,2,1,0,0
43 - Κορινθίας,211 E.T. Δήμου Ξυλοκάστρου - Ευρωστίνης,300,139,0,0,0,139,35,1,10,0,3,8,18,66,13,18,21,12,2,17,5,1,1,2,1,0,13,0,6,2,1,8,0,6,1,1,0,1,0,1,1,0,0,0,0,0,0,0,0,0,0,0,0,1,0,1,1,0,0,0,0,0,0,0,0,0,0,0,0,0,0,0,0,0,0,0,10,0,0,0,10,0,1,1,0,0,0,0,0,0,0,0
43 - Κορινθίας,212 E.T. Δήμου Ξυλοκάστρου - Ευρωστίνης,530,315,4,2,6,309,123,9,26,7,8,48,73,120,12,68,19,16,22,46,4,2,0,2,2,0,14,2,2,1,1,7,1,7,3,2,5,1,1,1,3,0,0,0,0,0,3,1,0,0,0,0,0,1,1,18,5,3,5,1,2,0,2,0,1,0,0,1,0,0,0,0,1,0,0,0,8,1,0,3,2,3,0,0,0,0,0,0,4,2,0,0
43 - Κορινθίας,213 E.T. Δήμου Ξυλοκάστρου - Ευρωστίνης,530,313,1,3,4,309,132,7,11,6,11,61,92,109,17,52,22,14,10,38,8,2,1,1,0,1,20,3,4,2,8,5,1,4,0,2,1,0,1,1,3,0,0,0,1,0,0,0,0,0,0,0,0,0,0,8,0,0,0,0,0,0,0,0,0,0,0,2,0,0,0,1,0,0,0,0,12,1,0,3,1,1,0,6,2,0,2,3,4,1,0,0
43 - Κορινθίας,214 E.T. Δήμου Ξυλοκάστρου - Ευρωστίνης,530,327,0,2,2,325,98,5,14,0,4,40,66,164,28,80,43,16,20,72,4,1,0,3,0,1,15,2,5,5,4,3,0,1,1,0,0,0,0,1,5,1,1,4,0,0,1,0,0,0,0,0,0,0,0,18,12,2,3,1,8,0,2,0,1,0,0,0,0,0,0,0,1,1,0,1,11,3,1,4,0,1,2,2,1,0,0,0,3,1,0,0
43 - Κορινθίας,215 E.T. Δήμου Ξυλοκάστρου - Ευρωστίνης,530,311,2,2,4,307,99,6,18,7,4,53,61,126,21,50,21,20,11,57,6,1,0,3,0,1,22,5,5,9,6,7,2,6,1,2,2,0,0,1,7,2,0,2,0,0,1,1,0,0,0,0,0,0,0,17,8,1,4,0,3,5,0,0,0,0,0,2,0,1,2,0,0,0,0,0,13,7,0,3,3,0,0,3,1,1,1,0,5,5,0,0
43 - Κορινθίας,216 E.T. Δήμου Ξυλοκάστρου - Ευρωστίνης,530,326,12,3,15,311,102,12,17,4,8,42,66,136,25,66,40,12,10,48,10,3,2,7,0,1,18,4,4,1,6,9,1,4,1,0,2,1,0,0,5,2,1,3,0,0,1,1,0,0,0,0,0,0,0,9,5,2,2,0,5,0,0,0,0,0,0,1,0,0,0,0,1,1,1,0,12,3,1,2,3,0,4,3,2,1,0,0,9,3,0,0
43 - Κορινθίας,217 E.T. Δήμου Ξυλοκάστρου - Ευρωστίνης,520,336,3,3,6,330,107,3,21,1,8,57,64,147,18,69,32,20,11,65,9,3,1,5,0,1,20,0,5,7,11,3,3,4,1,1,1,0,0,1,2,0,0,2,0,0,0,0,0,0,0,0,0,0,0,14,4,2,1,0,8,0,1,0,0,1,1,1,0,1,0,0,0,0,0,0,16,4,1,5,0,4,3,5,3,0,4,1,3,1,0,0
43 - Κορινθίας,218 E.T. Δήμου Ξυλοκάστρου - Ευρωστίνης,530,288,1,7,8,280,110,4,13,0,4,70,65,89,13,52,18,19,5,29,7,3,2,5,0,0,20,2,4,6,5,6,5,7,1,1,3,0,0,4,2,1,0,0,0,0,2,1,0,0,0,0,0,0,0,14,6,3,1,0,8,1,1,0,0,0,0,3,1,1,0,0,0,0,0,0,16,2,1,3,2,2,2,3,2,1,0,0,6,3,0,0
43 - Κορινθίας,219 E.T. Δήμου Ξυλοκάστρου - Ευρωστίνης,530,309,1,3,4,305,114,7,11,0,3,51,77,113,23,45,23,18,18,38,7,1,1,4,0,0,25,3,9,7,3,7,3,6,3,1,1,0,0,2,2,1,0,2,0,0,2,1,0,0,0,0,0,0,0,12,2,1,1,0,7,0,0,0,0,1,0,2,1,0,0,1,2,0,0,0,11,2,2,4,5,1,0,5,3,1,1,1,3,1,0,0
43 - Κορινθίας,220 E.T. Δήμου Ξυλοκάστρου - Ευρωστίνης,530,335,3,4,7,328,108,6,14,3,2,52,78,146,29,80,27,19,17,50,1,0,1,0,0,1,17,0,2,7,6,3,3,10,0,1,1,0,1,0,4,0,0,0,0,0,0,0,0,0,0,0,0,0,0,16,3,2,4,1,7,3,0,0,0,0,0,0,0,0,0,0,1,0,0,0,17,5,1,10,3,2,5,1,1,0,0,1,7,1,0,0
43 - Κορινθίας,221 E.T. Δήμου Ξυλοκάστρου - Ευρωστίνης,530,329,3,5,8,321,104,6,15,1,6,54,62,129,24,73,25,23,12,55,7,4,1,5,0,0,26,8,5,13,10,3,3,8,1,1,2,2,2,2,11,6,3,7,0,0,1,1,1,0,1,1,0,0,0,14,3,3,4,4,5,3,0,0,0,0,0,2,1,0,0,1,3,1,0,1,11,2,0,3,1,1,1,1,1,0,0,0,3,2,0,0
43 - Κορινθίας,222 E.T. Δήμου Ξυλοκάστρου - Ευρωστίνης,507,316,3,3,6,310,123,3,10,1,10,46,83,131,23,73,19,16,19,60,5,2,1,2,1,0,15,2,5,2,6,6,0,7,2,1,3,1,0,1,4,0,0,0,0,0,2,2,1,1,0,1,0,1,0,7,0,0,2,1,1,1,1,1,1,0,0,1,0,1,1,0,0,0,0,0,10,2,0,2,2,0,0,1,1,1,0,0,1,0,0,0
43 - Κορινθίας,223 E.T. Δήμου Ξυλοκάστρου - Ευρωστίνης,189,104,0,0,0,104,37,2,4,0,3,20,20,47,7,23,9,9,13,14,0,0,0,0,0,0,5,0,0,0,0,3,0,1,1,0,0,0,0,0,1,1,1,0,0,0,1,1,0,0,0,0,0,0,0,9,4,1,3,1,2,1,0,0,0,0,0,1,0,0,1,0,0,0,0,0,2,0,0,1,0,0,1,0,0,0,0,0,0,0,0,0
43 - Κορινθίας,224 E.T. Δήμου Ξυλοκάστρου - Ευρωστίνης,496,338,2,1,3,335,123,5,8,8,5,78,74,133,45,53,34,19,14,49,6,2,0,1,1,0,21,3,2,4,4,12,2,7,1,2,1,1,0,0,3,1,2,1,0,0,2,2,0,0,0,0,0,0,0,19,8,2,3,5,3,2,0,0,0,0,0,0,0,0,0,0,2,2,0,0,13,1,0,5,4,0,5,4,1,0,0,0,2,0,0,0
43 - Κορινθίας,225 E.T. Δήμου Ξυλοκάστρου - Ευρωστίνης,111,76,0,2,2,74,24,0,6,0,0,13,20,28,0,19,9,2,1,8,1,0,0,0,1,0,11,2,0,8,0,8,2,2,2,0,0,0,0,0,2,0,2,0,0,0,0,0,0,0,0,0,0,0,0,2,0,1,1,1,0,0,0,0,0,0,0,0,0,0,0,0,0,0,0,0,3,0,2,2,0,0,0,0,0,0,0,0,1,1,0,0
43 - Κορινθίας,226 E.T. Δήμου Ξυλοκάστρου - Ευρωστίνης,408,250,2,1,3,247,59,1,7,7,7,27,36,142,37,86,19,7,21,48,5,1,0,4,2,0,19,1,6,9,2,9,0,6,3,0,1,1,0,0,3,0,1,0,0,0,0,0,0,0,0,0,0,0,0,4,1,0,1,1,0,0,1,0,0,0,0,1,0,0,0,0,0,0,0,0,7,0,0,1,2,1,0,0,0,0,0,0,0,0,0,0
43 - Κορινθίας,227 E.T. Δήμου Ξυλοκάστρου - Ευρωστίνης,190,123,1,0,1,122,42,1,8,0,2,10,24,40,0,18,4,0,6,27,0,0,0,0,0,0,14,2,1,8,2,4,3,12,0,1,0,0,0,2,0,0,0,0,0,0,1,1,0,0,0,0,0,0,0,4,3,1,0,0,1,0,0,0,0,0,0,0,0,0,0,0,1,1,0,1,5,1,1,1,1,0,0,1,0,0,0,0,2,0,0,0
43 - Κορινθίας,228 E.T. Δήμου Ξυλοκάστρου - Ευρωστίνης,133,74,1,0,1,73,9,2,2,0,4,0,3,46,10,25,16,3,6,13,0,0,0,0,0,0,6,3,0,0,0,2,1,0,0,0,0,0,0,0,0,0,0,0,0,0,0,0,2,2,0,0,0,0,0,4,0,0,2,0,3,1,0,0,0,0,0,0,0,0,0,0,0,0,0,0,3,0,0,2,0,0,0,2,0,0,0,0,1,0,0,0
43 - Κορινθίας,229 E.T. Δήμου Ξυλοκάστρου - Ευρωστίνης,520,319,2,3,5,314,113,11,11,3,7,35,55,117,19,53,21,13,10,41,14,2,3,8,0,0,23,0,4,0,4,9,0,5,0,0,2,2,0,0,7,4,1,1,0,0,0,0,0,0,0,0,0,0,0,6,1,0,1,0,3,0,0,0,0,0,0,3,1,0,1,0,0,0,0,0,11,1,1,3,1,0,2,14,14,0,0,3,1,0,0,0
43 - Κορινθίας,230 E.T. Δήμου Ξυλοκάστρου - Ευρωστίνης,510,346,3,1,4,342,139,17,12,4,25,32,93,124,35,82,17,21,13,27,8,1,0,3,1,1,27,8,1,4,6,9,6,7,1,5,0,2,0,2,2,0,0,0,0,0,1,0,0,0,0,0,0,0,0,7,2,2,0,0,3,0,1,1,0,0,0,1,1,0,1,0,2,0,0,0,11,4,0,2,2,0,4,9,9,7,0,0,3,1,0,0
43 - Κορινθίας,231 E.T. Δήμου Ξυλοκάστρου - Ευρωστίνης,340,214,2,2,4,210,87,1,24,5,4,58,52,77,12,39,19,12,10,23,5,2,0,3,2,0,16,0,1,3,8,10,2,2,0,0,1,0,0,0,0,0,0,0,0,0,1,1,0,0,0,0,0,0,0,6,0,1,2,0,3,1,0,0,0,1,1,1,0,0,1,1,1,0,0,0,10,0,1,2,5,1,3,3,2,0,0,2,0,0,0,0
43 - Κορινθίας,232 E.T. Δήμου Ξυλοκάστρου - Ευρωστίνης,331,211,0,3,3,208,68,3,13,2,1,42,41,88,21,42,28,12,10,26,6,2,1,5,2,1,17,4,4,7,4,7,0,3,0,0,1,0,0,1,1,0,0,0,1,0,0,0,1,0,0,1,0,0,0,7,2,3,1,0,2,2,0,0,0,0,0,0,0,0,0,0,0,0,0,0,8,1,1,1,1,1,0,2,0,0,0,0,6,1,0,0
43 - Κορινθίας,233 E.T. Δήμου Ξυλοκάστρου - Ευρωστίνης,425,267,3,1,4,263,89,1,11,2,8,49,67,117,13,57,41,13,30,28,5,3,3,3,1,0,19,0,6,2,4,11,1,12,1,1,4,2,1,3,3,2,0,2,0,0,0,0,0,0,0,0,0,0,0,5,2,0,2,0,1,0,0,0,0,0,0,0,0,0,0,0,0,0,0,0,5,1,0,2,2,0,0,3,2,1,1,0,5,4,0,0
43 - Κορινθίας,234 E.T. Δήμου Ξυλοκάστρου - Ευρωστίνης,312,162,1,0,1,161,28,3,1,1,1,9,14,88,8,34,44,8,6,44,2,2,0,0,0,0,9,1,5,1,1,2,0,4,0,2,2,0,0,2,2,1,0,1,0,0,0,0,0,0,0,0,0,0,0,17,7,4,0,2,7,1,1,0,0,0,0,0,0,0,0,0,3,3,2,1,5,0,1,3,0,2,3,0,0,0,0,0,2,2,0,0
43 - Κορινθίας,235 E.T. Δήμου Ξυλοκάστρου - Ευρωστίνης,152,89,1,1,2,87,28,2,2,4,3,16,17,32,8,21,7,2,3,11,4,0,0,1,0,0,13,4,0,12,0,2,0,0,0,0,0,0,0,0,0,0,0,0,0,0,0,0,0,0,0,0,0,0,0,4,1,1,0,0,1,0,0,0,0,0,0,0,0,0,0,0,0,0,0,0,2,0,0,0,0,0,0,4,4,0,0,0,0,0,0,0
43 - Κορινθίας,236 E.T. Δήμου Ξυλοκάστρου - Ευρωστίνης,79,45,1,0,1,44,21,1,0,1,1,21,11,15,0,9,4,1,1,10,0,0,0,0,0,0,8,0,2,4,2,4,0,0,0,0,0,0,0,0,0,0,0,0,0,0,0,0,0,0,0,0,0,0,0,0,0,0,0,0,0,0,0,0,0,0,0,0,0,0,0,0,0,0,0,0,0,0,0,0,0,0,0,0,0,0,0,0,0,0,0,0
43 - Κορινθίας,237 E.T. Δήμου Ξυλοκάστρου - Ευρωστίνης,510,171,4,1,5,166,62,4,13,1,5,35,21,53,11,27,21,3,3,16,4,1,1,2,1,1,32,14,2,11,12,8,7,0,0,0,0,0,0,0,0,0,0,0,0,0,1,1,0,0,0,0,0,0,0,6,3,0,0,0,3,0,0,0,0,0,0,1,0,0,0,0,1,0,0,0,4,2,0,2,0,0,2,0,0,0,0,0,2,1,0,0
43 - Κορινθίας,238 E.T. Δήμου Ξυλοκάστρου - Ευρωστίνης,495,197,0,1,1,196,32,1,8,2,4,17,8,97,10,62,49,10,10,21,2,0,0,1,0,1,47,5,11,16,16,19,0,2,0,0,1,0,0,0,1,0,0,0,0,0,0,0,2,1,0,1,0,0,0,10,5,2,1,0,4,1,0,0,0,0,0,0,0,0,0,0,0,0,0,0,1,1,0,0,0,0,0,1,1,0,0,0,1,1,0,0
43 - Κορινθίας,239 E.T. Δήμου Ξυλοκάστρου - Ευρωστίνης,500,305,3,0,3,302,97,8,19,1,21,43,19,132,19,45,21,15,18,66,6,2,1,2,0,1,17,0,3,4,5,5,1,11,0,2,0,0,1,2,2,0,0,0,0,0,3,0,0,0,0,0,0,0,0,12,2,1,6,1,2,0,1,0,1,0,0,0,0,0,0,0,1,1,0,0,13,5,0,6,1,1,1,5,3,0,0,1,2,0,0,0
43 - Κορινθίας,240 E.T. Δήμου Ξυλοκάστρου - Ευρωστίνης,496,323,2,3,5,318,88,8,8,3,12,46,46,153,20,44,19,18,75,118,5,1,0,1,0,0,26,1,6,7,13,8,3,11,1,2,3,0,2,0,1,0,0,0,0,0,0,0,0,0,0,0,0,0,0,15,5,2,4,0,12,2,0,0,0,0,0,0,0,0,0,0,2,0,0,0,8,0,0,2,0,0,2,3,2,0,0,0,6,0,0,0
43 - Κορινθίας,241 E.T. Δήμου Ξυλοκάστρου - Ευρωστίνης,132,70,2,0,2,68,13,2,3,0,3,10,8,36,2,15,15,2,17,7,2,0,0,2,0,1,7,0,0,1,6,4,0,2,0,0,1,0,0,1,1,1,0,1,0,0,0,0,1,1,1,0,0,0,0,2,1,0,0,0,1,0,0,0,0,0,0,0,0,0,0,0,0,0,0,0,2,1,0,0,2,0,1,2,1,1,1,0,0,0,0,0
43 - Κορινθίας,242 E.T. Δήμου Ξυλοκάστρου - Ευρωστίνης,97,60,0,0,0,60,14,1,0,0,3,7,7,27,1,14,4,1,9,15,2,1,0,1,0,1,11,2,4,2,0,8,0,0,0,0,0,0,0,0,2,0,0,0,0,0,0,0,0,0,0,0,0,0,0,3,0,0,0,0,3,0,1,0,1,0,0,0,0,0,0,0,0,0,0,0,0,0,0,0,0,0,0,0,0,0,0,0,0,0,0,0
43 - Κορινθίας,243 E.T. Δήμου Ξυλοκάστρου - Ευρωστίνης,215,123,5,2,7,116,45,1,3,2,1,24,27,21,0,15,5,4,0,2,5,1,1,2,0,0,20,2,0,8,8,6,1,4,0,0,0,0,0,1,1,1,1,0,0,0,0,0,5,1,4,5,0,0,0,7,2,0,0,0,2,1,0,0,0,0,0,0,0,0,0,0,0,0,0,0,2,0,0,0,0,0,0,1,0,1,0,0,5,1,0,0
43 - Κορινθίας,244 E.T. Δήμου Ξυλοκάστρου - Ευρωστίνης,530,246,2,0,2,244,82,6,14,3,5,39,26,82,16,35,22,11,2,39,20,15,0,5,0,0,34,1,8,18,16,6,0,9,5,0,4,0,0,2,5,1,0,0,0,0,1,1,0,0,0,0,0,0,0,4,2,0,1,1,0,0,1,0,0,0,0,1,1,0,1,0,0,0,0,0,2,0,0,0,0,0,0,0,0,0,0,0,3,0,0,0
43 - Κορινθίας,245 E.T. Δήμου Ξυλοκάστρου - Ευρωστίνης,121,88,1,0,1,87,39,1,0,0,1,24,17,34,3,13,15,0,1,27,0,0,0,0,0,0,9,0,0,3,1,6,0,1,0,0,0,0,0,0,0,0,0,0,0,0,0,0,0,0,0,0,0,0,0,4,2,2,3,0,0,0,0,0,0,0,0,0,0,0,0,0,0,0,0,0,0,0,0,0,0,0,0,0,0,0,0,0,0,0,0,0
43 - Κορινθίας,246 E.T. Δήμου Ξυλοκάστρου - Ευρωστίνης,310,200,4,0,4,196,74,6,10,3,3,33,43,65,10,46,5,3,3,34,5,2,0,3,0,1,21,3,2,3,5,14,2,6,0,1,2,0,2,2,4,2,1,4,0,0,0,0,1,1,0,0,1,0,0,7,0,0,0,0,6,0,2,0,2,0,0,0,0,0,0,0,0,0,0,0,7,1,0,1,0,1,0,2,2,0,0,0,2,1,0,0
43 - Κορινθίας,247 E.T. Δήμου Ξυλοκάστρου - Ευρωστίνης,309,211,1,6,7,204,65,1,3,2,5,29,31,89,10,48,11,7,9,44,5,0,1,5,0,0,18,3,1,9,2,9,3,4,0,2,0,0,0,2,0,0,0,0,0,0,1,1,0,0,0,0,0,0,0,8,2,1,2,0,4,0,6,1,5,0,0,0,0,0,0,0,0,0,0,0,3,0,0,0,0,0,0,3,2,0,1,0,2,1,0,0
43 - Κορινθίας,248 E.T. Δήμου Ξυλοκάστρου - Ευρωστίνης,214,148,2,1,3,145,47,0,11,2,3,17,26,62,14,22,8,8,15,14,4,3,0,2,0,0,13,2,3,4,1,10,0,1,0,1,0,0,0,0,5,2,0,5,0,0,0,0,0,0,0,0,0,0,0,6,3,2,2,0,3,1,0,0,0,0,0,0,0,0,0,0,0,0,0,0,6,1,0,2,2,0,1,0,0,0,0,0,1,0,0,0
43 - Κορινθίας,249 E.T. Δήμου Ξυλοκάστρου - Ευρωστίνης,453,274,5,2,7,267,112,6,15,1,9,66,75,67,7,27,10,11,11,27,6,1,0,4,0,0,46,2,10,24,9,11,7,6,3,0,1,0,0,1,1,0,0,0,0,0,0,0,0,0,0,0,0,0,0,11,1,1,5,0,3,0,2,0,0,0,0,3,2,2,0,0,1,1,0,1,9,0,1,3,0,0,1,2,0,0,0,0,1,1,0,0
43 - Κορινθίας,250 E.T. Δήμου Ξυλοκάστρου - Ευρωστίνης,71,44,1,1,2,42,23,1,2,0,0,19,20,8,1,2,1,1,3,5,0,0,0,0,0,0,4,0,0,4,1,3,0,0,0,0,0,0,0,0,0,0,0,0,0,0,0,0,0,0,0,0,0,0,0,2,1,0,1,0,1,0,0,0,0,0,0,0,0,0,0,0,0,0,0,0,5,0,0,2,0,0,2,0,0,0,0,0,0,0,0,0
43 - Κορινθίας,251 E.T. Δήμου Ξυλοκάστρου - Ευρωστίνης,278,106,0,0,0,106,43,1,6,1,5,27,27,31,13,21,9,7,1,3,3,0,0,3,1,2,14,1,4,5,4,6,0,1,0,0,1,0,0,1,0,0,0,0,0,0,2,0,1,0,1,0,1,0,0,3,1,0,1,0,0,0,0,0,0,0,0,5,0,3,4,0,0,0,0,0,1,0,0,1,0,0,0,0,0,0,0,0,2,1,0,0
43 - Κορινθίας,252 E.T. Δήμου Ξυλοκάστρου - Ευρωστίνης,528,335,3,0,3,332,124,8,1,3,12,8,60,132,30,51,24,32,8,37,5,1,0,3,1,4,19,1,7,3,10,8,3,18,8,3,9,1,4,2,3,3,0,1,0,0,1,0,1,0,0,0,0,0,0,8,5,0,1,0,2,0,0,0,0,3,0,0,0,0,0,0,0,0,0,0,10,2,1,3,0,2,2,3,2,0,1,1,5,3,0,0
43 - Κορινθίας,253 E.T. Δήμου Σικυωνίων,550,306,5,3,8,298,94,7,41,4,15,13,30,109,22,49,13,24,21,30,9,3,2,2,1,0,30,2,1,5,18,8,2,13,4,0,8,0,1,4,7,1,0,2,0,0,0,0,5,4,4,2,0,0,0,14,4,1,1,0,4,0,0,0,0,1,0,2,1,1,0,0,2,1,1,0,9,2,2,5,1,1,3,0,0,0,0,0,3,2,0,0
43 - Κορινθίας,254 E.T. Δήμου Σικυωνίων,550,319,9,5,14,305,92,6,26,7,17,16,23,110,22,46,31,17,11,33,9,1,3,5,1,2,39,3,2,9,24,9,2,6,1,1,2,1,0,0,8,2,5,4,0,0,0,0,2,0,2,2,0,0,0,10,6,0,1,0,1,2,0,0,0,0,0,0,0,0,0,0,2,0,0,0,13,4,1,2,0,0,3,9,5,2,1,2,5,2,0,0
43 - Κορινθίας,255 E.T. Δήμου Σικυωνίων,550,329,2,3,5,324,84,5,24,4,12,16,32,137,26,66,42,26,17,34,13,2,3,7,0,1,33,2,4,9,18,9,2,5,1,0,4,0,0,1,3,1,0,1,0,0,1,0,5,4,2,3,0,1,1,11,5,0,8,0,2,1,0,0,0,1,1,1,0,0,0,0,0,0,0,0,22,1,0,7,0,2,0,0,0,0,0,0,7,2,0,0
43 - Κορινθίας,256 E.T. Δήμου Σικυωνίων,540,350,3,1,4,346,108,8,44,6,25,19,37,132,20,58,28,14,20,44,3,1,1,1,0,2,44,1,6,14,24,9,7,5,3,2,2,0,1,0,6,0,0,0,0,0,1,0,4,2,0,2,1,0,0,19,6,3,5,1,4,3,1,1,1,0,0,2,0,0,1,0,10,0,0,0,0,0,1,6,0,0,4,2,0,0,0,0,9,2,0,0
43 - Κορινθίας,257 E.T. Δήμου Σικυωνίων,550,338,6,5,11,327,90,14,26,7,17,12,27,119,22,49,21,29,31,45,12,2,2,10,0,1,34,1,6,16,24,6,3,7,1,1,2,1,0,3,3,3,1,1,0,0,2,1,4,2,1,2,0,0,0,12,4,2,1,1,3,1,1,0,0,0,0,3,2,0,2,0,0,0,0,0,23,2,2,8,0,3,4,5,3,2,3,0,12,6,0,0
43 - Κορινθίας,258 E.T. Δήμου Σικυωνίων,550,325,2,3,5,320,95,4,21,1,18,12,29,126,24,61,15,30,26,32,8,1,3,2,0,2,27,4,2,6,1,4,1,10,2,1,5,0,0,2,5,1,0,1,0,0,1,1,3,2,0,3,0,0,0,15,6,1,4,0,1,1,0,0,0,1,0,2,1,0,1,0,3,1,0,0,15,5,3,3,0,0,2,5,1,3,0,0,4,1,0,0
43 - Κορινθίας,259 E.T. Δήμου Σικυωνίων,550,296,7,2,9,287,97,17,37,5,13,22,35,106,13,58,29,20,11,34,7,0,0,5,0,3,28,0,0,6,24,4,2,12,1,5,10,0,0,5,2,1,2,0,1,1,0,0,4,4,0,4,0,0,0,14,7,3,3,2,4,0,0,0,0,0,0,1,0,0,1,1,0,0,0,0,9,2,0,4,0,1,3,2,1,1,1,1,4,2,0,0
43 - Κορινθίας,260 E.T. Δήμου Σικυωνίων,550,349,3,3,6,343,109,10,41,7,13,21,37,158,31,79,32,39,23,36,6,1,3,1,0,0,24,2,1,8,14,5,2,8,1,1,0,0,0,0,4,2,0,1,0,0,1,1,1,1,0,1,0,0,0,8,3,1,3,0,4,0,0,0,0,0,0,2,0,0,0,0,0,0,0,0,13,3,5,1,3,2,3,3,1,0,0,0,6,3,0,0
43 - Κορινθίας,261 E.T. Δήμου Σικυωνίων,550,339,2,2,4,335,109,9,47,9,15,15,38,153,33,77,32,32,17,33,13,2,7,6,0,5,25,1,2,9,12,3,5,7,2,1,2,0,0,2,4,0,0,0,1,0,1,1,5,3,1,5,0,0,0,7,2,0,1,0,0,0,0,0,0,0,0,1,0,0,1,1,1,0,0,0,5,1,0,1,0,0,1,0,0,0,0,0,3,3,0,0
43 - Κορινθίας,262 E.T. Δήμου Σικυωνίων,550,302,2,1,3,299,111,10,33,6,24,19,35,110,15,55,19,30,9,31,9,2,4,4,2,3,22,3,0,7,15,2,2,7,2,1,2,2,0,2,5,2,0,1,0,0,0,0,1,0,0,1,0,0,0,17,7,5,4,1,3,2,0,0,0,0,0,1,0,0,0,0,1,0,0,0,6,0,0,2,1,0,1,2,1,0,0,0,7,3,0,0
43 - Κορινθίας,263 E.T. Δήμου Σικυωνίων,550,330,5,2,7,323,87,7,40,3,19,24,21,137,17,61,35,24,30,44,7,3,2,3,0,2,29,4,4,7,17,8,1,13,6,0,7,0,0,3,1,1,0,0,0,0,0,0,1,1,0,1,0,1,1,16,6,3,5,1,2,2,1,0,0,0,0,1,0,0,0,0,1,0,0,0,16,3,1,5,3,0,5,2,1,1,0,0,10,6,0,0
43 - Κορινθίας,264 E.T. Δήμου Σικυωνίων,550,362,3,4,7,355,105,13,51,1,21,24,31,142,25,69,39,20,28,51,12,2,5,8,2,2,34,3,7,12,17,6,3,12,4,0,8,0,3,1,3,1,0,1,0,0,0,0,2,2,1,1,0,0,0,15,6,3,5,1,5,5,1,1,1,0,0,3,1,1,1,0,6,1,1,1,16,1,0,6,1,0,4,0,0,0,0,0,4,3,0,0
43 - Κορινθίας,265 E.T. Δήμου Σικυωνίων,550,327,4,1,5,322,112,3,38,8,21,19,37,117,19,50,25,22,34,30,10,2,4,4,1,2,27,2,2,9,18,7,1,11,3,0,4,0,0,3,3,1,1,2,0,0,2,1,0,0,0,0,0,0,0,14,4,3,2,0,5,0,1,0,0,0,0,1,0,0,0,0,1,0,1,1,14,6,1,5,2,2,2,4,1,2,0,1,5,2,0,0
43 - Κορινθίας,266 E.T. Δήμου Σικυωνίων,550,348,5,3,8,340,116,14,41,6,20,8,41,120,23,48,24,14,20,41,10,1,1,3,2,3,39,5,4,7,32,8,5,4,0,2,2,1,0,1,8,1,1,1,1,0,1,0,2,1,0,1,0,1,0,19,6,1,11,0,0,3,0,0,0,1,0,1,0,0,0,0,0,0,0,0,10,1,1,4,1,2,3,5,5,2,2,0,2,0,0,0
43 - Κορινθίας,267 E.T. Δήμου Σικυωνίων,550,312,6,5,11,301,86,4,37,3,14,9,38,124,18,51,18,29,15,44,7,2,1,6,2,0,28,2,0,11,9,6,4,11,4,2,5,0,1,3,4,1,0,2,0,0,1,0,4,3,0,4,0,0,0,9,5,0,3,1,0,1,0,0,0,1,1,4,1,1,1,0,1,0,0,1,13,6,3,2,1,2,3,2,1,0,0,0,6,3,0,0
43 - Κορινθίας,268 E.T. Δήμου Σικυωνίων,530,337,2,1,3,334,102,7,47,0,11,17,31,143,28,64,23,33,27,38,9,1,0,4,1,2,34,6,1,14,16,11,3,11,3,0,4,0,0,1,1,0,0,0,0,0,2,1,0,0,0,0,0,0,0,13,2,0,4,0,4,0,0,0,0,0,0,0,0,0,0,0,0,0,0,0,10,3,2,1,1,0,2,4,0,1,1,0,5,3,0,0
43 - Κορινθίας,269 E.T. Δήμου Σικυωνίων,523,322,4,3,7,315,89,6,26,0,12,16,31,124,18,62,19,16,17,40,12,4,1,3,3,2,27,1,1,8,20,7,2,7,2,1,3,0,0,0,4,2,2,1,0,0,5,0,0,2,3,1,0,22,0,0,6,4,11,0,7,1,1,0,1,1,0,2,0,0,0,0,1,1,0,0,12,3,1,4,0,0,3,2,0,1,1,0,6,3,0,0
43 - Κορινθίας,270 E.T. Δήμου Σικυωνίων,181,115,0,0,0,115,23,1,8,1,9,2,9,55,1,29,18,6,7,21,1,1,0,0,0,0,19,7,1,7,11,5,1,3,0,1,3,1,0,0,0,0,0,0,0,0,0,0,0,0,0,0,0,0,0,6,0,0,2,0,5,0,0,0,0,0,0,0,0,0,0,0,1,0,0,0,6,0,0,2,1,0,1,0,0,0,0,0,1,1,0,0
43 - Κορινθίας,271 E.T. Δήμου Σικυωνίων,297,117,0,1,1,116,26,2,8,0,9,6,6,48,8,14,23,7,2,10,6,1,0,4,0,0,18,1,2,8,9,2,8,6,0,0,2,0,0,1,1,0,0,0,0,0,0,0,0,0,0,0,0,0,0,9,2,1,0,1,5,1,0,0,0,0,0,0,0,0,0,0,0,0,0,0,2,0,0,0,0,0,0,0,0,0,0,0,0,0,0,0
43 - Κορινθίας,272 E.T. Δήμου Σικυωνίων,310,190,2,1,3,187,40,2,9,1,7,10,13,105,10,53,33,10,34,32,5,2,1,3,0,1,14,2,0,1,8,2,1,8,2,1,2,0,0,0,0,0,0,0,0,0,0,0,0,0,0,0,0,0,0,6,0,1,1,0,0,0,0,0,0,0,0,3,2,2,0,1,0,0,0,0,3,0,0,1,0,0,0,1,0,0,0,0,2,0,0,0
43 - Κορινθίας,273 E.T. Δήμου Σικυωνίων,313,168,5,0,5,163,56,4,27,2,13,16,21,71,4,30,24,7,17,25,4,0,0,4,0,0,12,1,2,1,8,3,0,2,0,1,1,0,0,0,4,1,0,0,0,0,2,1,0,0,0,0,0,1,0,3,0,0,0,0,3,0,0,0,0,0,0,0,0,0,0,0,0,0,0,0,5,2,0,1,0,0,0,1,0,0,0,0,2,1,0,0
43 - Κορινθίας,274 E.T. Δήμου Σικυωνίων,430,283,5,1,6,277,65,10,20,1,11,22,23,120,18,61,34,22,23,37,7,2,5,3,1,3,26,1,1,4,11,5,4,5,1,0,1,0,0,1,5,1,0,0,0,0,1,0,0,0,0,0,0,2,0,15,2,2,10,0,1,1,1,0,0,0,0,3,0,0,0,0,0,0,0,0,10,0,0,5,0,0,0,4,0,0,0,0,13,0,0,0
43 - Κορινθίας,275 E.T. Δήμου Σικυωνίων,423,260,6,0,6,254,93,10,46,6,20,19,26,88,14,39,18,11,23,29,5,2,0,1,1,1,22,8,2,11,8,10,1,10,2,0,1,0,0,2,1,0,1,1,1,0,0,0,4,4,0,4,0,1,1,10,7,3,5,0,2,3,0,0,0,1,1,0,0,0,0,0,0,0,0,0,16,5,2,5,2,1,3,1,0,1,0,0,1,1,0,0
43 - Κορινθίας,276 E.T. Δήμου Σικυωνίων,272,145,0,2,2,143,43,14,0,0,12,4,9,61,11,31,22,5,13,19,1,0,0,1,0,0,13,0,2,0,10,2,0,1,0,0,0,0,0,0,3,1,0,0,0,0,0,0,0,0,0,0,0,0,0,12,3,0,11,0,1,0,0,0,0,0,0,1,0,0,0,0,1,0,0,0,5,0,0,1,1,1,0,0,0,0,0,0,2,0,0,0
43 - Κορινθίας,277 E.T. Δήμου Σικυωνίων,460,305,2,3,5,300,75,9,29,9,17,10,25,124,14,80,43,25,8,32,12,1,3,6,0,1,55,0,45,30,11,2,0,4,2,0,2,0,0,0,7,0,0,1,0,0,1,0,0,0,0,0,0,1,0,10,3,3,2,0,3,0,0,0,0,0,0,2,0,1,0,0,2,1,0,0,3,1,1,1,0,0,1,0,0,0,0,0,4,2,0,0
43 - Κορινθίας,278 E.T. Δήμου Σικυωνίων,450,309,2,6,8,301,51,7,16,3,5,4,15,135,14,77,39,32,6,55,25,9,3,18,0,5,65,2,39,40,18,1,2,9,2,0,5,0,0,0,0,0,0,0,0,0,0,0,1,1,0,0,0,0,0,7,4,1,3,0,3,0,0,0,0,0,0,0,0,0,0,0,1,0,0,0,3,0,1,1,0,0,2,2,2,1,0,1,2,1,0,0
43 - Κορινθίας,279 E.T. Δήμου Σικυωνίων,409,268,2,0,2,266,72,6,24,3,10,13,23,123,9,78,61,9,4,36,4,0,1,3,0,0,20,0,0,10,9,6,2,2,0,0,0,1,0,0,2,1,0,1,0,0,1,0,0,0,0,0,0,0,0,21,4,1,3,0,8,1,0,0,0,0,0,0,0,0,0,0,2,1,0,1,9,0,0,4,0,3,1,0,0,0,0,0,10,6,0,0
43 - Κορινθίας,280 E.T. Δήμου Σικυωνίων,513,308,2,2,4,304,68,9,12,8,10,7,10,117,23,46,31,16,13,46,9,0,0,6,1,5,51,1,0,11,35,12,1,12,4,0,1,0,0,1,1,0,0,0,0,0,1,0,0,0,0,0,0,0,0,30,5,1,17,2,9,0,0,0,0,0,0,1,0,0,0,0,0,0,0,0,10,0,1,2,1,1,0,3,0,1,1,0,1,0,0,0
43 - Κορινθίας,281 E.T. Δήμου Σικυωνίων,279,125,1,0,1,124,45,3,15,6,3,17,18,45,7,27,11,2,3,10,8,2,0,4,0,1,10,2,2,0,6,2,1,3,1,0,1,0,0,1,0,0,0,0,0,0,0,0,2,1,1,0,0,0,0,4,1,0,0,0,3,0,0,0,0,1,0,0,0,0,0,0,0,0,0,0,4,0,0,0,0,0,0,0,0,0,0,0,2,1,0,0
43 - Κορινθίας,282 E.T. Δήμου Σικυωνίων,530,321,5,3,8,313,94,9,39,8,17,13,17,134,22,67,33,16,25,49,15,3,3,12,1,4,20,2,2,6,8,6,5,6,0,0,3,0,0,4,4,1,0,3,0,0,0,0,1,1,0,1,0,0,0,20,5,5,7,2,6,4,0,0,0,0,0,1,0,0,0,0,0,0,0,0,15,3,1,6,0,1,2,1,0,1,1,0,2,2,0,0
43 - Κορινθίας,283 E.T. Δήμου Σικυωνίων,530,335,6,2,8,327,108,14,33,8,17,21,25,109,16,58,22,23,13,34,14,3,5,7,2,0,30,5,1,6,21,4,2,12,5,0,7,0,0,2,1,0,0,0,0,0,0,0,3,3,0,1,0,1,0,13,4,2,7,0,0,1,0,0,0,0,0,8,0,1,3,3,0,0,0,0,19,5,0,4,1,1,2,3,0,2,2,0,6,4,0,0
43 - Κορινθίας,284 E.T. Δήμου Σικυωνίων,368,174,0,0,0,174,57,2,15,2,10,5,24,69,14,48,23,1,5,15,1,0,0,0,0,0,27,2,4,16,10,5,1,9,1,0,1,1,0,1,1,1,0,1,0,0,0,0,0,0,0,0,0,0,0,2,1,0,0,0,2,0,0,0,0,0,0,1,0,1,1,0,1,0,0,0,6,3,0,2,1,2,0,0,0,0,0,0,0,0,0,0
43 - Κορινθίας,285 E.T. Δήμου Σικυωνίων,113,65,1,1,2,63,12,1,7,1,1,0,4,34,1,24,12,1,5,5,2,0,0,0,0,0,5,0,1,3,3,0,1,3,1,1,1,0,0,1,0,0,0,0,0,0,1,1,0,0,0,0,0,0,0,4,2,2,0,1,1,0,0,0,0,0,0,0,0,0,0,0,0,0,0,0,0,0,0,0,0,0,0,1,0,0,0,0,1,0,0,0
43 - Κορινθίας,286 E.T. Δήμου Σικυωνίων,480,312,0,2,2,310,90,3,29,3,9,23,26,109,25,39,15,35,7,29,13,2,3,8,6,1,14,1,2,7,4,2,2,11,2,1,5,0,0,2,11,2,0,4,0,0,0,0,3,0,2,1,2,0,0,31,7,3,3,0,4,2,0,0,0,0,0,2,0,0,0,0,0,0,0,0,19,5,0,5,0,0,4,3,3,0,2,0,4,0,0,0
43 - Κορινθίας,287 E.T. Δήμου Σικυωνίων,470,297,6,1,7,290,94,11,35,3,16,21,28,113,11,52,22,16,18,41,8,1,1,6,1,4,19,1,1,5,10,6,7,7,1,0,2,0,0,3,5,4,0,4,0,0,2,1,3,1,0,3,0,0,0,24,5,2,17,2,2,1,0,0,0,0,0,0,0,0,0,0,0,0,0,0,8,1,1,3,0,2,4,5,1,3,2,0,2,0,0,0
43 - Κορινθίας,288 E.T. Δήμου Σικυωνίων,480,258,1,1,2,256,77,6,20,2,18,13,21,106,13,67,22,13,14,34,13,2,4,7,0,2,18,2,0,12,5,5,0,11,3,2,4,2,0,6,5,2,1,0,0,0,0,0,1,0,0,0,0,0,0,10,3,1,6,2,1,0,0,0,0,0,0,2,1,0,1,2,0,0,0,0,9,1,0,6,0,0,4,1,1,0,0,1,3,1,0,0
43 - Κορινθίας,289 E.T. Δήμου Σικυωνίων,474,264,1,1,2,262,83,3,32,3,16,13,20,99,9,54,26,13,15,22,11,1,6,4,1,0,21,1,0,15,6,3,0,11,4,2,5,0,0,3,8,3,1,3,0,0,0,0,1,1,0,1,0,0,0,10,5,2,3,0,2,0,1,0,0,1,0,2,0,0,0,0,1,0,0,0,4,2,0,0,0,0,1,3,0,2,1,2,6,4,0,0
43 - Κορινθίας,290 E.T. Δήμου Σικυωνίων,511,293,0,3,3,290,59,3,23,5,11,10,15,148,20,72,26,19,12,55,11,0,0,7,0,2,33,2,1,24,11,4,1,7,0,0,2,0,0,0,5,1,0,1,0,0,3,0,3,2,0,2,0,1,0,13,3,2,4,0,0,3,0,0,0,0,0,4,2,1,0,0,0,0,0,0,2,0,0,0,0,0,0,1,0,0,0,0,0,0,0,0
43 - Κορινθίας,291 E.T. Δήμου Σικυωνίων,251,130,0,0,0,130,36,13,5,0,6,5,13,56,7,20,6,5,19,19,2,2,0,2,0,0,21,0,3,5,10,7,0,4,0,0,0,0,0,1,2,1,0,1,0,0,0,0,0,0,0,0,0,0,0,4,0,1,0,0,3,0,0,0,0,0,0,1,0,0,0,0,0,0,0,0,4,2,0,0,2,0,0,0,0,0,0,0,0,0,0,0
43 - Κορινθίας,292 E.T. Δήμου Σικυωνίων,391,183,2,3,5,178,66,3,11,2,13,5,20,64,10,45,9,7,18,12,7,1,0,2,1,1,23,2,4,5,8,10,1,0,0,0,0,0,0,0,2,1,0,1,0,0,0,0,0,0,0,0,0,0,0,8,5,0,0,0,2,0,0,0,0,0,0,0,0,0,0,0,0,0,0,0,7,1,0,3,0,0,0,0,0,0,0,0,1,1,0,0
43 - Κορινθίας,293 E.T. Δήμου Σικυωνίων,224,139,1,1,2,137,18,3,8,1,4,2,2,100,9,67,10,17,20,21,7,1,1,3,1,2,2,0,0,0,0,2,0,3,0,2,0,1,1,1,0,0,0,0,0,0,0,0,0,0,0,0,0,0,0,2,0,1,1,0,2,0,0,0,0,0,0,1,0,0,1,0,0,0,0,0,4,0,0,1,0,0,1,0,0,0,0,0,0,0,0,0
43 - Κορινθίας,294 E.T. Δήμου Σικυωνίων,483,298,2,1,3,295,32,5,7,1,6,4,7,154,50,63,41,24,33,31,16,1,3,10,0,4,62,1,8,16,47,6,6,3,0,0,0,0,0,0,0,0,0,0,0,0,0,0,1,0,0,0,0,0,0,11,5,0,6,0,1,1,1,0,0,1,0,1,1,1,0,0,0,0,0,0,3,0,0,0,0,0,0,0,0,0,0,0,10,1,0,0
43 - Κορινθίας,295 E.T. Δήμου Σικυωνίων,373,151,0,0,0,151,41,1,23,2,5,10,11,81,27,43,25,11,8,20,5,1,2,2,0,2,13,0,4,2,4,3,3,2,0,1,0,0,0,1,0,0,0,0,0,0,0,0,0,0,0,0,0,0,0,2,1,1,0,0,1,1,0,0,0,0,0,0,0,0,0,0,0,0,0,0,7,2,0,2,2,1,2,0,0,0,0,0,0,0,0,0
43 - Κορινθίας,296 E.T. Δήμου Σικυωνίων,401,223,3,2,5,218,45,8,14,1,13,4,13,139,14,72,15,84,24,24,2,0,1,1,0,0,14,1,0,3,1,9,1,1,0,0,0,0,0,0,0,0,0,0,0,0,1,1,0,0,0,0,0,0,0,8,5,6,2,1,0,0,0,0,0,0,0,1,1,1,0,0,1,0,0,0,3,0,0,2,1,2,1,1,0,1,0,0,2,2,0,0
43 - Κορινθίας,297 E.T. Δήμου Σικυωνίων,434,231,1,3,4,227,57,1,18,0,6,10,20,101,15,63,14,18,22,21,8,2,0,2,1,1,21,4,0,1,11,5,7,8,2,0,1,0,0,1,6,0,0,0,0,0,3,0,0,0,0,0,0,0,0,5,1,0,1,0,0,0,0,0,0,0,0,0,0,0,0,0,0,0,0,0,15,3,0,2,2,0,2,0,0,0,0,0,3,1,0,0
43 - Κορινθίας,298 E.T. Δήμου Σικυωνίων,294,104,0,0,0,104,19,3,9,3,8,4,5,61,12,39,15,19,4,15,3,2,0,2,0,0,14,2,3,1,2,1,2,1,0,0,0,0,0,0,0,0,0,0,0,0,1,0,0,0,0,0,0,0,0,4,0,0,0,0,0,1,0,0,0,0,0,1,0,0,0,0,0,0,0,0,0,0,0,0,0,0,0,0,0,0,0,0,0,0,0,0
43 - Κορινθίας,299 E.T. Δήμου Σικυωνίων,557,302,4,3,7,295,54,7,9,3,11,6,9,174,44,93,30,54,36,19,10,0,0,10,1,0,35,19,14,3,10,8,3,6,1,1,0,0,0,0,0,0,0,0,0,0,0,0,1,0,0,0,0,0,0,3,1,0,0,0,1,0,0,0,0,0,0,0,0,0,0,0,1,1,0,0,10,0,0,3,0,1,1,0,0,0,0,0,1,0,0,0
43 - Κορινθίας,300 E.T. Δήμου Σικυωνίων,232,148,2,1,3,145,14,1,9,1,0,3,5,92,30,32,13,41,21,8,2,1,1,1,0,1,16,0,2,0,9,6,5,5,0,1,1,0,0,1,3,0,1,3,0,0,0,0,0,0,0,0,0,0,0,7,1,0,1,0,2,0,1,1,0,0,0,0,0,0,0,0,1,0,0,0,3,0,0,1,0,0,1,1,1,1,0,0,0,0,0,0
43 - Κορινθίας,301 E.T. Δήμου Σικυωνίων,489,261,2,0,2,259,79,14,13,4,9,8,38,106,36,63,29,9,11,16,17,3,2,12,1,7,31,7,3,0,8,16,7,2,0,0,1,0,0,0,1,1,0,0,0,0,1,0,0,0,0,0,0,0,0,9,1,1,3,0,4,0,0,0,0,0,0,0,0,0,0,0,1,0,0,0,10,1,0,2,0,2,2,1,0,0,0,0,1,0,0,0
43 - Κορινθίας,302 E.T. Δήμου Σικυωνίων,471,227,3,0,3,224,63,6,20,1,28,10,17,95,42,46,15,16,18,21,17,5,2,10,1,5,18,9,2,8,3,4,1,4,1,1,0,0,1,1,2,2,1,1,1,0,1,0,3,2,0,1,0,0,0,9,7,2,1,1,6,1,0,0,0,0,0,1,0,0,0,0,2,0,0,0,2,0,0,1,0,1,0,1,0,1,0,1,5,3,0,0
43 - Κορινθίας,303 E.T. Δήμου Σικυωνίων,563,293,1,1,2,291,72,6,20,1,23,9,19,125,45,76,8,38,16,22,18,1,1,15,2,0,34,7,12,2,14,5,5,8,2,1,1,0,0,1,1,0,0,0,0,0,0,0,1,0,0,0,0,0,0,11,7,4,6,1,0,2,1,0,0,0,0,3,1,0,0,1,3,2,0,0,7,1,3,2,0,0,0,1,0,0,0,0,6,3,0,0
43 - Κορινθίας,304 E.T. Δήμου Σικυωνίων,96,30,0,0,0,30,9,2,2,0,3,2,2,18,2,6,13,2,0,7,1,0,0,0,0,0,1,0,0,1,0,1,0,0,0,0,0,0,0,0,0,0,0,0,0,0,0,0,0,0,0,0,0,0,0,1,1,0,0,0,1,0,0,0,0,0,0,0,0,0,0,0,0,0,0,0,0,0,0,0,0,0,0,0,0,0,0,0,0,0,0,0
43 - Κορινθίας,305 E.T. Δήμου Σικυωνίων,483,194,0,0,0,194,60,5,15,4,2,3,7,62,30,37,3,11,13,11,4,1,2,2,1,0,48,6,5,27,15,8,2,10,7,1,3,0,0,2,1,0,0,0,0,0,0,0,0,0,0,0,0,0,0,0,0,0,0,0,0,0,0,0,0,0,0,2,0,1,1,0,0,0,0,0,3,0,0,1,1,3,0,2,1,0,0,0,2,0,0,0
43 - Κορινθίας,306 E.T. Δήμου Σικυωνίων,397,222,2,3,5,217,42,6,10,0,7,3,18,134,46,82,10,25,18,48,9,1,1,7,0,2,20,4,1,6,3,5,4,1,0,0,0,0,0,0,0,0,0,0,0,0,0,0,0,0,0,0,0,0,0,2,1,0,1,0,0,0,0,0,0,0,0,1,0,0,0,1,0,0,0,0,7,4,0,1,0,0,5,1,0,0,0,0,0,0,0,0
43 - Κορινθίας,307 E.T. Δήμου Σικυωνίων,328,176,1,1,2,174,56,5,19,2,15,5,17,62,13,19,24,18,5,12,2,0,0,1,0,1,32,7,0,10,23,9,5,10,3,1,0,0,0,4,5,2,2,0,0,0,0,0,1,1,0,0,0,0,0,4,3,0,1,1,1,1,0,0,0,0,0,0,0,0,0,0,0,0,0,0,0,0,0,0,0,0,0,2,0,1,1,0,0,0,0,0
43 - Κορινθίας,308 E.T. Δήμου Σικυωνίων,243,105,0,0,0,105,34,15,10,0,16,4,10,38,14,13,6,4,16,12,10,3,1,6,1,3,10,1,5,4,2,2,3,0,0,0,0,0,0,0,0,0,0,0,0,0,0,0,0,0,0,0,0,0,0,6,1,0,5,0,1,0,0,0,0,0,0,2,1,0,0,0,0,0,0,0,4,2,1,0,0,1,1,0,0,0,0,0,1,1,0,0
43 - Κορινθίας,309 E.T. Δήμου Σικυωνίων,238,117,1,1,2,115,41,3,22,0,6,12,13,53,14,14,10,3,20,12,6,1,0,2,0,0,5,2,1,1,2,2,0,6,1,2,1,1,0,1,0,0,0,0,0,0,0,0,0,0,0,0,0,0,0,0,0,0,0,0,0,0,0,0,0,0,0,0,0,0,0,0,0,0,0,0,2,1,1,0,0,0,0,0,0,0,0,0,2,2,0,0
43 - Κορινθίας,310 E.T. Δήμου Σικυωνίων,218,114,0,1,1,113,37,3,6,0,7,7,10,40,10,22,6,4,6,13,5,1,0,2,0,1,15,1,0,4,8,7,0,2,0,1,0,0,0,1,2,0,0,0,0,0,0,0,0,0,0,0,0,0,0,4,1,0,0,0,0,0,0,0,0,0,0,1,0,0,1,1,0,0,0,0,2,1,0,0,0,1,0,1,0,1,1,0,4,0,0,0
43 - Κορινθίας,Ετερ. Κορινθίας (από Εφετείο Θεσσαλονίκης),40,24,1,0,1,23,10,0,3,1,2,2,3,9,0,7,1,4,2,1,0,0,0,0,0,0,2,0,2,0,1,0,0,1,0,0,0,0,0,0,0,0,0,0,0,0,1,0,0,0,0,0,0,0,0,0,0,0,0,0,0,0,0,0,0,0,0,0,0,0,0,0,0,0,0,0,0,0,0,0,0,0,0,0,0,0,0,0,0,0,0,0
43 - Κορινθίας,Ετερ. Κορινθίας (από 88ο Ε.Τ. Νομ. Αττικής-Αθηνών),353,202,5,1,6,196,53,7,16,9,13,8,17,111,9,71,19,21,10,47,1,1,0,1,0,0,8,1,1,1,1,5,0,11,4,3,2,2,1,2,1,1,0,0,1,0,0,0,0,0,0,0,0,0,0,3,0,1,0,0,2,1,0,0,0,0,0,0,0,0,0,0,0,0,0,0,5,1,0,2,1,0,0,2,0,1,0,1,0,0,0,0
43 - Κορινθίας,Ετερ. Κορινθίας (από 89ο Ε.Τ. Νομ. Αττικής-Αθηνών),357,209,3,3,6,203,49,4,17,3,7,6,17,91,22,47,13,28,8,24,4,2,0,0,1,0,22,6,3,10,4,13,1,8,5,0,2,2,0,2,3,1,2,1,0,0,0,0,0,0,0,0,0,0,0,7,2,3,3,0,2,0,1,1,0,0,0,2,1,0,0,1,1,1,0,1,10,2,1,3,0,0,3,0,0,0,0,0,5,3,0,0
43 - Κορινθίας,ΚΑΤΑΣΤΗΜΑ ΚΡΑΤΗΣΗΣ ΚΟΡΙΝΘΟΥ (ΦΥΛΑΚΩΝ),12,10,0,0,0,10,4,1,0,0,0,0,0,3,0,1,1,1,1,0,1,1,0,0,0,0,1,0,0,0,0,0,0,0,0,0,0,0,0,0,0,0,0,0,0,0,0,0,0,0,0,0,0,0,0,0,0,0,0,0,0,0,0,0,0,0,0,0,0,0,0,0,0,0,0,0,1,0,0,0,0,0,0,0,0,0,0,0,0,0,0,0
Σύνολο,,141452,85751,1044,560,1604,84147,25890,3264,6827,2232,5433,4841,8370,35139,6139,15745,8444,4648,8572,11012,2866,634,475,1522,353,343,7129,1579,1959,1503,1499,2280,876,2357,514,387,361,244,246,703,900,292,156,236,20,4,209,72,342,146,176,97,53,60,16,3433,1176,635,599,229,923,403,82,23,25,34,9,459,104,68,135,114,226,88,36,50,3085,708,240,931,303,255,537,625,203,115,107,144,1288,615,3,2
