ΠΕΡΙΦΕΡΕΙΑ,ΕΚΛΟΓΙΚΟ ΤΜΗΜΑ,ΕΓΓΕΓΡΑΜΜΕΝΟΙ,ΨΗΦΙΣΑΝΤΕΣ,ΑΚΥΡΑ,ΛΕΥΚΑ,ΑΚΥΡΑ & ΛΕΥΚΑ,ΕΓΚΥΡΑ,ΣΥΡΙΖΑ,ΑΓΓΕΛΕΤΑΚΗ ΑΛΕΞΑΝΔΡΑ (ΑΛΕΚΑ) του Ανδρέα,ΓΑΚΗΣ ΑΝΤΩΝΙΟΣ του Σπυρίδωνος,ΜΑΝΙΟΣ ΝΙΚΟΛΑΟΣ του Εμμανουήλ,ΡΗΓΟΥ ΕΙΡΗΝΗ (ΙΡΕΝ) του Σίμου,ΣΥΡΙΓΟΣ ΑΝΤΩΝΙΟΣ του Δημητρίου,ΣΥΡΜΑΛΕΝΙΟΣ ΝΙΚΟΛΑΟΣ του Ευαγγέλου,Νέα Δημοκρατία,ΒΑΚΟΝΔΙΟΣ ΓΕΩΡΓΙΟΣ του Αντωνίου,ΒΡΟΥΤΣΗΣ ΙΩΑΝΝΗΣ του Βασιλείου,ΚΑΦΟΥΡΟΣ ΜΑΡΚΟΣ του Εμμανουήλ,ΜΟΝΟΓΥΙΟΥ ΑΙΚΑΤΕΡΙΝΗ του Μιχαήλ,ΠΡΙΝΙΑ ΔΕΣΠΟΙΝΑ του Ιωάννη,ΦΟΡΤΩΜΑΣ ΦΙΛΙΠΠΟΣ του Αριστοτέλη,Λαϊκός Σύνδεσμος - Χρυσή Αυγή,ΒΑΖΑΙΟΥ ΜΑΡΚΕΛΑ του Σπυρίδωνος,ΓΚΙΝΗΣ ΑΡΙΣΤΕΙΔΗΣ του Ιωάννη,ΚΑΠΕΛΛΑΣ ΓΙΩΡΓΟΣ του Ιωάννη,ΛΟΥΔΑΡΟΥ ΜΑΡΙΑ του Ευαγγέλου,ΜΠΕΚΡΗΣ ΑΘΑΝΑΣΙΟΣ του Ιωάννη,Κίνημα Αλλαγής,ΒΛΑΣΕΡΟΣ ΙΩΑΝΝΗΣ του Νικολάου,ΔΑΡΖΕΝΤΑ-ΚΟΥΤΡΟΥΛΙΑ ΑΛΕΞΑΝΔΡΑ του Θωμά,ΘΕΟΛΟΓΙΤΟΥ ΣΟΦΙΑ του Νικολάου,ΜΠΑΪΛΑΣ ΔΗΜΗΤΡΙΟΣ του Ελευθερίου,ΠΑΠΑΜΑΝΩΛΗΣ ΓΕΩΡΓΙΟΣ του Νικολάου,ΠΟΛΑΤΣΙΔΗΣ ΧΡΗΣΤΟΣ του Ιωάννη,Κ.Κ.Ε.,ΚΑΪΛΗΣ ΝΙΚΟΛΑΟΣ του Αποστόλου,ΠΡΩΤΟΠΑΠΑ ΦΡΑΤΖΕΣΚΑ του Ιακώβου,ΡΕΜΟΥΝΔΟΥ ΑΙΚΑΤΕΡΙΝΗ του Χαράλαμπου,ΣΟΦΙΚΙΤΗΣ ΜΙΧΑΗΛ του Εμμανουήλ,ΤΣΑΤΣΑ ΜΑΡΙΑ του Παναγιώτη,ΧΑΡΑΛΑΜΠΑΚΟΣ ΟΡΕΣΤΗΣ του Βασιλείου,Ένωση Κεντρώων,ΓΕΩΡΓΑΛΑ ΚΥΡΙΑΚΗ του Ζαχαρία,ΚΟΝΙΤΟΠΟΥΛΟΣ ΑΠΟΣΤΟΛΟΣ του Νικολάου,ΝΟΜΙΚΟΥ ΑΙΚΑΤΕΡΙΝΗ-ΚΩΝΣΤΑΝΤΙΝΑ του Αντωνίου,ΠΑΠΑΝΙΚΟΛΑΟΥ ΚΩΝΣΤΑΝΤΙΝΟΣ του Ιωάννη,Ο.Κ.Δ.Ε.,ΣΕΜΙΖΙΔΟΥ ΜΑΡΙΑ του Ιωάννη,ΑΝΤ.ΑΡ.ΣΥ.Α.,ΒΑΣΙΛΑ ΑΓΓΕΛΙΚΗ του Δημητρίου,ΤΣΙΟΥΜΠΡΗΣ ΙΩΑΝΝΗΣ του Γεωργίου,Ελλήνων Συνέλευσις,ΚΟΥΝΑΔΗΣ ΙΩΑΝΝΗΣ του Ματθαίου,ΜΠΕΡΜΠΕΡΗ ΠΕΤΡΟΥΛΑ-ΧΡΙΣΤΙΝΑ του Αναστασίου,ΠΕΤΡΟΥ ΕΥΑΓΓΕΛΟΣ του Ιωάννη,ΣΚΑΓΙΑΣ ΙΩΑΝΝΗΣ του Κωνσταντίνου,ΤΣΙΓΑΡΑ ΑΓΓΕΛΙΚΗ του Νικολάου,Ελληνική Λύση - Κ. Βελόπουλος,ΒΑΛΛΑ ΕΙΡΗΝΗ-ΚΩΝΣΤΑΝΤΙΑ του Παντελή,ΠΟΛΥΚΡΕΤΗΣ ΠΕΤΡΟΣ του Εμμανουήλ,ΣΑΚΕΛΛΑΡΙΟΣ ΝΙΚΟΛΑΟΣ του Φλώρου,ΧΑΡΑΛΑΜΠΟΠΟΥΛΟΣ ΠΕΤΡΟΣ του Θεοδώρου,ΧΑΣΤΑΤΖΕΡΗ-ΣΟΥΛΙΩΤΗ ΒΑΣΙΛΙΚΗ του Σωκράτη,Κ.Κ.Ε. (μ-λ),ΜΠΑΚΑΣ ΑΓΓΕΛΟΣ του Βασιλείου,Μ-Λ Κ.Κ.Ε.,ΤΣΩΝΗ ΙΩΑΝΝΑ του Μιχαήλ,Ε.ΠΑ.Μ - Α.Κ.Κ.ΕΛ,ΣΙΔΕΡΗΣ ΙΩΑΝΝΗΣ του Παύλου,Λαϊκή Ενότητα,ΒΛΑΧΟΣ ΓΕΩΡΓΙΟΣ του Κοσμά,ΜΙΣΚΕΔΑΚΗΣ ΓΡΗΓΟΡΙΟΣ του Πέτρου,ΤΣΑΜΗ ΔΗΜΗΤΡΑ του Γεωργίου,ΜέΡΑ25,ΚΩΝΣΤΑΝΤΙΝΙΔΗ ΑΝΝΑ-ΓΕΩΡΓΙΑ του Αντωνίου-Σωτηρίου,ΠΑΝΤΕΛΑΙΟΥ ΑΝΤΩΝΙΑ (ΤΟΝΙΑ) του Ιωάννη,ΣΚΑΓΙΑΣ ΔΗΜΗΤΡΙΟΣ του Σταματίου,ΣΤΑΥΡΙΑΝΟΣ ΕΜΜΑΝΟΥΗΛ του Ματθαίου,Δημιουργία ξανά - Θ. Τζήμερος,ΑΔΑΜΙΔΗΣ ΦΙΛΙΠΠΟΣ του Παναγιώτη,ΔΗΜΗΤΡΙΟΥ ΠΕΤΡΟΣ του Ευαγγέλου,ΜΑΛΛΗ ΚΑΛΛΙΟΠΗ του Αλεξάνδρου,ΧΑΪΜΑΝΤΟΥ ΧΡΙΣΤΙΝΑ του Κωνσταντίνου,Πλεύση Ελευθερίας - Ζωή Κωνστ.,ΠΡΩΤΟΠΑΠΑΣ ΓΕΩΡΓΙΟΣ του Νικολάου
51 - Κυκλάδων,1 E.T. Δήμου Άνδρου,565,270,9,3,12,258,38,10,5,5,6,6,7,150,20,90,4,45,31,29,11,1,5,2,0,1,13,5,2,4,5,3,1,8,3,0,4,0,1,0,3,2,1,1,0,0,0,1,1,1,0,0,0,0,0,0,7,3,3,1,1,1,0,0,1,0,1,0,2,1,0,1,12,2,1,2,2,3,0,0,1,1,8,0
51 - Κυκλάδων,2 E.T. Δήμου Άνδρου,567,279,7,3,10,269,56,10,7,15,1,10,22,151,25,97,6,43,30,29,11,5,6,0,3,1,7,0,2,1,3,1,0,9,2,1,5,1,1,0,4,2,0,1,0,0,0,1,1,0,1,1,0,0,0,1,8,1,2,2,1,2,0,0,0,0,2,2,0,0,0,0,8,2,1,1,1,8,5,3,2,3,3,3
51 - Κυκλάδων,3 E.T. Δήμου Άνδρου,570,253,1,1,2,251,53,8,3,9,5,9,18,136,36,77,5,35,16,24,6,1,4,0,2,0,10,1,1,0,5,1,0,6,0,0,2,0,0,1,7,1,3,1,0,0,0,0,0,0,1,0,0,0,1,0,7,4,0,1,2,1,0,0,0,0,2,0,0,0,0,0,15,5,2,3,6,3,0,1,1,1,5,4
51 - Κυκλάδων,4 E.T. Δήμου Άνδρου,570,293,5,1,6,287,55,10,5,14,5,15,16,175,34,97,8,60,35,24,7,2,4,0,0,0,8,1,0,1,2,0,0,13,3,5,5,1,0,2,1,0,0,0,0,0,0,2,1,1,0,0,0,0,0,0,11,4,3,1,3,2,0,0,0,0,0,0,0,0,0,0,10,2,2,1,0,0,0,0,0,0,5,1
51 - Κυκλάδων,5 E.T. Δήμου Άνδρου,395,160,0,2,2,158,20,7,2,3,1,3,9,105,28,63,4,43,18,17,5,1,3,2,0,1,3,1,0,0,0,0,0,7,0,3,4,0,1,0,1,0,0,0,0,0,0,0,0,0,0,0,0,0,0,0,2,1,0,0,1,0,0,0,0,0,0,0,1,1,0,0,9,5,3,0,3,3,1,0,1,0,2,0
51 - Κυκλάδων,6 E.T. Δήμου Άνδρου,206,90,2,0,2,88,15,5,4,2,7,2,3,45,15,18,3,13,8,8,11,4,5,1,1,1,1,1,1,0,0,0,0,3,2,1,2,0,0,1,1,0,0,0,0,1,0,0,0,0,1,0,0,0,0,1,3,1,1,2,2,0,1,0,0,0,1,0,0,0,0,0,3,1,1,0,0,1,0,0,0,0,1,1
51 - Κυκλάδων,7 E.T. Δήμου Άνδρου,293,92,0,2,2,90,14,3,1,1,1,1,8,53,9,30,7,21,5,12,4,1,4,0,0,0,4,0,1,2,2,0,0,4,3,0,2,0,0,0,3,0,1,0,0,0,0,0,0,0,1,1,0,0,0,0,2,0,0,0,0,0,0,0,1,0,0,0,0,0,0,0,3,0,0,1,2,0,0,0,0,0,1,0
51 - Κυκλάδων,8 E.T. Δήμου Άνδρου,358,125,0,1,1,124,24,4,2,5,2,7,10,71,8,45,5,20,17,7,1,1,0,0,1,0,1,1,0,0,1,0,0,6,2,1,4,0,1,0,1,0,0,0,0,0,0,0,0,0,0,0,0,0,0,0,6,1,0,2,0,0,1,0,0,0,1,1,2,0,0,0,7,3,1,1,3,1,1,0,0,0,2,1
51 - Κυκλάδων,9 E.T. Δήμου Άνδρου,407,177,1,1,2,175,39,10,7,9,1,6,12,92,14,62,5,37,9,18,7,2,4,1,1,0,2,2,0,0,1,0,0,11,3,2,5,0,1,1,7,4,1,2,3,0,0,1,0,0,0,0,0,0,0,0,6,3,2,2,1,0,0,0,0,0,0,0,0,0,0,0,8,2,3,2,2,1,0,0,0,0,1,0
51 - Κυκλάδων,10 E.T. Δήμου Άνδρου,371,134,2,0,2,132,33,9,7,3,3,4,9,66,14,37,3,24,5,10,4,0,2,0,0,1,4,1,0,0,1,0,0,3,0,0,1,0,0,0,5,0,0,1,0,0,0,0,0,0,1,0,1,0,0,0,4,1,3,3,1,0,1,0,0,0,0,0,2,2,0,2,6,2,3,1,2,1,1,0,0,1,2,2
51 - Κυκλάδων,11 E.T. Δήμου Άνδρου,364,150,2,4,6,144,30,6,5,7,5,6,12,73,10,41,1,27,7,14,7,1,0,0,0,0,4,2,0,1,1,1,0,6,0,0,4,0,0,0,6,1,1,3,0,0,0,0,0,0,0,0,0,0,0,0,5,3,0,0,2,0,1,0,1,0,1,1,1,0,0,0,5,1,0,0,0,1,0,0,0,0,3,1
51 - Κυκλάδων,12 E.T. Δήμου Άνδρου,360,166,0,2,2,164,19,4,0,9,1,2,6,88,8,50,1,23,16,17,8,2,6,0,1,2,19,4,3,2,7,2,1,13,3,5,5,0,2,0,2,0,2,0,0,0,0,0,0,0,0,0,0,0,0,0,8,2,1,4,1,1,1,1,0,0,1,0,0,0,0,0,5,0,1,0,2,0,0,0,0,0,0,0
51 - Κυκλάδων,13 E.T. Δήμου Άνδρου,376,185,2,1,3,182,14,4,1,4,1,1,5,137,17,79,7,34,20,36,10,0,0,6,1,1,0,0,0,0,0,0,0,0,0,0,0,0,0,0,2,1,0,0,0,0,0,0,0,0,0,0,0,0,0,0,8,4,2,2,0,1,0,0,0,0,0,0,0,0,0,0,7,1,1,1,1,2,0,2,0,0,2,2
51 - Κυκλάδων,14 E.T. Δήμου Άνδρου,280,135,2,0,2,133,9,4,0,3,2,2,5,105,19,63,10,25,20,41,11,2,8,0,3,0,1,0,0,1,0,0,0,2,0,1,0,0,0,1,0,0,0,0,0,0,0,0,0,0,0,0,0,0,0,0,1,0,0,0,1,0,0,0,0,0,1,1,0,0,0,0,1,0,0,0,0,1,1,0,0,0,1,1
51 - Κυκλάδων,15 E.T. Δήμου Άνδρου,254,106,0,1,1,105,30,12,3,6,5,15,14,33,9,17,3,11,2,6,5,3,2,0,1,0,6,0,3,2,2,0,1,17,4,8,11,2,0,0,0,0,0,0,0,0,0,0,0,0,0,0,0,0,0,0,5,3,2,3,2,0,0,0,0,0,0,0,0,0,0,0,4,1,0,2,3,3,1,2,1,0,2,1
51 - Κυκλάδων,16 E.T. Δήμου Άνδρου,510,208,1,2,3,205,38,9,9,9,1,11,12,114,14,70,3,38,10,16,4,2,1,1,1,1,8,1,1,3,4,0,0,9,2,3,5,0,1,1,7,3,1,4,0,0,0,0,0,0,0,0,0,0,0,0,7,3,0,0,2,0,2,0,0,0,1,1,1,0,0,0,12,3,5,1,3,0,0,0,0,0,2,0
51 - Κυκλάδων,17 E.T. Δήμου Άνδρου,560,252,5,2,7,245,56,14,7,10,7,13,15,118,24,79,0,45,2,8,10,4,4,1,2,1,15,2,4,3,1,0,1,14,1,1,6,1,0,0,4,1,0,0,0,0,0,4,3,2,0,0,0,0,0,0,6,1,0,4,0,0,0,0,0,0,3,1,0,0,0,0,8,2,2,0,1,0,0,0,0,0,7,6
51 - Κυκλάδων,18 E.T. Δήμου Άνδρου,211,81,1,0,1,80,17,1,3,2,6,8,8,44,8,35,2,16,3,6,2,1,0,2,0,1,2,1,1,0,2,0,0,7,0,4,2,0,0,0,0,0,0,0,0,0,0,0,0,0,0,0,0,0,0,0,2,1,0,0,0,0,1,0,0,0,0,0,0,0,0,0,3,1,1,0,0,0,0,0,0,0,2,0
51 - Κυκλάδων,19 E.T. Δήμου Άνδρου,365,184,3,0,3,181,40,6,3,5,0,16,15,98,10,68,1,45,4,28,2,0,0,0,1,1,6,2,3,2,2,1,0,14,1,3,5,0,0,4,2,1,1,2,0,0,0,2,1,1,0,0,0,0,0,0,6,2,0,3,1,2,0,0,0,0,1,0,0,0,0,0,6,2,2,0,0,2,0,0,0,0,2,1
51 - Κυκλάδων,20 E.T. Δήμου Άνδρου,436,244,4,2,6,238,57,5,7,7,7,18,25,117,14,79,8,28,7,32,2,1,0,0,1,0,15,1,3,5,6,0,0,9,0,2,6,0,0,0,6,1,0,1,0,1,0,0,0,0,0,0,0,0,0,0,7,0,0,0,0,0,0,0,1,0,0,0,0,0,0,0,19,3,5,2,2,1,0,0,0,0,3,0
51 - Κυκλάδων,21 E.T. Δήμου Άνδρου,387,151,4,0,4,147,26,5,5,2,3,4,8,81,13,55,5,40,4,14,2,1,1,1,0,1,8,3,4,0,5,0,0,14,6,4,8,1,0,1,1,0,0,0,0,0,0,3,0,0,0,0,0,0,0,0,3,2,0,2,0,1,1,1,0,0,0,0,0,0,0,0,5,1,1,0,1,1,1,1,0,0,2,1
51 - Κυκλάδων,22 E.T. Δήμου Άνδρου,342,137,4,2,6,131,28,4,4,4,4,7,11,69,16,44,2,21,4,10,4,0,1,0,1,1,9,1,0,3,0,1,0,3,0,1,2,1,0,0,6,2,2,0,2,0,0,3,2,1,0,0,0,0,0,0,6,2,1,1,0,0,0,0,0,0,0,0,0,0,0,0,2,2,2,0,0,0,0,0,0,0,1,1
51 - Κυκλάδων,23 E.T. Δήμου Άνδρου,424,283,7,3,10,273,96,19,22,21,6,18,30,111,22,66,8,30,14,16,9,3,5,1,1,0,11,3,4,6,2,1,0,8,0,2,5,2,0,0,3,2,0,0,1,0,0,0,0,0,0,0,0,0,0,0,12,5,3,2,0,0,1,0,0,0,2,0,0,0,0,0,6,3,3,2,0,3,1,1,1,0,11,6
51 - Κυκλάδων,24 E.T. Δήμου Άνδρου,429,225,0,3,3,222,75,20,14,23,14,18,27,105,19,53,6,38,18,14,7,1,3,1,0,0,6,0,2,1,1,0,0,8,0,0,6,4,0,0,2,0,0,0,0,0,0,0,0,0,0,0,0,0,0,0,5,0,0,1,0,1,2,1,0,0,2,1,0,0,0,0,5,3,1,1,0,1,0,0,0,0,4,1
51 - Κυκλάδων,25 E.T. Δήμου Άνδρου,93,58,0,0,0,58,14,3,0,2,1,6,6,34,6,23,2,14,1,2,4,2,0,0,1,1,2,0,0,0,0,0,0,2,0,0,1,0,0,0,1,0,0,0,0,0,0,0,0,0,0,0,0,0,0,0,0,0,0,0,0,0,0,0,0,0,0,0,0,0,0,0,0,0,0,0,0,1,0,0,0,0,0,0
51 - Κυκλάδων,26 E.T. Δήμου Άνδρου,207,123,0,0,0,123,43,7,5,9,2,12,9,44,5,27,1,16,5,5,6,1,3,0,0,1,4,1,1,1,1,0,0,3,0,0,1,0,0,0,0,0,0,0,0,1,0,0,0,0,0,0,0,0,0,0,7,6,2,2,1,1,0,0,0,0,1,0,0,0,0,0,7,4,3,0,3,4,0,2,1,1,3,2
51 - Κυκλάδων,27 E.T. Δήμου Άνδρου,362,178,6,0,6,172,31,10,5,10,6,7,11,100,12,71,9,29,11,4,12,2,10,0,0,1,1,1,0,0,1,0,0,3,1,2,2,1,0,0,4,2,2,1,1,0,0,1,1,1,1,1,0,0,0,0,6,2,2,1,2,2,0,0,0,0,2,1,0,0,0,0,9,4,2,2,3,0,0,0,0,0,2,1
51 - Κυκλάδων,28 E.T. Δήμου Άνδρου,260,85,0,0,0,85,15,2,0,4,4,5,1,55,3,32,1,30,0,1,1,1,0,0,1,0,1,0,0,0,1,0,0,3,0,2,0,0,0,0,1,0,0,0,0,0,0,0,0,0,0,0,0,0,0,0,2,1,0,0,0,0,0,0,0,0,3,2,0,0,0,0,4,2,2,0,0,0,0,0,0,0,0,0
51 - Κυκλάδων,29 E.T. Δήμου Άνδρου,103,41,1,0,1,40,12,2,0,4,4,5,2,14,0,7,1,3,5,2,4,1,3,0,0,0,4,2,1,1,1,2,0,0,0,0,0,0,0,0,0,0,0,0,0,0,0,1,0,0,0,0,0,0,0,0,1,0,0,1,1,0,0,0,0,0,1,1,0,0,0,0,1,1,0,0,1,1,0,0,0,0,1,1
51 - Κυκλάδων,30 E.T. Δήμου Άνδρου,234,133,1,2,3,130,28,6,5,6,5,6,7,74,4,39,7,35,9,8,5,1,5,0,2,0,4,1,1,2,2,0,0,2,1,0,2,0,1,0,3,2,2,0,0,0,0,0,0,0,0,0,0,0,0,0,2,1,0,1,0,0,0,0,0,0,2,2,0,0,0,0,7,5,4,1,0,0,0,0,0,0,3,0
51 - Κυκλάδων,31 E.T. Δήμου Άνδρου,420,179,2,0,2,177,54,9,7,21,5,14,19,82,9,49,4,25,6,10,5,2,2,1,2,0,13,5,4,5,6,0,0,6,1,2,3,0,2,1,1,0,1,0,1,1,0,1,0,0,0,0,0,0,0,0,5,3,1,1,1,0,0,0,0,0,1,0,0,0,0,0,7,1,2,1,1,0,0,0,0,0,1,0
51 - Κυκλάδων,32 E.T. Δήμου Άνδρου,421,262,1,2,3,259,51,8,7,11,3,8,15,147,14,73,10,46,17,30,9,1,4,1,0,0,7,1,1,1,0,0,0,11,1,4,6,1,2,0,6,2,0,2,0,0,0,1,0,0,0,0,0,0,0,0,6,2,1,0,0,0,1,0,0,0,0,0,2,0,0,1,6,3,3,0,0,3,0,2,1,1,9,5
51 - Κυκλάδων,33 E.T. Δήμου Άνδρου,512,351,2,1,3,348,59,23,6,21,8,17,19,199,19,133,29,72,17,27,13,2,9,2,1,0,13,6,3,2,6,3,1,8,1,2,4,2,0,0,10,3,2,2,1,1,0,1,1,0,0,0,0,0,0,0,14,7,1,7,2,2,1,1,0,0,1,0,1,1,0,0,16,5,5,1,4,2,1,1,1,1,9,6
51 - Κυκλάδων,34 E.T. Δήμου Άνδρου,216,115,2,0,2,113,12,1,1,4,3,1,0,65,5,50,1,18,18,9,8,0,7,1,0,0,6,4,3,1,2,0,1,1,0,0,1,0,1,0,3,1,0,0,0,0,0,2,2,1,1,0,0,0,0,0,9,0,0,0,2,1,0,0,0,0,0,0,0,0,0,0,1,1,0,0,0,0,0,0,0,0,5,5
51 - Κυκλάδων,35 E.T. Δήμου Άνδρου,136,84,6,0,6,78,23,6,3,2,1,3,5,34,11,6,0,7,1,8,4,0,2,1,0,0,0,0,0,0,0,0,0,2,1,0,1,0,2,0,1,0,0,0,0,0,0,0,0,0,0,0,0,0,0,0,4,3,1,0,3,0,0,0,0,0,1,0,0,0,0,0,4,1,1,0,0,0,0,0,0,0,5,5
51 - Κυκλάδων,36 E.T. Δήμου Ανάφης,499,234,2,2,4,230,67,13,19,6,5,13,26,88,7,66,29,30,4,10,3,3,1,0,0,0,35,0,16,6,16,19,1,9,0,1,0,2,1,3,0,0,0,0,0,1,0,14,1,13,0,0,0,0,0,0,2,0,1,0,1,0,0,0,0,0,2,1,0,0,0,0,3,1,1,0,1,1,1,1,0,0,5,2
51 - Κυκλάδων,37 E.T. Δήμου Θήρας,492,273,11,3,14,259,40,10,13,2,7,12,9,145,15,73,91,16,4,25,12,5,4,3,3,1,24,12,13,3,4,2,2,6,1,0,1,0,0,5,2,0,1,0,0,0,0,0,0,0,0,0,0,0,0,0,11,5,2,2,2,1,0,0,0,0,0,0,1,0,0,0,12,4,4,1,2,2,0,0,0,0,4,3
51 - Κυκλάδων,38 E.T. Δήμου Θήρας,465,267,2,1,3,264,36,2,15,9,2,10,6,155,9,66,117,19,4,15,6,3,1,1,0,3,27,8,10,2,13,7,0,4,0,0,0,1,0,0,2,1,1,0,0,0,0,0,0,0,0,0,0,0,0,0,16,6,1,4,1,5,1,0,0,0,2,0,2,1,0,0,5,1,1,0,3,2,1,0,1,0,6,4
51 - Κυκλάδων,39 E.T. Δήμου Θήρας,452,248,6,4,10,238,53,9,23,6,6,8,10,133,26,54,80,21,8,16,10,5,1,1,1,2,14,5,7,1,4,2,0,3,1,1,0,0,0,1,0,0,0,0,0,0,0,1,0,0,0,0,0,0,0,0,6,2,3,0,2,1,0,0,0,0,1,1,0,0,0,0,12,5,4,1,5,0,0,0,0,0,5,1
51 - Κυκλάδων,40 E.T. Δήμου Θήρας,454,282,6,3,9,273,60,6,35,6,6,13,12,145,11,70,80,15,7,11,7,3,3,0,1,3,21,6,12,2,7,2,1,11,1,3,2,2,0,4,2,0,1,2,0,2,1,0,0,0,0,0,0,0,0,0,5,2,0,1,0,2,0,0,0,0,1,0,0,0,0,0,10,1,5,0,4,3,0,0,1,1,6,3
51 - Κυκλάδων,41 E.T. Δήμου Θήρας,450,270,6,1,7,263,42,3,18,4,3,10,8,144,4,57,85,30,9,11,5,0,0,0,0,2,24,10,12,1,3,3,0,10,1,0,0,2,1,3,10,1,0,1,0,0,0,2,1,1,0,0,0,0,0,0,10,6,2,1,2,5,0,0,0,0,0,0,1,0,0,1,10,1,2,2,1,0,0,0,0,0,5,3
51 - Κυκλάδων,42 E.T. Δήμου Θήρας,500,310,4,3,7,303,62,5,50,15,3,14,11,158,9,70,118,12,3,16,11,5,0,1,1,7,21,12,15,1,0,0,0,9,1,1,1,1,1,6,6,1,1,2,1,0,0,1,0,0,0,0,0,0,0,0,11,6,6,1,1,3,1,1,1,1,1,1,1,1,0,1,14,5,1,3,3,2,0,1,1,0,4,3
51 - Κυκλάδων,43 E.T. Δήμου Θήρας,269,174,3,2,5,169,26,0,12,4,2,9,2,105,2,30,98,7,2,2,13,3,3,0,1,3,7,1,4,0,1,0,0,7,0,0,0,0,0,5,0,0,0,0,0,0,0,1,0,0,0,0,0,0,0,0,2,2,0,0,1,1,0,0,0,0,0,0,0,0,0,0,6,3,1,1,2,0,0,0,0,0,2,2
51 - Κυκλάδων,44 E.T. Δήμου Θήρας,366,233,5,1,6,227,33,6,14,9,4,8,4,154,1,47,138,9,2,11,7,0,1,0,1,4,8,1,3,3,2,2,1,3,1,1,0,1,0,2,4,0,3,4,0,0,0,0,0,0,0,0,0,0,0,0,11,6,3,1,4,1,0,0,0,0,0,0,0,0,0,0,4,1,1,0,0,2,0,0,0,0,1,0
51 - Κυκλάδων,45 E.T. Δήμου Θήρας,352,265,9,0,9,256,47,5,18,7,8,9,9,122,9,52,74,22,4,8,15,7,4,0,0,8,24,1,10,5,12,7,0,13,1,2,0,0,1,8,3,0,0,1,0,0,0,0,0,0,1,1,0,0,0,1,16,6,7,3,2,0,1,1,1,0,0,0,2,2,0,1,8,5,3,0,1,3,0,0,1,1,0,0
51 - Κυκλάδων,46 E.T. Δήμου Θήρας,373,205,3,2,5,200,48,16,23,3,6,12,11,94,7,54,67,14,3,9,5,2,1,1,2,1,16,5,3,3,1,1,0,6,0,3,0,0,0,6,6,3,0,0,3,0,0,0,0,0,1,0,0,0,0,0,7,4,0,2,2,2,1,0,0,0,1,1,1,1,0,0,6,2,1,0,2,2,1,0,2,1,6,3
51 - Κυκλάδων,47 E.T. Δήμου Θήρας,447,271,5,2,7,264,59,6,23,1,9,15,12,116,4,58,85,18,3,3,20,5,7,1,1,10,34,1,17,9,12,9,0,6,0,1,0,2,2,4,8,4,2,1,4,0,0,0,0,0,1,1,0,1,0,0,7,2,1,0,1,2,0,0,0,0,5,2,1,0,1,1,2,1,0,0,1,0,0,0,0,0,5,4
51 - Κυκλάδων,48 E.T. Δήμου Θήρας,413,246,2,5,7,239,64,7,29,9,4,22,20,113,6,53,87,19,4,10,9,5,3,1,0,4,22,3,12,1,11,6,0,6,1,0,0,0,0,5,1,0,0,0,0,1,1,1,1,0,0,0,0,0,0,0,3,2,0,0,0,2,0,0,0,0,1,1,5,5,0,0,7,4,3,2,2,2,1,0,1,1,4,3
51 - Κυκλάδων,49 E.T. Δήμου Θήρας,409,292,6,6,12,280,61,9,22,5,3,15,6,151,5,75,105,15,6,13,10,5,1,1,0,5,17,2,15,2,2,2,0,6,0,0,0,0,0,3,4,0,0,2,1,0,0,0,0,0,2,2,0,0,0,0,6,1,1,1,1,0,0,0,1,0,3,2,1,1,0,0,10,1,1,0,0,3,1,0,0,0,5,1
51 - Κυκλάδων,50 E.T. Δήμου Θήρας,413,247,4,5,9,238,49,8,27,8,4,12,16,124,4,58,99,15,3,10,9,4,4,2,3,2,18,3,15,2,3,2,0,8,1,1,1,1,0,5,6,2,2,4,1,0,0,2,2,1,0,0,0,0,0,0,6,3,1,0,2,2,0,0,0,0,3,0,5,5,1,0,6,0,0,0,1,1,1,1,0,0,1,0
51 - Κυκλάδων,51 E.T. Δήμου Θήρας,381,257,6,1,7,250,39,3,26,3,0,3,1,112,1,59,93,4,0,8,9,5,1,1,1,3,53,33,19,0,20,2,3,7,0,0,2,1,0,6,0,0,0,0,0,0,0,0,0,0,0,0,0,0,0,0,12,4,2,3,2,0,0,0,0,0,0,0,1,0,0,0,9,2,3,1,4,1,0,0,0,0,7,5
51 - Κυκλάδων,52 E.T. Δήμου Θήρας,300,174,4,3,7,167,31,3,23,4,1,8,3,75,6,44,49,9,2,16,0,0,0,0,0,0,35,29,4,2,9,3,0,6,3,1,0,1,1,4,0,0,0,0,0,0,0,0,0,0,1,0,1,0,0,1,12,6,2,0,3,1,0,0,0,0,0,0,0,0,0,0,4,2,3,1,0,1,1,0,1,0,2,1
51 - Κυκλάδων,53 E.T. Δήμου Θήρας,451,268,7,0,7,261,78,9,36,3,5,11,25,69,1,28,47,7,1,7,17,1,0,1,1,14,11,5,4,1,0,1,0,57,1,2,1,0,1,54,3,3,0,2,1,0,0,1,1,0,0,0,0,0,0,0,10,5,0,2,0,1,0,0,0,0,6,5,0,0,0,0,3,1,0,2,0,0,0,0,0,0,6,2
51 - Κυκλάδων,54 E.T. Δήμου Θήρας,553,317,2,2,4,313,66,2,32,8,1,20,23,118,3,40,82,13,2,14,21,1,0,1,1,16,21,6,17,2,5,3,0,59,2,2,1,0,1,56,1,0,0,0,0,0,0,1,1,0,2,0,0,0,0,0,4,3,1,1,1,0,0,0,0,0,0,0,0,0,0,0,11,1,1,0,3,1,0,0,0,0,8,5
51 - Κυκλάδων,55 E.T. Δήμου Θήρας,530,311,1,0,1,310,82,11,31,7,2,17,16,97,5,44,67,6,1,11,9,1,0,1,0,3,26,5,17,1,7,0,0,49,2,2,1,1,2,45,4,1,1,0,0,0,0,0,0,0,0,0,0,0,0,0,9,2,3,1,2,0,0,0,0,0,2,0,5,1,0,0,11,6,1,0,0,4,1,0,2,1,12,1
51 - Κυκλάδων,56 E.T. Δήμου Θήρας,371,174,2,1,3,171,35,3,17,5,1,6,4,58,3,26,42,4,2,6,8,2,3,0,3,3,32,9,26,4,1,3,0,10,1,0,0,2,0,4,3,2,0,2,0,0,0,0,0,0,0,0,0,0,0,0,3,0,0,0,1,0,0,0,1,0,1,0,2,1,0,0,8,5,3,2,1,4,0,0,0,0,6,2
51 - Κυκλάδων,57 E.T. Δήμου Θήρας,418,260,3,6,9,251,55,6,26,5,5,10,11,131,6,37,101,9,0,17,8,3,2,1,1,3,12,4,7,1,1,0,0,5,1,0,1,0,0,3,3,0,0,1,0,0,0,0,0,0,0,0,0,0,0,0,9,3,2,3,1,0,2,1,0,0,2,2,1,0,0,0,10,2,2,2,1,6,2,1,2,0,7,3
51 - Κυκλάδων,58 E.T. Δήμου Θήρας,514,312,6,0,6,306,37,4,22,6,1,6,9,187,4,68,146,17,6,36,11,5,1,2,4,5,28,4,20,2,7,1,0,10,0,3,2,1,1,6,1,1,1,0,0,0,0,0,0,0,0,0,0,0,0,0,11,3,2,2,2,2,0,0,0,0,3,1,0,0,0,0,11,6,3,1,2,2,0,0,1,0,5,3
51 - Κυκλάδων,59 E.T. Δήμου Θήρας,239,152,4,2,6,146,39,3,23,5,2,10,13,52,3,23,34,12,2,7,8,6,1,2,1,3,11,2,7,1,2,2,0,8,0,1,1,0,1,6,4,1,1,2,1,0,0,1,1,1,0,0,0,0,0,0,10,5,2,4,2,1,0,0,0,0,2,1,0,0,0,0,6,1,1,2,1,0,0,0,0,0,5,2
51 - Κυκλάδων,60 E.T. Δήμου Θήρας,337,202,3,1,4,198,45,7,24,6,4,5,8,119,11,49,70,20,1,32,9,1,1,2,1,5,5,0,2,0,2,0,0,3,1,0,0,0,0,3,2,1,0,1,0,0,0,2,0,1,0,0,0,0,0,0,2,1,0,0,0,0,1,0,1,0,0,0,2,0,0,0,5,1,1,0,0,0,0,0,0,0,2,1
51 - Κυκλάδων,61 E.T. Δήμου Θήρας,548,312,6,2,8,304,49,8,18,13,3,16,10,165,15,58,124,39,4,22,18,8,4,2,1,6,12,1,10,0,1,0,0,23,1,1,0,0,1,21,7,1,0,3,2,0,0,0,0,0,0,0,0,0,0,0,12,3,0,3,4,0,0,0,0,0,0,0,1,0,0,0,13,3,4,1,1,1,1,0,0,0,3,2
51 - Κυκλάδων,62 E.T. Δήμου Θήρας,542,365,2,4,6,359,73,5,31,13,3,8,16,181,9,84,130,24,2,32,20,4,3,5,2,7,35,7,22,2,9,6,1,15,0,1,0,0,0,12,2,0,0,0,0,1,0,0,0,0,1,0,0,0,1,1,9,5,2,0,4,1,0,0,1,0,2,2,2,1,0,0,12,4,3,2,4,0,0,0,0,0,5,3
51 - Κυκλάδων,63 E.T. Δήμου Θήρας,559,381,12,5,17,364,69,7,30,2,4,11,16,195,26,68,129,40,3,39,20,2,1,4,2,3,27,6,18,0,3,0,7,15,0,1,0,3,0,13,7,0,3,0,0,0,0,1,0,0,0,0,0,0,0,0,20,3,9,2,4,2,0,0,1,1,0,0,1,0,0,0,2,0,0,0,0,1,0,0,0,0,5,4
51 - Κυκλάδων,64 E.T. Δήμου Θήρας,480,319,5,4,9,310,79,4,35,8,6,16,15,136,6,62,86,35,2,23,18,9,1,1,0,2,19,3,15,1,0,0,1,23,1,2,0,1,0,21,6,0,2,3,2,0,0,0,0,0,0,0,0,0,0,0,11,4,3,0,1,0,0,0,1,0,5,2,0,0,0,0,3,1,2,0,1,2,0,0,0,0,7,4
51 - Κυκλάδων,65 E.T. Δήμου Θήρας,530,336,6,0,6,330,104,15,65,9,7,24,17,124,3,57,86,16,4,16,23,3,1,4,2,5,19,3,11,2,6,2,0,21,3,6,3,1,1,8,3,1,1,0,0,0,0,1,0,0,0,0,0,0,0,0,8,4,2,2,1,0,3,2,0,0,1,0,1,0,0,0,14,4,6,5,3,2,2,0,0,2,6,3
51 - Κυκλάδων,66 E.T. Δήμου Θήρας,541,356,2,4,6,350,72,11,36,8,9,14,11,178,12,88,103,32,7,26,23,8,5,0,2,4,18,5,8,1,7,0,0,16,1,3,0,5,1,9,3,1,1,2,1,1,0,0,0,0,0,0,0,0,0,0,13,5,2,0,2,1,0,0,0,0,0,0,2,1,0,2,13,2,4,0,2,1,0,0,0,0,10,7
51 - Κυκλάδων,67 E.T. Δήμου Θήρας,500,262,3,0,3,259,42,8,21,6,2,15,7,124,6,46,100,18,2,4,4,1,0,1,1,0,44,0,38,1,1,0,0,10,1,1,5,0,1,5,5,2,2,1,0,0,0,1,0,0,0,0,0,0,0,0,4,2,1,0,0,1,0,0,0,0,8,3,1,0,0,0,5,1,2,3,2,2,0,0,0,0,9,3
51 - Κυκλάδων,68 E.T. Δήμου Θήρας,594,276,5,3,8,268,48,6,16,5,6,13,17,128,17,62,74,23,4,14,7,2,2,2,1,1,44,1,40,8,2,0,0,14,3,4,3,2,1,6,2,0,1,1,1,0,0,1,1,1,0,0,0,0,0,0,3,2,1,1,0,2,1,1,0,0,2,2,1,1,0,0,13,4,2,0,4,3,1,1,1,1,1,1
51 - Κυκλάδων,69 E.T. Δήμου Θήρας,291,79,2,1,3,76,2,0,0,0,0,0,1,54,2,17,44,9,0,20,3,3,0,0,2,1,2,0,2,0,0,0,0,12,0,1,0,0,2,11,0,0,0,0,0,0,0,1,1,1,0,0,0,0,0,0,0,0,0,0,0,0,0,0,0,0,1,1,0,0,0,0,0,0,0,0,0,0,0,0,0,0,1,1
51 - Κυκλάδων,70 E.T. Δήμου Θήρας,317,110,2,1,3,107,7,0,3,0,0,5,1,78,2,40,65,14,1,25,3,1,0,1,0,3,3,0,3,0,0,0,0,12,0,0,0,1,0,12,1,0,1,1,0,0,0,0,0,0,0,0,0,0,0,0,1,0,1,0,0,0,0,0,0,0,0,0,0,0,0,0,2,0,1,0,1,0,0,0,0,0,0,0
51 - Κυκλάδων,71 E.T. Δήμου Ιητών,452,253,11,2,13,240,45,10,12,3,7,7,16,116,11,93,45,23,9,9,4,1,0,0,2,0,20,5,7,11,1,6,0,12,0,3,2,1,1,5,3,0,1,1,0,0,0,0,0,0,0,0,0,0,0,0,17,4,5,2,4,2,0,0,0,0,1,0,0,0,0,0,8,5,4,1,3,8,3,3,4,0,6,5
51 - Κυκλάδων,72 E.T. Δήμου Ιητών,509,245,6,2,8,237,63,16,16,15,8,10,9,98,5,67,27,20,6,14,0,0,0,0,0,0,22,4,10,10,2,5,0,9,2,1,1,1,0,7,2,0,0,0,0,2,1,1,0,0,0,0,0,0,0,0,9,3,2,2,4,3,0,0,0,0,0,0,1,0,0,1,18,7,5,0,2,5,2,2,2,0,7,4
51 - Κυκλάδων,73 E.T. Δήμου Ιητών,482,235,5,2,7,228,41,10,7,6,5,7,9,105,7,82,44,18,10,8,3,1,1,2,0,0,30,4,5,17,7,1,1,15,1,0,1,1,0,7,3,3,0,1,1,0,0,0,0,0,4,2,1,1,2,0,7,3,1,1,2,1,2,1,0,0,0,0,1,0,0,0,11,2,3,1,5,3,1,1,1,0,3,1
51 - Κυκλάδων,74 E.T. Δήμου Ιητών,470,196,2,3,5,191,37,12,8,12,9,8,10,77,8,55,34,14,4,8,10,4,4,3,0,4,19,8,11,13,4,1,1,8,2,1,2,1,0,4,4,3,0,2,2,0,0,2,2,0,0,0,0,0,0,0,3,1,2,2,1,0,0,0,0,0,1,0,2,2,1,1,15,6,4,3,3,7,3,2,2,5,6,4
51 - Κυκλάδων,75 E.T. Δήμου Ιητών,457,204,2,2,4,200,42,8,6,13,3,2,14,93,2,68,36,20,1,9,6,4,1,2,0,3,22,5,8,9,5,6,1,10,1,2,0,0,1,8,1,0,1,0,0,0,0,0,0,0,1,0,1,0,0,1,12,5,4,4,1,0,0,0,0,0,0,0,1,0,0,0,8,3,0,1,1,1,0,1,0,0,3,0
51 - Κυκλάδων,76 E.T. Δήμου Σικίνου,494,208,4,1,5,203,67,11,11,13,6,4,27,101,17,26,37,31,1,6,3,2,0,0,0,0,12,2,9,1,9,0,0,8,0,0,0,0,0,4,0,0,0,0,0,0,0,1,0,0,0,0,0,0,0,0,5,1,2,0,1,0,0,0,0,0,0,0,2,0,0,0,4,1,1,1,1,0,0,0,0,0,0,0
51 - Κυκλάδων,77 E.T. Δήμου Φολεγάνδρου,524,331,0,7,7,324,97,20,42,14,9,16,52,142,41,77,11,54,9,16,5,3,1,1,3,0,30,12,12,3,11,5,1,10,6,3,3,1,0,2,0,0,0,0,0,0,0,1,1,1,2,0,2,0,1,1,5,4,0,2,1,1,0,0,0,0,20,16,0,0,0,0,6,1,3,0,3,3,2,1,1,0,3,3
51 - Κυκλάδων,78 E.T. Δήμου Φολεγάνδρου,291,175,1,3,4,171,27,3,10,4,1,4,8,102,3,74,27,41,7,17,2,0,0,2,2,0,24,10,5,0,4,10,0,4,0,1,0,0,1,2,0,0,0,0,0,0,0,0,0,0,1,0,1,1,0,0,0,0,0,0,0,0,0,0,0,0,7,6,0,0,0,0,1,0,0,1,0,0,0,0,0,0,3,1
51 - Κυκλάδων,79 E.T. Δήμου Κέας,524,305,5,6,11,294,79,13,11,24,11,12,23,134,22,89,15,52,10,12,6,2,2,2,1,1,39,6,4,10,19,6,0,7,3,3,1,1,0,0,3,0,1,1,0,0,0,0,0,0,2,0,0,1,2,1,5,3,0,3,0,0,0,0,0,0,3,3,0,0,0,0,10,2,1,0,0,1,0,1,0,1,5,4
51 - Κυκλάδων,80 E.T. Δήμου Κέας,522,287,3,4,7,280,86,21,17,23,10,12,40,130,35,94,12,48,11,12,1,1,1,0,0,0,25,3,4,8,7,4,1,6,3,4,1,0,0,1,4,3,1,3,1,0,0,0,0,0,2,0,2,0,1,0,6,2,2,1,4,0,0,0,0,0,3,2,1,0,0,0,9,5,3,4,0,2,0,0,1,1,5,5
51 - Κυκλάδων,81 E.T. Δήμου Κέας,537,329,11,3,14,315,73,12,10,18,11,16,29,155,32,99,7,69,13,14,6,2,2,0,0,0,31,8,7,8,18,5,0,7,2,1,1,1,0,0,10,0,5,4,1,0,0,1,1,1,2,0,0,2,2,0,14,5,6,3,2,1,0,0,0,0,1,0,0,0,0,0,9,2,1,2,3,2,1,0,2,0,4,2
51 - Κυκλάδων,82 E.T. Δήμου Κέας,424,260,11,2,13,247,75,14,9,16,16,10,31,114,25,61,4,34,12,30,1,0,1,1,0,0,23,8,3,6,13,3,1,9,1,2,1,2,1,0,1,0,0,0,0,0,0,0,0,0,0,0,0,0,0,0,11,5,5,2,0,1,0,0,0,0,0,0,1,0,0,0,4,1,1,2,1,4,2,0,1,0,4,2
51 - Κυκλάδων,83 E.T. Δήμου Κέας,328,222,5,1,6,216,70,4,9,24,8,12,38,69,13,45,7,23,4,11,9,6,3,2,1,0,26,3,4,7,12,12,0,10,0,1,3,0,3,0,6,2,0,3,1,1,0,2,2,0,1,0,0,1,1,0,5,4,0,2,1,1,0,0,0,0,3,2,1,0,0,0,10,5,2,1,4,0,0,0,0,0,3,1
51 - Κυκλάδων,84 E.T. Δήμου Κύθνου,583,307,3,3,6,301,81,27,16,9,12,15,16,134,15,81,10,29,13,23,10,3,1,1,1,0,26,4,6,5,7,8,2,12,3,1,2,1,1,0,3,0,0,0,0,0,0,1,1,0,0,0,0,0,0,0,9,3,0,0,0,0,0,0,0,0,4,1,1,0,0,0,12,4,3,2,1,3,1,2,0,1,5,3
51 - Κυκλάδων,85 E.T. Δήμου Κύθνου,486,232,2,2,4,228,69,26,9,11,14,9,12,105,17,66,4,19,5,20,5,3,2,1,0,0,15,1,1,2,3,5,1,12,3,0,2,6,1,0,4,2,1,0,0,0,0,1,0,0,1,0,0,0,0,0,8,6,1,4,0,0,0,0,0,0,0,0,1,0,0,0,5,0,0,0,0,1,0,0,0,0,1,1
51 - Κυκλάδων,86 E.T. Δήμου Κύθνου,452,257,2,2,4,253,55,16,6,17,12,8,14,140,19,79,7,63,16,29,2,0,0,0,0,0,26,7,8,9,11,6,0,2,0,0,1,0,0,0,0,0,0,0,0,0,0,2,2,2,0,0,0,0,0,0,5,3,2,1,1,2,0,0,0,0,4,4,0,0,0,0,12,3,2,2,3,1,0,0,0,0,4,2
51 - Κυκλάδων,87 E.T. Δήμου Κύθνου,450,261,2,3,5,256,78,13,11,26,16,11,30,130,19,92,10,57,17,19,4,0,1,2,1,2,21,7,2,9,9,6,1,1,0,0,0,1,0,0,1,1,1,0,0,0,0,0,0,0,0,0,0,0,0,0,6,5,3,1,1,2,0,0,0,0,1,1,2,1,1,0,4,2,3,0,1,4,4,0,4,0,4,1
51 - Κυκλάδων,88 E.T. Δήμου Κύθνου,533,321,2,2,4,317,104,23,13,33,17,24,32,165,17,114,12,70,18,29,3,1,2,0,1,0,21,5,3,4,8,5,0,4,3,1,0,1,1,0,1,0,1,0,0,0,0,0,0,0,0,0,0,0,0,0,8,3,1,1,2,1,0,0,1,1,1,0,0,0,0,0,9,3,3,1,2,0,0,0,0,0,0,0
51 - Κυκλάδων,89 E.T. Δήμου Κιμώλου,387,187,6,3,9,178,52,12,2,8,8,14,34,65,14,45,18,27,5,8,4,1,4,1,0,1,14,2,2,4,6,3,0,3,0,0,1,0,1,0,8,3,2,2,0,0,0,2,1,0,1,1,1,0,0,0,13,11,4,4,3,1,0,0,0,0,0,0,1,1,0,1,8,3,3,2,4,2,1,0,0,0,5,3
51 - Κυκλάδων,90 E.T. Δήμου Κιμώλου,353,188,2,1,3,185,67,10,8,11,12,15,34,74,19,45,12,24,7,9,4,1,2,1,0,0,11,2,4,2,3,1,0,7,1,2,1,1,0,0,8,2,2,1,1,0,0,1,0,0,0,0,0,0,0,0,3,1,0,2,2,1,0,0,0,0,0,0,0,0,0,0,7,3,2,1,3,1,0,0,0,0,2,1
51 - Κυκλάδων,91 E.T. Δήμου Κιμώλου,360,195,3,0,3,192,77,21,16,19,12,26,33,77,11,57,10,40,5,7,5,5,2,0,3,0,6,1,3,1,3,0,1,3,0,1,1,1,1,0,7,3,3,3,3,1,0,1,1,1,0,0,0,0,0,0,5,3,0,3,0,1,0,0,0,0,0,0,0,0,0,0,7,2,3,0,4,0,0,0,0,0,3,2
51 - Κυκλάδων,92 E.T. Δήμου Κιμώλου,382,172,2,1,3,169,47,9,8,4,5,13,21,75,10,46,5,27,5,15,2,1,0,1,0,0,13,1,1,5,4,0,3,4,1,1,1,1,0,0,5,0,2,0,2,0,0,0,0,0,0,0,0,0,0,0,7,4,5,1,0,0,0,0,0,0,0,0,1,1,0,1,9,7,4,3,2,1,1,1,0,0,5,3
51 - Κυκλάδων,93 E.T. Δήμου Μήλου,455,275,7,2,9,266,54,8,12,5,5,10,31,136,31,89,11,39,10,20,4,0,1,1,0,0,14,4,4,3,3,2,0,16,9,5,6,4,0,0,7,0,3,3,0,0,0,0,0,0,1,0,0,0,0,1,11,4,5,1,1,3,0,0,0,0,2,1,1,1,1,0,14,3,2,2,2,2,0,0,1,0,4,2
51 - Κυκλάδων,94 E.T. Δήμου Μήλου,472,246,8,5,13,233,63,12,5,8,2,9,40,102,29,72,6,8,4,16,1,0,1,1,0,0,21,6,5,5,8,2,2,11,2,3,0,3,1,0,3,1,1,3,1,0,0,1,0,0,1,0,1,0,0,1,6,3,0,0,2,2,0,0,0,0,0,0,0,0,0,0,15,2,2,2,4,3,0,1,2,0,6,2
51 - Κυκλάδων,95 E.T. Δήμου Μήλου,469,274,1,2,3,271,80,15,4,18,10,9,55,120,24,74,13,39,15,15,6,1,3,1,1,2,18,2,3,6,4,2,2,10,5,2,0,2,1,2,7,2,1,1,2,1,0,2,1,2,0,0,0,0,0,0,4,3,0,2,1,2,1,0,0,0,0,0,1,0,0,0,12,4,5,1,2,2,0,0,1,0,7,5
51 - Κυκλάδων,96 E.T. Δήμου Μήλου,508,261,6,6,12,249,97,12,17,14,12,13,69,75,10,55,5,39,0,7,5,2,3,1,0,1,27,5,9,8,4,2,0,5,2,1,0,0,0,0,4,1,2,3,1,1,0,2,1,1,0,0,0,0,0,0,3,1,0,1,0,2,0,0,0,0,1,1,2,1,1,0,13,3,4,3,2,4,1,1,0,0,10,4
51 - Κυκλάδων,97 E.T. Δήμου Μήλου,574,302,15,5,20,282,109,14,11,11,2,7,66,78,13,40,4,16,8,11,8,4,0,1,1,1,20,3,3,1,11,3,5,22,4,7,3,7,3,0,2,1,0,1,0,1,1,1,0,0,1,1,1,0,0,0,13,6,4,1,5,1,1,0,1,0,0,0,1,1,0,0,15,2,2,3,7,0,0,0,0,0,9,2
51 - Κυκλάδων,98 E.T. Δήμου Μήλου,489,259,6,6,12,247,88,16,10,8,7,14,53,81,25,55,12,28,5,6,4,1,2,1,1,1,20,8,3,8,7,3,1,10,1,1,1,3,0,0,3,1,0,1,1,1,1,1,1,0,0,0,0,0,0,0,11,5,1,5,0,4,0,0,0,0,1,1,2,0,0,0,20,3,6,6,4,1,0,0,0,0,4,4
51 - Κυκλάδων,99 E.T. Δήμου Μήλου,460,231,1,4,5,226,73,11,4,6,5,7,34,76,23,48,6,19,1,13,6,1,0,1,1,1,19,2,3,3,11,4,0,9,1,3,0,3,3,0,6,3,2,3,1,1,0,0,0,0,0,0,0,0,0,0,7,4,1,0,0,2,0,0,0,0,1,0,1,0,0,0,22,3,4,3,5,2,2,0,1,1,3,1
51 - Κυκλάδων,100 E.T. Δήμου Μήλου,447,240,6,4,10,230,78,11,10,12,5,9,41,91,15,57,1,23,5,5,7,3,0,1,2,0,16,2,3,2,4,4,0,8,4,1,0,3,0,1,4,1,0,1,0,0,0,0,0,0,0,0,0,0,0,0,9,3,0,1,1,3,3,0,1,0,0,0,1,1,0,0,7,3,2,0,0,2,0,0,1,1,3,1
51 - Κυκλάδων,101 E.T. Δήμου Μήλου,359,218,6,7,13,205,66,8,8,12,6,7,39,78,24,53,4,23,2,3,9,1,1,2,1,0,9,0,0,5,2,2,0,17,3,4,1,4,1,0,2,0,0,0,0,0,0,0,0,0,0,0,0,0,0,0,9,3,1,1,0,2,0,0,0,0,0,0,0,0,0,0,13,5,2,1,2,1,0,0,0,0,1,0
51 - Κυκλάδων,102 E.T. Δήμου Μήλου,396,228,4,3,7,221,61,9,10,6,8,14,36,82,9,59,5,29,8,13,7,6,3,0,1,1,13,3,1,0,9,3,0,18,6,7,6,7,1,0,5,2,1,1,1,0,0,2,0,0,0,0,0,0,0,0,10,5,4,1,5,1,1,0,0,0,0,0,1,0,0,0,14,6,4,2,2,1,0,0,1,1,6,4
51 - Κυκλάδων,103 E.T. Δήμου Μήλου,431,200,2,0,2,198,68,8,4,14,9,7,48,75,12,53,4,34,3,9,4,3,2,1,1,0,11,2,5,1,3,1,0,6,1,1,0,0,0,0,7,1,2,1,1,1,0,1,1,1,0,0,0,0,0,0,4,2,1,0,1,1,0,0,2,1,2,2,2,1,0,1,10,5,3,1,1,2,1,1,1,1,3,1
51 - Κυκλάδων,104 E.T. Δήμου Μήλου,405,193,4,0,4,189,45,7,1,5,3,3,22,79,9,45,6,38,5,1,8,4,2,1,2,1,7,1,0,1,2,0,0,12,4,1,2,1,1,0,7,1,3,2,1,0,0,0,0,0,0,0,0,0,0,0,3,1,2,0,1,1,0,0,1,1,1,0,4,0,0,2,13,3,4,1,1,1,0,0,0,0,8,3
51 - Κυκλάδων,105 E.T. Δήμου Σερίφου,452,242,3,1,4,238,50,13,12,10,7,6,12,134,12,101,11,57,3,14,5,1,2,2,3,0,19,2,9,5,1,3,0,10,4,5,1,0,1,0,1,0,0,1,0,0,0,0,0,0,0,0,0,0,0,0,5,3,0,1,2,1,0,0,0,0,2,0,1,0,0,0,8,4,4,1,0,0,0,0,0,0,3,2
51 - Κυκλάδων,106 E.T. Δήμου Σερίφου,459,201,1,1,2,199,52,10,11,5,7,8,8,78,9,59,14,25,6,3,6,1,0,1,0,0,30,6,8,3,8,5,1,12,2,2,4,0,1,0,3,2,0,1,0,0,0,1,0,0,0,0,0,0,0,0,6,3,2,0,0,1,0,0,1,0,3,1,0,0,0,0,6,3,4,2,1,0,0,0,0,0,1,0
51 - Κυκλάδων,107 E.T. Δήμου Σερίφου,450,212,5,4,9,203,47,9,11,15,3,11,14,80,4,51,11,34,2,8,2,1,0,0,1,0,13,0,10,7,5,0,0,10,3,3,0,1,0,1,1,0,1,0,0,0,0,1,1,0,0,0,0,0,0,0,20,8,4,9,2,4,2,1,0,0,3,1,0,0,0,0,19,6,4,5,6,2,2,1,0,0,3,2
51 - Κυκλάδων,108 E.T. Δήμου Σερίφου,453,221,4,3,7,214,61,10,22,20,4,7,15,88,11,53,8,39,10,10,3,1,0,2,1,0,27,6,7,6,7,2,2,8,0,3,2,0,0,1,5,2,1,1,1,0,0,0,0,0,0,0,0,0,0,0,12,6,4,1,0,1,0,0,0,0,2,0,0,0,0,0,4,0,0,1,1,0,0,0,0,0,4,4
51 - Κυκλάδων,109 E.T. Δήμου Σερίφου,479,220,1,2,3,217,62,10,16,6,14,7,13,101,10,69,17,36,1,10,6,1,3,1,2,1,18,5,2,5,4,2,0,10,3,2,1,2,2,0,2,0,1,0,0,0,0,0,0,0,0,0,0,0,0,0,6,4,2,1,0,0,0,0,0,0,0,0,0,0,0,0,7,2,2,0,1,0,0,0,0,0,5,3
51 - Κυκλάδων,110 E.T. Δήμου Σίφνου,509,293,6,5,11,282,62,12,9,12,8,13,33,106,17,72,13,47,8,20,9,5,4,0,3,2,31,6,12,11,11,4,0,5,0,2,0,0,0,1,3,0,0,0,1,0,0,1,0,0,0,0,0,0,0,0,27,2,3,6,7,24,1,0,0,0,2,1,1,0,0,1,20,6,9,1,9,5,1,2,1,2,9,6
51 - Κυκλάδων,111 E.T. Δήμου Σίφνου,490,300,4,3,7,293,80,17,10,15,12,14,39,127,23,71,9,47,10,22,3,2,1,0,0,0,28,4,4,9,12,4,1,8,1,2,2,0,1,0,3,1,0,1,0,4,0,0,0,0,1,0,0,0,0,0,15,1,1,2,2,10,0,0,0,0,1,0,0,0,0,0,14,3,3,3,4,1,1,0,0,1,8,5
51 - Κυκλάδων,112 E.T. Δήμου Σίφνου,515,307,7,6,13,294,80,17,15,17,9,21,36,131,15,84,9,54,10,13,3,2,1,0,0,1,24,4,7,3,16,5,0,7,1,3,1,2,0,1,2,1,1,0,1,0,0,0,0,0,0,0,0,0,0,0,15,1,3,1,0,13,0,0,0,0,5,2,0,0,0,0,15,6,3,0,2,1,1,1,0,0,11,8
51 - Κυκλάδων,113 E.T. Δήμου Σίφνου,491,250,5,8,13,237,52,14,8,7,5,9,17,102,17,67,9,45,9,17,8,4,2,1,2,2,17,3,9,7,8,1,1,5,2,1,1,0,0,0,6,1,4,3,2,0,0,0,0,0,0,0,0,0,0,0,13,2,1,1,0,12,0,0,0,0,1,1,2,2,0,1,20,10,8,3,5,2,1,1,0,2,9,7
51 - Κυκλάδων,114 E.T. Δήμου Σίφνου,402,235,5,4,9,226,50,6,8,2,4,9,25,116,25,82,12,48,4,15,0,0,0,0,0,0,20,5,7,5,8,2,2,5,0,0,1,1,1,1,4,1,0,1,0,0,0,1,0,0,0,0,0,0,0,0,9,1,2,2,0,8,0,0,0,0,0,0,1,0,0,0,12,2,2,1,6,5,2,2,1,1,3,2
51 - Κυκλάδων,115 E.T. Δήμου Σίφνου,453,272,8,5,13,259,67,8,14,5,8,13,33,119,17,17,6,39,7,16,5,3,0,1,0,1,22,1,6,8,10,1,0,5,3,0,1,1,0,0,5,0,3,3,0,0,0,1,0,0,0,0,0,0,0,0,10,1,3,1,0,7,0,0,0,0,0,0,0,0,0,0,19,7,6,0,5,2,1,0,1,0,4,2
51 - Κυκλάδων,116 E.T. Δήμου Σίφνου,428,254,4,4,8,246,61,7,7,15,10,14,46,125,18,98,13,57,3,13,4,3,0,1,2,1,18,9,5,6,6,3,1,3,0,1,0,0,1,0,8,4,2,3,3,0,0,1,1,1,0,0,0,0,0,0,7,1,0,2,0,6,0,0,1,1,5,5,0,0,0,0,6,4,3,1,3,3,2,2,1,1,4,1
51 - Κυκλάδων,117 E.T. Δήμου Μυκόνου,560,396,6,7,13,383,108,75,4,14,13,8,37,213,17,85,4,163,9,33,13,4,3,3,4,1,16,1,0,7,2,5,2,7,2,3,2,0,0,0,0,0,0,0,0,0,0,2,1,0,0,0,0,0,0,0,5,1,1,4,1,1,0,0,0,0,1,0,0,0,0,0,13,5,5,8,2,2,1,1,0,0,3,3
51 - Κυκλάδων,118 E.T. Δήμου Μυκόνου,568,313,8,1,9,304,73,56,9,5,18,11,13,158,15,49,2,120,5,37,7,2,4,1,2,2,25,2,5,17,6,4,2,7,2,2,1,1,0,0,4,2,2,2,1,0,0,0,0,0,1,0,0,0,1,0,10,5,4,4,2,0,0,0,0,0,2,2,0,0,0,0,9,3,1,4,3,2,2,0,1,0,6,4
51 - Κυκλάδων,119 E.T. Δήμου Μυκόνου,570,361,9,4,13,348,49,34,3,5,3,7,14,219,10,102,8,176,8,54,15,4,4,5,3,3,19,3,2,12,4,0,1,9,1,2,1,1,0,1,4,1,0,2,2,0,0,2,1,0,4,1,1,0,3,0,5,1,0,1,1,1,0,0,0,0,0,0,0,0,0,0,15,5,1,6,5,0,0,0,0,0,7,2
51 - Κυκλάδων,120 E.T. Δήμου Μυκόνου,569,362,1,1,2,360,82,62,6,10,14,9,19,200,11,62,3,160,2,38,11,3,1,3,5,1,13,1,5,6,8,2,0,18,4,5,7,0,0,0,10,4,4,5,1,0,0,0,0,0,1,0,0,0,1,0,6,3,1,0,1,0,0,0,0,0,1,1,0,0,0,0,7,1,2,5,0,1,1,1,0,0,10,7
51 - Κυκλάδων,121 E.T. Δήμου Μυκόνου,568,350,6,4,10,340,78,52,8,10,14,9,22,196,7,73,5,154,9,25,12,3,7,2,2,4,11,0,1,5,3,3,1,9,3,3,1,0,3,0,5,2,0,1,0,0,0,0,0,0,1,0,0,0,1,1,9,3,4,4,2,0,0,0,0,0,1,1,0,0,0,0,10,5,2,5,3,0,0,0,0,0,8,3
51 - Κυκλάδων,122 E.T. Δήμου Μυκόνου,539,380,5,4,9,371,45,34,1,3,2,3,6,256,18,87,1,200,4,38,14,5,2,2,1,2,14,0,2,8,7,0,3,7,0,0,2,0,3,0,7,1,1,1,0,0,0,0,0,0,0,0,0,0,0,0,8,4,2,1,3,0,2,2,0,0,2,1,0,0,0,0,6,1,3,3,1,4,2,1,2,1,6,2
51 - Κυκλάδων,123 E.T. Δήμου Μυκόνου,520,343,3,4,7,336,71,46,11,9,8,10,14,191,5,62,3,148,5,26,20,2,2,4,2,4,13,1,4,2,9,0,0,6,2,0,0,1,0,0,4,1,0,2,1,1,0,0,0,0,0,0,0,0,0,0,6,0,1,1,0,1,0,0,0,0,0,0,1,1,0,1,11,2,3,7,0,3,1,0,1,0,9,5
51 - Κυκλάδων,124 E.T. Δήμου Μυκόνου,523,322,5,1,6,316,56,40,12,8,8,8,13,189,13,69,4,142,3,28,13,5,3,4,2,3,12,3,4,1,7,0,3,10,0,2,2,1,1,1,4,0,1,2,1,0,0,1,0,0,2,2,0,0,2,0,7,3,3,2,2,2,0,0,0,0,1,1,0,0,0,0,15,5,3,4,3,2,1,0,0,1,4,3
51 - Κυκλάδων,125 E.T. Δήμου Μυκόνου,546,324,3,4,7,317,62,41,12,7,10,5,16,200,11,75,2,170,5,20,7,4,1,2,0,2,4,2,1,1,1,0,1,9,4,2,1,0,2,1,4,2,1,1,1,0,0,0,0,0,2,0,0,0,1,0,3,1,1,0,2,0,1,0,0,0,3,2,1,0,0,0,13,3,2,5,4,1,0,1,0,0,7,3
51 - Κυκλάδων,126 E.T. Δήμου Μυκόνου,527,318,11,4,15,303,49,35,6,6,3,3,12,177,10,63,3,128,6,28,12,4,4,0,1,3,11,1,3,4,5,3,2,8,2,4,2,1,1,1,2,2,0,1,0,0,0,1,0,0,2,1,0,0,2,0,14,7,3,3,3,2,0,0,0,0,1,0,2,1,0,1,16,3,4,7,3,0,0,0,0,0,8,3
51 - Κυκλάδων,127 E.T. Δήμου Μυκόνου,522,363,6,3,9,354,64,41,10,4,8,10,15,205,18,83,4,138,6,39,11,5,1,1,3,1,18,2,4,12,7,4,1,9,4,4,1,1,1,0,7,0,3,3,1,0,0,2,0,0,3,0,0,0,3,0,6,2,2,5,1,1,0,0,0,0,1,0,1,1,0,1,18,4,4,6,1,3,0,0,0,0,6,5
51 - Κυκλάδων,128 E.T. Δήμου Μυκόνου,526,324,3,1,4,320,104,78,9,10,11,18,23,158,16,56,9,119,5,26,11,5,1,2,6,2,12,3,4,6,2,2,3,7,3,6,1,0,0,1,2,0,1,0,0,0,0,0,0,0,2,1,0,0,2,0,13,7,2,1,3,5,0,0,0,0,1,1,0,0,0,0,8,1,1,2,0,0,0,0,0,0,2,2
51 - Κυκλάδων,129 E.T. Δήμου Μυκόνου,537,319,2,4,6,313,89,46,13,6,9,10,17,133,8,60,3,94,5,18,14,7,1,5,5,2,13,2,5,4,4,1,0,16,2,5,2,1,1,0,4,1,3,2,2,0,0,2,1,1,0,0,0,0,0,0,9,2,3,3,2,0,2,1,0,0,1,1,0,0,0,0,22,9,7,8,4,3,1,0,0,1,5,4
51 - Κυκλάδων,130 E.T. Δήμου Μυκόνου,530,326,7,5,12,314,72,46,7,4,7,20,17,167,15,82,6,131,2,29,12,6,3,5,3,3,18,1,5,6,6,5,3,6,1,4,0,1,1,0,9,3,1,3,3,0,0,2,1,1,1,1,0,0,1,0,8,6,1,2,1,1,0,0,0,0,0,0,1,0,0,0,13,4,1,8,5,0,0,0,0,0,5,4
51 - Κυκλάδων,131 E.T. Δήμου Μυκόνου,542,278,3,2,5,273,83,57,11,3,13,14,22,142,12,65,4,88,7,26,10,6,2,1,4,3,4,0,1,1,2,1,0,10,5,4,3,1,1,2,6,2,2,3,1,0,0,0,0,0,0,0,0,0,0,0,2,2,0,0,0,1,0,0,0,0,0,0,2,0,1,1,8,3,1,3,0,1,0,1,0,0,5,4
51 - Κυκλάδων,132 E.T. Δήμου Μυκόνου,543,311,0,4,4,307,93,64,10,6,15,13,25,141,7,56,2,106,9,17,16,4,3,4,2,6,10,2,5,4,3,1,1,14,4,4,0,4,0,1,4,2,2,1,2,0,0,1,0,0,0,0,0,0,0,0,1,1,0,0,0,0,1,0,0,0,3,3,3,1,0,1,8,2,1,8,3,3,2,2,1,1,9,4
51 - Κυκλάδων,133 E.T. Δήμου Αμοργού,475,237,1,2,3,234,46,5,3,8,5,8,17,66,4,46,4,29,6,6,8,1,0,0,2,0,54,5,4,50,13,2,3,20,4,3,1,13,0,1,2,0,1,1,0,0,0,2,0,0,0,0,0,0,0,0,5,1,1,0,0,0,0,0,0,0,4,2,2,0,1,1,19,6,7,0,4,4,1,0,2,0,2,2
51 - Κυκλάδων,134 E.T. Δήμου Αμοργού,252,135,1,0,1,134,38,11,3,12,6,4,11,38,7,27,0,10,2,10,2,1,0,0,1,0,21,0,4,21,12,0,0,5,2,0,0,2,0,0,2,0,0,1,0,0,0,2,1,1,0,0,0,0,0,0,19,10,7,2,2,1,0,0,0,0,0,0,1,0,1,0,4,0,1,1,0,0,0,0,0,0,2,1
51 - Κυκλάδων,135 E.T. Δήμου Αμοργού,350,226,4,4,8,218,57,7,5,18,3,10,23,70,8,44,12,13,0,25,4,0,0,0,0,1,39,1,3,37,11,2,0,9,2,2,1,0,0,0,2,1,0,0,0,0,0,2,1,1,1,0,0,0,1,1,11,2,6,2,2,0,0,0,0,0,0,0,2,1,0,0,10,0,4,0,3,4,2,0,3,1,7,4
51 - Κυκλάδων,136 E.T. Δήμου Αμοργού,247,121,3,3,6,115,15,0,1,4,2,3,6,51,6,33,6,23,2,10,3,0,0,0,1,1,27,0,1,25,9,0,0,0,0,0,0,0,0,0,0,0,0,0,0,1,1,0,0,0,0,0,0,0,0,0,8,4,3,2,0,0,0,0,0,0,3,2,1,0,1,0,5,1,2,1,4,1,0,1,0,0,0,0
51 - Κυκλάδων,137 E.T. Δήμου Αμοργού,78,34,1,0,1,33,3,0,2,0,0,3,0,12,2,9,3,7,0,1,2,0,1,1,1,0,7,0,0,7,3,0,0,1,0,1,1,0,0,0,1,1,1,0,0,0,0,0,0,0,0,0,0,0,0,0,1,0,0,0,0,0,1,0,0,0,1,1,0,0,0,0,3,0,0,0,0,0,0,0,0,0,1,1
51 - Κυκλάδων,138 E.T. Δήμου Αμοργού,224,143,4,2,6,137,35,7,9,8,6,4,10,57,10,47,3,12,1,5,4,1,0,0,2,0,24,0,1,23,6,0,0,2,0,2,2,0,0,0,2,1,0,2,0,0,0,0,0,0,0,0,0,0,0,0,1,0,1,1,0,0,0,0,0,0,3,0,0,0,0,0,4,1,2,2,1,0,0,0,0,0,5,4
51 - Κυκλάδων,139 E.T. Δήμου Αμοργού,272,192,2,0,2,190,52,7,6,14,5,16,16,70,9,39,14,22,5,28,13,6,3,3,4,1,12,3,2,7,4,1,0,9,1,3,1,5,1,1,4,1,2,3,2,0,0,1,1,1,0,0,0,0,0,0,6,1,3,1,1,2,0,0,0,0,1,0,1,1,1,0,9,1,3,1,1,5,2,1,1,2,7,5
51 - Κυκλάδων,140 E.T. Δήμου Αμοργού,350,194,5,1,6,188,43,9,1,7,6,12,12,81,12,48,7,38,5,22,3,1,0,0,1,0,26,5,4,20,11,3,0,3,1,0,0,1,0,0,8,2,1,3,0,0,0,3,3,2,1,0,0,1,0,0,2,0,1,0,0,1,0,0,0,0,1,1,2,0,1,1,8,2,0,1,4,3,0,0,0,0,4,2
51 - Κυκλάδων,141 E.T. Δήμου Νάξου & Μικρών Κυκλάδων,208,132,2,2,4,128,33,6,5,13,9,4,12,63,0,57,8,15,2,28,2,0,1,0,0,1,17,1,0,8,6,1,0,2,0,2,0,1,1,0,4,1,1,3,0,0,0,0,0,0,0,0,0,0,0,0,1,0,1,0,1,0,0,0,0,0,1,0,1,0,0,0,2,0,1,1,0,0,0,0,0,0,2,2
51 - Κυκλάδων,142 E.T. Δήμου Νάξου & Μικρών Κυκλάδων,347,209,1,1,2,207,78,8,10,51,7,14,20,51,11,46,1,10,1,8,4,0,0,1,0,2,41,37,4,6,1,0,0,13,0,3,3,8,0,0,2,1,0,0,1,0,0,1,1,1,0,0,0,0,0,0,3,1,2,0,1,0,1,0,0,0,0,0,2,2,0,1,8,4,2,0,4,0,0,0,0,0,3,3
51 - Κυκλάδων,143 E.T. Δήμου Νάξου & Μικρών Κυκλάδων,270,151,0,1,1,150,63,4,7,39,2,7,12,56,10,47,1,7,1,9,1,0,0,0,0,0,10,10,0,0,1,0,1,3,0,1,1,1,0,1,0,0,0,0,0,0,0,0,0,0,0,0,0,0,0,0,4,1,3,2,0,0,0,0,0,0,2,0,2,0,0,1,8,3,2,1,4,0,0,0,0,0,1,1
51 - Κυκλάδων,144 E.T. Δήμου Νάξου & Μικρών Κυκλάδων,404,209,3,4,7,202,67,1,4,36,1,8,14,90,11,69,3,21,4,5,3,0,0,0,2,1,17,10,1,2,2,0,0,8,2,1,0,3,0,0,0,0,0,0,0,0,0,5,3,2,0,0,0,0,0,0,5,0,3,4,0,0,0,0,0,0,0,0,0,0,0,0,6,0,0,0,5,0,0,0,0,0,1,1
51 - Κυκλάδων,145 E.T. Δήμου Νάξου & Μικρών Κυκλάδων,473,273,2,1,3,270,109,14,13,52,4,12,20,84,11,55,2,30,4,11,2,2,0,0,0,0,18,13,0,3,1,0,0,13,1,6,0,10,3,1,0,0,0,0,0,0,0,0,0,0,0,0,0,0,0,0,11,1,8,4,5,1,0,0,0,0,0,0,1,0,0,0,23,2,2,0,19,1,1,0,1,0,8,7
51 - Κυκλάδων,146 E.T. Δήμου Νάξου & Μικρών Κυκλάδων,415,220,3,1,4,216,66,8,3,35,4,5,14,78,18,59,1,29,1,11,3,0,1,0,1,0,8,6,1,0,2,1,0,19,2,1,1,8,1,2,2,0,0,0,0,0,0,4,4,0,0,0,0,0,0,0,5,0,2,2,0,0,0,0,0,0,1,0,2,1,0,1,20,0,1,0,17,1,0,0,0,0,7,4
51 - Κυκλάδων,147 E.T. Δήμου Νάξου & Μικρών Κυκλάδων,463,226,4,1,5,221,56,3,2,26,3,10,15,79,7,67,2,28,5,11,0,0,0,0,0,0,14,12,0,2,2,2,0,14,0,3,0,8,2,0,1,0,0,0,0,6,0,0,0,0,0,0,0,0,0,0,12,0,4,7,0,0,0,0,0,0,1,0,1,0,0,1,27,1,1,0,24,1,0,1,0,0,9,6
51 - Κυκλάδων,148 E.T. Δήμου Νάξου & Μικρών Κυκλάδων,337,192,5,0,5,187,64,2,0,38,1,5,3,64,1,48,7,11,0,14,1,1,0,0,1,0,30,26,1,2,2,1,1,15,1,0,0,8,0,0,3,1,0,2,0,0,0,1,0,0,0,0,0,0,0,0,2,0,0,0,0,0,0,0,0,0,1,0,1,0,0,0,4,1,2,0,2,0,0,0,0,0,1,0
51 - Κυκλάδων,149 E.T. Δήμου Νάξου & Μικρών Κυκλάδων,394,220,0,1,1,219,59,3,0,36,2,13,12,96,5,82,4,14,0,25,5,4,1,1,1,0,41,36,1,4,1,0,0,8,0,0,0,5,0,0,2,0,1,1,0,0,0,3,0,1,0,0,0,0,0,0,0,0,0,0,0,0,1,0,0,0,1,1,0,0,0,0,1,0,0,0,0,0,0,0,0,0,2,1
51 - Κυκλάδων,150 E.T. Δήμου Νάξου & Μικρών Κυκλάδων,238,127,2,1,3,124,41,0,0,33,0,0,2,66,9,55,3,17,2,2,4,3,0,0,2,0,8,5,0,1,1,0,0,0,0,0,0,0,0,0,0,0,0,0,0,0,0,0,0,0,0,0,0,0,0,0,0,0,0,0,0,0,0,0,0,0,2,2,0,0,0,0,3,1,0,0,1,0,0,0,0,0,0,0
51 - Κυκλάδων,151 E.T. Δήμου Νάξου & Μικρών Κυκλάδων,228,121,0,0,0,121,50,7,6,36,1,7,8,60,15,51,1,27,0,8,1,0,0,0,0,0,5,3,1,5,0,0,0,3,1,1,0,2,0,0,0,0,0,0,0,0,0,1,1,1,0,0,0,0,0,0,0,0,0,0,0,0,0,0,0,0,0,0,0,0,0,0,0,0,0,0,0,0,0,0,0,0,1,1
51 - Κυκλάδων,152 E.T. Δήμου Νάξου & Μικρών Κυκλάδων,373,192,2,1,3,189,93,6,6,69,5,2,34,31,3,18,1,13,2,2,0,0,0,0,0,0,3,3,0,0,0,0,0,50,1,5,0,34,19,2,1,1,0,1,0,0,0,0,0,0,0,0,0,0,0,0,2,1,0,0,0,1,0,0,0,0,0,0,0,0,0,0,5,0,1,0,0,0,0,0,0,0,4,3
51 - Κυκλάδων,153 E.T. Δήμου Νάξου & Μικρών Κυκλάδων,422,199,1,1,2,197,100,4,5,66,5,3,29,35,5,29,1,11,0,7,1,1,0,0,0,0,16,13,2,2,4,1,1,34,3,3,2,21,10,0,2,0,2,0,0,0,0,0,0,0,0,0,0,0,0,0,3,1,3,0,0,0,1,0,0,0,0,0,1,0,0,0,3,2,1,0,0,0,0,0,0,0,1,1
51 - Κυκλάδων,154 E.T. Δήμου Νάξου & Μικρών Κυκλάδων,414,198,6,3,9,189,56,6,3,49,5,4,18,78,3,72,0,28,2,9,1,0,0,0,0,0,24,19,1,10,2,0,4,11,0,2,1,8,1,3,1,1,0,0,1,0,0,0,0,0,0,0,0,0,0,0,2,0,2,2,0,0,0,0,0,0,3,0,0,0,0,0,9,2,4,0,5,0,0,0,0,0,4,3
51 - Κυκλάδων,155 E.T. Δήμου Νάξου & Μικρών Κυκλάδων,406,167,1,2,3,164,32,2,1,23,1,4,6,66,10,58,1,8,1,17,9,4,1,1,1,1,28,19,3,2,5,5,1,9,0,3,4,6,1,1,0,0,0,0,0,0,0,1,1,0,0,0,0,0,0,0,13,3,8,3,1,0,0,0,0,0,2,2,0,0,0,0,0,0,0,0,0,0,0,0,0,0,4,2
51 - Κυκλάδων,156 E.T. Δήμου Νάξου & Μικρών Κυκλάδων,374,169,5,1,6,163,47,0,3,38,1,5,10,73,8,63,1,24,1,13,3,1,0,1,1,1,17,13,3,3,0,1,0,7,3,2,1,4,0,1,1,1,1,0,0,0,0,1,1,1,1,0,0,0,0,0,1,0,1,0,0,1,0,0,0,0,0,0,0,0,0,0,8,2,4,0,3,0,0,0,0,0,4,4
51 - Κυκλάδων,157 E.T. Δήμου Νάξου & Μικρών Κυκλάδων,256,115,0,1,1,114,38,2,3,27,1,5,7,35,3,22,1,18,0,19,1,1,0,0,1,0,12,12,2,0,0,1,0,17,2,3,0,16,6,0,0,0,0,0,0,0,0,0,0,0,0,0,0,0,0,0,5,1,4,0,1,0,0,0,0,0,0,0,1,0,0,0,3,2,1,0,1,0,0,0,0,0,2,1
51 - Κυκλάδων,158 E.T. Δήμου Νάξου & Μικρών Κυκλάδων,442,173,3,0,3,170,73,4,3,53,3,3,11,30,2,27,3,5,2,1,2,1,0,0,1,0,29,28,4,4,2,1,0,10,3,3,1,6,1,2,3,1,0,1,0,0,0,5,4,3,2,2,0,0,0,0,4,0,2,1,0,0,0,0,1,1,0,0,0,0,0,0,8,4,4,2,3,0,0,0,0,0,3,2
51 - Κυκλάδων,159 E.T. Δήμου Νάξου & Μικρών Κυκλάδων,313,120,2,2,4,116,40,4,2,31,2,2,2,32,6,25,8,10,0,3,2,0,0,0,0,0,6,6,0,2,0,0,3,25,1,4,2,17,2,0,3,1,2,0,1,0,0,0,0,0,0,0,0,0,0,0,4,1,1,0,0,0,1,0,0,0,0,0,0,0,0,0,3,0,0,0,1,0,0,0,0,0,0,0
51 - Κυκλάδων,160 E.T. Δήμου Νάξου & Μικρών Κυκλάδων,455,250,4,3,7,243,59,1,2,54,1,4,3,82,13,69,1,19,2,2,4,2,0,0,0,2,81,78,3,5,5,1,2,5,0,1,0,4,0,0,1,0,0,0,0,0,0,0,0,0,0,0,0,0,0,0,4,0,1,1,1,0,0,0,0,0,1,1,0,0,0,0,3,1,1,1,1,1,1,0,0,0,2,2
51 - Κυκλάδων,161 E.T. Δήμου Νάξου & Μικρών Κυκλάδων,484,231,3,1,4,227,59,6,2,48,3,10,8,103,27,103,3,10,1,7,1,1,0,0,1,0,39,37,4,5,1,0,1,9,0,1,2,6,0,0,4,0,3,1,0,0,0,0,0,0,1,0,0,1,0,1,0,0,0,0,0,0,0,0,0,0,1,1,1,0,0,0,4,0,0,1,1,0,0,0,0,0,5,2
51 - Κυκλάδων,162 E.T. Δήμου Νάξου & Μικρών Κυκλάδων,475,256,2,2,4,252,70,6,2,66,2,6,3,128,25,112,8,43,3,4,2,1,0,2,0,1,34,30,4,4,2,0,0,7,0,1,1,6,0,0,1,0,1,1,0,0,0,0,0,0,1,1,1,0,0,0,2,0,1,1,0,0,0,0,0,0,0,0,1,0,0,0,1,0,0,0,0,1,0,0,0,0,4,3
51 - Κυκλάδων,163 E.T. Δήμου Νάξου & Μικρών Κυκλάδων,466,277,2,1,3,274,64,4,0,58,0,3,4,120,21,108,2,35,1,17,5,3,1,2,1,1,67,64,1,1,1,2,0,9,0,1,2,7,0,0,1,0,1,0,0,0,0,0,0,0,0,0,0,0,0,0,0,0,0,0,0,0,0,0,0,0,0,0,1,1,0,0,5,2,0,0,1,1,0,0,0,0,1,1
51 - Κυκλάδων,164 E.T. Δήμου Νάξου & Μικρών Κυκλάδων,357,176,0,2,2,174,56,2,1,47,1,6,1,67,13,58,2,14,2,6,5,3,0,0,2,1,29,26,3,1,0,1,2,9,0,2,1,8,1,0,0,0,0,0,0,0,0,0,0,0,0,0,0,0,0,0,4,0,2,2,0,0,0,0,0,0,0,0,0,0,0,0,3,0,1,0,1,0,0,0,0,0,1,0
51 - Κυκλάδων,165 E.T. Δήμου Νάξου & Μικρών Κυκλάδων,385,224,3,0,3,221,55,0,2,44,1,2,3,105,14,92,9,19,1,4,0,0,0,0,0,0,19,18,2,3,4,0,0,27,1,3,0,21,2,2,3,1,0,0,0,0,0,1,1,1,0,0,0,0,0,0,4,0,3,3,0,0,0,0,0,0,0,0,0,0,0,0,3,0,1,0,3,1,0,0,0,0,3,3
51 - Κυκλάδων,166 E.T. Δήμου Νάξου & Μικρών Κυκλάδων,168,103,3,0,3,100,30,7,1,15,4,6,9,39,2,31,3,21,4,5,1,1,0,0,1,0,15,6,2,4,7,0,3,0,0,0,0,0,0,0,0,0,0,0,0,0,0,0,0,0,0,0,0,0,0,0,0,0,0,0,0,0,0,0,0,0,0,0,0,0,0,0,13,4,6,2,5,1,1,0,0,0,1,1
51 - Κυκλάδων,167 E.T. Δήμου Νάξου & Μικρών Κυκλάδων,343,217,1,1,2,215,42,7,10,28,3,5,3,140,12,97,25,73,2,22,0,0,0,0,0,0,22,5,1,17,7,1,0,2,0,1,0,1,0,0,0,0,0,0,0,0,0,0,0,0,0,0,0,0,0,0,2,0,0,0,0,0,0,0,0,0,0,0,1,0,0,0,5,3,4,0,1,0,0,0,0,0,1,0
51 - Κυκλάδων,168 E.T. Δήμου Νάξου & Μικρών Κυκλάδων,528,326,8,1,9,317,81,4,1,48,7,10,21,155,28,119,1,33,8,22,5,0,0,1,1,0,41,34,3,1,5,0,0,6,1,2,1,4,0,2,5,2,0,1,3,0,0,1,1,1,0,0,0,0,0,0,6,1,0,1,1,1,0,0,0,0,0,0,0,0,0,0,9,2,3,1,3,1,1,1,0,0,7,6
51 - Κυκλάδων,169 E.T. Δήμου Νάξου & Μικρών Κυκλάδων,536,343,2,3,5,338,98,6,6,61,7,13,18,138,19,110,2,39,6,11,7,1,0,0,2,0,33,32,1,16,4,0,0,8,1,3,2,4,0,1,5,2,3,1,2,0,0,1,0,0,1,1,0,0,0,0,7,3,4,2,0,0,3,0,0,0,0,0,0,0,0,0,20,2,5,2,7,2,2,1,0,0,15,10
51 - Κυκλάδων,170 E.T. Δήμου Νάξου & Μικρών Κυκλάδων,527,294,2,0,2,292,99,15,3,59,6,13,30,120,8,100,3,20,8,12,10,3,2,1,2,2,28,10,2,3,3,5,0,5,0,0,2,4,0,0,1,0,0,0,1,1,0,0,0,0,0,0,0,0,0,0,3,1,2,0,0,0,0,0,0,0,2,0,1,1,0,0,19,2,6,1,2,1,0,1,1,0,2,1
51 - Κυκλάδων,171 E.T. Δήμου Νάξου & Μικρών Κυκλάδων,520,362,1,1,2,360,98,11,7,62,4,7,18,159,23,122,3,41,2,32,14,9,2,0,2,0,49,41,7,10,1,3,3,8,1,2,1,2,0,0,2,0,2,0,0,0,0,2,1,0,1,1,0,0,0,1,12,3,6,1,2,1,0,0,0,0,1,0,1,0,0,1,9,2,2,0,2,1,0,0,1,0,3,3
51 - Κυκλάδων,172 E.T. Δήμου Νάξου & Μικρών Κυκλάδων,543,356,5,3,8,348,99,13,9,56,11,15,17,139,12,110,8,36,6,28,6,2,1,1,1,0,50,41,7,16,7,0,1,20,2,3,2,11,3,0,1,0,0,0,0,1,1,2,0,0,0,0,0,0,0,0,6,4,3,1,0,0,1,0,0,0,1,1,2,0,0,0,15,6,5,2,4,0,0,0,0,0,5,2
51 - Κυκλάδων,173 E.T. Δήμου Νάξου & Μικρών Κυκλάδων,532,334,1,3,4,330,99,10,3,71,9,9,28,143,24,133,4,29,5,13,12,4,2,3,2,3,35,32,1,5,5,1,0,12,6,0,1,11,0,0,3,0,1,0,0,0,0,0,0,0,0,0,0,0,0,0,8,3,4,2,1,1,0,0,0,0,0,0,1,0,1,0,8,4,3,2,4,4,3,0,0,1,5,3
51 - Κυκλάδων,174 E.T. Δήμου Νάξου & Μικρών Κυκλάδων,521,305,5,2,7,298,79,5,5,52,5,9,25,126,14,99,4,31,2,22,13,4,1,2,1,2,38,29,1,5,8,3,0,9,0,2,1,6,0,0,2,0,1,0,1,0,0,3,2,1,0,0,0,0,0,0,8,2,5,1,1,2,0,0,0,0,1,0,2,2,0,0,12,6,6,0,3,2,1,0,2,1,3,0
51 - Κυκλάδων,175 E.T. Δήμου Νάξου & Μικρών Κυκλάδων,520,356,10,1,11,345,81,14,7,49,7,13,12,150,20,128,2,39,4,20,15,3,1,2,2,2,24,14,4,4,1,1,0,23,3,2,5,10,2,0,8,2,5,1,2,0,0,1,0,0,0,0,0,0,0,0,9,4,3,2,2,4,0,0,1,1,0,0,0,0,0,0,13,2,6,5,3,3,3,3,0,0,17,11
51 - Κυκλάδων,176 E.T. Δήμου Νάξου & Μικρών Κυκλάδων,520,302,6,4,10,292,97,4,13,62,4,12,33,105,13,85,3,26,2,13,11,5,5,1,1,2,29,23,4,7,5,0,1,13,3,3,3,7,0,0,2,0,0,0,0,0,0,1,1,1,2,0,2,0,0,1,3,1,2,0,0,0,1,0,0,0,1,0,0,0,0,0,11,0,6,0,5,5,2,1,0,2,11,4
51 - Κυκλάδων,177 E.T. Δήμου Νάξου & Μικρών Κυκλάδων,567,390,6,1,7,383,106,11,7,67,2,14,30,159,29,112,2,46,4,23,12,3,1,1,0,0,40,32,3,6,6,0,0,19,2,6,0,12,0,0,4,2,0,0,2,0,0,1,0,1,2,2,0,0,1,0,11,2,8,1,4,2,1,0,0,0,3,1,2,1,0,0,11,2,3,3,5,0,0,0,0,0,12,9
51 - Κυκλάδων,178 E.T. Δήμου Νάξου & Μικρών Κυκλάδων,529,332,3,4,7,325,96,10,4,60,3,16,20,116,19,24,4,28,5,22,7,3,1,1,3,1,38,28,6,5,5,1,1,23,3,5,7,18,2,0,6,3,1,2,0,0,0,1,1,1,2,1,1,0,0,2,13,4,4,0,1,1,0,0,0,0,1,1,1,1,0,0,12,3,2,3,2,3,1,0,1,0,6,2
51 - Κυκλάδων,179 E.T. Δήμου Νάξου & Μικρών Κυκλάδων,574,401,2,3,5,396,102,9,9,84,3,11,23,143,16,131,1,24,1,9,15,5,7,3,5,1,72,61,8,9,9,2,1,33,2,4,0,23,1,2,3,1,0,0,1,0,0,0,0,0,0,0,0,0,0,0,14,3,9,1,0,0,0,0,0,0,0,0,0,0,0,0,8,4,2,2,2,0,0,0,0,0,6,2
51 - Κυκλάδων,180 E.T. Δήμου Νάξου & Μικρών Κυκλάδων,491,336,0,7,7,329,88,6,6,62,6,12,22,132,17,118,3,26,5,10,11,5,0,0,4,1,47,37,5,4,7,1,0,16,2,5,0,12,1,1,1,0,0,0,0,0,0,0,0,0,0,0,0,0,0,0,12,5,5,4,2,1,2,0,0,0,2,1,0,0,0,0,9,3,1,2,1,0,0,0,0,0,9,6
51 - Κυκλάδων,181 E.T. Δήμου Νάξου & Μικρών Κυκλάδων,357,248,1,4,5,243,69,3,1,34,2,11,10,109,25,89,0,19,1,9,6,2,2,0,2,1,32,29,1,18,2,0,0,10,0,2,1,7,0,0,2,2,1,0,0,0,0,0,0,0,0,0,0,0,0,0,8,3,0,0,0,2,0,0,0,0,0,0,0,0,0,0,5,1,3,1,1,0,0,0,0,0,2,0
51 - Κυκλάδων,182 E.T. Δήμου Νάξου & Μικρών Κυκλάδων,345,258,2,0,2,256,36,5,5,23,2,10,9,152,34,135,4,31,4,10,3,0,1,1,0,0,45,40,2,13,2,3,0,8,0,3,0,7,0,0,2,0,0,0,0,0,0,0,0,0,1,0,0,0,0,0,3,0,2,0,0,0,0,0,0,0,0,0,0,0,0,0,3,1,1,0,0,1,0,0,0,0,2,2
51 - Κυκλάδων,183 E.T. Δήμου Νάξου & Μικρών Κυκλάδων,326,215,1,2,3,212,40,1,2,28,1,1,4,105,20,77,2,39,1,16,6,3,2,1,3,0,33,28,3,10,1,0,0,5,0,0,0,0,0,0,2,1,1,1,1,0,0,1,0,0,1,0,0,0,0,0,9,0,3,1,0,0,1,0,1,0,0,0,0,0,0,0,8,2,0,0,3,0,0,0,0,0,0,0
51 - Κυκλάδων,184 E.T. Δήμου Νάξου & Μικρών Κυκλάδων,248,167,1,2,3,164,42,5,0,24,4,7,5,76,44,68,0,23,4,4,2,0,1,1,0,0,15,8,0,8,4,0,0,5,1,3,0,5,0,0,4,0,1,0,1,0,0,0,0,0,0,0,0,0,0,0,6,4,4,3,0,1,2,0,0,0,0,0,0,0,0,0,8,2,2,0,6,3,2,3,0,0,1,1
51 - Κυκλάδων,185 E.T. Δήμου Νάξου & Μικρών Κυκλάδων,366,259,3,2,5,254,52,10,4,25,4,1,13,124,31,103,4,36,3,31,6,1,1,0,0,1,60,52,3,43,1,2,0,3,1,0,1,0,0,0,0,0,0,0,0,0,0,0,0,0,1,0,0,0,0,0,1,1,0,0,0,0,1,0,0,0,0,0,0,0,0,0,5,1,1,0,1,1,0,0,0,0,0,0
51 - Κυκλάδων,186 E.T. Δήμου Νάξου & Μικρών Κυκλάδων,273,206,5,4,9,197,47,3,2,27,5,5,13,90,17,70,2,34,1,13,5,1,0,0,1,1,34,29,3,21,0,0,0,3,0,0,1,1,0,0,2,0,0,2,0,0,0,1,0,0,0,0,0,0,0,0,3,1,0,2,0,0,0,0,0,0,2,0,2,2,0,0,6,3,4,0,2,0,0,0,0,0,2,1
51 - Κυκλάδων,187 E.T. Δήμου Νάξου & Μικρών Κυκλάδων,278,158,1,2,3,155,52,5,5,21,2,3,4,65,7,51,2,29,3,3,5,1,1,1,1,1,14,11,0,3,0,0,0,6,0,1,1,3,0,0,4,1,1,1,1,0,0,0,0,0,1,1,0,1,0,0,0,0,0,0,0,0,0,0,0,0,0,0,0,0,0,0,5,0,0,0,0,0,0,0,0,0,3,1
51 - Κυκλάδων,188 E.T. Δήμου Νάξου & Μικρών Κυκλάδων,497,327,2,3,5,322,117,10,10,69,3,10,18,111,3,75,3,59,1,27,5,4,1,0,2,1,53,48,3,6,7,3,1,14,2,3,1,8,0,0,5,1,3,0,2,0,0,1,0,1,4,4,0,0,0,0,5,2,3,0,0,0,0,0,0,0,1,1,0,0,0,0,5,0,2,0,2,0,0,0,0,0,1,1
51 - Κυκλάδων,189 E.T. Δήμου Νάξου & Μικρών Κυκλάδων,342,221,0,1,1,220,58,10,2,29,2,6,8,102,3,68,7,54,0,6,6,1,0,2,1,1,32,26,1,1,1,1,0,13,2,1,0,9,0,0,1,1,0,1,0,0,0,0,0,0,0,0,0,0,0,0,1,0,1,0,0,0,1,0,1,1,0,0,1,0,0,0,2,0,0,0,1,0,0,0,0,0,2,2
51 - Κυκλάδων,190 E.T. Δήμου Νάξου & Μικρών Κυκλάδων,396,233,2,0,2,231,48,6,4,29,3,5,9,112,6,90,6,47,2,6,7,2,2,1,0,3,38,37,0,0,2,0,0,8,1,0,0,2,0,0,0,0,0,0,0,0,0,0,0,0,0,0,0,0,0,0,6,3,3,2,0,0,0,0,0,0,0,0,0,0,0,0,7,1,3,0,1,2,0,1,0,1,3,3
51 - Κυκλάδων,191 E.T. Δήμου Νάξου & Μικρών Κυκλάδων,330,210,2,2,4,206,70,3,3,45,1,10,9,73,6,60,3,17,2,3,4,0,1,1,0,0,31,23,4,1,13,2,0,5,0,1,0,2,0,0,1,0,0,0,1,0,0,1,1,1,0,0,0,0,0,0,7,0,3,3,1,1,2,1,0,0,1,0,0,0,0,0,6,0,1,0,1,1,0,0,0,0,4,2
51 - Κυκλάδων,192 E.T. Δήμου Νάξου & Μικρών Κυκλάδων,259,174,2,0,2,172,54,4,5,39,2,2,5,45,9,33,3,9,1,3,5,3,1,0,1,1,25,24,4,1,2,0,2,16,1,0,0,12,1,1,0,0,0,0,0,0,0,0,0,0,3,3,2,1,0,0,11,4,3,2,1,0,0,0,0,0,2,2,1,0,0,0,3,1,1,1,1,1,0,0,0,0,6,0
51 - Κυκλάδων,193 E.T. Δήμου Νάξου & Μικρών Κυκλάδων,346,202,3,1,4,198,66,0,4,45,0,4,17,62,16,42,2,13,2,8,1,0,0,0,0,0,31,27,6,3,1,0,0,10,0,1,1,10,0,0,1,0,1,0,1,0,0,0,0,0,0,0,0,0,0,0,12,3,4,3,1,0,1,1,0,0,0,0,0,0,0,0,7,2,3,1,1,0,0,0,0,0,7,4
51 - Κυκλάδων,194 E.T. Δήμου Νάξου & Μικρών Κυκλάδων,291,137,2,2,4,133,45,9,9,15,8,8,6,55,6,43,15,14,0,4,1,1,0,0,0,1,19,3,0,8,14,1,1,2,1,0,0,1,0,0,0,0,0,0,0,0,0,2,1,2,0,0,0,0,0,0,1,0,0,0,0,0,0,0,0,0,0,0,0,0,0,0,4,0,1,0,4,3,2,1,0,0,1,1
51 - Κυκλάδων,195 E.T. Δήμου Αντιπάρου,420,277,2,4,6,271,102,21,22,16,13,22,32,97,16,71,4,26,4,20,4,1,0,0,0,0,26,4,2,7,10,6,1,10,2,1,2,1,0,1,3,3,0,1,1,0,0,4,4,3,0,0,0,0,0,0,11,5,4,2,1,1,0,0,1,1,1,1,0,0,0,0,6,2,0,1,2,4,0,0,0,2,2,2
51 - Κυκλάδων,196 E.T. Δήμου Αντιπάρου,401,263,4,2,6,257,61,17,18,13,7,13,23,141,29,95,5,33,11,33,7,1,1,2,1,1,21,1,2,9,8,17,0,3,0,0,0,1,1,0,3,0,0,1,0,0,0,1,1,0,1,0,0,0,0,0,6,1,3,2,2,1,0,0,0,0,1,1,2,0,0,0,6,0,1,0,1,2,0,1,0,1,2,1
51 - Κυκλάδων,197 E.T. Δήμου Αντιπάρου,400,283,1,0,1,282,79,23,22,10,12,22,24,129,27,93,2,32,9,42,8,1,6,2,3,0,24,3,1,2,9,18,0,13,3,5,1,2,1,0,2,0,0,0,0,0,0,1,0,0,0,0,0,0,0,0,11,4,6,1,2,3,1,0,1,0,2,1,0,0,0,0,9,2,4,3,3,0,0,0,0,0,2,2
51 - Κυκλάδων,198 E.T. Δήμου Πάρου,518,283,6,7,13,270,61,21,10,12,8,9,22,109,26,60,8,48,5,35,18,8,8,1,4,9,13,1,2,1,5,2,0,12,2,7,0,0,4,1,5,1,3,1,5,0,0,3,1,2,0,0,0,0,0,0,19,9,9,2,5,2,2,2,0,0,6,4,1,1,0,1,15,2,8,1,2,0,0,0,0,0,6,2
51 - Κυκλάδων,199 E.T. Δήμου Πάρου,538,310,6,8,14,296,72,16,10,6,11,11,29,144,38,85,13,40,2,26,9,3,2,2,1,2,14,4,2,1,6,3,0,5,1,3,1,1,1,1,5,3,1,1,2,0,0,0,0,0,1,1,0,1,0,0,19,10,7,5,5,4,0,0,0,0,2,1,0,0,0,0,21,2,13,3,3,0,0,0,0,0,4,2
51 - Κυκλάδων,200 E.T. Δήμου Πάρου,487,268,2,2,4,264,76,15,13,26,10,6,35,117,23,76,5,35,4,28,15,8,5,6,0,5,23,5,3,2,13,8,1,4,2,1,1,0,2,0,3,1,2,0,1,0,0,0,0,0,0,0,0,0,0,0,4,3,1,0,1,2,0,0,0,0,0,0,5,1,1,0,13,3,4,3,6,2,2,0,1,0,2,0
51 - Κυκλάδων,201 E.T. Δήμου Πάρου,550,335,3,5,8,327,87,18,10,31,9,15,35,141,26,94,5,44,3,27,14,6,2,3,3,2,33,3,4,3,18,19,0,5,1,1,0,0,1,0,5,1,2,1,1,0,0,0,0,0,0,0,0,0,0,0,11,1,3,1,0,3,0,0,0,0,2,1,1,0,0,0,16,5,8,0,6,3,0,0,0,0,9,6
51 - Κυκλάδων,202 E.T. Δήμου Πάρου,403,253,7,6,13,240,63,13,6,2,5,6,19,99,18,72,3,12,6,26,8,4,1,2,5,2,23,1,1,1,9,12,0,15,2,9,1,1,5,0,0,0,0,0,0,0,0,3,1,0,0,0,0,0,0,0,9,3,1,0,2,0,0,0,0,0,0,0,1,0,0,0,14,3,7,1,3,3,0,0,0,0,2,1
51 - Κυκλάδων,203 E.T. Δήμου Πάρου,452,250,10,10,20,230,45,9,7,8,5,5,12,88,15,56,7,31,2,20,12,5,5,1,3,1,24,4,0,1,17,8,0,11,2,1,1,0,4,2,3,0,1,0,0,1,1,1,0,0,1,1,1,0,0,0,13,4,1,3,3,1,0,0,0,0,3,1,1,0,0,0,17,5,11,2,5,4,1,1,1,0,6,2
51 - Κυκλάδων,204 E.T. Δήμου Πάρου,535,270,4,6,10,260,58,12,3,9,5,11,19,112,22,71,6,29,3,15,12,5,3,0,1,5,30,0,3,3,25,2,0,13,0,4,2,1,8,2,3,2,0,0,2,0,0,0,0,0,0,0,0,0,0,0,9,3,0,1,2,1,0,0,0,0,3,0,1,0,0,0,14,2,7,0,5,0,0,0,0,0,5,1
51 - Κυκλάδων,205 E.T. Δήμου Πάρου,362,245,9,3,12,233,46,6,6,8,5,1,14,104,31,55,6,32,10,24,6,3,1,2,0,2,12,1,6,2,7,3,0,16,3,2,2,0,3,1,3,2,1,1,2,0,0,2,0,0,1,0,1,0,0,1,3,1,2,1,1,1,0,0,0,0,1,0,2,0,2,1,19,1,7,0,14,3,1,1,1,0,15,13
51 - Κυκλάδων,206 E.T. Δήμου Πάρου,368,221,1,3,4,217,36,10,2,11,1,1,14,110,31,67,4,31,5,24,9,4,0,1,1,0,9,3,0,1,9,0,0,4,0,0,0,0,1,0,7,1,3,2,1,1,1,1,1,0,0,0,0,0,0,0,10,2,2,1,0,1,0,0,0,0,5,2,0,0,0,0,13,1,4,0,7,4,0,0,3,3,8,4
51 - Κυκλάδων,207 E.T. Δήμου Πάρου,435,270,5,1,6,264,57,8,7,16,4,9,21,131,30,63,16,36,13,19,2,2,0,1,1,0,25,2,2,2,17,2,0,11,1,4,1,0,4,0,4,2,2,1,1,0,0,0,0,0,0,0,0,0,0,0,6,2,0,1,2,0,1,0,0,0,0,0,0,0,0,0,20,2,2,0,14,0,0,0,0,0,7,2
51 - Κυκλάδων,208 E.T. Δήμου Πάρου,549,326,3,5,8,318,94,25,16,21,13,19,23,127,27,97,9,37,9,25,3,1,1,1,0,1,26,9,4,6,14,4,1,21,6,3,4,3,6,4,9,2,2,4,1,0,0,3,2,3,0,0,0,0,0,0,4,3,1,0,1,0,1,1,0,0,1,1,1,1,0,0,16,6,6,2,6,5,1,0,2,2,7,2
51 - Κυκλάδων,209 E.T. Δήμου Πάρου,498,275,2,4,6,269,82,25,10,25,12,11,34,117,20,70,8,42,13,24,7,3,3,1,2,1,19,7,4,5,10,3,1,7,1,5,1,0,1,1,7,5,3,4,0,0,0,2,1,0,0,0,0,0,0,0,7,6,2,2,1,1,1,1,0,0,2,0,1,1,0,1,10,3,2,3,0,3,1,0,1,2,4,1
51 - Κυκλάδων,210 E.T. Δήμου Πάρου,476,298,2,5,7,291,103,21,36,17,19,17,37,100,21,55,4,32,10,18,9,4,2,2,3,0,18,6,5,5,7,6,0,9,1,3,0,0,5,0,4,2,1,0,0,0,0,4,2,1,0,0,0,0,0,0,12,3,4,2,4,1,0,0,0,0,0,0,3,2,0,0,24,9,6,5,4,1,1,1,0,0,4,3
51 - Κυκλάδων,211 E.T. Δήμου Πάρου,475,255,8,3,11,244,80,20,13,25,12,19,26,98,25,74,4,31,5,22,8,4,0,0,3,3,16,3,8,7,4,5,1,6,0,2,1,0,2,0,2,0,0,0,0,0,0,3,3,1,1,0,1,1,0,0,6,2,1,1,0,2,0,0,0,0,1,1,1,0,0,0,11,3,6,2,3,4,2,3,1,1,7,3
51 - Κυκλάδων,212 E.T. Δήμου Πάρου,474,264,1,4,5,259,63,15,14,13,11,10,31,126,33,89,8,21,8,21,5,1,0,0,2,1,24,4,5,6,15,8,0,8,2,3,1,1,4,0,4,0,3,3,0,1,0,0,0,0,1,0,0,0,0,0,5,1,2,2,0,1,0,0,0,0,0,0,1,1,0,0,16,3,5,2,4,1,0,0,0,0,4,1
51 - Κυκλάδων,213 E.T. Δήμου Πάρου,470,272,7,3,10,262,68,22,8,19,12,11,19,120,18,79,4,46,2,19,7,1,2,3,1,1,18,8,3,2,9,3,2,16,7,5,0,1,3,0,6,1,2,2,0,0,0,1,0,0,0,0,0,0,0,0,4,1,0,0,1,1,0,0,0,0,0,0,0,0,0,0,14,3,8,3,4,1,1,0,0,0,7,5
51 - Κυκλάδων,214 E.T. Δήμου Πάρου,529,284,4,1,5,279,87,18,9,16,11,17,36,99,15,61,5,24,5,31,7,1,0,1,0,1,17,7,3,1,7,4,1,11,3,1,3,0,1,0,5,1,1,2,1,0,0,0,0,0,2,0,1,0,1,0,5,1,1,0,1,2,2,0,0,0,5,2,0,0,0,0,22,5,5,2,7,2,1,1,0,0,15,4
51 - Κυκλάδων,215 E.T. Δήμου Πάρου,508,305,5,6,11,294,97,17,19,17,4,22,35,116,22,68,8,24,10,26,10,6,4,3,0,2,9,1,2,2,3,3,1,10,1,2,1,1,1,1,5,3,2,3,0,0,0,2,2,0,1,0,0,0,0,0,8,3,1,2,1,1,2,2,0,0,2,0,1,0,0,0,21,3,10,0,5,2,1,1,0,0,8,4
51 - Κυκλάδων,216 E.T. Δήμου Πάρου,505,288,8,3,11,277,92,14,22,20,14,22,34,104,16,56,6,34,14,28,1,0,0,0,0,0,15,2,6,6,4,4,1,22,6,8,5,2,6,1,5,2,0,3,1,0,0,1,1,1,0,0,0,0,0,0,4,2,3,1,1,1,1,0,0,0,3,1,4,2,1,2,18,1,8,3,5,3,1,1,1,1,4,2
51 - Κυκλάδων,217 E.T. Δήμου Πάρου,490,308,3,5,8,300,91,24,14,10,11,19,33,117,13,49,14,44,12,35,7,2,2,1,0,0,18,1,3,1,4,4,1,18,3,3,3,0,3,0,4,3,1,1,0,0,0,1,0,0,1,0,0,0,0,0,9,4,2,3,2,0,0,0,0,0,2,1,0,0,0,0,21,9,6,1,2,3,1,0,0,0,8,5
51 - Κυκλάδων,218 E.T. Δήμου Πάρου,491,266,7,3,10,256,57,19,7,10,13,6,24,119,21,65,8,31,10,37,9,5,1,1,1,0,20,2,4,6,7,10,2,7,2,1,0,0,3,1,2,0,1,0,1,0,0,2,1,1,1,0,0,0,0,0,9,4,2,3,1,0,1,0,0,0,6,4,1,1,1,0,19,3,11,2,5,1,1,0,0,0,2,1
51 - Κυκλάδων,219 E.T. Δήμου Πάρου,491,298,3,4,7,291,70,13,7,12,8,17,20,127,14,59,8,40,7,50,14,3,3,3,3,3,15,1,1,2,5,8,0,13,5,1,0,1,2,1,10,1,3,0,2,0,0,1,0,0,1,1,0,1,0,0,9,2,2,1,2,2,0,0,0,0,1,0,0,0,0,0,19,3,9,3,2,5,0,0,0,1,6,1
51 - Κυκλάδων,220 E.T. Δήμου Πάρου,491,264,6,1,7,257,84,25,24,21,12,16,28,90,21,51,5,25,10,29,7,6,2,2,2,0,12,0,3,0,4,5,0,15,4,2,3,3,6,2,6,4,2,1,0,1,0,4,1,0,0,0,0,0,0,0,6,2,2,1,3,0,0,0,0,0,2,0,3,1,0,1,17,2,9,5,7,4,1,1,1,1,6,3
51 - Κυκλάδων,221 E.T. Δήμου Πάρου,491,274,3,4,7,267,70,22,14,9,8,18,29,100,19,61,6,28,5,34,6,0,1,0,1,0,14,1,2,1,4,9,0,28,3,6,4,2,13,0,5,2,2,1,2,0,0,1,1,0,2,0,1,1,0,0,10,4,3,3,3,1,0,0,0,0,2,1,0,0,0,0,18,6,13,3,2,2,2,1,0,0,9,5
51 - Κυκλάδων,222 E.T. Δήμου Πάρου,515,306,5,4,9,297,93,27,10,15,13,17,34,139,32,86,2,50,4,29,10,2,2,6,1,5,2,0,1,0,1,0,0,7,2,2,1,2,3,0,7,3,0,2,2,0,0,1,1,0,2,1,0,0,0,0,5,0,2,2,0,0,0,0,1,0,4,2,0,0,0,0,12,2,3,2,4,4,1,2,0,0,10,4
51 - Κυκλάδων,223 E.T. Δήμου Πάρου,518,313,6,3,9,304,92,22,39,18,13,18,39,123,14,63,4,57,8,40,10,2,4,1,2,2,13,3,2,2,2,8,1,13,1,3,0,2,3,1,6,1,1,3,6,0,0,1,0,0,1,0,0,0,1,0,11,5,2,1,3,3,0,0,0,0,2,0,2,2,0,0,20,5,8,2,7,2,0,0,0,0,8,5
51 - Κυκλάδων,224 E.T. Δήμου Πάρου,490,285,3,3,6,279,82,17,11,19,9,9,32,137,26,82,3,38,11,40,3,0,1,0,0,0,8,1,1,2,0,4,0,8,1,2,1,1,2,1,1,0,0,0,0,0,0,2,1,0,0,0,0,0,0,0,6,1,4,1,1,0,0,0,0,0,2,2,2,1,1,0,21,9,11,2,6,0,0,0,0,0,7,6
51 - Κυκλάδων,225 E.T. Δήμου Σύρου - Ερμούπολης,535,289,3,4,7,282,116,11,16,8,9,73,34,74,41,44,2,21,2,6,9,5,3,5,2,0,28,0,0,1,14,10,1,6,4,2,0,0,1,0,7,0,1,0,1,1,0,3,0,1,2,2,0,1,1,0,7,1,2,1,0,1,0,0,0,0,1,1,2,0,1,0,15,5,3,3,3,4,1,1,0,1,7,4
51 - Κυκλάδων,226 E.T. Δήμου Σύρου - Ερμούπολης,554,323,2,1,3,320,122,11,16,5,9,69,24,104,59,38,0,23,10,16,8,0,2,1,0,1,26,0,5,2,12,9,1,19,17,4,1,0,0,1,8,4,1,4,0,0,0,2,0,0,1,0,0,1,0,0,9,0,0,4,3,1,0,0,0,0,1,0,2,0,2,0,16,7,5,2,2,1,0,0,1,0,1,1
51 - Κυκλάδων,227 E.T. Δήμου Σύρου - Ερμούπολης,511,274,4,3,7,267,105,3,11,7,8,61,20,73,49,30,2,14,7,5,10,0,1,7,2,0,29,0,2,3,8,22,1,6,4,0,0,0,1,0,5,2,1,1,0,0,0,2,1,1,2,0,0,2,2,0,8,3,3,2,2,1,0,0,0,0,0,0,0,0,0,0,22,7,9,5,4,3,2,1,1,0,2,0
51 - Κυκλάδων,228 E.T. Δήμου Σύρου - Ερμούπολης,459,251,4,2,6,245,87,11,8,9,7,52,21,90,66,38,1,22,3,10,5,1,1,1,1,0,20,2,2,3,7,11,2,2,2,0,0,0,0,0,4,3,1,1,1,0,0,1,0,0,0,0,0,0,0,0,13,2,2,3,0,2,0,0,1,0,0,0,1,0,1,1,10,5,2,0,6,2,1,0,0,1,9,2
51 - Κυκλάδων,229 E.T. Δήμου Σύρου - Ερμούπολης,452,289,4,14,18,271,42,1,5,1,2,14,8,141,92,32,11,29,4,34,5,0,0,2,1,0,27,5,0,1,12,18,0,5,1,0,0,0,0,0,8,0,0,1,0,0,0,2,2,1,8,1,0,6,5,0,4,1,0,0,0,0,0,0,0,0,2,0,1,0,0,0,18,2,3,2,2,3,1,0,0,0,5,1
51 - Κυκλάδων,230 E.T. Δήμου Σύρου - Ερμούπολης,554,367,6,3,9,358,142,12,17,15,12,79,41,135,91,56,6,26,6,9,3,0,1,0,0,0,20,0,2,1,11,6,0,10,9,2,2,0,0,0,4,1,1,3,1,1,0,3,2,1,2,1,1,2,0,0,6,2,0,0,1,2,0,0,0,0,0,0,3,2,0,1,21,5,5,2,2,3,0,1,0,0,5,3
51 - Κυκλάδων,231 E.T. Δήμου Σύρου - Ερμούπολης,168,112,4,0,4,108,37,5,3,0,2,25,8,36,21,14,3,11,0,6,2,1,1,0,2,0,14,0,6,0,11,4,0,2,0,0,0,0,0,0,0,0,0,0,0,0,0,0,0,0,0,0,0,0,0,0,5,2,1,1,1,0,1,0,0,0,1,1,0,0,0,0,8,1,3,1,2,1,1,0,1,0,1,1
51 - Κυκλάδων,232 E.T. Δήμου Σύρου - Ερμούπολης,508,278,4,2,6,272,106,11,8,5,7,62,28,87,51,45,3,21,7,7,7,2,1,1,0,1,25,2,3,5,15,10,2,6,5,0,0,2,0,2,4,1,2,1,0,1,0,3,2,2,0,0,0,0,0,0,4,2,1,1,1,0,0,0,0,0,1,1,1,0,0,0,14,4,1,1,4,2,0,0,0,1,11,3
51 - Κυκλάδων,233 E.T. Δήμου Σύρου - Ερμούπολης,489,330,7,6,13,317,117,10,18,8,9,69,27,93,40,46,3,27,8,18,8,0,1,0,1,0,29,2,5,5,18,15,2,18,8,3,2,2,2,1,6,2,2,1,2,0,0,0,0,0,2,1,1,0,0,0,13,3,4,1,4,1,0,0,0,0,1,1,0,0,0,0,17,5,4,4,2,7,1,0,1,0,6,2
51 - Κυκλάδων,234 E.T. Δήμου Σύρου - Ερμούπολης,530,313,3,2,5,308,142,10,23,8,11,83,37,96,44,45,4,26,8,11,15,2,1,5,4,1,13,1,1,2,9,7,0,6,4,2,0,0,0,0,5,4,0,1,1,0,0,0,0,0,2,0,0,2,2,0,8,3,1,0,1,1,0,0,0,0,1,0,1,0,1,0,13,3,4,3,3,2,1,0,1,1,4,1
51 - Κυκλάδων,235 E.T. Δήμου Σύρου - Ερμούπολης,558,307,6,1,7,300,110,12,9,6,3,69,28,98,57,51,2,23,2,16,10,4,3,6,2,0,28,0,0,1,15,11,5,12,9,1,0,2,1,1,3,1,0,1,0,0,0,2,0,1,2,1,1,1,0,0,8,3,4,1,0,0,0,0,0,0,1,1,0,0,0,0,17,1,5,1,6,1,0,0,0,0,8,4
51 - Κυκλάδων,236 E.T. Δήμου Σύρου - Ερμούπολης,535,285,6,4,10,275,100,12,16,4,11,58,21,89,37,47,2,26,4,15,9,3,0,3,5,2,28,5,5,2,12,11,1,12,5,2,1,0,0,1,5,3,1,1,0,0,0,1,1,0,2,0,0,0,0,0,3,2,2,1,0,0,0,0,0,0,1,0,0,0,0,0,13,1,4,3,5,2,1,0,0,0,10,6
51 - Κυκλάδων,237 E.T. Δήμου Σύρου - Ερμούπολης,540,329,7,5,12,317,154,17,10,4,8,85,39,96,55,34,5,23,4,24,10,2,3,3,2,1,18,0,6,5,8,5,1,10,7,4,0,1,1,1,4,1,1,0,0,0,0,0,0,0,1,0,0,1,1,0,3,2,1,1,0,0,0,0,0,0,1,0,3,1,1,1,11,0,2,2,4,1,0,0,0,0,5,2
51 - Κυκλάδων,238 E.T. Δήμου Σύρου - Ερμούπολης,522,297,3,3,6,291,123,16,15,12,7,79,29,80,27,34,4,36,9,14,10,2,4,4,6,1,20,2,1,1,17,8,1,8,4,1,1,1,2,0,3,3,1,1,1,0,0,2,0,2,0,0,0,0,0,0,10,6,7,1,4,1,0,0,0,0,4,2,1,0,1,0,23,3,4,7,2,4,2,1,0,1,3,2
51 - Κυκλάδων,239 E.T. Δήμου Σύρου - Ερμούπολης,507,278,3,2,5,273,120,13,10,11,6,75,25,87,40,37,5,20,7,7,6,0,0,3,3,0,23,0,4,4,12,8,1,7,4,1,0,0,0,0,6,3,0,0,2,1,1,2,0,0,0,0,0,0,0,0,4,1,0,0,0,0,1,0,0,0,1,0,0,0,0,0,11,2,2,2,3,0,0,0,0,0,4,1
51 - Κυκλάδων,240 E.T. Δήμου Σύρου - Ερμούπολης,490,301,4,4,8,293,97,10,12,10,9,52,15,99,51,57,2,22,8,10,12,2,2,4,1,3,19,1,1,7,7,5,0,11,9,4,0,2,1,0,9,2,2,2,0,0,0,3,1,2,2,0,0,2,1,0,11,2,6,1,1,0,1,1,0,0,2,0,1,0,0,0,14,4,2,4,2,6,0,0,3,2,6,2
51 - Κυκλάδων,241 E.T. Δήμου Σύρου - Ερμούπολης,480,263,4,0,4,259,100,12,17,8,9,59,16,97,39,52,7,18,7,19,4,0,1,3,2,0,19,2,2,0,8,7,2,7,3,0,1,1,0,0,4,0,1,0,0,0,0,0,0,0,0,0,0,0,0,0,7,4,2,0,0,0,0,0,1,0,0,0,0,0,0,0,12,3,2,1,2,3,0,0,1,0,5,3
51 - Κυκλάδων,242 E.T. Δήμου Σύρου - Ερμούπολης,523,300,4,7,11,289,125,20,10,3,10,81,27,88,39,45,1,26,5,9,7,1,0,3,1,1,22,3,1,3,12,7,1,13,8,0,1,2,0,0,1,0,0,0,0,0,0,2,1,0,1,0,0,1,1,0,12,3,2,1,2,1,0,0,0,0,0,0,1,0,0,1,13,5,1,1,1,0,0,0,0,0,4,1
51 - Κυκλάδων,243 E.T. Δήμου Σύρου - Ερμούπολης,493,245,7,1,8,237,91,10,8,8,5,46,19,75,45,48,1,16,3,13,12,2,1,5,8,0,21,0,1,4,10,6,1,5,2,0,0,0,0,1,8,4,1,2,2,0,0,1,0,0,1,0,0,1,1,0,5,2,0,1,0,2,0,0,0,0,0,0,1,0,1,0,9,0,0,1,1,2,0,1,0,0,6,2
51 - Κυκλάδων,244 E.T. Δήμου Σύρου - Ερμούπολης,485,280,9,2,11,269,99,13,11,6,10,59,22,95,43,47,1,35,5,10,12,4,2,1,4,1,18,1,1,1,9,8,0,7,3,1,0,0,0,0,1,1,0,1,0,0,0,3,2,2,0,0,0,0,0,0,8,5,2,2,1,2,0,0,1,0,0,0,2,0,0,0,16,2,3,1,1,1,0,0,0,0,6,5
51 - Κυκλάδων,245 E.T. Δήμου Σύρου - Ερμούπολης,501,280,8,1,9,271,109,15,23,10,10,54,21,106,55,44,2,40,3,14,9,0,1,2,4,0,11,2,3,0,3,1,1,11,6,0,0,2,0,0,4,1,1,2,0,0,0,0,0,0,1,0,1,0,0,1,5,4,2,0,2,0,0,0,0,0,1,1,2,0,1,1,10,4,2,0,2,1,0,0,0,0,1,0
51 - Κυκλάδων,246 E.T. Δήμου Σύρου - Ερμούπολης,514,289,4,1,5,284,141,20,14,9,14,98,36,69,27,39,2,19,9,5,6,0,1,3,4,1,33,1,3,3,26,13,2,6,4,0,2,0,1,1,4,0,1,1,0,0,0,2,2,2,0,0,0,0,0,0,5,3,2,0,2,1,0,0,0,0,2,1,3,0,3,0,4,2,1,0,0,2,0,0,2,2,7,4
51 - Κυκλάδων,247 E.T. Δήμου Σύρου - Ερμούπολης,480,271,4,2,6,265,109,8,11,5,7,69,26,74,36,35,0,25,7,9,10,0,0,5,3,0,23,2,1,3,16,5,1,5,3,1,0,0,0,0,4,1,1,0,0,0,0,1,0,0,0,0,0,0,0,0,10,3,3,2,2,0,0,0,0,0,1,0,5,2,2,0,19,6,6,1,4,1,0,0,0,0,3,3
51 - Κυκλάδων,248 E.T. Δήμου Σύρου - Ερμούπολης,542,292,3,1,4,288,124,7,21,6,6,62,30,94,50,55,1,14,4,19,11,1,2,7,4,0,13,0,1,2,11,5,1,9,6,0,0,0,0,0,5,1,0,1,0,0,0,1,0,0,0,0,0,0,0,0,6,4,2,0,0,0,0,0,0,0,0,0,2,1,0,1,14,3,4,1,0,3,1,0,0,0,6,4
51 - Κυκλάδων,249 E.T. Δήμου Σύρου - Ερμούπολης,480,298,4,3,7,291,99,11,5,9,7,63,17,103,49,45,1,35,4,7,7,0,2,0,1,0,32,1,6,5,12,15,0,10,2,0,0,0,1,0,3,0,0,1,0,0,0,2,1,1,0,0,0,0,0,0,7,4,1,0,1,2,0,0,0,0,2,1,2,0,1,1,14,7,3,5,3,1,0,0,0,0,9,5
51 - Κυκλάδων,250 E.T. Δήμου Σύρου - Ερμούπολης,539,289,2,2,4,285,131,15,18,12,11,71,20,69,33,42,3,11,4,5,11,2,3,3,2,0,26,0,2,4,14,9,1,15,10,0,1,0,2,3,2,0,0,1,0,0,0,0,0,0,0,0,0,0,0,0,8,0,2,2,1,0,0,0,0,0,1,1,3,0,2,2,9,4,1,0,0,4,1,0,2,1,6,4
51 - Κυκλάδων,251 E.T. Δήμου Σύρου - Ερμούπολης,523,302,3,7,10,292,140,14,18,14,11,91,39,65,25,26,2,17,6,13,3,0,0,1,3,0,30,3,2,4,18,12,0,7,2,0,0,1,0,0,6,2,0,3,0,0,0,1,0,0,2,0,0,1,1,0,14,4,2,1,2,3,0,0,1,1,0,0,1,0,1,0,13,1,3,1,3,2,1,0,0,0,7,5
51 - Κυκλάδων,252 E.T. Δήμου Σύρου - Ερμούπολης,497,273,2,0,2,271,139,20,13,7,10,80,40,76,64,39,5,21,6,4,2,1,0,1,0,0,12,1,1,0,6,6,0,13,8,3,1,0,0,0,2,0,0,0,0,0,0,0,0,0,0,0,0,0,0,0,6,3,1,1,1,2,0,0,1,0,1,1,0,0,0,0,15,2,2,1,1,0,0,0,0,0,4,3
51 - Κυκλάδων,253 E.T. Δήμου Σύρου - Ερμούπολης,495,293,8,4,12,281,99,12,16,9,8,61,21,111,73,43,4,21,11,5,5,0,1,1,1,2,18,0,0,3,7,6,0,8,6,0,0,0,1,0,6,1,1,2,0,0,0,0,0,0,3,0,1,2,2,0,11,5,4,0,4,1,0,0,0,0,0,0,1,1,0,1,14,5,5,3,4,2,0,0,1,0,3,2
51 - Κυκλάδων,254 E.T. Δήμου Σύρου - Ερμούπολης,487,311,3,6,9,302,112,18,10,9,7,71,21,112,55,65,5,31,6,13,10,1,3,4,2,2,18,2,0,4,14,4,0,11,6,5,1,0,1,0,1,0,1,1,0,0,0,0,0,0,2,0,0,1,0,0,11,3,4,1,3,2,0,0,0,0,1,0,2,0,1,0,13,7,3,4,2,5,4,2,1,1,4,2
51 - Κυκλάδων,255 E.T. Δήμου Σύρου - Ερμούπολης,492,280,2,2,4,276,127,13,11,7,6,89,33,86,34,48,7,19,10,13,5,3,0,3,0,0,16,2,1,2,8,2,0,10,5,2,0,2,0,1,2,2,0,2,0,0,0,3,2,2,1,1,1,0,0,0,5,2,3,0,1,0,1,1,0,0,0,0,0,0,0,0,7,0,1,0,0,3,1,0,0,0,10,4
51 - Κυκλάδων,256 E.T. Δήμου Σύρου - Ερμούπολης,506,292,7,1,8,284,109,11,10,8,7,61,23,95,0,39,2,37,4,17,5,1,1,1,1,0,15,1,1,3,8,6,0,22,17,4,0,1,2,2,2,0,1,0,1,0,0,3,1,1,0,0,0,0,0,0,7,2,2,1,1,1,0,0,1,0,3,1,2,1,0,1,14,3,5,3,3,0,0,0,0,0,6,2
51 - Κυκλάδων,257 E.T. Δήμου Σύρου - Ερμούπολης,509,259,3,2,5,254,98,15,18,11,7,59,23,83,41,31,3,25,8,15,4,1,2,2,1,0,21,3,2,3,18,9,0,6,4,0,1,1,0,0,2,2,1,1,0,0,0,0,0,0,2,0,0,2,2,0,13,7,4,2,3,2,0,0,0,0,4,2,1,1,1,0,13,6,4,2,3,2,0,0,0,0,5,3
51 - Κυκλάδων,258 E.T. Δήμου Σύρου - Ερμούπολης,485,261,6,1,7,254,90,11,11,7,5,58,18,92,37,47,2,31,7,17,10,1,2,6,5,1,19,0,2,1,14,4,0,14,8,2,0,0,2,0,4,2,2,0,0,0,0,2,1,0,6,2,0,5,3,0,6,1,1,2,0,0,0,0,0,0,1,0,1,0,1,0,5,1,1,1,1,0,0,0,0,0,4,4
51 - Κυκλάδων,259 E.T. Δήμου Σύρου - Ερμούπολης,418,243,5,4,9,234,93,10,14,4,4,50,28,82,46,35,5,17,3,15,9,0,1,7,5,1,16,2,1,1,6,9,2,4,2,2,0,0,0,0,2,0,0,0,1,0,0,0,0,0,4,1,1,4,1,1,6,2,0,2,0,1,0,0,0,0,1,0,0,0,0,0,8,4,5,1,1,4,2,0,1,1,5,2
51 - Κυκλάδων,260 E.T. Δήμου Σύρου - Ερμούπολης,401,237,2,1,3,234,88,8,15,5,12,46,22,96,59,39,3,33,7,2,7,3,2,2,4,0,15,0,1,1,7,6,0,2,2,0,0,0,1,0,4,3,1,1,0,0,0,1,1,1,2,0,1,2,1,0,7,3,2,4,1,1,0,0,0,0,0,0,0,0,0,0,7,2,3,1,0,2,1,2,1,0,3,2
51 - Κυκλάδων,261 E.T. Δήμου Σύρου - Ερμούπολης,369,204,4,2,6,198,85,13,10,6,10,32,15,64,42,25,2,23,3,4,7,1,0,1,1,1,9,0,1,1,5,3,0,10,7,3,1,1,1,0,6,2,0,4,0,0,0,0,0,0,0,0,0,0,0,0,6,2,0,0,1,0,0,0,0,0,1,1,2,0,1,0,5,0,1,1,0,1,1,1,0,0,2,1
51 - Κυκλάδων,262 E.T. Δήμου Σύρου - Ερμούπολης,350,220,2,2,4,216,80,12,10,9,2,52,25,82,51,30,5,16,2,14,10,1,1,7,3,1,11,0,0,1,10,6,0,3,3,0,0,1,0,0,4,0,2,2,1,0,0,0,0,0,0,0,0,0,0,0,3,1,0,0,1,0,0,0,1,0,2,1,2,0,0,0,14,6,7,0,2,1,0,0,0,0,3,3
51 - Κυκλάδων,263 E.T. Δήμου Σύρου - Ερμούπολης,379,244,4,4,8,236,88,14,16,6,12,44,23,84,55,38,1,20,3,18,5,1,1,2,1,0,10,0,0,1,5,7,0,9,6,2,0,2,1,0,9,6,3,4,1,0,0,0,0,0,1,0,0,1,1,0,6,4,0,0,0,3,0,0,0,0,0,0,2,0,0,1,14,3,5,1,4,6,3,0,3,3,2,0
51 - Κυκλάδων,264 E.T. Δήμου Σύρου - Ερμούπολης,446,305,6,5,11,294,101,15,18,5,4,51,27,110,75,44,3,27,7,9,6,2,0,5,0,0,22,0,5,1,14,7,0,12,6,5,1,2,0,0,7,2,3,4,0,0,0,1,0,0,0,0,0,0,0,0,6,3,1,2,2,1,0,0,0,0,5,3,0,0,0,0,14,2,3,2,3,7,4,2,0,1,3,2
51 - Κυκλάδων,265 E.T. Δήμου Σύρου - Ερμούπολης,282,184,4,3,7,177,65,11,7,13,7,35,22,71,52,22,2,11,4,9,6,4,1,3,1,1,8,0,0,1,5,2,0,2,1,1,1,0,0,0,3,2,0,2,0,0,0,0,0,0,3,0,0,3,3,0,5,1,1,0,2,0,0,0,0,0,2,1,0,0,0,0,7,2,3,0,1,2,1,1,0,0,3,2
51 - Κυκλάδων,266 E.T. Δήμου Σύρου - Ερμούπολης,378,256,6,0,6,250,60,7,5,11,7,28,18,136,104,52,2,9,6,14,2,0,1,2,1,0,8,0,0,0,5,6,0,7,5,0,0,2,0,0,4,2,1,3,0,0,0,1,0,0,6,0,0,4,2,0,6,3,5,1,1,1,0,0,0,0,0,0,2,1,0,1,13,5,8,2,3,3,0,1,0,0,2,1
51 - Κυκλάδων,267 E.T. Δήμου Σύρου - Ερμούπολης,368,234,6,3,9,225,83,9,10,7,11,39,16,79,50,45,3,19,6,4,1,1,1,0,0,0,9,1,0,3,4,3,2,15,9,2,0,2,1,0,3,2,1,0,0,0,0,1,1,0,2,0,0,1,1,1,6,1,2,1,1,0,0,0,0,0,0,0,1,0,1,0,17,4,6,1,2,4,2,2,1,0,4,0
51 - Κυκλάδων,268 E.T. Δήμου Σύρου - Ερμούπολης,428,288,7,4,11,277,80,11,15,2,5,36,22,134,115,49,7,14,6,8,5,2,1,4,2,0,9,1,0,1,3,4,0,8,5,0,0,1,1,1,3,0,0,0,1,0,0,0,0,0,1,0,0,1,1,0,6,3,0,2,3,1,0,0,0,0,0,0,1,1,0,1,21,4,5,4,3,2,0,2,0,2,7,2
51 - Κυκλάδων,269 E.T. Δήμου Τήνου,250,145,7,1,8,137,51,2,3,7,30,5,11,50,12,29,2,5,2,21,3,1,0,1,1,0,21,0,0,2,4,7,9,5,0,3,2,0,0,0,2,0,0,0,0,0,0,2,0,0,0,0,0,0,0,0,0,0,0,0,0,0,0,0,0,0,0,0,0,0,0,0,2,2,0,1,0,0,0,0,0,0,1,0
51 - Κυκλάδων,270 E.T. Δήμου Τήνου,329,190,2,1,3,187,64,4,7,6,39,3,12,76,9,30,1,11,5,40,3,0,2,1,1,0,24,2,2,0,10,4,12,4,0,1,0,0,0,0,0,0,0,0,0,0,0,2,1,1,0,0,0,0,0,0,5,0,0,1,2,0,0,0,0,0,3,1,0,0,0,0,5,1,1,1,0,1,0,0,0,0,0,0
51 - Κυκλάδων,271 E.T. Δήμου Τήνου,278,101,0,4,4,97,23,2,1,4,7,2,7,18,3,7,0,5,1,6,7,0,2,4,0,2,24,3,2,0,4,3,19,14,0,13,5,0,2,1,0,0,0,0,0,0,0,1,0,0,0,0,0,0,0,0,0,0,0,0,0,0,0,0,0,0,2,2,0,0,0,0,6,2,1,0,0,0,0,0,0,0,2,2
51 - Κυκλάδων,272 E.T. Δήμου Τήνου,271,151,1,0,1,150,50,8,5,5,17,8,22,62,13,26,0,3,9,46,1,0,0,0,0,0,19,1,1,2,4,3,5,1,0,0,0,0,0,0,1,0,0,1,0,0,0,3,1,1,0,0,0,0,0,0,2,1,0,2,0,0,0,0,0,0,0,0,0,0,0,0,8,4,3,1,2,0,0,0,0,0,3,1
51 - Κυκλάδων,273 E.T. Δήμου Τήνου,357,209,7,1,8,201,67,10,6,8,34,8,19,81,16,36,2,5,13,49,2,1,0,0,0,0,25,3,2,3,11,4,11,4,1,3,0,0,0,0,6,4,0,2,2,0,0,1,0,0,0,0,0,0,0,0,1,1,0,0,1,0,0,0,0,0,1,1,3,0,1,0,6,1,1,0,1,0,0,0,0,0,4,2
51 - Κυκλάδων,274 E.T. Δήμου Τήνου,236,128,2,2,4,124,29,7,2,7,11,5,6,63,20,40,0,4,4,21,0,0,0,0,0,0,13,5,1,0,4,2,11,10,1,7,1,6,2,0,2,0,0,0,0,0,0,0,0,0,0,0,0,0,0,0,0,0,0,0,0,0,0,0,0,0,0,0,0,0,0,0,4,3,1,0,1,0,0,0,0,0,3,1
51 - Κυκλάδων,275 E.T. Δήμου Τήνου,474,292,5,1,6,286,90,10,14,8,52,11,28,119,18,52,0,20,2,81,4,2,1,1,0,0,25,3,0,0,4,7,18,19,2,15,1,1,1,0,2,0,0,0,0,0,0,2,1,1,1,0,0,0,0,0,15,3,2,2,9,1,0,0,0,0,1,0,0,0,0,0,4,1,1,0,0,1,1,0,1,0,3,3
51 - Κυκλάδων,276 E.T. Δήμου Τήνου,544,323,3,3,6,317,119,12,10,24,59,13,36,117,45,57,2,14,4,76,1,0,0,0,0,0,33,1,3,6,11,11,19,21,0,19,5,0,1,1,2,1,1,1,1,0,0,2,2,2,1,0,1,0,0,1,4,1,0,1,0,0,0,0,0,0,1,1,4,0,2,0,11,3,4,2,1,1,0,0,0,0,0,0
51 - Κυκλάδων,277 E.T. Δήμου Τήνου,398,240,2,5,7,233,82,9,7,13,22,5,15,106,19,36,1,11,5,72,1,0,0,0,0,0,26,1,1,1,19,2,9,2,1,2,0,0,0,0,4,1,1,1,3,0,0,0,0,0,0,0,0,0,0,0,4,0,1,0,3,0,0,0,0,0,1,1,0,0,0,0,5,0,0,1,1,1,0,0,0,0,1,0
51 - Κυκλάδων,278 E.T. Δήμου Τήνου,481,273,4,3,7,266,99,6,10,9,38,16,15,107,20,18,1,19,4,69,0,0,0,0,0,0,33,0,0,0,28,0,11,5,0,4,0,0,0,0,3,1,0,0,0,0,0,1,1,1,1,0,0,1,0,0,6,4,3,0,3,0,1,1,0,0,1,1,1,1,0,0,2,1,0,0,0,2,0,1,0,1,4,2
51 - Κυκλάδων,279 E.T. Δήμου Τήνου,213,129,1,1,2,127,31,6,3,3,15,1,8,49,2,7,1,12,1,44,2,0,0,0,0,0,9,1,0,1,3,0,8,32,3,32,10,4,1,1,0,0,0,0,0,0,0,1,1,1,0,0,0,0,0,0,0,0,0,0,0,0,0,0,0,0,0,0,0,0,0,0,1,1,0,0,1,0,0,0,0,0,2,1
51 - Κυκλάδων,280 E.T. Δήμου Τήνου,471,296,0,3,3,293,104,10,10,14,45,15,31,108,15,56,3,12,5,75,3,3,0,1,2,0,41,2,2,3,9,3,29,13,1,9,0,0,3,0,4,0,1,0,0,0,0,1,0,0,0,0,0,0,0,0,5,2,0,1,2,1,1,0,0,0,1,0,1,1,0,0,8,3,2,0,1,1,0,0,1,0,2,1
51 - Κυκλάδων,281 E.T. Δήμου Τήνου,417,223,1,0,1,222,80,10,7,10,27,9,31,67,1,33,2,6,0,50,1,1,0,0,1,0,30,2,4,4,9,0,17,24,2,18,1,1,0,1,0,0,0,0,0,0,0,2,1,0,0,0,0,0,0,0,3,1,0,2,2,0,0,0,0,0,3,2,0,0,0,0,7,2,1,1,2,0,0,0,0,0,5,5
51 - Κυκλάδων,282 E.T. Δήμου Τήνου,471,255,10,1,11,244,91,16,3,14,36,11,35,64,7,30,2,9,5,42,5,4,0,1,2,1,30,4,2,3,16,0,25,28,2,19,7,1,7,0,2,1,0,1,0,0,0,0,0,0,0,0,0,0,0,0,8,3,0,1,5,0,1,0,1,0,0,0,0,0,0,0,4,2,3,1,0,3,2,0,0,1,7,2
51 - Κυκλάδων,283 E.T. Δήμου Τήνου,223,149,4,0,4,145,28,4,2,4,9,4,11,70,5,23,0,25,0,45,2,1,1,0,0,0,19,0,0,2,2,1,16,4,0,2,0,0,0,0,5,0,0,1,1,0,0,0,0,0,0,0,0,0,0,0,9,2,2,0,1,1,0,0,0,0,0,0,0,0,0,0,6,0,0,0,0,0,0,0,0,0,2,1
51 - Κυκλάδων,284 E.T. Δήμου Τήνου,526,346,5,4,9,337,93,10,9,15,41,14,38,166,19,59,3,40,6,115,6,1,2,1,1,1,36,0,0,2,9,3,32,9,1,5,0,1,1,0,1,1,0,0,1,0,0,2,0,0,0,0,0,0,0,0,5,3,0,0,1,3,0,0,0,0,3,1,0,0,0,0,10,2,3,0,4,4,2,1,1,1,2,2
51 - Κυκλάδων,285 E.T. Δήμου Τήνου,522,358,4,5,9,349,122,19,11,14,52,23,56,154,16,49,3,25,14,117,6,3,0,2,1,1,38,0,0,3,9,8,34,5,0,5,1,0,1,2,4,1,1,1,1,0,0,1,0,0,0,0,0,0,0,0,7,3,0,3,1,1,0,0,0,0,1,0,1,1,1,0,6,2,3,0,1,0,0,0,0,0,4,2
51 - Κυκλάδων,286 E.T. Δήμου Τήνου,560,395,3,6,9,386,131,24,16,18,43,23,43,146,14,63,3,21,2,103,5,1,0,1,0,0,48,3,0,5,9,4,41,12,3,7,1,1,3,0,7,1,2,0,1,0,0,2,1,0,0,0,0,0,0,0,13,5,2,1,7,1,1,1,0,0,0,0,0,0,0,0,11,4,4,1,2,2,1,1,0,0,8,4
51 - Κυκλάδων,287 E.T. Δήμου Τήνου,556,356,6,12,18,338,131,9,8,25,52,17,47,132,12,42,1,24,2,97,8,1,3,1,1,0,21,2,0,0,2,3,17,10,0,7,1,1,0,0,3,1,0,0,2,0,0,0,0,0,0,0,0,0,0,0,8,0,0,0,4,0,1,0,0,0,5,2,1,1,0,0,12,2,1,0,3,3,0,0,0,0,3,1
51 - Κυκλάδων,288 E.T. Δήμου Τήνου,538,328,3,2,5,323,89,11,6,8,35,13,36,151,17,58,1,24,5,103,7,1,3,1,2,1,24,0,3,2,4,2,20,8,1,4,0,0,0,0,3,1,1,1,0,1,0,3,0,1,0,0,0,0,0,0,13,5,2,0,5,1,0,0,0,0,4,2,2,0,0,0,8,2,3,1,0,5,2,0,3,0,5,4
51 - Κυκλάδων,289 E.T. Δήμου Τήνου,520,351,3,5,8,343,91,10,7,15,25,10,36,167,21,55,2,36,7,107,5,1,0,1,0,0,28,1,2,3,1,1,23,7,0,6,0,0,0,0,6,2,1,0,3,0,0,2,1,0,0,0,0,0,0,0,14,3,1,0,6,0,0,0,1,1,0,0,0,0,0,0,11,4,2,2,6,1,0,0,1,1,10,3
51 - Κυκλάδων,290 E.T. Δήμου Τήνου,567,381,2,2,4,377,131,16,9,20,59,20,61,158,14,66,0,29,4,113,2,0,1,0,0,1,31,4,1,3,5,2,25,13,2,13,2,0,2,0,6,1,2,2,0,0,0,0,0,0,0,0,0,0,0,0,14,5,3,2,2,2,1,0,1,0,2,0,0,0,0,0,12,5,4,3,1,2,1,1,1,1,4,2
51 - Κυκλάδων,291 E.T. Δήμου Τήνου,520,380,3,5,8,372,118,16,14,21,44,17,40,160,19,54,4,35,10,109,2,1,0,1,0,0,34,2,3,2,8,1,26,11,2,7,3,0,0,1,4,3,1,0,0,0,0,3,2,1,1,0,1,1,0,0,10,2,2,1,4,1,0,0,0,0,4,4,1,0,0,0,12,4,2,2,3,3,0,0,2,1,9,8
51 - Κυκλάδων,292 E.T. Δήμου Τήνου,203,131,2,1,3,128,67,7,17,3,21,7,17,30,3,13,1,2,3,18,3,3,2,0,0,1,18,1,0,2,3,0,15,2,0,0,0,0,0,0,2,0,1,1,0,0,0,0,0,0,0,0,0,0,0,0,2,1,0,1,0,1,0,0,0,0,0,0,0,0,0,0,2,1,1,1,1,0,0,0,0,0,2,2
51 - Κυκλάδων,Ετερ. Κυκλάδων (από Εφετείο Θεσσαλονίκης),65,42,0,1,1,41,9,2,1,1,1,2,1,18,2,14,0,6,0,3,1,1,0,0,0,0,5,3,1,1,0,0,0,5,1,1,4,3,0,0,0,0,0,0,0,0,0,0,0,0,0,0,0,0,0,0,0,0,0,0,0,0,0,0,0,0,0,0,0,0,0,0,2,0,1,0,0,0,0,0,0,0,1,1
51 - Κυκλάδων,Ετερ. Κυκλάδων (από 90ο Ε.Τ. Νομ. Αττικής-Αθηνών),594,366,2,1,3,363,80,11,12,26,18,16,2,206,23,157,9,57,16,38,3,2,0,0,1,0,22,9,4,6,4,2,2,20,4,11,7,3,0,0,2,0,0,2,0,0,0,2,2,2,0,0,0,0,0,0,7,2,4,1,1,2,0,0,0,0,0,0,0,0,0,0,12,3,5,4,3,3,1,1,0,0,6,4
51 - Κυκλάδων,Ετερ. Κυκλάδων (από 91ο Ε.Τ. Νομ. Αττικής-Αθηνών),596,346,1,3,4,342,99,21,13,36,12,17,31,155,26,102,10,48,12,27,12,8,0,1,6,4,24,9,5,4,0,4,5,19,5,5,3,8,3,0,4,2,2,1,0,0,0,0,0,0,0,0,0,0,0,0,5,1,3,2,1,0,0,0,0,0,2,0,1,1,0,0,14,3,6,5,4,2,0,0,1,1,5,4
51 - Κυκλάδων,Ετερ. Κυκλάδων (από 92ο Ε.Τ. Νομ. Αττικής-Αθηνών),613,349,2,2,4,345,107,20,12,47,17,16,33,160,17,114,11,56,21,23,7,3,2,2,3,1,23,9,4,5,6,3,0,17,3,4,1,7,0,1,1,0,1,0,0,0,0,3,3,1,0,0,0,0,0,0,10,4,3,4,3,2,0,0,0,0,2,2,2,1,0,0,10,2,1,3,5,0,0,0,0,0,3,2
51 - Κυκλάδων,Ετερ. Κυκλάδων (από 93ο Ε.Τ. Νομ. Αττικής-Αθηνών),584,328,2,2,4,324,89,19,17,44,12,21,29,150,30,106,5,55,12,34,9,8,2,0,3,1,22,10,6,5,4,3,4,14,4,5,2,4,0,1,6,1,1,1,1,0,0,1,0,0,0,0,0,0,0,0,9,5,3,3,2,1,0,0,0,0,0,0,2,1,0,0,17,4,8,7,5,0,0,0,0,0,5,3
51 - Κυκλάδων,Ετερ. Κυκλάδων (από 17ο Ε.Τ. Νομ. Αττικής-Πειραιώς),353,207,7,1,8,199,59,13,7,6,7,17,34,72,5,47,10,22,8,19,5,3,1,2,2,0,16,2,4,2,4,4,0,12,3,2,1,3,1,2,4,3,2,0,1,0,0,3,2,1,0,0,0,0,0,0,13,8,5,8,2,3,0,0,0,0,3,2,0,0,0,0,9,3,2,3,6,0,0,0,0,0,3,1
Σύνολο,,129192,73897,1115,746,1861,72036,20404,3602,3131,4810,2535,5190,5913,31370,5850,17743,4514,9803,1719,6053,2003,637,460,390,385,352,6138,2036,1162,1251,1822,961,620,3027,619,736,404,658,292,506,995,298,246,281,161,44,10,289,138,108,167,47,34,64,64,22,2078,744,558,400,375,319,85,27,37,12,379,196,247,87,46,51,2953,790,860,435,748,485,161,105,115,87,1335,733
