ΠΕΡΙΦΕΡΕΙΑ,ΕΚΛΟΓΙΚΟ ΤΜΗΜΑ,ΕΓΓΕΓΡΑΜΜΕΝΟΙ,ΨΗΦΙΣΑΝΤΕΣ,ΑΚΥΡΑ,ΛΕΥΚΑ,ΑΚΥΡΑ & ΛΕΥΚΑ,ΕΓΚΥΡΑ,ΣΥΡΙΖΑ,ΑΡΑΧΩΒΙΤΗΣ ΣΤΑΥΡΟΣ του Γεωργίου,ΔΟΥΜΑΝΗ ΣΟΦΙΑ του Πασχάλη,ΚΩΣΤΑΚΟΣ ΗΛΙΑΣ του Χρύσανθου,ΣΤΑΜΑΤΑΚΟΥ ΑΡΧΟΝΤΟΥΛΑ (ΑΝΤΑ) του Χρήστου,ΧΑΣΟΜΕΡΗΣ ΔΗΜΗΤΡΙΟΣ του Χρήστου,Νέα Δημοκρατία,ΔΑΒΑΚΗΣ ΑΘΑΝΑΣΙΟΣ του Παναγιώτη,ΚΟΝΤΟΣΤΑΘΑΚΟΥ ΕΥΑΓΓΕΛΙΑ (ΕΥΑ) του Δημητρίου,ΚΟΥΛΙΖΑΚΟΣ ΙΩΑΝΝΗΣ του Γεωργίου,ΚΡΗΤΙΚΟΣ ΝΕΟΚΛΗΣ του Δημοσθένη,ΛΕΚΚΑ ΒΕΡΟΝΙΚΗ του Δημητρίου,Λαϊκός Σύνδεσμος - Χρυσή Αυγή,ΚΑΠΕΡΩΝΗ ΕΥΑΓΓΕΛΙΑ του Παντελή,ΜΠΟΥΤΕΡΑΚΟΣ ΒΑΣΙΛΕΙΟΣ του Ανδρέα,ΞΙΦΑΡΑ ΚΥΡΙΑΚΟΥΛΑ του Κυριάκου,ΣΤΑΘΑΚΗ ΠΑΝΑΓΙΩΤΑ (ΠΕΝΝΥ) του Θεοδώρου,ΦΩΤΟΠΟΥΛΟΣ ΑΓΙΣ του Ιωάννη,Κίνημα Αλλαγής,ΓΡΗΓΟΡΑΚΟΣ ΛΕΩΝΙΔΑΣ του Γεωργίου,ΚΑΚΚΑΒΑ ΓΕΩΡΓΙΑ του Φωτίου,ΜΑΝΑΚΟΥ ΒΑΣΙΛΙΚΗ του Παναγιώτη,ΜΟΥΖΟΠΟΥΛΟΣ ΓΕΩΡΓΙΟΣ του Ιωάννη,ΣΠΑΝΑΚΟΣ ΝΙΚΟΛΑΟΣ του Σπύρου,Κ.Κ.Ε.,ΑΝΑΣΤΑΣΑΚΟΣ ΔΗΜΗΤΡΙΟΣ του Θεοδώρου,ΑΡΦΑΝΗΣ ΔΗΜΗΤΡΙΟΣ του Αντωνίου,ΛΙΟΝΗΣ ΓΡΗΓΟΡΙΟΣ του Σπυρίδωνος,ΣΕΡΓΙΑΔΗ ΖΩΗ του Χρήστου,ΦΩΤΑΚΟΥ ΕΛΕΝΗ του Παναγιώτη,Ένωση Κεντρώων,ΚΥΡΙΑΖΑΚΟΥ ΕΛΙΣΑΒΕΤ του Στυλιανού,ΛΑΣΚΑΡΗΣ ΔΙΟΝΥΣΗΣ του Ιωάννη,ΜΑΡΓΑΡΩΝΗΣ ΧΡΙΣΤΟΣ του Μιχαήλ,Ο.Κ.Δ.Ε.,ΚΑΝΤΖΕΛΗ ΕΛΕΥΘΕΡΙΑ του Βασιλείου,ΑΝΤ.ΑΡ.ΣΥ.Α.,ΑΝΤΩΝΙΟΥ ΑΓΓΕΛΙΚΗ του Παντελεήμονος,ΠΑΡΑΣΧΟΣ ΠΑΝΑΓΙΩΤΗΣ του Αναστασίου,ΣΤΑΥΡΑΚΑΚΗΣ ΝΙΚΟΛΑΟΣ του Χρήστου,Ελλήνων Συνέλευσις,ΔΕΡΤΙΛΗΣ ΗΛΙΑΣ του Χαρίλαου,ΖΑΒΑΛΑΚΟΣ ΙΩΑΝΝΗΣ του Γεωργίου,ΚΟΥΛΟΥΒΑΡΗΣ ΘΕΟΔΩΡΟΣ του Στυλιανού,ΜΑΥΡΟΥΛΑ ΚΩΝΣΤΑΝΤΙΝΑ του Γεωργίου,ΣΟΥΣΑΝΗ ΑΙΚΑΤΕΡΙΝΗ του Θεοδώρου,ΕΕΚ Τροτσκιστές - Εργ.Επ.Κόμμα,ΣΤΑΘΗΣ ΓΕΩΡΓΙΟΣ του Κωνσταντίνου,Ελληνική Λύση - Κ. Βελόπουλος,ΑΝΑΣΤΑΣΟΠΟΥΛΟΥ ΜΑΡΙΑ του Ηλία,ΚΡΥΠΩΤΟΣ ΠΑΝΑΓΙΩΤΗΣ του Γεωργίου,ΣΤΑΜΟΥ ΑΙΚΑΤΕΡΙΝΗ του Γερασίμου,Κ.Κ.Ε. (μ-λ),ΠΑΠΑΔΟΠΟΥΛΟΣ ΠΑΝΤΕΛΕΗΜΩΝ του Σωτηρίου-Φοίβου,Μ-Λ Κ.Κ.Ε.,ΚΟΣΜΑΣ ΠΑΝΑΓΙΩΤΗΣ του Δημητρίου,Ε.ΠΑ.Μ - Α.Κ.Κ.ΕΛ,ΚΟΚΚΟΡΗΣ ΙΩΑΝΝΗΣ του Νικολάου,ΝΤΟΜΠΡΙΝΚΑ (DOBRINKA) ΝΤΟΜΠΡΕΒΑ (DOBREVA),ΣΤΑΜΑΤΑΚΟΣ ΔΗΜΗΤΡΙΟΣ του Ηλία,Λαϊκή Ενότητα,ΓΕΩΡΓΟΥΛΕΑ ΣΩΤΗΡΙΑ-ΚΥΡΙΑΚΗ του Κωνσταντίνου,ΛΕΡΙΚΟΥ ΠΑΝΑΓΙΩΤΑ του Αποστόλου,ΜΑΣΤΟΡΑΚΗΣ ΕΥΑΓΓΕΛΟΣ του Ιωάννη,ΣΤΑΜΑΤΑΚΟΣ ΚΩΝΣΤΑΝΤΙΝΟΣ του Ηλία,ΧΡΥΣΑΔΑΚΟΣ ΣΤΑΥΡΟΣ του Πέτρου,ΜέΡΑ25,ΚΑΚΑΛΕΤΡΗ ΖΑΦΕΙΡΙΑ του Γεωργίου,ΚΥΤΤΑΡΗΣ ΠΑΡΑΣΚΕΥΑΣ του Θεοδώρου,ΜΠΟΥΤΣΑΛΗΣ ΚΩΝΣΤΑΝΤΙΝΟΣ του Μιχαήλ,Δημιουργία ξανά - Θ. Τζήμερος,ΚΑΡΥΔΗΣ ΓΕΩΡΓΙΟΣ του Ευστρατίου,ΚΡΗΤΙΚΟΥ ΜΟΝΙΚΑ-ΠΙΑ του Παναγιώτη,ΣΤΑΘΑΚΗΣ ΙΩΑΝΝΗΣ του Κωνσταντίνου,Πλεύση Ελευθερίας - Ζωή Κωνστ.,ΡΟΖΑΚΗΣ ΚΥΡΙΑΚΟΣ του Ισιδώρου
47 - Λακωνίας,1 E.T. Δήμου Ανατολικής Μάνης,221,87,0,0,0,87,8,4,1,1,1,0,70,30,8,26,5,0,3,0,1,2,0,0,0,0,0,0,0,0,0,0,0,0,0,0,1,0,0,0,0,0,0,0,0,0,1,0,0,1,0,0,0,0,2,0,0,0,0,0,0,0,0,0,0,0,0,0,0,0,0,0,0,0,0,0,0,0,0,0,2,1
47 - Λακωνίας,2 E.T. Δήμου Ανατολικής Μάνης,453,87,1,2,3,84,17,5,3,1,4,0,35,10,0,20,2,0,3,0,3,0,0,0,7,5,0,1,0,0,13,8,0,4,0,0,1,0,1,0,0,0,0,0,0,0,0,0,0,0,0,0,0,0,3,0,1,1,0,0,0,0,2,2,0,0,1,0,0,0,0,1,2,1,0,1,0,0,0,0,0,0
47 - Λακωνίας,3 E.T. Δήμου Ανατολικής Μάνης,217,115,0,0,0,115,26,17,0,1,1,0,40,18,0,18,3,0,28,2,12,8,4,1,8,7,0,0,0,1,9,7,0,1,0,0,0,0,0,0,0,0,0,0,0,0,0,0,0,0,0,0,0,0,4,1,3,0,0,0,0,0,0,0,0,0,0,0,0,0,0,0,0,0,0,0,0,0,0,0,0,0
47 - Λακωνίας,4 E.T. Δήμου Ανατολικής Μάνης,420,169,1,2,3,166,19,12,0,0,2,0,104,72,4,10,12,1,5,0,2,0,1,0,18,11,0,0,0,6,3,0,0,0,0,0,4,2,0,1,0,0,0,0,0,0,0,0,0,0,0,0,0,0,7,2,2,0,0,0,0,0,0,0,0,0,2,0,0,0,0,2,2,1,0,0,0,0,0,0,2,1
47 - Λακωνίας,5 E.T. Δήμου Ανατολικής Μάνης,435,176,2,2,4,172,23,18,0,1,0,0,110,74,9,10,13,4,5,0,2,1,1,0,17,11,0,0,0,6,6,0,0,0,0,1,1,1,0,0,0,0,0,0,0,0,1,0,0,1,0,0,0,0,3,1,1,0,0,0,0,0,0,0,0,0,0,0,0,0,0,0,2,1,0,0,2,0,1,0,2,2
47 - Λακωνίας,6 E.T. Δήμου Ανατολικής Μάνης,356,69,0,0,0,69,11,4,0,4,0,0,28,11,1,7,4,2,9,0,5,0,2,0,6,3,0,0,0,2,10,3,0,0,0,1,1,0,0,0,0,0,0,0,0,0,0,0,0,0,0,0,0,0,2,1,0,1,0,0,1,0,0,0,0,0,0,0,0,0,0,0,0,0,0,0,1,1,0,0,0,0
47 - Λακωνίας,7 E.T. Δήμου Ανατολικής Μάνης,306,49,2,0,2,47,2,0,0,1,0,0,29,9,0,4,14,0,13,0,8,3,0,0,2,0,0,0,0,2,1,1,0,0,0,0,0,0,0,0,0,0,0,0,0,0,0,0,0,0,0,0,0,0,0,0,0,0,0,0,0,0,0,0,0,0,0,0,0,0,0,0,0,0,0,0,0,0,0,0,0,0
47 - Λακωνίας,8 E.T. Δήμου Ανατολικής Μάνης,113,57,0,0,0,57,3,2,0,0,0,0,41,21,1,6,11,1,4,0,0,0,0,3,6,0,0,0,0,6,0,0,0,0,0,0,0,0,0,0,0,0,0,0,0,0,0,0,0,0,0,0,1,1,2,1,1,0,0,0,0,0,0,0,0,0,0,0,0,0,0,0,0,0,0,0,0,0,0,0,0,0
47 - Λακωνίας,9 E.T. Δήμου Ανατολικής Μάνης,510,271,1,1,2,269,48,27,4,1,8,1,148,50,9,30,44,3,16,0,14,1,0,0,28,19,0,0,0,8,11,8,2,0,0,0,1,0,0,0,0,0,0,0,0,0,1,0,1,0,0,0,0,0,5,2,1,0,0,0,0,0,0,0,0,0,2,0,0,0,0,1,6,1,0,1,2,0,0,0,1,0
47 - Λακωνίας,10 E.T. Δήμου Ανατολικής Μάνης,512,231,0,1,1,230,38,21,1,0,10,0,142,43,5,56,28,2,6,0,4,0,1,0,24,15,0,1,0,6,7,5,0,0,0,0,1,1,0,0,0,0,0,0,0,0,0,0,0,0,0,0,0,0,5,3,2,0,0,0,0,0,1,0,0,0,0,0,0,0,0,0,3,1,0,0,0,0,0,0,3,3
47 - Λακωνίας,11 E.T. Δήμου Ανατολικής Μάνης,510,259,1,3,4,255,33,20,3,2,4,1,130,49,2,58,17,1,12,0,7,0,0,1,53,35,0,0,5,11,10,6,0,1,0,1,2,0,0,0,0,0,0,0,0,0,0,0,0,0,0,0,1,1,5,1,2,1,0,0,0,0,0,0,0,0,1,0,1,0,0,0,3,1,0,0,3,0,0,1,2,2
47 - Λακωνίας,12 E.T. Δήμου Ανατολικής Μάνης,492,266,7,2,9,257,45,22,3,3,8,1,139,39,8,39,48,1,11,0,7,0,0,1,43,30,0,2,2,8,2,2,0,0,0,0,1,0,0,0,0,0,0,0,0,0,0,0,0,0,0,0,0,0,10,3,5,0,1,0,0,0,0,0,0,0,0,0,0,0,0,0,3,1,0,0,1,0,0,1,1,1
47 - Λακωνίας,13 E.T. Δήμου Ανατολικής Μάνης,500,268,0,0,0,268,26,9,1,2,5,0,161,55,3,61,36,0,9,0,9,0,0,0,44,32,0,1,0,8,4,3,0,0,1,0,0,0,0,0,0,0,1,0,0,0,1,1,0,0,0,0,0,0,10,3,3,1,0,0,0,0,2,0,0,1,1,0,0,0,0,1,3,0,0,1,3,2,0,0,3,1
47 - Λακωνίας,14 E.T. Δήμου Ανατολικής Μάνης,502,284,0,1,1,283,58,28,7,2,13,3,142,50,4,44,37,1,9,0,8,0,0,0,47,38,0,1,2,6,13,9,0,0,0,0,2,2,0,0,0,0,1,0,0,0,0,0,0,0,0,0,0,0,6,0,4,0,0,0,0,0,0,0,0,0,0,0,0,0,0,0,2,0,1,0,0,0,0,0,3,2
47 - Λακωνίας,15 E.T. Δήμου Ανατολικής Μάνης,493,253,4,1,5,248,35,23,1,2,2,1,150,42,5,60,28,7,19,0,13,1,2,0,27,14,0,1,2,9,6,4,0,0,0,0,0,0,0,0,0,0,0,0,0,0,0,0,0,0,0,0,0,0,7,2,2,0,0,0,0,0,0,0,0,0,0,0,0,0,0,0,3,3,0,0,1,1,0,0,0,0
47 - Λακωνίας,16 E.T. Δήμου Ανατολικής Μάνης,501,274,6,0,6,268,43,22,5,6,9,0,141,41,7,56,27,4,5,0,5,0,0,0,47,34,0,2,1,10,4,2,0,0,0,0,3,0,0,2,0,0,1,0,0,0,1,1,0,0,0,0,0,0,11,5,2,2,0,0,0,0,1,0,0,1,1,0,0,0,0,0,6,1,0,0,0,0,0,0,4,3
47 - Λακωνίας,17 E.T. Δήμου Ανατολικής Μάνης,500,257,1,1,2,255,58,29,1,0,18,2,136,43,5,46,31,3,9,1,7,0,0,1,35,24,0,0,3,8,2,1,0,0,0,0,1,1,0,0,1,0,0,0,0,0,1,0,0,0,0,0,0,0,3,0,1,1,0,0,0,0,0,0,0,0,1,0,0,0,0,0,6,1,0,1,1,0,0,0,1,0
47 - Λακωνίας,18 E.T. Δήμου Ανατολικής Μάνης,504,264,2,2,4,260,49,26,7,2,4,1,145,35,5,59,38,4,12,2,6,0,2,1,33,20,0,3,4,5,2,2,0,0,0,0,0,0,0,0,0,0,0,0,0,0,0,0,0,0,0,0,1,1,6,0,1,0,0,0,0,0,0,0,0,0,0,0,0,0,0,0,5,2,0,0,3,3,0,0,4,1
47 - Λακωνίας,19 E.T. Δήμου Ανατολικής Μάνης,236,99,0,0,0,99,16,10,0,2,0,1,56,24,2,15,8,0,6,1,5,0,0,0,12,11,0,0,0,0,0,0,0,0,0,0,0,0,0,0,0,0,0,0,0,0,5,1,0,1,1,0,0,0,2,2,0,0,0,0,0,0,1,0,0,0,0,0,0,0,0,0,1,1,0,0,0,0,0,0,0,0
47 - Λακωνίας,20 E.T. Δήμου Ανατολικής Μάνης,401,194,1,1,2,192,17,11,0,1,1,0,129,59,3,17,41,1,6,0,5,0,0,0,24,15,0,0,6,3,4,3,0,0,0,0,1,1,0,0,0,0,0,0,0,0,0,0,0,0,0,0,0,0,2,0,2,0,0,0,0,0,1,0,0,1,1,0,0,0,0,1,3,2,0,0,0,0,0,0,4,3
47 - Λακωνίας,21 E.T. Δήμου Ανατολικής Μάνης,144,43,0,0,0,43,6,2,0,1,2,0,18,10,1,5,2,0,1,1,0,0,0,0,9,4,0,0,0,5,8,3,0,1,0,0,0,0,0,0,0,0,0,0,0,0,0,0,0,0,0,0,0,0,0,0,0,0,0,0,0,0,0,0,0,0,0,0,0,0,0,0,1,0,0,0,0,0,0,0,0,0
47 - Λακωνίας,22 E.T. Δήμου Ανατολικής Μάνης,194,88,1,1,2,86,17,9,3,0,2,0,42,20,2,12,4,1,11,0,8,2,0,0,6,4,0,0,0,2,0,0,0,0,0,0,0,0,0,0,0,0,0,0,0,0,8,0,8,0,0,0,0,0,1,1,0,0,0,0,0,0,0,0,0,0,0,0,0,0,0,0,0,0,0,0,0,0,0,0,1,1
47 - Λακωνίας,23 E.T. Δήμου Ανατολικής Μάνης,306,165,1,0,1,164,29,13,1,0,5,0,95,35,6,36,16,2,7,1,3,0,0,0,24,15,0,0,0,9,3,3,0,0,0,0,1,0,0,0,0,0,0,0,0,0,0,0,0,0,0,0,0,0,3,0,3,0,0,0,0,0,0,0,0,0,0,0,0,0,0,0,1,1,0,0,0,0,0,0,1,1
47 - Λακωνίας,24 E.T. Δήμου Ανατολικής Μάνης,251,107,1,0,1,106,35,20,1,0,5,1,44,25,2,10,7,0,3,0,2,0,0,1,8,7,0,0,0,1,4,3,0,0,0,0,0,0,0,0,0,0,1,1,0,0,0,0,0,0,0,0,1,1,2,1,0,0,0,0,0,0,0,0,0,0,1,0,0,0,1,0,6,2,0,1,0,0,0,0,1,0
47 - Λακωνίας,25 E.T. Δήμου Ανατολικής Μάνης,301,135,2,1,3,132,20,14,0,2,1,0,88,21,8,35,15,0,2,0,2,0,0,0,18,18,0,0,0,0,3,0,0,0,0,0,0,0,0,0,0,0,0,0,0,0,0,0,0,0,0,0,0,0,0,0,0,0,0,0,0,0,0,0,0,0,0,0,0,0,0,0,1,1,0,0,0,0,0,0,0,0
47 - Λακωνίας,26 E.T. Δήμου Ανατολικής Μάνης,272,79,1,0,1,78,8,6,0,0,0,0,46,20,0,7,18,1,6,0,6,0,0,0,6,5,0,0,1,0,0,0,0,0,0,0,1,0,1,0,0,0,0,0,0,0,0,0,0,0,0,0,0,0,5,0,3,0,0,0,0,0,0,0,0,0,0,0,0,0,0,0,4,4,0,0,1,0,1,0,1,1
47 - Λακωνίας,27 E.T. Δήμου Ανατολικής Μάνης,114,42,1,0,1,41,5,5,0,0,0,0,20,10,0,3,2,1,3,0,3,0,0,0,8,8,0,0,0,0,0,0,0,0,0,0,1,0,1,0,0,0,0,0,0,0,0,0,0,0,0,0,0,0,0,0,0,0,0,0,0,0,1,0,1,0,0,0,0,0,0,0,3,0,1,1,0,0,0,0,0,0
47 - Λακωνίας,28 E.T. Δήμου Ανατολικής Μάνης,170,67,0,0,0,67,12,9,0,0,2,0,30,7,3,11,9,0,6,0,3,0,1,1,12,11,0,0,1,0,0,0,0,0,0,0,1,0,0,0,0,0,0,0,0,0,2,0,1,0,0,0,0,0,0,0,0,0,0,0,0,0,0,0,0,0,0,0,0,0,0,0,2,1,0,0,0,0,0,0,2,2
47 - Λακωνίας,29 E.T. Δήμου Ανατολικής Μάνης,376,95,2,1,3,92,11,6,0,0,2,1,53,18,3,21,8,0,7,0,5,1,1,0,12,11,0,0,1,0,3,2,0,1,0,0,1,0,0,0,0,0,0,0,0,0,0,0,0,0,0,0,0,0,1,1,0,0,0,0,0,0,0,0,0,0,0,0,0,0,0,0,3,1,0,0,0,0,0,0,1,1
47 - Λακωνίας,30 E.T. Δήμου Ανατολικής Μάνης,273,140,0,1,1,139,37,24,2,1,0,3,62,31,5,19,3,0,8,1,5,1,1,0,15,15,0,0,0,0,1,0,0,0,0,0,1,1,0,0,0,0,0,0,0,0,1,0,0,0,0,0,0,0,5,2,1,0,0,0,0,0,0,0,0,0,0,0,0,0,0,0,4,1,0,2,1,0,0,1,4,3
47 - Λακωνίας,31 E.T. Δήμου Ανατολικής Μάνης,263,121,0,1,1,120,19,15,0,0,3,0,55,22,1,7,21,2,10,0,10,0,0,0,13,11,0,0,0,1,5,5,0,0,0,0,3,2,0,0,0,0,0,0,0,0,0,0,0,0,0,0,0,0,5,2,1,2,0,0,0,0,0,0,0,0,2,0,0,0,0,2,8,4,1,0,0,0,0,0,0,0
47 - Λακωνίας,32 E.T. Δήμου Ανατολικής Μάνης,378,122,0,0,0,122,10,8,0,0,1,0,84,46,4,12,14,3,9,0,8,0,0,0,13,13,0,0,0,0,1,0,0,0,0,0,0,0,0,0,0,0,0,0,0,0,0,0,0,0,0,0,0,0,4,3,0,0,0,0,0,0,0,0,0,0,0,0,0,0,0,0,0,0,0,0,0,0,0,0,1,1
47 - Λακωνίας,33 E.T. Δήμου Ανατολικής Μάνης,129,63,1,0,1,62,6,5,0,1,0,0,41,22,13,4,0,0,4,0,2,1,0,1,4,4,0,0,0,0,2,1,0,0,0,0,0,0,0,0,0,0,0,0,0,0,0,0,0,0,0,0,0,0,2,1,1,0,0,0,0,0,0,0,0,0,0,0,0,0,0,0,1,1,0,0,1,0,0,1,1,0
47 - Λακωνίας,34 E.T. Δήμου Ανατολικής Μάνης,394,175,2,0,2,173,12,8,1,1,1,0,66,33,7,16,4,0,7,0,1,5,0,0,67,4,0,0,0,63,0,0,0,0,0,0,1,1,0,0,0,0,1,1,0,0,0,0,0,0,0,0,0,0,10,5,4,1,0,0,0,0,0,0,0,0,0,0,0,0,0,0,4,2,0,1,1,0,1,0,4,3
47 - Λακωνίας,35 E.T. Δήμου Ανατολικής Μάνης,194,120,1,1,2,118,28,17,2,0,1,0,47,13,4,15,12,0,2,0,1,1,0,0,28,22,0,1,0,5,7,4,0,0,0,0,0,0,0,0,0,0,0,0,0,0,0,0,0,0,0,0,0,0,2,1,0,0,0,0,0,0,0,0,0,0,1,0,0,0,0,1,2,0,0,0,0,0,0,0,1,0
47 - Λακωνίας,36 E.T. Δήμου Ανατολικής Μάνης,438,238,0,5,5,233,34,22,2,2,7,0,126,63,11,23,17,2,10,0,4,3,1,1,40,24,0,0,0,16,4,0,0,0,0,1,0,0,0,0,0,0,2,0,0,1,0,0,0,0,0,0,0,0,5,4,1,0,0,0,0,0,1,1,0,0,0,0,0,0,0,0,4,2,0,1,0,0,0,0,7,6
47 - Λακωνίας,37 E.T. Δήμου Ανατολικής Μάνης,463,240,2,0,2,238,39,18,1,4,7,1,123,68,20,14,11,3,11,0,3,8,0,0,28,11,0,2,0,14,16,7,1,2,1,3,0,0,0,0,0,0,0,0,0,0,1,0,0,1,0,0,0,0,9,4,5,0,0,0,0,0,0,0,0,0,0,0,0,0,0,0,4,2,0,0,1,0,0,0,6,3
47 - Λακωνίας,38 E.T. Δήμου Ανατολικής Μάνης,151,86,0,0,0,86,6,4,0,0,2,0,62,44,4,2,9,0,2,1,0,1,0,0,10,4,0,0,0,6,4,2,0,1,0,0,0,0,0,0,0,0,0,0,0,0,0,0,0,0,0,0,0,0,0,0,0,0,0,0,0,0,1,0,0,0,0,0,0,0,0,0,0,0,0,0,1,0,1,0,0,0
47 - Λακωνίας,39 E.T. Δήμου Ανατολικής Μάνης,123,49,0,1,1,48,7,0,1,2,3,0,35,27,0,5,3,0,4,0,1,2,0,0,2,0,0,0,0,2,0,0,0,0,0,0,0,0,0,0,0,0,0,0,0,0,0,0,0,0,0,0,0,0,0,0,0,0,0,0,0,0,0,0,0,0,0,0,0,0,0,0,0,0,0,0,0,0,0,0,0,0
47 - Λακωνίας,40 E.T. Δήμου Ανατολικής Μάνης,123,44,3,0,3,41,3,1,0,1,0,0,26,8,2,9,2,1,0,0,0,0,0,0,7,3,0,0,0,3,1,1,0,0,0,0,0,0,0,0,0,0,1,0,0,0,0,0,0,0,0,0,0,0,1,0,1,0,0,0,0,0,0,0,0,0,0,0,0,0,0,0,0,0,0,0,0,0,0,0,2,2
47 - Λακωνίας,41 E.T. Δήμου Ανατολικής Μάνης,196,94,0,1,1,93,7,4,0,0,0,0,60,35,2,13,9,0,5,0,1,0,0,0,6,3,0,0,0,3,0,0,0,0,0,0,4,0,4,0,0,0,0,0,0,0,0,0,0,0,0,0,0,0,9,0,8,0,0,0,0,0,0,0,0,0,0,0,0,0,0,0,0,0,0,0,2,1,0,0,0,0
47 - Λακωνίας,42 E.T. Δήμου Ανατολικής Μάνης,98,23,0,0,0,23,0,0,0,0,0,0,12,3,2,5,0,0,0,0,0,0,0,0,9,8,0,0,0,1,0,0,0,0,0,0,0,0,0,0,0,0,0,0,0,0,0,0,0,0,0,0,0,0,0,0,0,0,0,0,0,0,0,0,0,0,0,0,0,0,0,0,1,0,0,0,0,0,0,0,1,0
47 - Λακωνίας,43 E.T. Δήμου Ανατολικής Μάνης,178,78,0,0,0,78,11,11,0,0,0,0,51,44,1,2,1,1,5,0,4,0,0,0,7,2,0,0,0,5,3,0,0,0,0,0,1,0,0,0,0,0,0,0,0,0,0,0,0,0,0,0,0,0,0,0,0,0,0,0,0,0,0,0,0,0,0,0,0,0,0,0,0,0,0,0,0,0,0,0,0,0
47 - Λακωνίας,44 E.T. Δήμου Ανατολικής Μάνης,294,122,0,0,0,122,7,4,0,0,2,0,90,47,2,30,9,1,14,0,10,1,0,0,2,1,0,0,0,1,0,0,0,0,0,0,1,1,0,0,2,0,0,0,0,0,0,0,0,0,0,0,0,0,3,1,2,0,0,0,1,0,0,0,0,0,0,0,0,0,0,0,0,0,0,0,1,0,0,0,1,1
47 - Λακωνίας,45 E.T. Δήμου Ανατολικής Μάνης,91,45,1,0,1,44,9,5,3,0,0,0,23,12,3,3,1,3,2,0,0,1,1,0,9,6,0,0,0,3,0,0,0,0,0,0,0,0,0,0,0,0,0,0,0,0,0,0,0,0,0,0,0,0,1,1,0,0,0,0,0,0,0,0,0,0,0,0,0,0,0,0,0,0,0,0,0,0,0,0,0,0
47 - Λακωνίας,46 E.T. Δήμου Ανατολικής Μάνης,121,39,0,0,0,39,7,2,1,0,0,1,12,7,0,0,0,1,3,0,1,2,0,0,3,3,0,0,0,0,3,1,0,0,0,1,0,0,0,0,0,0,0,0,0,0,0,0,0,0,0,0,0,0,4,2,2,0,0,0,0,0,0,0,0,0,1,0,0,0,0,0,6,2,1,0,0,0,0,0,0,0
47 - Λακωνίας,47 E.T. Δήμου Ανατολικής Μάνης,509,203,2,0,2,201,42,31,1,0,4,1,123,81,4,23,1,0,13,2,5,2,1,0,10,6,0,1,0,2,4,0,0,2,0,0,1,1,0,0,0,0,0,0,0,0,0,0,0,0,0,0,0,0,6,1,3,1,0,0,0,0,1,1,0,0,0,0,0,0,0,0,1,1,0,0,0,0,0,0,0,0
47 - Λακωνίας,48 E.T. Δήμου Ανατολικής Μάνης,462,177,2,0,2,175,32,19,3,5,2,0,93,43,2,30,11,4,10,0,5,2,2,0,15,12,0,0,0,3,13,5,0,1,0,2,0,0,0,0,0,0,0,0,0,0,0,0,0,0,0,0,0,0,6,2,1,2,0,0,0,0,0,0,0,0,2,0,0,0,0,2,3,1,0,2,1,1,0,0,0,0
47 - Λακωνίας,49 E.T. Δήμου Ανατολικής Μάνης,274,58,0,0,0,58,4,3,0,0,0,0,36,12,5,8,5,0,3,0,0,2,0,0,11,3,0,0,0,6,1,0,0,0,0,1,0,0,0,0,0,0,0,0,0,0,0,0,0,0,0,0,0,0,3,0,2,1,0,0,0,0,0,0,0,0,0,0,0,0,0,0,0,0,0,0,0,0,0,0,0,0
47 - Λακωνίας,50 E.T. Δήμου Ανατολικής Μάνης,523,181,3,0,3,178,24,6,4,5,7,0,105,61,13,20,4,0,12,0,6,3,1,1,12,12,0,0,0,0,5,2,0,1,0,0,0,0,0,0,0,0,0,0,0,0,0,0,0,0,0,0,0,0,11,5,3,2,0,0,0,0,0,0,0,0,0,0,0,0,0,0,3,1,1,0,1,0,0,0,5,4
47 - Λακωνίας,51 E.T. Δήμου Ανατολικής Μάνης,133,47,0,1,1,46,9,5,0,0,1,0,28,18,1,4,1,1,1,0,0,0,0,0,3,1,1,0,0,0,2,0,0,0,0,0,1,0,0,0,0,0,1,0,0,0,0,0,0,0,0,0,0,0,0,0,0,0,1,0,0,0,0,0,0,0,0,0,0,0,0,0,0,0,0,0,0,0,0,0,0,0
47 - Λακωνίας,52 E.T. Δήμου Ανατολικής Μάνης,448,127,0,0,0,127,17,11,1,0,2,0,92,54,13,10,3,3,2,0,1,1,0,0,9,8,0,0,0,0,1,0,0,0,0,0,0,0,0,0,0,0,1,0,0,0,0,0,0,0,0,0,0,0,1,0,1,0,0,0,0,0,0,0,0,0,0,0,0,0,0,0,3,1,0,1,0,0,0,0,1,1
47 - Λακωνίας,53 E.T. Δήμου Ανατολικής Μάνης,354,122,1,1,2,120,16,8,0,1,1,1,82,45,12,9,10,0,9,0,1,5,1,1,7,5,0,0,0,0,0,0,0,0,0,0,1,0,1,0,0,0,0,0,0,0,0,0,0,0,0,0,0,0,1,1,0,0,1,0,0,0,0,0,0,0,0,0,0,0,0,0,3,2,0,1,0,0,0,0,0,0
47 - Λακωνίας,54 E.T. Δήμου Ανατολικής Μάνης,443,212,5,4,9,203,32,17,0,1,5,1,135,78,8,17,16,3,10,1,2,6,0,0,8,7,0,0,0,0,2,1,1,0,0,0,2,0,1,0,0,0,0,0,0,0,2,0,0,2,0,0,0,0,3,1,0,0,0,0,0,0,1,0,0,0,1,0,0,0,0,1,5,2,0,0,0,0,0,0,2,2
47 - Λακωνίας,55 E.T. Δήμου Ανατολικής Μάνης,431,212,0,0,0,212,31,17,1,2,3,0,131,81,11,16,9,3,13,0,10,2,0,0,16,6,0,0,0,9,5,2,0,0,0,1,0,0,0,0,0,0,0,0,0,0,3,0,0,3,0,0,0,0,5,3,0,0,0,0,0,0,0,0,0,0,0,0,0,0,0,0,5,2,1,0,1,0,0,0,2,2
47 - Λακωνίας,56 E.T. Δήμου Ανατολικής Μάνης,69,27,0,0,0,27,4,2,0,0,2,0,18,12,0,5,0,1,0,0,0,0,0,0,2,0,0,0,0,2,1,1,0,0,0,0,0,0,0,0,0,0,0,0,0,0,0,0,0,0,0,0,0,0,1,0,0,0,0,0,0,0,0,0,0,0,0,0,0,0,0,0,1,0,0,1,0,0,0,0,0,0
47 - Λακωνίας,57 E.T. Δήμου Ανατολικής Μάνης,317,90,0,0,0,90,24,19,1,0,0,0,21,8,2,1,7,2,8,1,4,0,0,0,21,20,0,0,0,0,10,8,1,0,0,1,0,0,0,0,0,0,1,1,0,0,0,0,0,0,0,0,0,0,0,0,0,0,0,0,0,0,0,0,0,0,1,0,0,0,0,1,1,1,0,0,0,0,0,0,3,2
47 - Λακωνίας,58 E.T. Δήμου Ανατολικής Μάνης,165,67,0,2,2,65,16,10,1,1,1,2,27,9,4,9,4,0,1,0,1,0,0,0,12,7,0,2,0,3,5,4,0,0,0,0,0,0,0,0,0,0,0,0,0,0,0,0,0,0,0,0,0,0,3,2,1,0,0,0,0,0,0,0,0,0,0,0,0,0,0,0,1,0,0,0,0,0,0,0,0,0
47 - Λακωνίας,59 E.T. Δήμου Ανατολικής Μάνης,182,56,3,0,3,53,5,4,0,0,1,0,36,13,6,8,6,2,1,0,1,0,0,0,10,10,0,0,0,0,0,0,0,0,0,0,0,0,0,0,0,0,0,0,0,0,0,0,0,0,0,0,0,0,1,1,0,0,0,0,0,0,0,0,0,0,0,0,0,0,0,0,0,0,0,0,0,0,0,0,0,0
47 - Λακωνίας,60 E.T. Δήμου Ανατολικής Μάνης,244,118,0,0,0,118,25,13,2,2,0,0,35,17,0,4,10,1,2,0,1,0,0,0,30,23,0,1,2,4,9,3,1,0,0,1,0,0,0,0,0,0,0,0,0,0,1,0,0,1,0,0,1,1,2,0,1,0,0,0,0,0,0,0,0,0,10,0,0,0,0,8,2,1,0,1,0,0,0,0,1,0
47 - Λακωνίας,61 E.T. Δήμου Ανατολικής Μάνης,120,61,0,0,0,61,11,7,0,1,1,0,30,11,0,10,7,0,0,0,0,0,0,0,6,4,0,0,0,2,1,0,0,0,0,1,0,0,0,0,0,0,0,0,0,0,0,0,0,0,0,0,0,0,7,2,3,1,0,0,0,0,0,0,0,0,3,0,0,0,0,3,2,1,0,1,0,0,0,0,1,1
47 - Λακωνίας,62 E.T. Δήμου Ανατολικής Μάνης,332,118,0,0,0,118,19,11,2,1,1,0,43,7,2,6,13,0,1,0,0,1,0,0,40,40,0,0,0,0,11,6,0,2,0,1,2,1,1,0,0,0,0,0,0,0,0,0,0,0,0,0,0,0,0,0,0,0,0,0,0,0,0,0,0,0,0,0,0,0,0,0,2,2,0,0,0,0,0,0,0,0
47 - Λακωνίας,63 E.T. Δήμου Ανατολικής Μάνης,233,81,0,0,0,81,5,2,2,0,0,0,33,13,1,3,16,0,3,1,1,0,0,1,29,29,0,0,0,0,10,10,0,0,0,0,0,0,0,0,0,0,0,0,0,0,0,0,0,0,0,0,0,0,0,0,0,0,0,0,0,0,0,0,0,0,0,0,0,0,0,0,0,0,0,0,0,0,0,0,1,1
47 - Λακωνίας,64 E.T. Δήμου Ανατολικής Μάνης,385,109,2,0,2,107,23,11,0,1,1,0,34,9,3,13,7,0,2,0,1,0,1,0,37,34,0,1,0,1,7,3,0,0,0,1,0,0,0,0,0,0,0,0,0,0,0,0,0,0,0,0,0,0,1,0,0,0,0,0,0,0,0,0,0,0,2,0,0,0,0,2,0,0,0,0,0,0,0,0,1,1
47 - Λακωνίας,65 E.T. Δήμου Ανατολικής Μάνης,320,125,3,1,4,121,19,10,0,3,1,0,32,6,5,6,10,0,1,0,1,0,0,0,55,49,0,1,1,2,12,4,0,0,0,0,0,0,0,0,0,0,0,0,0,0,0,0,0,0,0,0,0,0,1,0,1,0,0,0,0,0,0,0,0,0,0,0,0,0,0,0,0,0,0,0,1,1,0,0,0,0
47 - Λακωνίας,66 E.T. Δήμου Ανατολικής Μάνης,204,92,0,1,1,91,9,7,1,0,1,0,41,17,2,4,13,2,5,0,5,0,0,0,26,26,0,0,0,0,3,0,0,0,0,1,0,0,0,0,0,0,0,0,0,0,0,0,0,0,0,0,0,0,1,0,0,1,0,0,0,0,0,0,0,0,1,0,0,0,0,1,2,0,0,0,0,0,0,0,3,0
47 - Λακωνίας,67 E.T. Δήμου Ανατολικής Μάνης,165,72,0,3,3,69,16,8,2,2,0,0,24,3,6,2,8,3,3,0,2,0,0,1,16,16,0,0,0,0,2,1,0,1,0,0,0,0,0,0,0,0,0,0,0,0,0,0,0,0,0,0,0,0,2,1,0,0,0,0,0,0,2,0,0,1,2,0,0,0,0,2,2,0,0,0,0,0,0,0,0,0
47 - Λακωνίας,68 E.T. Δήμου Ελαφονήσου,389,196,4,3,7,189,45,13,22,2,0,0,97,46,2,17,18,14,8,0,5,0,0,0,17,9,0,0,0,5,5,3,0,0,0,0,1,0,0,0,0,0,2,1,0,0,0,0,0,0,0,0,0,0,7,1,2,1,0,0,1,0,0,0,0,0,0,0,0,0,0,0,4,3,0,0,0,0,0,0,2,2
47 - Λακωνίας,69 E.T. Δήμου Ελαφονήσου,398,199,4,1,5,194,46,11,25,0,2,1,73,34,5,10,16,2,8,0,5,0,1,0,37,29,1,2,1,2,2,0,0,2,0,0,3,0,1,0,0,0,2,0,1,0,1,0,1,0,0,0,0,0,9,2,2,1,1,0,0,0,0,0,0,0,3,0,0,2,1,0,6,3,1,1,0,0,0,0,3,1
47 - Λακωνίας,70 E.T. Δήμου Ελαφονήσου,432,202,2,0,2,200,51,13,26,2,2,0,87,47,5,8,17,2,6,0,1,2,1,1,24,20,0,2,0,0,3,1,0,0,0,1,4,2,0,0,0,0,1,1,0,0,0,0,0,0,0,0,0,0,8,2,2,1,0,0,0,0,0,0,0,0,0,0,0,0,0,0,12,5,2,2,1,0,0,1,3,2
47 - Λακωνίας,71 E.T. Δήμου Ευρώτα,236,87,0,0,0,87,5,4,0,0,1,0,53,6,1,5,35,3,5,1,0,0,0,0,23,21,0,0,2,0,0,0,0,0,0,0,0,0,0,0,0,0,0,0,0,0,0,0,0,0,0,0,0,0,1,1,0,0,0,0,0,0,0,0,0,0,0,0,0,0,0,0,0,0,0,0,0,0,0,0,0,0
47 - Λακωνίας,72 E.T. Δήμου Ευρώτα,496,268,3,3,6,262,35,32,0,0,0,0,164,60,11,13,60,5,13,2,1,0,9,0,31,24,0,0,1,1,2,0,0,0,2,0,2,0,0,0,0,0,1,0,0,0,2,0,0,2,0,0,0,0,3,0,2,0,0,0,0,0,0,0,0,0,5,1,0,0,0,4,2,2,0,0,1,0,1,0,1,1
47 - Λακωνίας,73 E.T. Δήμου Ευρώτα,436,163,1,0,1,162,26,15,3,0,1,0,89,37,1,15,25,1,3,0,0,0,3,0,26,12,1,1,0,0,3,0,0,1,0,1,2,1,0,0,1,0,0,0,0,0,0,0,0,0,0,0,0,0,5,1,4,0,0,0,0,0,1,0,0,0,1,0,0,0,0,1,3,2,0,0,1,0,1,0,1,0
47 - Λακωνίας,74 E.T. Δήμου Ευρώτα,469,221,4,0,4,217,32,21,2,1,2,1,113,37,5,14,44,4,4,0,1,1,2,0,42,33,1,1,4,1,8,0,1,0,4,1,3,0,0,1,0,0,1,0,1,0,0,0,0,0,0,0,0,0,7,2,3,0,0,0,0,0,0,0,0,0,1,0,0,0,0,0,5,3,0,0,1,0,0,0,0,0
47 - Λακωνίας,75 E.T. Δήμου Ευρώτα,453,244,0,1,1,243,32,30,0,1,0,0,104,40,5,12,35,2,9,0,2,0,6,0,66,53,0,3,7,1,5,0,0,0,2,1,3,1,0,0,1,1,0,0,0,0,3,0,0,3,0,0,0,0,12,2,9,0,0,0,0,0,1,1,0,0,3,0,0,0,0,3,3,1,0,2,0,0,0,0,1,1
47 - Λακωνίας,76 E.T. Δήμου Ευρώτα,373,147,0,0,0,147,13,12,0,0,0,0,80,29,5,20,18,5,15,0,0,0,11,3,33,21,0,0,8,0,3,0,0,0,0,0,0,0,0,0,0,0,0,0,0,0,0,0,0,0,0,0,0,0,3,2,0,1,0,0,0,0,0,0,0,0,0,0,0,0,0,0,0,0,0,0,0,0,0,0,0,0
47 - Λακωνίας,77 E.T. Δήμου Ευρώτα,333,144,2,0,2,142,18,17,0,0,0,0,92,42,6,2,34,2,6,0,0,0,5,1,21,17,1,1,1,0,0,0,0,0,0,0,0,0,0,0,0,0,0,0,0,0,1,1,0,0,0,0,0,0,1,0,0,0,0,0,0,0,0,0,0,0,2,0,0,0,0,2,0,0,0,0,1,1,0,0,0,0
47 - Λακωνίας,78 E.T. Δήμου Ευρώτα,464,283,2,2,4,279,42,25,1,3,2,3,128,29,25,22,43,1,10,0,1,0,0,5,47,34,0,2,2,3,20,0,1,3,4,0,3,1,1,0,0,0,2,0,0,0,8,1,2,5,0,0,0,0,7,2,3,1,0,0,0,0,2,1,0,0,1,0,0,0,1,0,5,1,1,2,1,1,0,0,3,3
47 - Λακωνίας,79 E.T. Δήμου Ευρώτα,459,264,7,0,7,257,41,31,1,4,0,0,108,41,7,8,37,1,14,1,5,0,3,1,62,52,0,1,4,2,14,1,1,2,5,1,0,0,0,0,0,0,3,0,2,0,7,0,0,7,0,0,0,0,4,0,1,2,0,0,0,0,0,0,0,0,1,0,0,0,0,0,2,0,1,0,0,0,0,0,1,1
47 - Λακωνίας,80 E.T. Δήμου Ευρώτα,445,260,4,1,5,255,49,34,2,5,1,0,114,44,18,11,30,6,8,1,1,0,3,2,58,46,1,1,7,2,6,2,0,0,1,0,0,0,0,0,0,0,0,0,0,0,7,0,3,4,0,0,0,0,7,2,2,2,0,0,0,0,0,0,0,0,0,0,0,0,0,0,1,0,0,0,0,0,0,0,5,3
47 - Λακωνίας,81 E.T. Δήμου Ευρώτα,458,284,2,1,3,281,59,33,2,9,2,0,119,30,13,25,38,3,9,0,3,0,2,3,59,44,2,0,5,2,18,4,0,1,0,5,0,0,0,0,0,0,0,0,0,0,1,0,0,1,0,0,4,0,0,0,0,0,0,0,0,0,2,0,0,1,0,0,0,0,0,0,4,0,0,2,1,0,0,0,5,2
47 - Λακωνίας,82 E.T. Δήμου Ευρώτα,147,94,2,1,3,91,28,25,2,0,0,0,29,9,6,5,6,1,0,0,0,0,0,0,19,17,0,0,1,1,6,1,0,0,4,0,1,0,1,0,0,0,0,0,0,0,0,0,0,0,0,0,1,1,2,0,1,0,0,0,0,0,0,0,0,0,1,0,0,1,0,0,1,0,0,1,1,1,0,0,2,0
47 - Λακωνίας,83 E.T. Δήμου Ευρώτα,382,197,1,1,2,195,46,29,0,3,1,4,83,31,7,5,34,1,13,2,7,0,1,1,32,23,0,0,0,6,6,1,0,0,1,2,1,1,0,0,0,0,0,0,0,0,0,0,0,0,0,0,0,0,4,1,2,0,0,0,3,3,1,1,0,0,2,0,0,0,2,0,2,1,0,1,1,1,0,0,1,1
47 - Λακωνίας,84 E.T. Δήμου Ευρώτα,398,213,2,0,2,211,28,23,0,2,0,1,133,60,20,17,32,0,11,1,2,0,3,3,21,18,0,2,1,0,6,0,1,0,3,1,0,0,0,0,0,0,0,0,0,0,4,1,1,2,0,0,0,0,4,0,4,0,0,0,0,0,1,1,0,0,0,0,0,0,0,0,1,0,0,1,0,0,0,0,2,2
47 - Λακωνίας,85 E.T. Δήμου Ευρώτα,402,228,1,0,1,227,29,22,1,2,0,0,144,61,15,15,36,2,7,1,3,0,1,1,28,19,0,6,3,0,4,0,0,2,1,0,1,0,0,0,0,0,1,0,0,0,0,0,0,0,0,0,0,0,3,0,3,0,0,0,1,1,0,0,0,0,0,0,0,0,0,0,4,0,0,4,1,0,0,0,4,2
47 - Λακωνίας,86 E.T. Δήμου Ευρώτα,408,245,0,2,2,243,50,35,0,2,9,1,131,49,29,21,16,2,8,2,5,0,0,0,32,26,0,2,2,0,13,0,0,0,8,1,0,0,0,0,0,0,0,0,0,0,1,0,0,1,0,0,0,0,5,1,4,0,1,0,0,0,0,0,0,0,0,0,0,0,0,0,2,0,0,1,0,0,0,0,0,0
47 - Λακωνίας,87 E.T. Δήμου Ευρώτα,266,156,0,1,1,155,23,18,0,1,0,0,75,16,18,6,31,2,5,0,2,0,1,0,38,33,0,0,4,0,8,0,0,0,8,0,0,0,0,0,0,0,1,1,0,0,2,0,1,1,0,0,0,0,2,0,1,0,0,0,0,0,0,0,0,0,0,0,0,0,0,0,1,0,0,1,0,0,0,0,0,0
47 - Λακωνίας,88 E.T. Δήμου Ευρώτα,442,214,6,1,7,207,37,20,1,8,3,2,113,28,9,12,59,1,11,1,4,0,2,3,22,19,0,0,2,0,5,1,0,0,2,0,0,0,0,0,0,0,2,0,0,0,1,0,0,1,0,0,0,0,5,4,0,1,0,0,0,0,0,0,0,0,0,0,0,0,0,0,8,2,0,2,1,0,0,0,2,1
47 - Λακωνίας,89 E.T. Δήμου Ευρώτα,457,198,2,0,2,196,30,18,1,6,4,0,100,25,15,20,23,5,13,0,2,0,0,2,29,28,0,1,0,0,7,0,0,2,2,0,1,0,1,0,0,0,0,0,0,0,1,0,0,1,0,0,0,0,5,1,3,0,0,0,0,0,0,0,0,0,1,0,0,0,0,0,4,0,0,3,0,0,0,0,5,1
47 - Λακωνίας,90 E.T. Δήμου Ευρώτα,276,166,1,2,3,163,20,14,0,2,0,0,87,34,5,21,23,0,4,0,3,0,1,0,37,22,0,0,10,4,5,0,0,0,3,0,0,0,0,0,0,0,1,0,0,1,1,0,0,1,0,0,0,0,2,1,1,0,0,0,0,0,4,0,1,2,0,0,0,0,0,0,1,1,0,0,1,0,0,1,0,0
47 - Λακωνίας,91 E.T. Δήμου Ευρώτα,302,180,2,0,2,178,22,10,3,2,1,1,101,61,6,14,11,3,4,0,0,0,3,0,31,15,1,0,11,1,6,1,0,0,2,0,0,0,0,0,0,0,3,1,0,1,5,0,0,5,0,0,0,0,2,2,0,0,0,0,0,0,0,0,0,0,0,0,0,0,0,0,4,1,0,0,0,0,0,0,0,0
47 - Λακωνίας,92 E.T. Δήμου Ευρώτα,511,186,1,2,3,183,28,17,1,1,0,4,83,20,2,5,47,3,5,0,4,0,0,0,39,19,0,18,0,0,15,5,0,2,1,1,2,2,0,0,0,0,0,0,0,0,0,0,0,0,0,0,0,0,5,1,2,1,0,0,0,0,1,0,0,1,2,0,0,0,1,1,3,1,0,1,0,0,0,0,0,0
47 - Λακωνίας,93 E.T. Δήμου Ευρώτα,494,176,1,0,1,175,47,26,2,0,1,14,45,14,1,8,15,5,6,1,1,0,1,2,48,31,0,16,0,1,13,3,0,1,2,4,0,0,0,0,0,0,2,0,0,0,2,0,0,2,0,0,0,0,3,1,0,1,0,0,0,0,4,0,0,4,1,0,0,0,0,1,3,2,0,0,0,0,0,0,1,0
47 - Λακωνίας,94 E.T. Δήμου Ευρώτα,476,191,2,3,5,186,38,8,1,0,2,21,82,27,5,3,36,4,2,1,1,0,0,0,31,11,1,15,2,1,16,1,0,1,7,1,0,0,0,0,0,0,0,0,0,0,3,0,0,3,0,0,0,0,6,2,0,3,0,0,0,0,1,0,0,1,0,0,0,0,0,0,2,0,0,0,2,0,1,0,3,0
47 - Λακωνίας,95 E.T. Δήμου Ευρώτα,491,174,1,1,2,172,28,10,4,0,1,7,61,10,4,4,20,6,5,1,0,0,0,4,46,24,0,22,0,0,9,1,1,0,5,0,0,0,0,0,0,0,1,0,0,0,5,0,1,4,0,0,0,0,6,4,1,0,0,0,0,0,5,0,0,5,1,0,0,0,1,0,2,0,0,1,0,0,0,0,3,3
47 - Λακωνίας,96 E.T. Δήμου Ευρώτα,281,61,1,0,1,60,7,6,0,0,0,1,44,14,0,2,25,1,0,0,0,0,0,0,1,0,0,0,1,0,2,0,0,1,0,1,0,0,0,0,0,0,0,0,0,0,0,0,0,0,0,0,0,0,2,2,0,0,0,0,0,0,1,0,0,1,0,0,0,0,0,0,1,1,0,0,1,0,0,0,1,0
47 - Λακωνίας,97 E.T. Δήμου Ευρώτα,314,102,2,0,2,100,21,15,1,0,1,2,62,11,3,1,45,0,2,0,2,0,0,0,6,4,0,0,1,0,3,1,0,0,0,0,0,0,0,0,0,0,0,0,0,0,0,0,0,0,0,0,0,0,0,0,0,0,0,0,1,0,1,0,0,0,0,0,0,0,0,0,2,1,0,0,0,0,0,0,2,2
47 - Λακωνίας,98 E.T. Δήμου Ευρώτα,499,206,3,2,5,201,26,13,0,7,0,0,81,24,8,7,37,1,10,0,8,0,2,0,48,21,0,25,1,1,21,6,1,0,0,4,1,0,0,0,0,0,1,1,0,0,0,0,0,0,0,0,0,0,6,2,2,0,0,0,0,0,1,0,0,1,0,0,0,0,0,0,0,0,0,0,0,0,0,0,6,2
47 - Λακωνίας,99 E.T. Δήμου Ευρώτα,481,175,3,3,6,169,50,40,1,4,0,0,54,13,9,5,22,2,2,1,1,0,0,0,25,8,0,16,1,0,20,10,2,0,0,3,3,1,0,0,0,0,4,0,0,0,2,0,0,1,0,0,2,1,2,1,1,0,0,0,2,1,0,0,0,0,0,0,0,0,0,0,2,2,0,0,0,0,0,0,1,1
47 - Λακωνίας,100 E.T. Δήμου Ευρώτα,484,202,2,2,4,198,53,35,2,2,3,2,63,21,4,6,28,3,9,1,6,0,0,0,47,20,0,25,1,0,14,6,2,0,2,2,1,0,1,0,0,0,1,1,0,0,0,0,0,0,0,0,0,0,5,3,1,1,0,0,0,0,2,0,1,1,0,0,0,0,0,0,3,2,0,1,0,0,0,0,0,0
47 - Λακωνίας,101 E.T. Δήμου Ευρώτα,189,85,0,0,0,85,18,10,0,4,1,0,39,16,1,6,11,2,6,1,3,0,0,0,15,4,0,3,8,0,5,1,0,0,1,2,0,0,0,0,0,0,0,0,0,0,1,0,0,1,0,0,0,0,0,0,0,0,0,0,0,0,0,0,0,0,0,0,0,0,0,0,1,0,0,0,0,0,0,0,0,0
47 - Λακωνίας,102 E.T. Δήμου Ευρώτα,470,221,2,1,3,218,38,28,2,0,1,0,129,30,7,35,49,0,4,0,3,0,0,0,22,21,0,0,1,0,11,1,0,0,6,1,0,0,0,0,0,0,0,0,0,0,0,0,0,0,0,0,0,0,7,1,3,0,0,0,0,0,0,0,0,0,0,0,0,0,0,0,5,2,0,2,1,0,0,0,1,0
47 - Λακωνίας,103 E.T. Δήμου Ευρώτα,393,227,0,2,2,225,35,28,3,0,2,0,120,45,10,22,40,1,9,0,3,0,4,0,48,43,0,0,4,0,6,0,0,0,5,0,0,0,0,0,0,0,0,0,0,0,2,0,0,0,0,0,0,0,5,0,0,0,0,0,0,0,0,0,0,0,0,0,0,0,0,0,0,0,0,0,0,0,0,0,0,0
47 - Λακωνίας,104 E.T. Δήμου Ευρώτα,363,138,1,0,1,137,18,14,2,0,1,0,90,30,33,11,7,2,0,0,0,0,0,0,22,17,4,0,0,0,1,0,0,1,0,0,1,0,0,0,0,0,0,0,0,0,0,0,0,0,0,0,0,0,1,0,0,0,0,0,0,0,1,1,0,0,0,0,0,0,0,0,1,1,0,0,0,0,0,0,2,2
47 - Λακωνίας,105 E.T. Δήμου Ευρώτα,459,158,1,0,1,157,12,8,0,1,2,0,91,29,14,21,21,3,3,0,1,0,1,1,40,24,3,1,8,4,3,0,0,0,0,1,0,0,0,0,0,0,0,0,0,0,0,0,0,0,0,0,0,0,4,3,1,0,0,0,1,1,0,0,0,0,0,0,0,0,0,0,2,1,0,0,0,0,0,0,1,0
47 - Λακωνίας,106 E.T. Δήμου Ευρώτα,506,221,1,1,2,219,35,25,2,2,4,0,125,50,17,11,43,1,4,0,3,0,0,0,30,27,0,0,3,0,9,4,0,1,1,1,0,0,0,0,0,0,0,0,0,0,0,0,0,0,0,0,0,0,4,0,2,0,0,0,0,0,0,0,0,0,0,0,0,0,0,0,7,1,1,4,0,0,0,0,5,3
47 - Λακωνίας,107 E.T. Δήμου Ευρώτα,496,243,6,1,7,236,36,29,1,3,1,0,131,52,20,13,46,0,4,2,1,0,1,0,43,42,0,0,1,0,8,0,2,0,0,3,0,0,0,0,0,0,0,0,0,0,0,0,0,0,0,0,0,0,7,2,3,1,0,0,0,0,2,0,0,1,1,0,0,0,0,0,3,0,0,2,0,0,0,0,1,1
47 - Λακωνίας,108 E.T. Δήμου Ευρώτα,488,259,1,2,3,256,53,30,5,0,14,0,100,16,48,18,15,0,14,4,5,0,2,1,56,53,1,0,2,0,17,7,0,0,3,2,0,0,0,0,0,0,0,0,0,0,7,0,0,5,0,1,1,0,2,1,0,0,0,0,0,0,0,0,0,0,0,0,0,0,0,0,3,2,0,1,1,0,1,0,2,1
47 - Λακωνίας,109 E.T. Δήμου Ευρώτα,414,195,2,1,3,192,58,41,3,5,1,0,76,30,5,12,19,5,11,0,0,0,5,2,19,13,0,1,3,0,9,4,0,0,0,2,2,0,0,2,0,0,0,0,0,0,1,0,0,0,0,0,1,0,5,0,2,1,0,0,0,0,1,0,1,0,1,0,0,0,0,1,2,2,0,0,1,1,0,0,5,2
47 - Λακωνίας,110 E.T. Δήμου Ευρώτα,371,177,3,2,5,172,40,22,2,4,2,2,95,44,8,22,13,5,7,1,0,0,6,0,18,17,1,0,0,0,4,0,1,0,0,1,0,0,0,0,0,0,0,0,0,0,0,0,0,0,0,0,0,0,4,1,2,0,0,0,0,0,0,0,0,0,2,0,0,0,0,2,2,1,0,0,0,0,0,0,0,0
47 - Λακωνίας,111 E.T. Δήμου Ευρώτα,434,202,1,1,2,200,28,20,1,2,1,0,107,52,10,13,22,5,8,4,2,0,2,0,34,27,1,0,2,3,0,0,0,0,0,0,1,1,0,0,0,0,0,0,0,0,7,0,0,6,1,0,0,0,6,1,4,1,0,0,0,0,0,0,0,0,1,0,0,0,0,0,4,1,0,1,1,0,0,0,3,3
47 - Λακωνίας,112 E.T. Δήμου Ευρώτα,479,217,0,1,1,216,32,22,1,3,2,0,124,34,5,55,24,1,6,3,0,1,1,0,29,22,1,1,2,3,4,0,0,0,4,0,0,0,0,0,0,0,0,0,0,0,2,0,0,2,0,0,2,0,9,0,6,0,0,0,0,0,0,0,0,0,0,0,0,0,0,0,4,0,1,2,2,1,1,0,2,1
47 - Λακωνίας,113 E.T. Δήμου Ευρώτα,466,271,4,0,4,267,70,33,1,25,2,0,127,55,13,20,26,4,3,2,1,0,0,0,43,36,0,3,0,1,4,0,1,0,1,1,0,0,0,0,0,0,0,0,0,0,3,0,1,2,0,0,1,0,6,0,6,0,0,0,0,0,0,0,0,0,1,1,0,0,0,0,6,1,0,1,1,0,0,0,2,1
47 - Λακωνίας,114 E.T. Δήμου Ευρώτα,441,242,1,2,3,239,50,26,2,13,0,0,127,54,7,15,41,6,11,3,2,1,3,0,25,18,0,3,1,2,3,0,0,1,2,0,1,0,0,0,0,0,2,0,0,0,3,0,1,2,0,0,0,0,6,0,1,2,0,0,0,0,4,2,0,1,1,0,0,0,0,1,3,0,0,2,0,0,0,0,3,2
47 - Λακωνίας,115 E.T. Δήμου Ευρώτα,535,308,4,3,7,301,81,45,2,15,0,0,124,38,17,29,28,7,6,0,3,0,2,0,38,33,0,3,1,0,21,1,0,3,9,1,0,0,0,0,0,0,0,0,0,0,6,0,0,6,0,0,0,0,14,5,6,0,0,0,0,0,3,1,0,0,2,1,0,0,0,1,4,1,0,1,0,0,0,0,2,1
47 - Λακωνίας,116 E.T. Δήμου Ευρώτα,531,246,4,3,7,239,83,34,2,25,1,1,82,15,13,17,26,4,5,4,0,0,0,0,33,23,1,1,0,5,11,1,0,1,5,0,0,0,0,0,0,0,0,0,0,0,6,0,0,6,0,0,0,0,6,0,5,1,0,0,0,0,1,1,0,0,1,0,0,0,0,1,7,2,0,1,0,0,0,0,4,2
47 - Λακωνίας,117 E.T. Δήμου Ευρώτα,540,311,1,1,2,309,91,43,3,30,3,1,107,42,9,14,31,4,13,6,1,2,1,1,44,36,0,4,4,0,11,0,0,0,7,0,1,1,0,0,0,0,0,0,0,0,12,0,1,11,0,0,4,1,10,3,2,2,0,0,0,0,3,2,0,1,0,0,0,0,0,0,8,0,0,5,0,0,0,0,5,1
47 - Λακωνίας,118 E.T. Δήμου Ευρώτα,537,293,3,4,7,286,56,26,1,20,2,1,136,57,5,19,44,6,20,8,2,0,1,3,42,30,0,6,0,3,7,1,0,0,5,1,0,0,0,0,0,0,0,0,0,0,10,0,2,7,0,0,1,0,3,0,1,2,0,0,0,0,1,1,0,0,0,0,0,0,0,0,2,0,0,1,2,0,2,0,6,3
47 - Λακωνίας,119 E.T. Δήμου Ευρώτα,537,273,4,0,4,269,59,35,3,14,1,3,117,51,5,27,23,8,5,0,1,0,2,1,40,31,2,2,2,1,20,1,1,2,12,2,3,2,0,0,0,0,1,0,0,0,5,0,1,4,0,0,1,0,8,3,4,0,0,0,0,0,0,0,0,0,0,0,0,0,0,0,5,3,0,0,1,0,0,1,4,3
47 - Λακωνίας,120 E.T. Δήμου Ευρώτα,528,311,3,1,4,307,61,35,1,15,1,0,125,45,12,20,26,12,11,3,2,0,1,2,55,44,0,5,0,1,13,1,0,0,4,2,2,0,0,0,0,0,0,0,0,0,11,0,3,8,0,0,3,1,19,3,9,3,0,0,0,0,1,1,0,0,1,0,0,0,0,0,4,1,0,0,0,0,0,0,1,1
47 - Λακωνίας,121 E.T. Δήμου Ευρώτα,334,177,0,0,0,177,32,24,0,4,1,0,94,24,6,10,25,20,10,0,5,0,1,1,23,19,0,0,1,2,1,0,0,0,1,0,2,1,1,0,0,0,0,0,0,0,4,0,1,3,0,0,0,0,2,0,1,1,1,1,0,0,0,0,0,0,0,0,0,0,0,0,5,3,0,1,2,0,1,0,1,0
47 - Λακωνίας,122 E.T. Δήμου Ευρώτα,354,184,5,2,7,177,19,8,1,5,2,0,103,26,16,7,32,20,4,1,2,0,0,1,32,27,1,0,0,1,6,0,0,0,1,0,0,0,0,0,0,0,0,0,0,0,2,0,0,2,0,0,0,0,5,1,1,0,0,0,0,0,2,0,1,0,0,0,0,0,0,0,2,1,0,0,0,0,0,0,2,0
47 - Λακωνίας,123 E.T. Δήμου Μονεμβασίας,538,278,11,1,12,266,58,33,10,2,2,1,158,76,36,15,24,1,9,0,9,0,0,0,23,20,1,1,0,0,3,1,0,0,0,0,2,1,1,0,0,0,0,0,0,0,0,0,0,0,0,0,0,0,5,0,4,0,0,0,0,0,1,0,0,1,1,0,0,1,0,0,3,1,0,0,2,0,0,0,1,1
47 - Λακωνίας,124 E.T. Δήμου Μονεμβασίας,508,277,3,3,6,271,44,22,7,2,3,0,167,93,36,15,19,0,15,0,12,0,2,0,33,29,4,0,0,0,3,0,0,0,2,0,2,1,0,0,0,0,1,0,0,1,0,0,0,0,0,0,0,0,1,0,1,0,0,0,0,0,0,0,0,0,1,0,0,1,0,0,4,1,0,1,0,0,0,0,0,0
47 - Λακωνίας,125 E.T. Δήμου Μονεμβασίας,548,299,1,1,2,297,48,27,12,4,0,0,181,88,32,34,20,0,24,0,21,0,0,0,25,23,0,1,0,0,1,0,0,0,0,0,3,2,0,0,0,0,0,0,0,0,0,0,0,0,0,0,0,0,5,1,4,0,0,0,0,0,0,0,0,0,1,1,0,0,0,0,2,1,0,1,1,0,1,0,6,4
47 - Λακωνίας,126 E.T. Δήμου Μονεμβασίας,575,321,3,1,4,317,88,46,15,3,6,6,143,43,36,20,28,2,11,0,11,0,0,0,38,37,0,0,0,0,7,0,0,0,1,0,2,1,1,0,0,0,3,0,1,0,1,0,0,1,0,0,0,0,6,1,3,0,0,0,0,0,1,1,0,0,4,0,0,0,0,3,9,1,0,3,2,0,1,1,2,1
47 - Λακωνίας,127 E.T. Δήμου Μονεμβασίας,532,250,5,1,6,244,55,29,9,3,2,2,123,54,28,5,28,4,7,1,3,0,2,0,30,26,2,0,1,0,7,2,1,0,0,0,2,1,0,0,0,0,2,1,0,0,0,0,0,0,0,0,0,0,8,0,6,1,0,0,0,0,1,0,0,0,0,0,0,0,0,0,7,4,1,1,0,0,0,0,2,2
47 - Λακωνίας,128 E.T. Δήμου Μονεμβασίας,321,139,1,0,1,138,22,14,2,1,2,1,75,21,19,9,22,1,4,0,2,0,0,0,18,16,1,0,0,1,1,0,0,0,0,1,1,1,0,0,0,0,0,0,0,0,0,0,0,0,0,0,0,0,14,0,10,0,0,0,0,0,0,0,0,0,1,0,1,0,0,0,1,0,0,1,0,0,0,0,1,1
47 - Λακωνίας,129 E.T. Δήμου Μονεμβασίας,314,157,3,2,5,152,27,14,4,2,0,0,86,21,20,13,18,1,9,2,4,0,0,1,24,20,1,0,1,1,3,0,0,0,0,0,0,0,0,0,0,0,0,0,0,0,0,0,0,0,0,0,0,0,1,0,0,0,0,0,0,0,0,0,0,0,0,0,0,0,0,0,1,0,0,0,0,0,0,0,1,0
47 - Λακωνίας,130 E.T. Δήμου Μονεμβασίας,328,151,1,0,1,150,51,23,12,1,3,2,62,32,8,2,15,0,12,2,6,1,0,1,12,11,0,0,0,0,3,0,0,1,0,0,3,0,0,0,0,0,0,0,0,0,0,0,0,0,0,0,0,0,4,1,0,2,0,0,0,0,0,0,0,0,0,0,0,0,0,0,2,2,0,0,1,0,0,0,0,0
47 - Λακωνίας,131 E.T. Δήμου Μονεμβασίας,265,125,1,0,1,124,30,16,5,1,2,0,66,25,14,2,11,1,1,0,1,0,0,0,13,12,0,0,0,0,1,0,0,1,0,0,0,0,0,0,0,0,0,0,0,0,0,0,0,0,0,0,0,0,7,1,6,0,0,0,0,0,1,1,0,0,0,0,0,0,0,0,0,0,0,0,1,0,0,1,4,0
47 - Λακωνίας,132 E.T. Δήμου Μονεμβασίας,536,288,8,1,9,279,48,12,30,4,1,0,132,73,12,7,26,6,11,2,6,1,0,0,44,40,0,3,0,1,9,0,0,7,1,1,2,1,1,0,0,0,1,0,0,1,1,1,0,0,0,0,0,0,15,8,3,0,0,0,0,0,1,1,0,0,1,1,0,0,0,0,9,4,2,0,0,0,0,0,5,2
47 - Λακωνίας,133 E.T. Δήμου Μονεμβασίας,521,299,3,2,5,294,90,27,51,1,1,1,108,53,20,7,18,3,8,1,3,1,3,0,41,36,1,1,1,1,11,1,0,6,0,0,1,0,0,1,0,0,3,2,0,1,1,0,0,1,0,0,0,0,20,7,5,4,0,0,0,0,1,1,0,0,1,1,0,0,0,0,5,2,1,0,2,0,2,0,2,2
47 - Λακωνίας,134 E.T. Δήμου Μονεμβασίας,552,326,3,0,3,323,103,26,64,1,2,1,123,55,27,7,23,6,7,0,0,0,3,1,32,30,0,0,2,0,15,0,0,8,0,0,2,0,0,0,0,0,1,1,0,0,1,1,0,0,0,0,1,1,20,7,8,3,0,0,0,0,5,1,1,3,1,0,0,0,0,1,6,2,0,1,2,0,0,2,4,3
47 - Λακωνίας,135 E.T. Δήμου Μονεμβασίας,524,283,3,1,4,279,67,11,51,0,0,0,111,60,14,10,18,5,13,1,11,0,0,0,38,32,0,2,2,2,13,0,0,7,0,0,0,0,0,0,0,0,2,0,1,0,3,0,0,3,0,0,0,0,13,6,3,2,0,0,0,0,2,0,1,1,1,0,0,1,0,0,11,7,1,1,0,0,0,0,5,4
47 - Λακωνίας,136 E.T. Δήμου Μονεμβασίας,485,294,1,2,3,291,84,19,56,0,1,1,108,53,8,10,29,2,5,0,2,0,1,0,29,23,0,1,1,2,24,2,1,16,0,1,3,1,0,1,0,0,4,0,0,0,2,1,0,1,0,0,0,0,16,3,9,2,0,0,0,0,0,0,0,0,1,1,0,0,0,0,7,3,1,2,4,0,1,1,4,3
47 - Λακωνίας,137 E.T. Δήμου Μονεμβασίας,326,171,6,0,6,165,23,8,11,0,0,0,90,55,4,14,15,1,8,3,4,0,0,0,17,16,0,0,0,0,11,1,0,8,1,1,1,1,0,0,0,0,0,0,0,0,0,0,0,0,0,0,0,0,9,3,6,0,1,0,0,0,0,0,0,0,1,1,0,0,0,0,2,1,0,1,0,0,0,0,2,2
47 - Λακωνίας,138 E.T. Δήμου Μονεμβασίας,308,171,5,0,5,166,24,7,14,0,0,0,95,31,6,7,23,3,4,0,4,0,0,0,24,24,0,0,0,0,4,0,0,3,0,0,1,0,0,0,0,0,2,1,0,0,0,0,0,0,0,0,1,0,7,2,3,0,0,0,0,0,0,0,0,0,0,0,0,0,0,0,2,2,0,0,0,0,0,0,2,1
47 - Λακωνίας,139 E.T. Δήμου Μονεμβασίας,485,234,3,2,5,229,48,15,27,0,0,0,110,66,11,7,15,3,7,1,1,1,1,0,33,25,1,2,3,0,5,2,0,1,0,0,4,2,1,0,0,0,0,0,0,0,0,0,0,0,0,0,0,0,13,5,5,1,2,0,0,0,0,0,0,0,0,0,0,0,0,0,4,1,0,0,1,0,0,0,2,2
47 - Λακωνίας,140 E.T. Δήμου Μονεμβασίας,497,237,2,1,3,234,54,21,23,3,1,1,106,55,11,9,20,4,2,1,1,0,0,0,22,18,0,2,2,0,10,2,0,5,1,1,3,1,0,0,0,0,0,0,0,0,0,0,0,0,0,0,0,0,20,4,10,1,0,0,0,0,2,2,0,0,1,1,0,0,0,0,9,3,0,1,3,0,1,2,2,1
47 - Λακωνίας,141 E.T. Δήμου Μονεμβασίας,272,148,1,1,2,146,27,12,13,1,1,0,78,56,3,7,7,1,1,0,0,0,1,0,23,22,0,0,1,0,1,1,0,0,0,0,1,1,0,0,0,0,0,0,0,0,0,0,0,0,0,0,0,0,11,4,3,2,0,0,0,0,0,0,0,0,0,0,0,0,0,0,1,1,0,0,1,0,0,0,2,2
47 - Λακωνίας,142 E.T. Δήμου Μονεμβασίας,337,209,1,3,4,205,38,11,24,0,0,0,122,83,10,4,22,0,5,2,3,0,0,0,15,14,0,0,1,0,1,1,0,0,0,0,3,2,0,1,0,0,0,0,0,0,0,0,0,0,0,0,0,0,13,4,6,2,0,0,0,0,1,0,0,0,2,0,0,0,1,1,5,3,0,0,0,0,0,0,0,0
47 - Λακωνίας,143 E.T. Δήμου Μονεμβασίας,70,41,0,1,1,40,12,4,5,1,0,2,17,14,1,0,2,0,1,0,0,0,0,0,2,2,0,0,0,0,0,0,0,0,0,0,0,0,0,0,0,0,0,0,0,0,3,1,0,2,0,0,0,0,1,1,0,0,1,0,0,0,0,0,0,0,0,0,0,0,0,0,2,1,0,1,0,0,0,0,1,1
47 - Λακωνίας,144 E.T. Δήμου Μονεμβασίας,492,211,5,1,6,205,50,16,25,4,1,2,71,28,7,19,4,7,4,0,2,0,2,0,43,40,0,0,0,2,5,1,0,2,1,0,5,2,1,0,0,0,1,0,1,0,1,1,0,0,0,0,1,0,10,3,3,2,0,0,0,0,2,0,0,2,0,0,0,0,0,0,7,5,0,1,2,0,1,1,3,3
47 - Λακωνίας,145 E.T. Δήμου Μονεμβασίας,361,165,7,0,7,158,30,14,7,2,1,1,86,39,12,12,19,1,1,0,1,0,0,0,13,12,0,1,0,0,5,0,0,3,0,0,3,2,0,0,0,0,2,1,0,0,0,0,0,0,0,0,0,0,7,3,3,0,0,0,0,0,2,1,0,0,0,0,0,0,0,0,7,2,0,2,1,0,0,1,1,0
47 - Λακωνίας,146 E.T. Δήμου Μονεμβασίας,445,197,1,2,3,194,25,9,10,0,0,0,115,50,17,19,27,0,1,1,0,0,0,0,15,12,0,0,1,0,6,0,0,3,0,1,2,1,0,0,0,0,2,1,1,0,0,0,0,0,0,0,0,0,9,5,3,1,0,0,0,0,1,1,0,0,2,0,1,1,0,0,11,3,3,2,0,0,0,0,5,0
47 - Λακωνίας,147 E.T. Δήμου Μονεμβασίας,544,286,3,2,5,281,54,20,27,1,2,1,134,78,8,24,9,3,5,1,1,0,0,2,43,39,1,0,0,2,4,0,0,1,0,0,2,1,1,0,0,0,0,0,0,0,0,0,0,0,0,0,0,0,20,6,9,0,0,0,0,0,2,0,0,1,0,0,0,0,0,0,10,8,0,1,0,0,0,0,7,6
47 - Λακωνίας,148 E.T. Δήμου Μονεμβασίας,150,81,0,1,1,80,22,4,15,1,0,0,28,17,6,0,5,0,4,1,1,2,0,0,23,22,0,0,1,0,0,0,0,0,0,0,0,0,0,0,0,0,0,0,0,0,0,0,0,0,0,0,0,0,0,0,0,0,0,0,0,0,0,0,0,0,3,0,0,3,0,0,0,0,0,0,0,0,0,0,0,0
47 - Λακωνίας,149 E.T. Δήμου Μονεμβασίας,293,132,0,0,0,132,22,9,9,1,0,0,65,48,1,0,14,0,5,3,1,0,1,0,10,6,0,0,0,3,5,0,0,4,0,0,4,2,1,0,0,0,0,0,0,0,1,1,0,0,0,0,0,0,5,1,4,0,0,0,0,0,1,0,0,0,1,0,1,0,0,0,8,1,2,1,2,1,0,1,3,3
47 - Λακωνίας,150 E.T. Δήμου Μονεμβασίας,279,119,0,0,0,119,21,2,14,1,0,0,56,43,8,1,3,1,1,1,0,0,0,0,20,17,0,1,0,0,5,1,0,3,0,0,4,2,0,0,0,0,0,0,0,0,0,0,0,0,0,0,0,0,6,2,4,0,0,0,0,0,1,1,0,0,0,0,0,0,0,0,5,1,0,2,0,0,0,0,0,0
47 - Λακωνίας,151 E.T. Δήμου Μονεμβασίας,159,68,0,0,0,68,24,5,18,1,0,0,28,18,2,7,0,0,0,0,0,0,0,0,4,4,0,0,0,0,3,0,0,3,0,0,0,0,0,0,0,0,0,0,0,0,0,0,0,0,0,0,0,0,9,3,5,0,0,0,0,0,0,0,0,0,0,0,0,0,0,0,0,0,0,0,0,0,0,0,0,0
47 - Λακωνίας,152 E.T. Δήμου Μονεμβασίας,381,175,0,1,1,174,15,3,5,2,1,1,127,90,5,14,12,5,5,1,2,1,0,1,8,8,0,0,0,0,1,1,0,0,0,0,3,2,0,0,0,0,0,0,0,0,0,0,0,0,0,0,0,0,9,5,2,1,0,0,0,0,1,0,0,0,1,1,0,0,0,0,2,0,0,0,1,0,0,1,1,1
47 - Λακωνίας,153 E.T. Δήμου Μονεμβασίας,117,46,0,0,0,46,6,0,5,0,0,0,15,6,5,2,1,1,3,1,2,0,0,0,10,9,0,1,0,0,3,0,0,3,0,0,3,1,1,0,0,0,0,0,0,0,0,0,0,0,0,0,0,0,0,0,0,0,0,0,0,0,0,0,0,0,0,0,0,0,0,0,1,0,0,0,0,0,0,0,5,5
47 - Λακωνίας,154 E.T. Δήμου Μονεμβασίας,451,166,0,1,1,165,27,8,6,1,6,1,99,30,35,9,20,3,0,0,0,0,0,0,23,14,5,0,0,2,0,0,0,0,0,0,0,0,0,0,0,0,0,0,0,0,0,0,0,0,0,0,0,0,8,5,3,0,0,0,0,0,0,0,0,0,0,0,0,0,0,0,3,2,0,0,3,2,1,0,2,1
47 - Λακωνίας,155 E.T. Δήμου Μονεμβασίας,357,155,1,0,1,154,15,11,1,0,1,0,93,73,8,6,3,0,4,1,0,0,3,0,27,26,1,0,0,0,6,1,0,4,0,0,1,0,0,1,0,0,0,0,0,0,0,0,0,0,0,0,0,0,2,0,0,1,2,1,0,0,0,0,0,0,0,0,0,0,0,0,3,0,1,1,0,0,0,0,1,1
47 - Λακωνίας,156 E.T. Δήμου Μονεμβασίας,303,148,2,1,3,145,21,13,3,1,4,0,87,53,10,6,10,2,4,1,0,0,3,0,15,14,0,0,1,0,9,2,0,2,0,1,0,0,0,0,0,0,0,0,0,0,0,0,0,0,0,0,0,0,2,2,0,0,1,0,0,0,1,0,0,0,0,0,0,0,0,0,4,4,0,0,0,0,0,0,1,1
47 - Λακωνίας,157 E.T. Δήμου Μονεμβασίας,266,78,0,0,0,78,18,13,3,0,0,0,34,15,10,4,2,0,5,0,3,0,1,0,15,12,0,0,1,2,1,1,0,0,0,0,1,0,0,0,0,0,0,0,0,0,0,0,0,0,0,0,0,0,1,0,1,0,0,0,0,0,1,1,0,0,0,0,0,0,0,0,1,0,0,1,1,0,1,0,0,0
47 - Λακωνίας,158 E.T. Δήμου Μονεμβασίας,403,147,2,0,2,145,27,18,2,0,3,0,84,39,17,4,20,1,6,0,2,0,3,0,4,4,0,0,0,0,2,2,0,0,0,0,4,3,0,0,1,0,0,0,0,0,0,0,0,0,0,0,0,0,7,1,6,0,0,0,0,0,4,3,0,0,0,0,0,0,0,0,6,3,0,0,0,0,0,0,0,0
47 - Λακωνίας,159 E.T. Δήμου Μονεμβασίας,471,171,3,3,6,165,43,28,7,1,2,0,85,41,10,8,20,1,9,1,2,0,0,3,8,8,0,0,0,0,6,0,0,0,1,0,2,2,0,0,0,0,0,0,0,0,0,0,0,0,0,0,0,0,4,0,3,0,0,0,0,0,1,1,0,0,0,0,0,0,0,0,3,0,0,2,4,0,1,1,0,0
47 - Λακωνίας,160 E.T. Δήμου Μονεμβασίας,333,133,0,1,1,132,24,12,2,2,6,0,84,34,25,6,11,1,2,0,1,0,0,0,11,8,0,0,1,1,5,3,1,1,0,0,0,0,0,0,0,0,0,0,0,0,0,0,0,0,0,0,0,0,3,0,3,0,0,0,0,0,0,0,0,0,0,0,0,0,0,0,1,1,0,0,1,0,0,0,1,0
47 - Λακωνίας,161 E.T. Δήμου Μονεμβασίας,496,204,2,1,3,201,17,9,6,0,0,0,125,52,36,8,16,2,4,0,2,0,1,0,20,17,2,0,1,0,13,1,0,2,3,3,0,0,0,0,0,0,2,0,0,1,3,0,0,3,0,0,0,0,6,0,5,1,0,0,0,0,1,1,0,0,1,0,0,0,0,1,1,1,0,0,2,1,0,1,6,4
47 - Λακωνίας,162 E.T. Δήμου Μονεμβασίας,232,74,0,0,0,74,18,14,0,2,1,0,37,7,8,2,20,0,1,0,1,0,0,0,12,12,0,0,0,0,1,1,0,0,0,0,0,0,0,0,0,0,0,0,0,0,0,0,0,0,0,0,0,0,2,0,0,0,0,0,0,0,0,0,0,0,0,0,0,0,0,0,3,0,0,1,0,0,0,0,0,0
47 - Λακωνίας,163 E.T. Δήμου Μονεμβασίας,390,177,2,0,2,175,28,19,4,1,0,0,107,39,17,17,33,0,6,1,4,0,1,0,19,16,2,0,0,0,2,0,0,1,0,1,3,1,0,0,0,0,0,0,0,0,0,0,0,0,0,0,0,0,4,0,4,0,0,0,0,0,0,0,0,0,0,0,0,0,0,0,6,2,2,1,0,0,0,0,0,0
47 - Λακωνίας,164 E.T. Δήμου Μονεμβασίας,333,127,0,1,1,126,21,12,5,0,0,0,60,20,10,5,21,1,1,0,0,0,0,0,23,13,9,0,0,0,4,0,0,1,0,1,2,1,0,0,0,0,1,0,0,0,1,0,0,1,0,0,0,0,3,0,3,0,0,0,0,0,3,2,0,1,0,0,0,0,0,0,6,0,1,2,1,0,0,0,0,0
47 - Λακωνίας,165 E.T. Δήμου Μονεμβασίας,511,246,2,6,8,238,33,24,2,1,3,0,131,34,64,9,22,0,10,1,8,0,1,0,33,21,3,0,2,7,7,1,0,0,0,1,2,0,0,1,0,0,0,0,0,0,0,0,0,0,0,0,0,0,7,0,0,1,0,0,0,0,2,1,0,0,2,0,0,1,0,0,4,0,0,2,5,0,1,2,2,1
47 - Λακωνίας,166 E.T. Δήμου Μονεμβασίας,506,253,2,2,4,249,34,27,2,0,2,0,156,29,86,15,18,0,14,1,9,1,1,0,15,15,0,0,0,0,12,5,0,2,0,3,1,1,0,0,0,0,0,0,0,0,0,0,0,0,0,0,0,0,14,1,10,0,0,0,0,0,0,0,0,0,0,0,0,0,0,0,3,0,0,0,0,0,0,0,0,0
47 - Λακωνίας,167 E.T. Δήμου Μονεμβασίας,513,257,2,2,4,253,38,27,2,0,0,0,136,30,68,5,28,0,6,1,3,0,1,0,37,33,0,0,1,0,4,2,0,0,0,0,2,1,0,0,0,0,0,0,0,0,0,0,0,0,0,0,1,0,15,0,11,2,0,0,0,0,1,0,0,1,0,0,0,0,0,0,10,1,1,3,3,0,1,0,0,0
47 - Λακωνίας,168 E.T. Δήμου Μονεμβασίας,494,259,1,2,3,256,51,31,7,1,3,2,146,24,69,11,33,1,8,1,5,0,0,1,25,24,0,0,1,0,4,0,1,0,0,2,0,0,0,0,0,0,1,0,0,0,0,0,0,0,0,0,0,0,10,1,7,0,0,0,0,0,0,0,0,0,2,1,1,0,0,0,6,4,0,0,3,1,1,0,0,0
47 - Λακωνίας,169 E.T. Δήμου Μονεμβασίας,508,266,1,3,4,262,34,22,3,1,1,3,162,19,89,7,35,0,9,1,8,0,0,0,30,25,1,1,1,1,8,3,1,2,1,0,0,0,0,0,0,0,1,0,1,0,0,0,0,0,0,0,0,0,10,2,8,0,0,0,0,0,1,1,0,0,0,0,0,0,0,0,5,1,1,1,1,0,0,0,1,1
47 - Λακωνίας,170 E.T. Δήμου Μονεμβασίας,376,137,3,0,3,134,17,10,3,0,1,0,74,17,28,4,23,0,5,1,2,0,1,0,15,13,2,0,0,0,10,2,0,8,0,0,0,0,0,0,0,0,0,0,0,0,0,0,0,0,0,0,0,0,8,2,5,0,0,0,0,0,1,1,0,0,2,0,0,0,0,2,0,0,0,0,1,0,0,1,1,1
47 - Λακωνίας,171 E.T. Δήμου Μονεμβασίας,441,147,2,1,3,144,17,8,0,2,0,1,91,18,31,3,27,1,3,0,1,1,0,0,14,11,0,1,0,1,2,0,0,2,0,0,0,0,0,0,0,0,0,0,0,0,0,0,0,0,0,0,0,0,15,0,14,0,0,0,0,0,0,0,0,0,0,0,0,0,0,0,2,0,0,0,0,0,0,0,0,0
47 - Λακωνίας,172 E.T. Δήμου Μονεμβασίας,532,180,2,0,2,178,26,12,3,3,3,1,91,27,34,9,16,2,9,1,7,0,0,0,33,30,1,0,0,1,2,0,0,0,0,0,1,1,0,0,0,0,1,1,0,0,0,0,0,0,0,0,0,0,11,2,8,0,0,0,0,0,0,0,0,0,0,0,0,0,0,0,1,0,0,1,0,0,0,0,3,2
47 - Λακωνίας,173 E.T. Δήμου Μονεμβασίας,509,159,4,1,5,154,17,6,4,2,1,0,89,30,28,8,14,0,7,1,2,0,2,0,16,15,0,0,0,0,2,1,0,0,0,1,0,0,0,0,0,0,0,0,0,0,0,0,0,0,0,0,0,0,18,3,12,0,0,0,0,0,1,1,0,0,0,0,0,0,0,0,2,2,0,0,2,0,2,0,0,0
47 - Λακωνίας,174 E.T. Δήμου Μονεμβασίας,513,201,1,0,1,200,18,9,1,1,1,1,140,35,60,15,24,0,9,2,5,0,0,0,8,7,0,0,1,0,6,0,0,1,0,2,3,1,0,1,0,0,0,0,0,0,0,0,0,0,0,0,0,0,7,3,2,0,0,0,0,0,0,0,0,0,4,1,0,0,0,3,2,0,0,0,1,0,1,0,2,2
47 - Λακωνίας,175 E.T. Δήμου Μονεμβασίας,530,303,2,1,3,300,56,43,3,2,3,2,119,49,16,12,36,0,3,0,0,0,2,0,80,77,1,0,0,2,5,1,0,3,1,0,0,0,0,0,0,0,0,0,0,0,0,0,0,0,0,0,0,0,30,2,26,0,0,0,0,0,1,0,0,0,2,0,0,1,0,1,4,1,2,1,0,0,0,0,0,0
47 - Λακωνίας,176 E.T. Δήμου Μονεμβασίας,366,180,2,1,3,177,26,16,2,1,1,0,114,42,25,8,31,2,3,0,0,0,2,0,14,11,1,0,2,0,2,0,0,1,0,0,4,3,1,0,0,0,0,0,0,0,0,0,0,0,0,0,0,0,6,0,6,0,1,0,0,0,2,0,0,2,0,0,0,0,0,0,4,1,0,0,1,0,0,1,0,0
47 - Λακωνίας,177 E.T. Δήμου Μονεμβασίας,569,298,5,2,7,291,60,41,6,0,2,0,130,40,22,7,55,1,3,0,2,0,0,1,66,45,6,0,2,9,3,0,0,2,0,0,1,1,0,0,0,0,0,0,0,0,0,0,0,0,0,0,0,0,19,2,12,1,0,0,1,1,0,0,0,0,0,0,0,0,0,0,4,2,0,1,3,1,1,0,1,1
47 - Λακωνίας,178 E.T. Δήμου Μονεμβασίας,202,92,1,0,1,91,17,11,4,0,0,0,43,23,7,3,8,2,1,0,1,0,0,0,14,12,1,0,0,0,1,0,0,0,0,0,0,0,0,0,0,0,0,0,0,0,0,0,0,0,0,0,0,0,9,1,8,0,0,0,0,0,0,0,0,0,2,0,0,0,0,2,3,0,0,2,0,0,0,0,1,1
47 - Λακωνίας,179 E.T. Δήμου Μονεμβασίας,287,140,3,0,3,137,39,24,4,0,1,2,51,9,11,4,25,1,2,0,0,0,1,1,15,13,1,0,0,1,7,0,0,7,0,0,0,0,0,0,1,0,0,0,0,0,0,0,0,0,0,0,0,0,17,1,14,0,0,0,0,0,0,0,0,0,0,0,0,0,0,0,2,2,0,0,0,0,0,0,3,3
47 - Λακωνίας,180 E.T. Δήμου Μονεμβασίας,365,162,1,1,2,160,26,14,8,1,0,0,71,26,19,4,19,2,9,0,1,0,3,3,25,22,2,1,0,0,7,1,0,5,0,0,2,1,0,0,0,0,0,0,0,0,0,0,0,0,0,0,0,0,13,0,13,0,0,0,0,0,0,0,0,0,0,0,0,0,0,0,4,1,0,0,0,0,0,0,3,1
47 - Λακωνίας,181 E.T. Δήμου Μονεμβασίας,466,176,3,1,4,172,15,4,7,1,1,0,118,83,5,3,19,5,4,0,4,0,0,0,8,6,1,0,1,0,7,0,0,0,2,3,2,0,0,0,0,0,1,1,0,0,0,0,0,0,0,0,0,0,13,5,8,0,0,0,0,0,0,0,0,0,0,0,0,0,0,0,1,0,0,0,1,0,1,0,2,1
47 - Λακωνίας,182 E.T. Δήμου Μονεμβασίας,252,98,0,0,0,98,7,3,1,1,0,0,64,48,7,0,6,0,8,3,0,0,0,5,14,13,0,0,0,0,0,0,0,0,0,0,0,0,0,0,0,0,0,0,0,0,0,0,0,0,0,0,5,0,0,0,0,0,0,0,0,0,0,0,0,0,0,0,0,0,0,0,0,0,0,0,0,0,0,0,0,0
47 - Λακωνίας,183 E.T. Δήμου Μονεμβασίας,404,246,2,0,2,244,67,38,11,0,4,0,115,37,15,7,48,0,3,0,1,0,0,0,27,10,12,0,1,3,16,2,0,7,1,2,2,1,0,0,0,0,0,0,0,0,0,0,0,0,0,0,0,0,5,2,3,0,0,0,0,0,1,1,0,0,0,0,0,0,0,0,6,1,1,0,0,0,0,0,2,0
47 - Λακωνίας,184 E.T. Δήμου Μονεμβασίας,352,206,1,0,1,205,35,15,4,0,4,0,114,22,11,10,60,2,2,0,2,0,0,0,17,9,7,1,0,0,10,2,0,1,1,2,2,2,0,0,0,0,0,0,0,0,0,0,0,0,0,0,0,0,6,2,3,0,2,1,0,0,3,2,0,0,3,0,0,3,0,0,7,1,0,1,1,0,0,0,3,1
47 - Λακωνίας,185 E.T. Δήμου Μονεμβασίας,399,221,0,0,0,221,42,22,5,1,3,0,102,43,13,0,42,1,5,0,3,0,0,0,47,34,8,0,4,0,7,0,1,3,0,0,1,1,0,0,0,0,1,0,1,0,0,0,0,0,0,0,0,0,4,0,4,0,0,0,0,0,1,0,0,0,0,0,0,0,0,0,6,2,0,0,1,0,0,0,4,2
47 - Λακωνίας,186 E.T. Δήμου Μονεμβασίας,472,165,1,0,1,164,22,7,7,2,1,0,91,21,18,3,39,0,8,2,2,0,1,0,19,14,3,0,0,2,5,0,0,2,0,0,4,0,1,1,0,0,0,0,0,0,0,0,0,0,0,0,0,0,3,0,1,1,0,0,0,0,0,0,0,0,3,0,0,0,1,0,2,0,0,0,1,1,0,0,6,2
47 - Λακωνίας,187 E.T. Δήμου Μονεμβασίας,262,106,0,0,0,106,14,7,3,0,3,0,52,19,6,7,16,0,1,0,1,0,0,0,28,28,0,0,0,0,1,0,0,0,0,1,0,0,0,0,0,0,0,0,0,0,0,0,0,0,0,0,0,0,3,1,2,0,0,0,0,0,0,0,0,0,0,0,0,0,0,0,4,2,0,1,1,0,1,0,2,0
47 - Λακωνίας,188 E.T. Δήμου Σπάρτης,409,213,0,1,1,212,40,29,0,0,3,2,98,27,3,42,20,2,2,0,0,0,1,1,45,40,1,0,2,1,11,1,2,0,0,2,0,0,0,0,0,0,1,1,0,0,0,0,0,0,0,0,0,0,9,4,3,1,0,0,0,0,0,0,0,0,0,0,0,0,0,0,5,3,0,1,1,0,0,0,0,0
47 - Λακωνίας,189 E.T. Δήμου Σπάρτης,420,224,1,1,2,222,44,41,0,1,0,0,85,23,6,22,29,1,5,2,0,0,1,1,66,49,0,1,8,6,3,0,2,0,0,1,1,1,0,0,0,0,0,0,0,0,0,0,0,0,0,0,0,0,7,1,5,0,0,0,0,0,2,0,0,1,1,0,0,0,0,1,7,4,0,1,0,0,0,0,1,0
47 - Λακωνίας,190 E.T. Δήμου Σπάρτης,459,229,2,2,4,225,30,20,1,0,0,1,110,40,7,27,28,5,9,1,1,0,1,3,58,52,0,0,3,2,1,0,0,0,0,1,3,1,1,0,0,0,1,0,0,0,0,0,0,0,0,0,0,0,6,3,2,0,0,0,0,0,0,0,0,0,2,0,0,0,0,2,3,1,2,0,0,0,0,0,2,1
47 - Λακωνίας,191 E.T. Δήμου Σπάρτης,396,152,0,0,0,152,22,19,1,0,0,0,89,32,1,18,34,2,2,1,0,0,1,0,33,26,0,0,7,0,1,0,0,0,0,0,0,0,0,0,0,0,0,0,0,0,0,0,0,0,0,0,0,0,2,1,1,0,0,0,0,0,0,0,0,0,0,0,0,0,0,0,1,1,0,0,1,0,1,0,1,1
47 - Λακωνίας,192 E.T. Δήμου Σπάρτης,260,52,0,0,0,52,8,7,0,0,1,0,36,15,1,12,8,0,0,0,0,0,0,0,7,0,0,0,1,0,1,0,0,1,0,0,0,0,0,0,0,0,0,0,0,0,0,0,0,0,0,0,0,0,0,0,0,0,0,0,0,0,0,0,0,0,0,0,0,0,0,0,0,0,0,0,0,0,0,0,0,0
47 - Λακωνίας,193 E.T. Δήμου Σπάρτης,391,204,5,0,5,199,16,14,0,0,0,0,120,49,9,20,39,0,13,2,2,1,0,8,38,35,0,0,2,1,2,0,2,0,0,0,1,0,0,0,0,0,1,0,0,0,1,0,0,0,0,1,0,0,2,0,1,1,0,0,0,0,2,0,0,0,2,0,0,0,0,2,1,1,0,0,0,0,0,0,0,0
47 - Λακωνίας,194 E.T. Δήμου Σπάρτης,374,182,4,0,4,178,47,43,0,0,0,0,75,16,4,3,46,2,1,0,1,0,0,0,42,23,0,3,13,0,1,0,0,0,0,0,3,0,0,0,0,0,1,1,0,0,0,0,0,0,0,0,0,0,2,0,0,0,0,0,0,0,0,0,0,0,0,0,0,0,0,0,4,0,1,1,0,0,0,0,2,2
47 - Λακωνίας,195 E.T. Δήμου Σπάρτης,440,120,2,1,3,117,27,22,3,0,0,1,43,21,0,0,17,0,1,0,1,0,0,0,28,14,0,0,11,1,7,0,2,1,0,2,2,0,0,1,0,0,0,0,0,0,0,0,0,0,0,0,0,0,5,2,1,0,0,0,0,0,0,0,0,0,1,0,0,0,0,0,3,1,0,0,0,0,0,0,0,0
47 - Λακωνίας,196 E.T. Δήμου Σπάρτης,534,156,0,0,0,156,33,25,1,0,0,1,54,11,4,1,32,1,3,0,1,0,1,0,50,25,0,0,15,1,4,0,1,0,0,2,0,0,0,0,0,0,0,0,0,0,2,2,0,0,0,0,0,0,7,1,5,0,1,0,0,0,0,0,0,0,1,0,0,0,0,1,0,0,0,0,0,0,0,0,1,1
47 - Λακωνίας,197 E.T. Δήμου Σπάρτης,290,125,1,0,1,124,14,12,0,1,0,0,60,21,2,6,25,2,14,1,5,2,0,5,27,26,0,0,0,0,2,0,0,0,0,1,0,0,0,0,0,0,0,0,0,0,1,0,0,1,0,0,0,0,1,0,0,0,0,0,0,0,0,0,0,0,0,0,0,0,0,0,1,1,0,0,0,0,0,0,4,0
47 - Λακωνίας,198 E.T. Δήμου Σπάρτης,282,130,1,1,2,128,13,9,1,0,0,1,78,25,3,13,34,1,5,0,1,0,0,1,17,16,0,0,1,0,4,0,3,0,0,1,0,0,0,0,0,0,0,0,0,0,0,0,0,0,0,0,0,0,5,2,1,0,0,0,0,0,1,0,0,1,2,0,0,0,0,2,2,1,0,1,0,0,0,0,1,0
47 - Λακωνίας,199 E.T. Δήμου Σπάρτης,466,122,0,1,1,121,24,17,2,0,1,0,52,14,1,7,23,2,1,0,0,0,0,1,9,6,0,0,1,0,14,1,2,2,0,6,1,0,1,0,0,0,2,0,0,0,1,0,1,0,0,0,0,0,6,3,2,0,0,0,1,1,2,1,0,0,1,0,0,0,0,1,4,1,0,0,2,1,1,0,1,1
47 - Λακωνίας,200 E.T. Δήμου Σπάρτης,460,144,1,3,4,140,40,34,0,0,1,0,49,11,5,7,21,3,1,0,1,0,0,0,17,15,0,0,1,0,19,1,2,2,1,7,0,0,0,0,0,0,1,0,0,0,0,0,0,0,0,0,0,0,4,0,3,1,1,0,0,0,5,3,0,2,2,0,1,0,0,1,0,0,0,0,1,0,0,0,0,0
47 - Λακωνίας,201 E.T. Δήμου Σπάρτης,461,162,0,1,1,161,56,38,2,1,4,1,40,12,0,5,21,1,4,0,1,0,0,1,12,8,0,0,0,2,26,2,2,8,0,3,1,1,0,0,0,0,1,0,0,0,4,0,1,2,0,0,0,0,4,1,0,1,1,0,0,0,5,3,0,2,0,0,0,0,0,0,5,3,1,1,0,0,0,0,2,2
47 - Λακωνίας,202 E.T. Δήμου Σπάρτης,525,219,3,2,5,214,44,34,2,0,0,2,97,25,3,5,54,6,15,1,4,0,2,1,35,25,0,0,7,0,2,1,0,0,0,1,1,0,0,0,0,0,2,1,0,0,0,0,0,0,0,0,0,0,7,2,1,0,0,0,0,0,0,0,0,0,1,0,0,0,0,1,4,2,0,0,1,0,0,0,5,3
47 - Λακωνίας,203 E.T. Δήμου Σπάρτης,508,190,5,0,5,185,44,25,4,2,5,0,85,20,5,1,42,8,4,0,0,1,1,2,31,24,0,0,4,0,7,0,4,0,1,0,1,1,0,0,0,0,0,0,0,0,0,0,0,0,0,0,0,0,3,0,1,2,0,0,0,0,1,0,0,0,0,0,0,0,0,0,7,7,0,0,0,0,0,0,2,1
47 - Λακωνίας,204 E.T. Δήμου Σπάρτης,488,221,5,1,6,215,54,39,3,1,3,1,98,27,11,4,42,9,8,0,4,0,0,2,22,17,0,0,4,0,0,0,0,0,0,0,1,1,0,0,2,1,0,0,0,0,2,0,0,0,2,0,0,0,11,3,4,0,0,0,0,0,1,0,0,1,0,0,0,0,0,0,10,6,0,0,3,1,0,0,3,1
47 - Λακωνίας,205 E.T. Δήμου Σπάρτης,486,214,5,3,8,206,35,32,0,0,0,0,102,30,10,2,45,10,11,4,2,0,0,2,34,28,0,2,4,0,3,0,0,0,3,0,0,0,0,0,0,0,1,1,0,0,1,0,0,0,0,1,0,0,5,3,2,0,0,0,0,0,0,0,0,0,1,0,0,0,0,1,7,4,0,0,4,0,1,0,2,2
47 - Λακωνίας,206 E.T. Δήμου Σπάρτης,233,90,1,1,2,88,31,22,2,0,0,0,27,9,2,1,14,1,8,0,4,3,0,0,16,13,0,1,2,0,2,0,0,0,0,1,0,0,0,0,0,0,0,0,0,0,0,0,0,0,0,0,0,0,1,0,1,0,0,0,0,0,0,0,0,0,1,0,0,0,0,1,2,1,0,0,0,0,0,0,0,0
47 - Λακωνίας,207 E.T. Δήμου Σπάρτης,493,207,1,1,2,205,34,27,1,0,3,1,124,36,4,6,68,4,6,1,1,0,0,3,21,18,0,0,2,0,4,1,1,0,0,1,2,0,0,1,0,0,0,0,0,0,0,0,0,0,0,0,0,0,7,2,2,0,0,0,0,0,0,0,0,0,1,0,1,0,0,0,2,1,0,1,1,0,1,0,3,3
47 - Λακωνίας,208 E.T. Δήμου Σπάρτης,477,186,0,1,1,185,28,22,0,2,1,0,107,38,6,6,50,2,12,1,1,0,2,3,14,11,0,0,3,0,4,1,0,0,0,3,2,0,1,0,0,0,0,0,0,0,0,0,0,0,0,0,1,0,6,0,3,0,0,0,0,0,0,0,0,0,3,0,3,0,0,0,6,2,1,0,0,0,0,0,2,2
47 - Λακωνίας,209 E.T. Δήμου Σπάρτης,543,55,0,0,0,55,11,8,0,0,1,1,34,9,2,2,16,2,1,0,1,0,0,0,5,4,0,0,1,0,0,0,0,0,0,0,0,0,0,0,0,0,0,0,0,0,0,0,0,0,0,0,0,0,0,0,0,0,0,0,0,0,0,0,0,0,0,0,0,0,0,0,3,0,0,0,0,0,0,0,1,1
47 - Λακωνίας,210 E.T. Δήμου Σπάρτης,502,66,1,0,1,65,7,4,0,0,1,2,38,5,2,0,27,3,2,2,0,0,0,0,9,7,0,1,1,0,0,0,0,0,0,0,0,0,0,0,0,0,0,0,0,0,0,0,0,0,0,0,0,0,4,2,2,0,0,0,0,0,0,0,0,0,0,0,0,0,0,0,5,4,0,0,0,0,0,0,0,0
47 - Λακωνίας,211 E.T. Δήμου Σπάρτης,356,146,0,3,3,143,34,22,0,1,2,0,57,18,1,3,29,0,10,0,5,0,2,2,21,14,0,1,5,0,4,0,0,1,0,2,1,0,0,0,0,0,1,0,0,0,2,2,0,0,0,0,0,0,7,3,0,1,0,0,0,0,0,0,0,0,0,0,0,0,0,0,2,1,0,0,2,0,0,0,2,1
47 - Λακωνίας,212 E.T. Δήμου Σπάρτης,438,160,1,1,2,158,39,29,1,0,0,1,72,21,4,15,25,1,3,0,2,0,0,0,21,15,1,1,3,0,7,1,3,0,0,1,0,0,0,0,0,0,0,0,0,0,0,0,0,0,0,0,0,0,7,4,2,0,1,0,0,0,0,0,0,0,0,0,0,0,0,0,6,5,0,0,1,1,0,0,1,1
47 - Λακωνίας,213 E.T. Δήμου Σπάρτης,500,171,0,2,2,169,24,21,0,2,1,0,95,39,7,0,41,4,4,1,3,0,0,0,22,16,0,1,2,2,10,1,2,0,0,7,1,1,0,0,0,0,1,0,0,0,1,0,0,0,0,0,0,0,3,1,0,0,0,0,0,0,0,0,0,0,0,0,0,0,0,0,5,3,2,0,1,0,1,0,2,1
47 - Λακωνίας,214 E.T. Δήμου Σπάρτης,534,163,2,1,3,160,24,15,1,1,0,1,94,35,2,6,44,1,4,0,2,0,1,1,17,15,0,0,0,0,4,0,2,0,0,1,0,0,0,0,0,0,1,1,0,0,0,0,0,0,0,0,0,0,10,4,2,3,0,0,0,0,2,2,0,0,0,0,0,0,0,0,3,1,0,0,0,0,0,0,1,1
47 - Λακωνίας,215 E.T. Δήμου Σπάρτης,532,209,3,2,5,204,32,25,0,0,1,1,116,41,5,3,57,7,11,0,1,0,2,6,22,14,0,1,5,2,12,6,1,0,0,2,1,0,1,0,0,0,1,1,0,0,1,0,0,1,0,0,0,0,4,2,2,0,0,0,0,0,0,0,0,0,0,0,0,0,0,0,4,3,0,0,0,0,0,0,0,0
47 - Λακωνίας,216 E.T. Δήμου Σπάρτης,378,192,3,3,6,186,55,44,1,3,0,0,92,26,10,1,50,4,1,0,0,0,0,0,24,19,0,0,4,1,2,0,0,0,0,1,1,0,1,0,0,0,0,0,0,0,1,1,0,0,0,0,0,0,7,3,2,2,0,0,0,0,0,0,0,0,0,0,0,0,0,0,0,0,0,0,0,0,0,0,3,2
47 - Λακωνίας,217 E.T. Δήμου Σπάρτης,211,100,1,0,1,99,34,32,1,0,0,0,24,6,2,2,11,0,3,1,1,0,0,0,16,15,0,0,0,0,18,0,13,1,1,1,0,0,0,0,0,0,0,0,0,0,0,0,0,0,0,0,0,0,3,0,1,0,0,0,0,0,0,0,0,0,0,0,0,0,0,0,1,0,0,0,0,0,0,0,0,0
47 - Λακωνίας,218 E.T. Δήμου Σπάρτης,498,183,4,0,4,179,62,51,1,1,1,2,48,22,3,0,20,0,3,0,1,0,0,1,15,11,1,0,2,0,33,11,4,1,1,8,1,0,0,1,0,0,1,0,0,0,1,1,0,0,0,0,0,0,4,1,2,0,0,0,0,0,0,0,0,0,2,0,0,0,0,2,3,1,0,2,0,0,0,0,6,4
47 - Λακωνίας,219 E.T. Δήμου Σπάρτης,408,126,2,0,2,124,17,9,0,1,1,1,56,11,7,2,31,0,1,0,0,0,0,0,31,20,0,0,4,4,7,0,3,0,1,0,1,0,0,0,0,0,2,0,2,0,0,0,0,0,0,0,0,0,2,1,1,0,0,0,0,0,0,0,0,0,1,0,0,0,0,0,3,1,0,0,0,0,0,0,3,2
47 - Λακωνίας,220 E.T. Δήμου Σπάρτης,466,190,4,0,4,186,44,32,1,0,4,2,78,31,5,1,29,4,5,0,2,1,1,0,34,23,0,0,8,1,5,0,3,0,0,1,3,0,0,1,0,0,1,1,0,0,0,0,0,0,0,0,0,0,7,3,2,0,0,0,0,0,1,0,0,0,0,0,0,0,0,0,6,1,2,1,0,0,0,0,2,1
47 - Λακωνίας,221 E.T. Δήμου Σπάρτης,321,75,0,2,2,73,30,19,3,1,1,0,21,11,1,2,7,0,0,0,0,0,0,0,11,7,0,0,2,0,5,3,0,0,1,0,0,0,0,0,0,0,0,0,0,0,0,0,0,0,0,0,0,0,5,2,3,0,0,0,0,0,0,0,0,0,0,0,0,0,0,0,1,1,0,0,0,0,0,0,0,0
47 - Λακωνίας,222 E.T. Δήμου Σπάρτης,368,101,0,0,0,101,20,13,4,0,0,0,50,15,3,4,22,2,4,0,0,1,0,1,11,11,0,0,0,0,9,1,1,0,1,1,0,0,0,0,0,0,1,0,0,0,0,0,0,0,0,0,0,0,2,2,0,0,0,0,0,0,0,0,0,0,0,0,0,0,0,0,4,1,0,0,0,0,0,0,0,0
47 - Λακωνίας,223 E.T. Δήμου Σπάρτης,380,121,0,0,0,121,53,40,0,0,0,0,31,15,7,0,6,0,1,0,1,0,0,0,25,20,1,0,4,0,3,1,1,0,0,1,1,0,1,0,0,0,0,0,0,0,0,0,0,0,0,0,0,0,2,1,0,1,0,0,0,0,0,0,0,0,1,0,0,0,0,1,1,0,0,0,2,1,1,0,1,1
47 - Λακωνίας,224 E.T. Δήμου Σπάρτης,325,67,0,0,0,67,13,12,0,0,1,0,24,9,1,5,7,0,3,0,0,0,0,1,18,15,0,0,3,0,3,0,0,0,0,0,0,0,0,0,0,0,1,0,0,0,0,0,0,0,0,0,0,0,1,0,1,0,1,1,0,0,0,0,0,0,1,0,1,0,0,0,1,1,0,0,1,1,0,0,0,0
47 - Λακωνίας,225 E.T. Δήμου Σπάρτης,356,90,2,0,2,88,13,10,0,0,1,0,42,10,2,5,22,1,6,1,3,0,0,2,12,11,0,0,1,0,5,0,1,0,0,0,0,0,0,0,0,0,2,1,0,0,0,0,0,0,0,0,0,0,1,0,1,0,0,0,0,0,0,0,0,0,1,0,0,0,0,1,4,1,1,1,0,0,0,0,2,2
47 - Λακωνίας,226 E.T. Δήμου Σπάρτης,404,156,2,0,2,154,34,19,2,0,2,2,66,21,10,4,26,0,10,0,1,1,0,8,20,19,0,0,0,0,13,0,2,2,0,3,1,0,0,0,0,0,0,0,0,0,0,0,0,0,0,0,0,0,5,2,1,0,0,0,0,0,2,2,0,0,1,0,0,0,0,1,2,2,0,0,0,0,0,0,0,0
47 - Λακωνίας,227 E.T. Δήμου Σπάρτης,418,132,3,2,5,127,39,32,2,0,3,0,52,9,5,8,25,2,3,0,1,0,0,0,21,12,0,2,5,0,0,0,0,0,0,0,1,0,1,0,0,0,0,0,0,0,0,0,0,0,0,0,0,0,3,1,0,0,0,0,0,0,1,0,0,1,0,0,0,0,0,0,4,1,0,0,1,0,0,1,2,1
47 - Λακωνίας,228 E.T. Δήμου Σπάρτης,450,113,1,0,1,112,13,11,0,0,0,0,59,17,1,13,23,1,8,2,3,0,0,1,18,12,0,0,5,0,8,1,2,2,0,1,0,0,0,0,0,0,0,0,0,0,1,1,0,0,0,0,0,0,2,1,0,0,0,0,0,0,2,0,0,0,0,0,0,0,0,0,1,1,0,0,0,0,0,0,0,0
47 - Λακωνίας,229 E.T. Δήμου Σπάρτης,467,206,3,2,5,201,47,38,0,0,1,1,83,27,6,9,35,2,11,0,1,0,1,7,37,27,1,0,9,0,7,0,2,0,0,5,0,0,0,0,0,0,0,0,0,0,1,1,0,0,0,0,0,0,5,0,3,1,0,0,0,0,2,1,0,0,0,0,0,0,0,0,8,4,0,1,0,0,0,0,0,0
47 - Λακωνίας,230 E.T. Δήμου Σπάρτης,264,97,0,0,0,97,17,11,2,0,0,1,50,28,2,0,18,0,2,0,0,0,1,1,11,8,0,0,1,0,15,0,6,3,1,3,0,0,0,0,0,0,2,0,0,0,0,0,0,0,0,0,0,0,0,0,0,0,0,0,0,0,0,0,0,0,0,0,0,0,0,0,0,0,0,0,0,0,0,0,0,0
47 - Λακωνίας,231 E.T. Δήμου Σπάρτης,418,92,3,0,3,89,24,15,3,0,0,2,46,13,4,3,23,1,1,0,0,0,0,0,13,11,0,0,2,0,3,0,0,0,0,2,0,0,0,0,0,0,0,0,0,0,0,0,0,0,0,0,0,0,0,0,0,0,0,0,0,0,0,0,0,0,0,0,0,0,0,0,1,1,0,0,0,0,0,0,1,1
47 - Λακωνίας,232 E.T. Δήμου Σπάρτης,445,112,2,0,2,110,17,12,1,0,1,1,53,15,3,4,25,0,2,0,2,0,0,0,14,13,0,0,0,0,8,1,2,0,1,2,2,1,0,0,0,0,0,0,0,0,1,1,0,0,0,0,0,0,8,3,2,0,0,0,0,0,1,1,0,0,0,0,0,0,0,0,0,0,0,0,1,0,0,1,3,1
47 - Λακωνίας,233 E.T. Δήμου Σπάρτης,462,147,1,0,1,146,30,20,1,0,1,3,76,26,7,4,35,0,1,0,1,0,0,0,16,10,1,0,2,0,13,1,4,0,1,5,2,0,0,0,0,0,1,0,0,1,0,0,0,0,0,0,0,0,3,0,0,1,0,0,0,0,1,1,0,0,0,0,0,0,0,0,2,1,1,0,1,0,0,0,0,0
47 - Λακωνίας,234 E.T. Δήμου Σπάρτης,466,100,2,0,2,98,27,18,3,0,2,0,33,8,5,4,15,0,6,2,1,0,0,2,21,13,0,0,4,3,4,1,1,1,0,1,0,0,0,0,0,0,0,0,0,0,0,0,0,0,0,0,0,0,3,1,1,1,0,0,0,0,0,0,0,0,0,0,0,0,0,0,1,1,0,0,1,0,0,0,2,2
47 - Λακωνίας,235 E.T. Δήμου Σπάρτης,300,77,0,1,1,76,20,16,1,0,0,1,33,18,4,0,7,1,3,0,2,0,0,0,11,8,0,0,3,0,2,0,0,0,0,2,1,1,0,0,0,0,0,0,0,0,0,0,0,0,0,0,0,0,1,0,0,0,0,0,0,0,0,0,0,0,0,0,0,0,0,0,2,2,0,0,0,0,0,0,3,0
47 - Λακωνίας,236 E.T. Δήμου Σπάρτης,248,75,0,0,0,75,10,5,0,0,1,2,49,23,2,3,17,1,3,0,2,1,0,0,4,4,0,0,0,0,5,0,0,0,0,2,0,0,0,0,0,0,0,0,0,0,0,0,0,0,0,0,0,0,3,1,0,0,0,0,0,0,0,0,0,0,0,0,0,0,0,0,1,0,0,0,0,0,0,0,0,0
47 - Λακωνίας,237 E.T. Δήμου Σπάρτης,340,71,0,1,1,70,21,9,0,0,0,1,33,15,3,0,12,0,1,0,0,0,0,0,7,3,0,0,3,0,3,0,0,0,0,3,0,0,0,0,0,0,1,0,1,0,0,0,0,0,0,0,0,0,2,1,0,0,0,0,0,0,0,0,0,0,0,0,0,0,0,0,2,2,0,0,0,0,0,0,0,0
47 - Λακωνίας,238 E.T. Δήμου Σπάρτης,311,83,4,0,4,79,16,13,0,0,0,0,43,15,1,3,23,0,2,0,0,0,0,1,8,7,0,0,1,0,1,0,1,0,0,0,1,1,0,0,0,0,0,0,0,0,2,0,0,0,0,0,0,0,3,0,1,0,0,0,0,0,0,0,0,0,0,0,0,0,0,0,1,1,0,0,2,2,0,0,0,0
47 - Λακωνίας,239 E.T. Δήμου Σπάρτης,386,155,2,3,5,150,42,30,3,0,2,0,48,19,3,2,20,1,7,1,0,0,0,6,29,24,1,0,3,1,17,1,3,4,1,2,0,0,0,0,0,0,0,0,0,0,0,0,0,0,0,0,1,1,3,3,0,0,0,0,0,0,1,1,0,0,1,0,0,0,0,1,0,0,0,0,1,1,0,0,0,0
47 - Λακωνίας,240 E.T. Δήμου Σπάρτης,307,84,1,0,1,83,24,21,0,0,1,0,30,13,1,4,11,0,1,0,0,0,0,1,15,11,0,0,4,0,8,0,1,0,0,1,0,0,0,0,0,0,0,0,0,0,0,0,0,0,0,0,0,0,2,1,0,1,0,0,0,0,0,0,0,0,0,0,0,0,0,0,1,0,0,0,0,0,0,0,2,2
47 - Λακωνίας,241 E.T. Δήμου Σπάρτης,471,91,1,1,2,89,18,15,1,0,1,0,43,22,4,3,11,1,2,2,0,0,0,0,14,12,0,0,0,1,2,1,0,0,0,0,0,0,0,0,0,0,2,0,0,0,1,0,0,0,0,0,0,0,6,0,1,3,0,0,0,0,0,0,0,0,0,0,0,0,0,0,1,1,0,0,0,0,0,0,0,0
47 - Λακωνίας,242 E.T. Δήμου Σπάρτης,479,115,1,0,1,114,33,26,0,0,1,0,36,17,1,8,4,3,3,1,0,0,0,2,22,17,2,0,2,0,5,1,1,0,0,1,1,1,0,0,1,0,1,0,0,0,0,0,0,0,0,0,0,0,2,0,1,0,0,0,0,0,2,1,0,0,1,0,0,0,0,1,4,1,0,1,2,1,1,0,1,1
47 - Λακωνίας,243 E.T. Δήμου Σπάρτης,479,162,4,1,5,157,24,13,3,0,2,1,102,49,5,25,21,1,1,0,0,0,0,0,10,7,0,1,1,1,3,0,0,0,0,0,1,0,0,0,0,0,0,0,0,0,0,0,0,0,0,0,0,0,7,3,3,0,0,0,0,0,0,0,0,0,1,0,0,0,0,1,3,3,0,0,2,0,0,1,3,2
47 - Λακωνίας,244 E.T. Δήμου Σπάρτης,472,162,3,3,6,156,22,16,1,1,1,0,94,27,7,22,34,4,1,0,0,0,0,1,19,19,0,0,0,0,4,0,0,1,1,1,0,0,0,0,0,0,0,0,0,0,1,0,1,0,0,0,0,0,7,2,1,1,0,0,0,0,0,0,0,0,0,0,0,0,0,0,7,3,0,2,0,0,0,0,1,1
47 - Λακωνίας,245 E.T. Δήμου Σπάρτης,465,139,2,1,3,136,18,8,1,1,0,1,81,22,5,25,19,4,2,1,0,0,0,0,14,12,0,0,0,0,4,0,0,0,0,1,3,2,0,0,0,0,0,0,0,0,0,0,0,0,0,0,0,0,4,0,2,1,0,0,1,0,0,0,0,0,0,0,0,0,0,0,6,2,0,0,3,0,2,0,0,0
47 - Λακωνίας,246 E.T. Δήμου Σπάρτης,314,104,2,0,2,102,22,21,0,0,0,1,54,23,4,4,17,1,4,0,3,0,0,1,14,14,0,0,0,0,1,1,0,0,0,0,1,0,0,0,0,0,0,0,0,0,0,0,0,0,0,0,0,0,2,0,0,1,0,0,0,0,0,0,0,0,2,0,0,0,0,2,1,1,0,0,0,0,0,0,1,0
47 - Λακωνίας,247 E.T. Δήμου Σπάρτης,408,147,1,2,3,144,23,18,0,1,1,0,83,46,4,4,23,2,2,0,0,0,1,1,15,14,0,0,1,0,5,0,0,0,1,2,2,0,1,0,0,0,0,0,0,0,0,0,0,0,0,0,0,0,3,1,1,1,0,0,0,0,1,0,0,1,1,0,0,0,0,1,3,0,1,0,2,0,0,0,4,3
47 - Λακωνίας,248 E.T. Δήμου Σπάρτης,234,77,1,1,2,75,18,13,0,1,2,0,39,16,2,2,17,0,3,1,2,0,0,0,4,3,0,1,0,0,4,1,1,1,0,0,0,0,0,0,0,0,0,0,0,0,0,0,0,0,0,0,0,0,2,0,0,0,0,0,0,0,0,0,0,0,0,0,0,0,0,0,4,4,0,0,0,0,0,0,1,0
47 - Λακωνίας,249 E.T. Δήμου Σπάρτης,404,156,0,2,2,154,20,15,0,1,0,0,92,35,5,7,39,4,5,0,1,0,1,2,33,32,0,0,0,1,0,0,0,0,0,0,1,0,1,0,0,0,0,0,0,0,0,0,0,0,0,0,0,0,3,1,1,0,0,0,0,0,0,0,0,0,0,0,0,0,0,0,0,0,0,0,0,0,0,0,0,0
47 - Λακωνίας,250 E.T. Δήμου Σπάρτης,450,176,3,1,4,172,25,17,3,0,1,1,109,26,10,9,49,7,0,0,0,0,0,0,29,28,0,0,1,0,1,0,0,0,0,0,1,0,0,0,0,0,0,0,0,0,1,0,0,1,0,0,1,0,1,0,0,1,0,0,0,0,1,0,0,1,1,0,0,0,0,0,1,1,0,0,0,0,0,0,1,1
47 - Λακωνίας,251 E.T. Δήμου Σπάρτης,463,195,1,0,1,194,40,32,0,1,0,0,87,17,10,4,49,2,15,3,3,0,0,7,31,28,0,0,1,2,3,0,0,0,0,0,1,1,0,0,0,0,1,0,0,0,1,1,0,0,0,0,0,0,6,2,4,0,1,0,1,1,2,1,0,1,0,0,0,0,0,0,2,2,0,0,0,0,0,0,3,2
47 - Λακωνίας,252 E.T. Δήμου Σπάρτης,314,120,1,0,1,119,31,22,0,0,4,1,44,6,4,3,28,3,8,0,3,0,2,2,19,16,0,0,1,0,5,1,2,0,0,1,0,0,0,0,0,0,0,0,0,0,0,0,0,0,0,0,0,0,3,1,0,0,0,0,0,0,2,0,0,0,1,0,0,0,0,1,4,4,0,0,0,0,0,0,2,2
47 - Λακωνίας,253 E.T. Δήμου Σπάρτης,392,197,2,0,2,195,52,39,3,1,2,1,103,29,8,14,49,0,9,3,0,0,2,4,10,6,1,0,2,1,3,0,2,0,0,0,2,0,2,0,0,0,0,0,0,0,0,0,0,0,0,0,0,0,6,2,2,0,0,0,0,0,1,1,0,0,1,0,0,0,0,0,3,0,0,0,1,0,0,1,4,3
47 - Λακωνίας,254 E.T. Δήμου Σπάρτης,344,77,1,0,1,76,14,10,0,0,0,0,43,12,9,5,15,2,5,0,2,0,0,2,7,6,0,0,1,0,2,0,0,0,0,0,1,0,0,0,0,0,0,0,0,0,0,0,0,0,0,0,0,0,0,0,0,0,0,0,0,0,0,0,0,0,0,0,0,0,0,0,2,1,0,0,0,0,0,0,2,0
47 - Λακωνίας,255 E.T. Δήμου Σπάρτης,352,117,2,1,3,114,22,18,3,0,0,0,60,18,4,2,33,2,9,0,1,0,0,6,14,14,0,0,0,0,1,0,0,0,0,0,1,1,0,0,0,0,1,0,0,0,0,0,0,0,0,0,0,0,4,4,0,0,0,0,0,0,0,0,0,0,0,0,0,0,0,0,1,1,0,0,0,0,0,0,1,0
47 - Λακωνίας,256 E.T. Δήμου Σπάρτης,521,265,4,3,7,258,54,35,2,1,1,2,95,27,6,7,42,1,12,1,2,2,0,6,28,26,0,0,1,0,38,0,34,0,0,2,0,0,0,0,0,0,0,0,0,0,3,3,0,0,0,0,0,0,10,5,1,2,0,0,0,0,3,2,0,0,2,0,1,0,0,1,11,5,0,1,0,0,0,0,2,0
47 - Λακωνίας,257 E.T. Δήμου Σπάρτης,507,264,5,1,6,258,64,54,1,0,2,0,131,30,7,7,74,7,6,0,1,0,0,1,27,23,1,1,1,0,8,1,2,0,0,3,2,1,0,0,0,0,0,0,0,0,2,1,0,0,0,1,0,0,8,4,3,0,0,0,0,0,1,0,1,0,1,0,0,0,0,1,3,3,0,0,3,0,0,1,2,2
47 - Λακωνίας,258 E.T. Δήμου Σπάρτης,537,278,3,2,5,273,48,39,4,1,3,0,135,29,12,8,70,8,11,1,0,0,5,3,45,39,1,1,2,0,7,2,2,0,0,2,3,2,0,0,0,0,2,1,0,0,0,0,0,0,0,0,0,0,3,0,1,0,1,0,0,0,1,0,0,1,1,0,0,0,0,1,11,4,0,1,2,1,0,0,3,0
47 - Λακωνίας,259 E.T. Δήμου Σπάρτης,512,231,3,2,5,226,68,54,4,1,4,2,102,25,6,14,53,0,5,0,1,1,0,3,25,18,0,0,3,4,5,1,0,0,0,1,1,0,0,0,0,0,2,1,0,0,0,0,0,0,0,0,0,0,5,0,0,1,0,0,0,0,1,0,0,1,1,0,0,0,0,1,9,7,0,1,1,0,0,0,1,0
47 - Λακωνίας,260 E.T. Δήμου Σπάρτης,529,277,4,2,6,271,63,49,1,0,3,2,114,24,0,8,75,2,13,1,0,0,1,7,55,41,0,0,13,1,5,2,0,1,0,2,0,0,0,0,0,0,1,0,0,0,1,1,0,0,0,0,0,0,8,4,3,1,1,0,0,0,0,0,0,0,0,0,0,0,0,0,5,1,0,0,0,0,0,0,5,1
47 - Λακωνίας,261 E.T. Δήμου Σπάρτης,521,243,2,1,3,240,56,42,2,1,0,0,116,25,6,1,76,1,4,0,2,0,0,1,37,31,0,0,4,0,3,1,0,0,0,1,2,2,0,0,0,0,1,0,0,0,0,0,0,0,0,0,0,0,6,2,2,0,0,0,0,0,1,0,0,0,0,0,0,0,0,0,10,7,1,0,2,1,0,0,2,1
47 - Λακωνίας,262 E.T. Δήμου Σπάρτης,519,278,4,1,5,273,61,43,1,0,5,3,118,34,1,10,59,4,8,0,1,0,1,2,42,29,0,1,10,1,20,3,1,3,1,3,0,0,0,0,0,0,0,0,0,0,0,0,0,0,0,0,0,0,12,2,5,3,0,0,0,0,2,0,1,0,1,0,0,0,0,1,5,4,0,0,1,0,0,0,3,0
47 - Λακωνίας,263 E.T. Δήμου Σπάρτης,517,267,7,5,12,255,60,46,0,1,1,2,130,37,7,4,75,6,10,2,4,1,0,2,34,31,0,0,2,0,3,0,0,1,0,1,1,0,0,0,0,0,0,0,0,0,5,5,0,0,0,0,0,0,4,1,1,0,0,0,0,0,0,0,0,0,1,0,0,0,0,1,4,3,1,0,2,0,0,0,1,1
47 - Λακωνίας,264 E.T. Δήμου Σπάρτης,545,251,0,2,2,249,54,45,1,0,4,0,127,34,4,3,76,4,4,1,2,0,0,0,26,24,0,0,0,0,7,0,0,0,0,5,0,0,0,0,0,0,1,0,1,0,1,1,0,0,0,0,0,0,10,2,4,1,0,0,0,0,3,0,0,1,2,0,0,0,0,1,6,4,0,0,5,2,1,0,3,2
47 - Λακωνίας,265 E.T. Δήμου Σπάρτης,553,253,2,1,3,250,57,43,4,3,1,2,116,26,6,9,63,2,5,0,1,0,0,1,39,33,1,0,2,1,11,1,2,0,0,6,1,1,0,0,0,0,2,2,0,0,0,0,0,0,0,0,0,0,4,1,3,0,0,0,0,0,0,0,0,0,2,0,0,0,1,1,7,5,1,0,3,0,1,0,3,1
47 - Λακωνίας,266 E.T. Δήμου Σπάρτης,539,267,6,0,6,261,61,49,1,3,2,1,139,28,4,11,87,5,9,0,3,1,1,3,22,20,1,0,1,0,13,3,3,0,0,2,1,0,0,0,0,0,0,0,0,0,0,0,0,0,0,0,0,0,4,0,1,0,0,0,0,0,0,0,0,0,1,0,0,0,0,1,8,4,0,1,2,1,0,0,1,0
47 - Λακωνίας,267 E.T. Δήμου Σπάρτης,510,206,12,1,13,193,80,65,1,1,1,1,72,14,1,8,37,8,4,0,1,0,2,0,16,13,0,0,1,0,8,0,2,2,0,1,0,0,0,0,0,0,0,0,0,0,0,0,0,0,0,0,0,0,6,2,2,0,0,0,0,0,0,0,0,0,2,0,0,0,0,2,4,3,0,0,0,0,0,0,1,1
47 - Λακωνίας,268 E.T. Δήμου Σπάρτης,533,273,1,1,2,271,59,45,2,0,4,0,135,29,13,12,74,3,12,0,2,2,1,6,25,22,0,0,2,0,8,0,4,0,0,2,0,0,0,0,0,0,0,0,0,0,0,0,0,0,0,0,0,0,8,2,6,0,0,0,0,0,1,1,0,0,0,0,0,0,0,0,12,9,1,1,5,5,0,0,6,4
47 - Λακωνίας,269 E.T. Δήμου Σπάρτης,554,273,3,0,3,270,77,65,2,1,2,1,124,36,5,6,70,2,7,0,0,1,0,5,40,30,0,1,1,2,6,4,0,0,0,1,1,0,0,0,0,0,0,0,0,0,0,0,0,0,0,0,0,0,6,1,1,0,0,0,0,0,0,0,0,0,5,1,0,0,0,4,3,2,0,0,1,0,1,0,0,0
47 - Λακωνίας,270 E.T. Δήμου Σπάρτης,526,256,3,3,6,250,75,54,3,2,8,2,104,23,4,7,60,3,7,0,0,0,1,4,34,30,1,0,2,0,3,0,0,0,0,2,2,1,1,0,1,0,0,0,0,0,0,0,0,0,0,0,0,0,12,4,5,3,0,0,1,1,0,0,0,0,1,0,0,0,0,1,5,3,0,0,1,1,0,0,4,3
47 - Λακωνίας,271 E.T. Δήμου Σπάρτης,529,248,3,2,5,243,52,41,1,0,5,0,129,31,6,16,68,5,6,0,4,0,0,2,39,33,0,1,3,0,4,0,0,1,0,2,3,0,0,2,0,0,0,0,0,0,0,0,0,0,0,0,0,0,3,2,1,0,0,0,0,0,0,0,0,0,1,0,1,0,0,0,5,5,0,0,0,0,0,0,1,1
47 - Λακωνίας,272 E.T. Δήμου Σπάρτης,514,232,2,4,6,226,54,41,1,0,4,1,108,25,4,4,65,5,16,2,6,0,1,7,23,16,0,1,4,0,7,1,0,0,0,2,2,1,0,0,0,0,1,1,0,0,1,0,0,0,0,1,0,0,3,0,3,0,0,0,0,0,0,0,0,0,1,0,0,0,0,1,4,3,0,0,4,3,0,0,2,0
47 - Λακωνίας,273 E.T. Δήμου Σπάρτης,515,218,5,2,7,211,42,33,2,0,2,0,112,25,2,4,76,3,7,0,0,0,0,5,20,19,0,0,0,0,6,3,0,0,0,1,2,0,0,1,0,0,0,0,0,0,2,2,0,0,0,0,1,1,4,0,1,1,0,0,0,0,0,0,0,0,1,0,0,0,0,1,9,8,0,0,1,0,1,0,4,2
47 - Λακωνίας,274 E.T. Δήμου Σπάρτης,509,209,3,2,5,204,31,23,3,0,0,1,97,21,2,9,57,2,2,0,0,0,0,1,39,30,0,1,6,2,13,2,3,1,0,2,2,0,0,0,0,0,2,1,0,0,2,1,0,0,0,0,0,0,12,2,5,1,0,0,0,0,0,0,0,0,2,0,0,0,0,1,2,2,0,0,0,0,0,0,0,0
47 - Λακωνίας,275 E.T. Δήμου Σπάρτης,509,245,1,2,3,242,42,36,0,1,0,0,133,18,4,16,90,2,4,0,0,0,2,0,28,23,0,0,5,0,8,0,1,2,0,3,3,1,0,0,0,0,1,0,0,0,0,0,0,0,0,0,0,0,6,2,0,1,0,0,0,0,1,0,1,0,0,0,0,0,0,0,10,6,0,0,4,2,0,0,2,2
47 - Λακωνίας,276 E.T. Δήμου Σπάρτης,512,261,2,4,6,255,61,48,0,0,2,1,139,30,6,9,84,2,6,0,0,0,1,4,24,19,0,3,0,0,11,1,5,0,1,3,2,1,0,1,0,0,0,0,0,0,0,0,0,0,0,0,2,2,7,4,3,0,0,0,0,0,0,0,0,0,1,0,0,0,0,0,1,1,0,0,1,1,0,0,0,0
47 - Λακωνίας,277 E.T. Δήμου Σπάρτης,504,266,5,0,5,261,70,47,3,2,1,2,122,24,4,7,73,5,9,1,2,0,0,1,27,19,0,1,3,0,10,0,3,0,0,3,2,1,0,0,0,0,0,0,0,0,3,3,0,0,0,0,0,0,7,2,2,0,0,0,0,0,0,0,0,0,0,0,0,0,0,0,7,3,0,0,1,0,0,0,3,1
47 - Λακωνίας,278 E.T. Δήμου Σπάρτης,534,261,2,2,4,257,60,49,1,0,4,0,125,29,8,9,56,7,1,0,0,0,0,1,27,20,0,0,4,1,15,1,2,0,1,6,4,1,0,1,0,0,0,0,0,0,0,0,0,0,0,0,0,0,7,1,1,0,1,1,0,0,0,0,0,0,2,0,0,0,0,2,10,6,0,0,1,1,0,0,4,2
47 - Λακωνίας,279 E.T. Δήμου Σπάρτης,534,241,3,5,8,233,59,44,1,1,0,0,106,21,7,7,54,11,6,0,1,0,0,4,30,22,2,1,3,0,8,1,4,1,0,0,2,1,0,0,0,0,0,0,0,0,0,0,0,0,0,0,1,1,10,2,2,1,0,0,0,0,0,0,0,0,0,0,0,0,0,0,5,3,0,0,0,0,0,0,6,3
47 - Λακωνίας,280 E.T. Δήμου Σπάρτης,515,251,2,1,3,248,58,46,0,0,5,2,135,32,12,7,76,6,6,0,1,0,0,3,22,19,0,0,3,0,6,0,1,0,1,2,2,1,0,0,0,0,1,0,0,0,1,0,0,0,0,0,0,0,5,2,2,0,0,0,0,0,0,0,0,0,0,0,0,0,0,0,10,9,0,0,0,0,0,0,2,2
47 - Λακωνίας,281 E.T. Δήμου Σπάρτης,512,235,3,1,4,231,73,50,4,0,8,1,80,14,3,7,48,4,7,0,2,0,1,3,31,24,1,0,4,0,18,1,3,0,1,8,1,0,0,1,0,0,1,0,0,1,0,0,0,0,0,0,0,0,4,2,1,0,0,0,0,0,0,0,0,0,0,0,0,0,0,0,6,4,0,1,1,1,0,0,9,5
47 - Λακωνίας,282 E.T. Δήμου Σπάρτης,521,268,7,1,8,260,61,47,0,0,5,1,130,19,6,7,82,5,7,0,0,1,0,4,28,21,0,0,0,0,13,0,3,2,0,0,2,0,0,0,0,0,3,1,2,0,0,0,0,0,0,0,0,0,7,0,1,2,0,0,0,0,0,0,0,0,3,1,0,0,0,1,5,3,0,0,0,0,0,0,1,1
47 - Λακωνίας,283 E.T. Δήμου Σπάρτης,511,248,6,1,7,241,60,38,6,1,1,1,107,28,9,8,46,4,9,0,3,0,0,4,30,21,0,1,6,1,10,0,1,0,1,3,5,0,0,1,0,0,0,0,0,0,0,0,0,0,0,0,0,0,11,3,4,1,0,0,0,0,0,0,0,0,0,0,0,0,0,0,7,7,0,0,0,0,0,0,2,1
47 - Λακωνίας,284 E.T. Δήμου Σπάρτης,512,254,3,1,4,250,59,44,2,3,2,1,120,20,2,13,68,10,7,1,1,1,1,1,29,23,0,2,2,1,3,0,1,0,0,0,1,0,1,0,0,0,0,0,0,0,1,1,0,0,0,0,0,0,12,4,2,2,0,0,0,0,3,2,0,0,1,0,0,0,0,1,5,3,1,1,2,0,1,0,7,2
47 - Λακωνίας,285 E.T. Δήμου Σπάρτης,512,257,3,0,3,254,61,42,3,0,1,2,116,18,11,4,72,3,9,0,0,0,0,0,39,30,1,0,4,0,4,0,2,0,0,2,1,0,0,0,0,0,1,0,0,0,1,0,0,0,0,0,0,0,8,4,2,0,0,0,0,0,0,0,0,0,2,0,0,0,0,1,8,3,2,2,0,0,0,0,4,3
47 - Λακωνίας,286 E.T. Δήμου Σπάρτης,518,243,3,0,3,240,70,54,7,0,2,0,94,19,3,9,50,6,16,0,3,4,1,5,31,24,0,0,6,0,13,0,3,0,0,5,2,1,0,1,0,0,1,1,0,0,0,0,0,0,0,0,0,0,7,2,1,0,0,0,0,0,0,0,0,0,0,0,0,0,0,0,4,4,0,0,2,0,0,0,0,0
47 - Λακωνίας,287 E.T. Δήμου Σπάρτης,519,238,3,0,3,235,59,48,2,0,1,1,106,25,8,4,63,1,6,0,0,0,2,2,28,23,0,0,4,0,12,2,5,0,1,2,2,1,0,0,0,0,0,0,0,0,0,0,0,0,0,0,0,0,6,1,4,1,0,0,0,0,1,1,0,0,0,0,0,0,0,0,12,6,0,1,1,1,0,0,2,2
47 - Λακωνίας,288 E.T. Δήμου Σπάρτης,393,153,1,0,1,152,21,16,2,1,0,0,86,37,4,6,32,2,9,1,2,0,1,3,16,12,1,0,1,0,4,0,1,0,0,3,4,0,1,1,0,0,0,0,0,0,2,2,0,0,0,0,0,0,6,1,2,0,1,0,1,0,0,0,0,0,0,0,0,0,0,0,0,0,0,0,2,0,0,0,0,0
47 - Λακωνίας,289 E.T. Δήμου Σπάρτης,418,151,8,2,10,141,13,13,0,0,0,0,86,32,7,5,37,2,6,0,1,1,1,2,21,18,1,0,0,0,1,0,0,0,0,0,2,0,1,0,0,0,0,0,0,0,0,0,0,0,0,0,0,0,5,0,4,0,1,1,0,0,0,0,0,0,0,0,0,0,0,0,3,2,0,0,1,0,0,0,2,2
47 - Λακωνίας,290 E.T. Δήμου Σπάρτης,487,135,1,0,1,134,14,9,0,0,2,1,28,9,1,1,12,2,5,0,4,0,0,0,64,59,0,0,0,2,9,4,0,0,0,1,2,1,1,0,0,0,0,0,0,0,1,0,0,0,0,0,0,0,5,1,1,1,0,0,0,0,1,0,1,0,2,0,0,0,0,2,2,1,0,0,0,0,0,0,1,1
47 - Λακωνίας,291 E.T. Δήμου Σπάρτης,141,60,1,0,1,59,17,17,0,0,0,0,20,4,1,0,13,0,0,0,0,0,0,0,20,19,0,1,0,0,2,0,0,0,0,1,0,0,0,0,0,0,0,0,0,0,0,0,0,0,0,0,0,0,0,0,0,0,0,0,0,0,0,0,0,0,0,0,0,0,0,0,0,0,0,0,0,0,0,0,0,0
47 - Λακωνίας,292 E.T. Δήμου Σπάρτης,336,106,0,1,1,105,17,17,0,0,0,0,43,10,1,1,23,6,9,0,0,0,0,6,20,20,0,0,0,0,2,1,0,0,0,0,0,0,0,0,0,0,1,1,0,0,0,0,0,0,0,0,0,0,6,3,2,0,0,0,0,0,2,0,0,0,0,0,0,0,0,0,3,0,0,1,1,0,0,0,1,0
47 - Λακωνίας,293 E.T. Δήμου Σπάρτης,355,81,0,1,1,80,7,6,0,0,0,0,38,11,3,2,18,2,9,1,0,0,1,7,23,18,0,1,4,0,0,0,0,0,0,0,0,0,0,0,0,0,1,1,0,0,0,0,0,0,0,0,0,0,1,1,0,0,0,0,0,0,0,0,0,0,0,0,0,0,0,0,1,0,0,0,0,0,0,0,0,0
47 - Λακωνίας,294 E.T. Δήμου Σπάρτης,554,190,2,0,2,188,39,34,0,1,1,2,96,15,0,0,78,1,13,3,3,3,1,2,23,22,0,0,1,0,7,1,3,1,0,0,1,0,0,1,0,0,0,0,0,0,0,0,0,0,0,0,0,0,4,2,2,0,0,0,0,0,0,0,0,0,0,0,0,0,0,0,2,2,0,0,1,0,0,0,2,2
47 - Λακωνίας,295 E.T. Δήμου Σπάρτης,418,173,4,2,6,167,35,26,1,3,0,0,73,30,2,4,36,0,8,1,4,0,1,2,19,18,0,1,0,0,8,2,1,4,0,0,2,0,1,0,0,0,0,0,0,0,0,0,0,0,0,0,0,0,11,3,4,2,0,0,0,0,1,1,0,0,4,0,0,0,0,4,2,2,0,0,2,0,0,1,2,1
47 - Λακωνίας,296 E.T. Δήμου Σπάρτης,460,194,6,1,7,187,58,50,2,1,0,0,76,15,4,1,46,2,8,0,3,0,0,2,23,21,0,0,0,0,5,1,0,1,1,1,2,1,0,0,0,0,0,0,0,0,0,0,0,0,0,0,0,0,3,0,1,1,0,0,1,1,1,0,1,0,0,0,0,0,0,0,7,6,0,0,0,0,0,0,3,0
47 - Λακωνίας,297 E.T. Δήμου Σπάρτης,446,223,2,5,7,216,46,41,3,0,0,0,103,24,6,1,67,3,2,0,1,0,0,0,38,32,1,0,2,0,2,0,0,1,0,0,2,0,0,0,0,0,1,1,0,0,0,0,0,0,0,0,0,0,12,1,3,3,0,0,0,0,1,0,0,0,1,0,0,0,0,0,6,4,0,1,2,0,0,0,0,0
47 - Λακωνίας,298 E.T. Δήμου Σπάρτης,468,138,4,0,4,134,32,23,4,0,0,0,70,18,7,2,40,2,1,0,1,0,0,0,13,11,0,1,0,0,5,0,0,2,0,0,1,1,0,0,0,0,0,0,0,0,0,0,0,0,0,0,0,0,3,1,1,0,0,0,0,0,1,0,1,0,2,0,1,0,0,1,6,2,1,1,0,0,0,0,0,0
47 - Λακωνίας,299 E.T. Δήμου Σπάρτης,465,171,3,0,3,168,43,37,0,0,0,1,83,21,2,5,49,3,10,3,1,1,3,1,19,18,0,0,0,1,4,0,0,2,0,1,0,0,0,0,0,0,0,0,0,0,0,0,0,0,0,0,0,0,7,3,1,0,0,0,0,0,0,0,0,0,0,0,0,0,0,0,1,0,0,1,1,1,0,0,0,0
47 - Λακωνίας,300 E.T. Δήμου Σπάρτης,394,148,0,2,2,146,26,20,1,0,0,2,72,23,5,7,31,0,5,2,1,0,0,2,27,21,0,0,5,1,4,0,0,1,1,0,0,0,0,0,0,0,0,0,0,0,0,0,0,0,0,0,0,0,6,3,3,0,1,1,0,0,0,0,0,0,3,0,0,0,0,3,1,0,0,1,0,0,0,0,1,1
47 - Λακωνίας,301 E.T. Δήμου Σπάρτης,461,215,1,1,2,213,36,29,1,1,0,0,120,54,5,2,54,1,13,0,9,0,1,1,24,19,0,1,3,0,1,0,0,0,0,0,0,0,0,0,0,0,1,0,0,1,1,1,0,0,0,0,0,0,9,2,1,4,0,0,0,0,1,0,1,0,0,0,0,0,0,0,1,0,0,0,2,0,0,0,4,1
47 - Λακωνίας,302 E.T. Δήμου Σπάρτης,243,87,1,1,2,85,17,15,0,0,0,0,47,11,1,1,28,1,1,0,0,0,0,1,16,15,0,0,0,0,2,0,0,0,0,2,0,0,0,0,0,0,0,0,0,0,0,0,0,0,0,0,0,0,1,0,0,0,0,0,0,0,0,0,0,0,0,0,0,0,0,0,1,1,0,0,0,0,0,0,0,0
47 - Λακωνίας,303 E.T. Δήμου Σπάρτης,469,177,2,0,2,175,42,35,0,0,1,2,88,37,1,1,44,2,7,2,2,0,0,2,20,19,0,0,0,0,2,2,0,0,0,0,1,0,0,0,0,0,0,0,0,0,2,2,0,0,0,0,0,0,9,0,5,1,0,0,0,0,0,0,0,0,0,0,0,0,0,0,3,2,0,0,0,0,0,0,1,1
47 - Λακωνίας,304 E.T. Δήμου Σπάρτης,285,54,0,0,0,54,5,3,0,0,0,0,3,0,0,0,3,0,3,0,0,0,1,1,43,43,0,0,0,0,0,0,0,0,0,0,0,0,0,0,0,0,0,0,0,0,0,0,0,0,0,0,0,0,0,0,0,0,0,0,0,0,0,0,0,0,0,0,0,0,0,0,0,0,0,0,0,0,0,0,0,0
47 - Λακωνίας,305 E.T. Δήμου Σπάρτης,272,133,1,0,1,132,28,19,2,0,1,1,55,7,4,5,36,2,5,1,3,0,1,0,36,34,0,0,0,0,7,3,0,0,0,1,0,0,0,0,0,0,0,0,0,0,0,0,0,0,0,0,0,0,1,0,1,0,0,0,0,0,0,0,0,0,0,0,0,0,0,0,0,0,0,0,0,0,0,0,0,0
47 - Λακωνίας,Ετερ. Λακωνίας (από Εφετείο Θεσσαλονίκης),71,51,0,1,1,50,7,4,0,0,2,0,26,13,0,4,6,2,0,0,0,0,0,0,4,3,0,0,1,0,4,1,0,2,0,0,0,0,0,0,0,0,1,0,0,0,1,0,1,0,0,0,0,0,1,0,0,1,0,0,0,0,0,0,0,0,0,0,0,0,0,0,5,4,0,0,0,0,0,0,1,1
47 - Λακωνίας,Ετερ. Λακωνίας (από 94ο Ε.Τ. Νομ. Αττικής-Αθηνών),560,341,3,3,6,335,67,33,13,2,4,0,190,78,17,40,25,11,13,2,8,0,1,2,28,22,3,0,0,2,14,2,1,3,0,1,6,3,0,0,0,0,3,0,0,1,0,0,0,0,0,0,0,0,3,0,0,3,1,0,0,0,2,1,0,0,0,0,0,0,0,0,6,1,0,2,1,0,0,1,1,0
47 - Λακωνίας,Ετερ. Λακωνίας (από 95ο Ε.Τ. Νομ. Αττικής-Αθηνών),585,393,3,3,6,387,85,47,10,5,0,4,198,83,30,36,27,6,14,2,5,3,0,2,40,31,1,3,0,3,12,5,0,1,1,0,2,1,0,1,0,0,2,0,0,1,0,0,0,0,0,0,0,0,11,2,5,1,0,0,0,0,1,0,0,1,2,1,0,0,0,0,11,4,2,1,1,1,0,0,8,5
47 - Λακωνίας,Ετερ. Λακωνίας (από 96ο Ε.Τ. Νομ. Αττικής-Αθηνών),570,363,3,3,6,357,62,20,4,1,12,0,209,81,32,44,23,8,19,1,6,4,2,3,28,26,0,2,0,0,17,1,0,3,3,2,1,1,0,0,0,0,0,0,0,0,0,0,0,0,0,0,0,0,0,0,0,0,1,0,1,0,1,0,0,1,3,0,0,0,0,0,11,4,1,2,1,0,0,0,3,2
47 - Λακωνίας,Ετερ. Λακωνίας (από 18ο Ε.Τ. Νομ. Αττικής-Πειραιώς),506,320,1,1,2,318,79,16,22,7,2,2,152,70,12,34,12,7,11,1,3,2,2,0,31,3,2,3,0,2,12,6,0,1,1,0,2,0,1,0,0,0,0,0,0,0,0,0,0,0,0,0,0,0,15,3,4,4,1,1,0,0,0,0,0,0,0,0,0,0,0,0,9,2,0,4,0,0,0,0,6,5
Σύνολο,,123429,53851,589,303,892,52959,10397,6540,1128,472,522,221,26432,9562,2802,3390,8448,722,1927,183,746,124,222,314,7623,5934,134,280,501,445,1893,364,207,254,185,284,322,116,44,28,11,2,137,37,16,12,243,45,33,136,4,5,42,15,1679,442,725,146,31,8,19,11,184,68,14,52,204,15,14,15,10,120,1064,488,56,149,219,54,45,31,532,317
