ΠΕΡΙΦΕΡΕΙΑ,ΕΚΛΟΓΙΚΟ ΤΜΗΜΑ,ΕΓΓΕΓΡΑΜΜΕΝΟΙ,ΨΗΦΙΣΑΝΤΕΣ,ΑΚΥΡΑ,ΛΕΥΚΑ,ΑΚΥΡΑ & ΛΕΥΚΑ,ΕΓΚΥΡΑ,ΣΥΡΙΖΑ,ΒΕΛΕΝΤΖΑΣ ΣΠΥΡΙΔΩΝ του Σωτηρίου,ΚΡΙΤΣΙΜΑ ΧΡΙΣΤΙΝΑ του Λάμπρου,ΜΠΑΡΚΑΣ ΚΩΝΣΤΑΝΤΙΝΟΣ του Θεοφάνη,ΜΠΟΤΖΙΟΥ ΓΕΩΡΓΙΑ του Μιλτιάδη,Νέα Δημοκρατία,ΓΙΑΝΝΑΚΗΣ ΣΤΕΡΓΙΟΣ του Κωνσταντίνου,ΚΟΝΤΑΞΗ-ΝΑΣΗ ΣΕΒΑΣΤΗ (ΣΕΒΗ) του Ιωάννη,ΚΥΡΙΑΚΗΣ ΣΠΥΡΙΔΩΝ του Γεωργίου,ΡΑΒΑΝΟΥ ΔΗΜΗΤΡΑ του Ιωάννη,Λαϊκός Σύνδεσμος - Χρυσή Αυγή,ΝΤΑΚΟΥΛΑΣ ΑΛΕΞΑΝΔΡΟΣ του Χρήστου,ΝΤΡΙΚΟΥ ΑΓΓΕΛΙΚΗ του Παναγιώτη,ΤΕΦΑΣ ΓΕΩΡΓΙΟΣ του Ευαγγέλου,Κίνημα Αλλαγής,ΑΠΟΣΤΟΛΟΥ ΠΑΝΑΓΙΩΤΑ του Χρήστου,ΚΩΝΗΣ ΚΩΝΣΤΑΝΤΙΝΟΣ του Αλεξάνδρου,ΠΑΠΠΑ ΑΙΚΑΤΕΡΙΝΗ του Αδάμ,ΠΕΠΟΝΗΣ ΧΡΗΣΤΟΣ του Θωμά,Κ.Κ.Ε.,ΚΥΡΛΑΣ ΚΩΝΣΤΑΝΤΙΝΟΣ του Ιωσήφ,ΜΑΛΕΖΑ ΖΗΝΟΒΙΑ του Ευσταθίου,ΠΑΠΑΔΗΜΗΤΡΙΟΥ ΕΙΡΗΝΗ του Δημητρίου,ΠΟΥΜΠΗΣ ΓΕΩΡΓΙΟΣ του Ιωάννη,Ένωση Κεντρώων,ΚΟΥΤΣΟΧΡΗΣΤΟΣ ΣΩΤΗΡΙΟΣ του Ηρακλή,ΛΙΑΣΚΟΥ ΣΩΤΗΡΙΑ του Ξενοφώντος,Ο.Κ.Δ.Ε.,ΖΑΚΑΣ ΧΡΗΣΤΟΣ του Γρηγορίου,ΑΝΤ.ΑΡ.ΣΥ.Α.,ΒΟΥΡΕΚΑΣ ΘΕΟΔΩΡΟΣ του Κωνσταντίνου,ΓΙΑΡΑΛΗ ΕΥΑΓΓΕΛΙΑ του Κωνσταντίνου,ΝΑΝΟΣ ΕΥΑΓΓΕΛΟΣ του Σωτηρίου,Ελλήνων Συνέλευσις,ΣΑΚΚΟΣ ΝΙΚΟΛΑΟΣ του Κωνσταντίνου,Ελληνική Λύση - Κ. Βελόπουλος,ΒΑΣΙΛΙΚΑΡΗ ΑΡΕΤΗ του Γεωργίου,ΤΣΙΡΙΚΑΣ ΑΘΑΝΑΣΙΟΣ του Παναγιώτη,Κ.Κ.Ε. (μ-λ),ΝΟΥΣΙΑΣ ΟΡΕΣΤΗΣ του Ιωάννη,Μ-Λ Κ.Κ.Ε.,ΝΤΟΥΣΚΟΣ ΠΕΤΡΟΣ του Οδυσσέα,Ε.ΠΑ.Μ - Α.Κ.Κ.ΕΛ,ΓΙΑΤΡΑ ΔΙΟΝΥΣΙΑ του Πέτρου,ΣΙΑΡΚΟΣ ΔΗΜΗΤΡΙΟΣ του Γεωργίου,Λαϊκή Ενότητα,ΛΑΪΝΑ ΠΑΡΘΕΝΙΑ του Νικολάου,ΛΙΒΙΕΡΑΤΟΣ ΝΙΚΟΛΑΟΣ του Ηλία,ΜέΡΑ25,ΝΙΚΟΥ ΕΡΩΤΟΚΡΙΤΟΣ του Διονυσίου,ΝΤΟΒΑ ΔΗΜΗΤΡΑ του Θεολόγου,Δημιουργία ξανά - Θ. Τζήμερος,ΛΙΑΚΟΥΛΗ ΦΑΝΗ του Ιωάννη,ΠΑΠΑΚΩΣΤΑΣ ΓΕΩΡΓΙΟΣ του Χρήστου,Πλεύση Ελευθερίας - Ζωή Κωνστ.,ΡΟΥΜΕΛΙΩΤΗΣ ΣΤΕΦΑΝΟΣ του Ανδρέα
21 - Πρέβεζας,1 E.T. Δήμου Ζηρού,315,170,3,0,3,167,23,2,1,13,0,129,51,14,51,5,3,1,1,0,4,3,0,0,0,0,0,0,0,0,0,0,0,0,0,0,0,0,0,0,0,1,0,0,0,0,0,0,1,1,0,0,0,0,0,0,0,1,0,0,5,2
21 - Πρέβεζας,2 E.T. Δήμου Ζηρού,339,203,4,4,8,195,43,6,6,16,0,121,57,2,53,3,3,2,0,1,7,5,0,0,1,1,0,0,1,0,0,0,0,0,0,2,0,0,2,0,0,4,0,2,0,0,0,0,1,0,1,1,1,0,1,0,1,10,1,9,1,1
21 - Πρέβεζας,3 E.T. Δήμου Ζηρού,305,143,3,1,4,139,25,0,2,12,2,96,40,7,36,6,1,0,0,1,5,3,1,0,0,1,0,0,0,0,3,1,1,0,0,2,0,1,0,0,0,2,0,1,0,0,0,0,0,0,0,0,0,0,1,1,0,3,0,3,0,0
21 - Πρέβεζας,4 E.T. Δήμου Ζηρού,431,235,3,0,3,232,54,2,3,31,1,136,67,6,49,1,4,1,1,1,11,8,2,0,0,0,0,0,0,0,3,0,2,0,0,1,0,0,0,0,0,2,0,0,2,1,0,0,0,0,0,0,0,0,2,1,0,17,0,16,0,0
21 - Πρέβεζας,5 E.T. Δήμου Ζηρού,172,81,0,1,1,80,24,1,1,20,1,38,13,3,15,2,0,0,0,0,13,10,2,0,1,0,0,0,0,0,0,0,0,0,0,0,0,0,0,0,0,0,0,0,0,0,0,0,0,0,0,0,0,0,2,0,0,1,0,1,2,1
21 - Πρέβεζας,6 E.T. Δήμου Ζηρού,433,236,2,0,2,234,84,14,4,41,2,97,34,4,43,7,4,0,1,0,24,9,5,0,4,12,5,1,0,0,1,0,0,0,0,1,0,1,0,0,0,1,1,0,0,0,0,0,0,0,0,1,0,0,6,1,3,1,0,0,2,1
21 - Πρέβεζας,7 E.T. Δήμου Ζηρού,422,272,2,0,2,270,91,16,6,49,3,117,48,14,38,4,3,3,0,0,24,7,2,2,11,17,7,0,1,3,1,0,0,1,1,2,0,2,0,0,0,5,1,0,1,1,0,0,1,0,1,2,2,0,3,1,1,2,2,0,0,0
21 - Πρέβεζας,8 E.T. Δήμου Ζηρού,453,272,0,1,1,271,79,25,13,24,3,130,44,11,48,9,3,3,0,0,18,2,6,0,5,20,7,0,3,5,1,1,0,1,0,1,0,0,0,4,4,2,1,1,0,0,0,0,0,0,0,0,0,0,6,0,3,1,0,0,5,5
21 - Πρέβεζας,9 E.T. Δήμου Ζηρού,431,259,4,0,4,255,89,19,2,38,4,101,25,7,55,4,0,0,0,0,18,6,1,0,7,26,7,1,3,4,1,1,0,1,1,1,0,0,1,0,0,4,3,0,0,0,0,0,0,0,0,1,1,0,10,3,2,0,0,0,3,1
21 - Πρέβεζας,10 E.T. Δήμου Ζηρού,321,152,0,0,0,152,40,3,4,30,2,79,26,16,25,0,8,4,1,0,8,1,4,1,1,2,2,0,0,0,0,0,0,0,0,1,0,0,0,0,0,9,3,1,0,0,0,0,0,0,0,0,0,0,4,0,3,1,1,0,0,0
21 - Πρέβεζας,11 E.T. Δήμου Ζηρού,270,166,0,1,1,165,41,7,6,19,1,83,27,11,23,2,3,0,0,1,17,5,2,1,6,3,0,0,0,0,3,1,0,0,0,1,0,0,0,0,0,8,0,5,0,0,0,0,1,0,0,0,0,0,2,1,0,0,0,0,3,0
21 - Πρέβεζας,12 E.T. Δήμου Ζηρού,225,127,2,1,3,124,49,1,7,28,0,49,27,4,11,4,3,2,0,0,11,3,0,1,3,5,3,1,0,0,0,0,0,0,0,0,0,0,0,1,1,1,0,1,0,0,0,0,0,0,0,0,0,0,4,2,0,0,0,0,1,0
21 - Πρέβεζας,13 E.T. Δήμου Ζηρού,184,128,1,1,2,126,60,8,6,32,0,33,17,3,9,2,2,2,0,0,12,5,7,0,0,6,4,1,0,1,1,0,0,0,0,1,0,0,0,1,1,3,0,2,0,0,0,0,0,0,0,1,1,0,4,3,0,0,0,0,2,1
21 - Πρέβεζας,14 E.T. Δήμου Ζηρού,340,204,4,0,4,200,53,7,3,36,0,101,36,6,44,6,31,0,0,0,6,0,1,1,1,1,0,0,0,0,0,0,0,0,0,1,0,1,0,0,0,2,0,1,0,0,0,0,0,0,0,0,0,0,2,0,0,3,1,0,0,0
21 - Πρέβεζας,15 E.T. Δήμου Ζηρού,285,162,1,1,2,160,57,19,2,31,0,79,50,2,21,3,2,0,0,0,11,3,4,0,3,1,1,0,0,0,2,1,0,0,0,0,0,0,0,0,0,0,0,0,0,0,0,0,1,0,0,1,1,0,1,0,0,2,0,2,3,3
21 - Πρέβεζας,16 E.T. Δήμου Ζηρού,370,210,1,1,2,208,57,22,2,25,0,109,55,7,43,1,7,4,0,0,23,6,1,2,11,2,0,0,0,0,3,0,1,0,0,0,0,0,0,0,0,1,1,0,0,0,0,0,0,0,0,0,0,0,5,1,2,0,0,0,1,1
21 - Πρέβεζας,17 E.T. Δήμου Ζηρού,308,136,2,0,2,134,33,4,1,15,1,82,27,32,14,5,3,0,0,0,7,2,3,0,2,1,0,0,0,0,0,0,0,0,0,0,0,0,0,1,0,3,1,1,0,0,0,0,2,0,1,0,0,0,0,0,0,2,1,0,0,0
21 - Πρέβεζας,18 E.T. Δήμου Ζηρού,400,218,4,2,6,212,34,4,1,16,0,153,33,64,36,3,0,0,0,0,14,0,2,0,9,2,0,0,0,0,2,2,0,0,0,1,0,1,0,0,0,3,2,0,0,0,0,0,0,0,0,0,0,0,3,1,1,0,0,0,0,0
21 - Πρέβεζας,19 E.T. Δήμου Ζηρού,348,176,1,0,1,175,63,9,5,43,1,77,19,24,20,1,4,0,0,0,17,1,2,1,7,4,2,1,1,0,1,0,0,0,0,0,0,0,0,0,0,2,0,1,1,1,1,1,0,0,0,0,0,0,4,0,3,1,0,0,0,0
21 - Πρέβεζας,20 E.T. Δήμου Ζηρού,352,194,0,0,0,194,81,27,7,25,1,73,24,18,17,5,2,0,0,0,18,3,2,1,10,4,0,0,0,0,0,0,0,0,0,0,0,0,0,1,0,3,1,0,0,0,0,0,0,0,0,0,0,0,9,2,3,1,0,0,2,0
21 - Πρέβεζας,21 E.T. Δήμου Ζηρού,447,239,3,0,3,236,95,15,13,45,3,92,22,10,60,0,6,3,0,2,20,4,3,1,7,12,2,1,0,3,2,1,0,0,0,0,0,0,0,1,1,2,1,0,0,0,1,1,0,0,0,1,0,1,1,0,1,1,1,0,2,2
21 - Πρέβεζας,22 E.T. Δήμου Ζηρού,437,192,3,5,8,184,67,6,5,38,1,79,34,12,22,3,1,1,0,0,15,2,0,1,5,17,3,0,1,4,0,0,0,0,0,0,0,0,0,1,0,2,1,0,0,0,0,0,0,0,0,0,0,0,2,1,0,0,0,0,0,0
21 - Πρέβεζας,23 E.T. Δήμου Ζηρού,442,211,5,1,6,205,66,3,16,35,1,79,25,9,36,0,3,1,0,0,23,5,4,0,8,18,6,0,0,6,1,0,0,0,0,1,0,0,0,2,1,1,1,0,0,0,0,0,2,1,1,0,0,0,7,2,1,0,0,0,2,1
21 - Πρέβεζας,24 E.T. Δήμου Ζηρού,325,167,0,0,0,167,50,5,6,28,0,70,28,8,26,1,0,0,0,0,19,3,9,1,4,22,13,0,0,9,2,0,2,0,0,0,0,0,0,0,0,3,1,1,0,0,0,0,0,0,0,0,0,0,0,0,0,0,0,0,1,0
21 - Πρέβεζας,25 E.T. Δήμου Ζηρού,400,208,2,1,3,205,68,4,15,37,2,99,69,5,19,0,4,1,0,0,17,2,7,1,7,9,6,0,1,1,1,0,0,0,0,0,0,0,0,2,2,0,0,0,1,1,1,0,1,0,0,0,0,0,2,0,0,0,0,0,0,0
21 - Πρέβεζας,26 E.T. Δήμου Ζηρού,497,340,4,2,6,334,126,19,10,66,2,117,43,3,60,1,3,1,0,0,39,3,5,3,13,21,6,0,0,15,1,0,1,0,0,2,0,0,0,8,0,0,4,2,0,0,0,0,4,1,3,0,0,0,13,0,11,0,0,0,0,0
21 - Πρέβεζας,27 E.T. Δήμου Ζηρού,529,359,3,4,7,352,116,10,8,78,3,172,41,55,58,5,9,3,0,2,21,12,1,0,1,16,4,4,2,0,2,0,1,0,0,0,0,0,0,0,0,3,1,0,0,0,0,0,1,1,0,4,0,3,5,1,1,1,0,0,2,0
21 - Πρέβεζας,28 E.T. Δήμου Ζηρού,487,327,4,6,10,317,89,3,2,59,2,168,51,70,36,2,7,1,0,2,24,5,3,1,6,15,0,5,0,1,4,1,1,0,0,0,0,0,0,3,2,0,0,0,0,0,0,0,1,1,0,1,1,0,1,0,0,1,0,1,3,3
21 - Πρέβεζας,29 E.T. Δήμου Ζηρού,492,330,6,3,9,321,83,16,2,41,3,166,38,57,54,4,14,0,0,9,24,10,6,1,4,11,1,0,0,0,2,0,0,0,0,2,0,0,0,2,1,5,2,0,0,0,0,0,3,1,0,0,0,0,5,0,2,2,0,0,2,1
21 - Πρέβεζας,30 E.T. Δήμου Ζηρού,493,326,2,3,5,321,85,4,7,52,2,155,50,55,25,9,10,1,1,3,29,6,5,8,4,21,3,6,3,3,0,0,0,0,0,0,0,0,0,7,7,3,0,1,0,0,0,0,0,0,0,1,1,0,8,0,1,1,0,1,1,1
21 - Πρέβεζας,31 E.T. Δήμου Ζηρού,489,335,2,4,6,329,115,9,6,82,5,159,40,51,46,8,0,0,0,0,23,12,4,1,4,12,1,0,0,2,4,1,0,0,0,1,0,0,1,1,1,8,2,3,0,0,0,0,0,0,0,1,0,0,3,0,2,2,0,1,0,0
21 - Πρέβεζας,32 E.T. Δήμου Ζηρού,525,333,5,1,6,327,111,8,6,69,3,148,36,51,29,15,6,0,1,4,19,11,1,1,2,16,1,4,0,1,1,0,1,0,0,2,0,0,0,2,2,9,3,1,0,0,0,0,0,0,0,0,0,0,5,1,1,2,0,1,6,1
21 - Πρέβεζας,33 E.T. Δήμου Ζηρού,497,315,4,0,4,311,82,5,2,55,1,149,48,62,18,9,2,0,1,1,32,16,4,4,1,13,1,0,2,0,1,0,0,0,0,0,0,0,0,8,5,5,2,2,0,0,1,1,1,0,0,2,1,0,9,4,1,3,1,2,3,1
21 - Πρέβεζας,34 E.T. Δήμου Ζηρού,493,319,2,1,3,316,105,9,6,62,2,146,30,49,40,9,14,4,0,3,15,7,3,1,3,19,7,5,0,0,0,0,0,0,0,0,0,0,0,0,0,9,2,3,1,0,0,0,1,0,0,0,0,0,4,2,1,0,0,0,2,1
21 - Πρέβεζας,35 E.T. Δήμου Ζηρού,477,289,7,2,9,280,77,10,5,41,4,137,40,19,62,8,5,3,0,0,26,9,8,1,1,1,0,0,0,0,5,2,2,0,0,0,0,0,0,5,5,7,4,1,0,0,0,0,2,1,1,0,0,0,4,1,0,1,0,1,10,6
21 - Πρέβεζας,36 E.T. Δήμου Ζηρού,481,295,4,3,7,288,96,3,7,42,4,131,49,7,51,3,3,1,0,1,31,9,7,4,1,3,0,0,2,0,2,1,1,0,0,1,0,0,0,1,1,15,5,4,1,1,1,0,0,0,0,0,0,0,2,0,1,1,0,1,0,0
21 - Πρέβεζας,37 E.T. Δήμου Ζηρού,522,326,5,1,6,320,85,9,5,37,3,153,56,30,35,7,8,0,0,3,57,53,0,1,1,7,1,1,1,0,1,0,0,0,0,2,0,2,0,0,0,1,0,0,0,0,0,0,0,0,0,1,0,0,2,0,0,2,0,1,1,1
21 - Πρέβεζας,38 E.T. Δήμου Ζηρού,366,215,3,2,5,210,50,7,4,21,2,133,83,14,24,0,13,1,0,1,9,6,1,0,0,0,0,0,0,0,0,0,0,0,0,0,0,0,0,0,0,3,2,0,0,0,0,0,0,0,0,0,0,0,2,0,1,0,0,0,0,0
21 - Πρέβεζας,39 E.T. Δήμου Ζηρού,249,147,1,0,1,146,23,2,2,16,0,103,54,10,15,15,3,1,0,2,10,8,1,0,1,2,1,0,0,0,0,0,0,0,0,0,0,0,0,1,1,2,1,1,0,0,1,0,0,0,0,0,0,0,0,0,0,1,0,0,0,0
21 - Πρέβεζας,40 E.T. Δήμου Ζηρού,325,166,1,1,2,164,39,4,3,21,1,102,44,12,38,5,7,0,1,2,9,6,2,0,0,0,0,0,0,0,3,0,1,0,0,0,0,0,0,1,1,0,0,0,0,0,0,0,0,0,0,0,0,0,2,0,1,0,0,0,1,0
21 - Πρέβεζας,41 E.T. Δήμου Ζηρού,342,186,2,0,2,184,89,15,2,55,6,60,22,3,25,1,3,2,0,0,18,9,2,1,4,3,1,0,0,0,0,0,0,0,0,0,0,0,0,0,0,4,1,1,0,0,0,0,2,0,0,0,0,0,1,1,0,0,0,0,4,3
21 - Πρέβεζας,42 E.T. Δήμου Ζηρού,529,319,4,1,5,314,81,5,10,55,0,178,70,9,81,3,6,1,1,1,15,9,5,0,1,17,4,3,1,0,0,0,0,0,0,0,0,0,0,0,0,7,3,1,0,0,0,0,0,0,0,0,0,0,6,0,3,0,0,0,4,3
21 - Πρέβεζας,43 E.T. Δήμου Ζηρού,499,314,8,1,9,305,103,8,4,67,4,156,66,30,41,2,5,2,2,0,10,4,2,0,1,12,1,3,1,0,1,1,0,0,0,0,0,0,0,5,3,7,2,4,0,0,0,0,0,0,0,0,0,0,3,0,3,1,0,0,2,2
21 - Πρέβεζας,44 E.T. Δήμου Ζηρού,347,178,2,5,7,171,57,2,0,46,0,77,43,5,20,0,2,2,0,0,9,4,1,0,2,9,6,0,0,0,2,0,0,1,1,0,0,0,0,0,0,7,4,0,0,0,0,0,0,0,0,1,0,1,5,1,1,1,0,1,0,0
21 - Πρέβεζας,45 E.T. Δήμου Ζηρού,348,191,9,3,12,179,59,4,2,44,1,97,49,11,20,3,0,0,0,0,8,3,0,0,2,3,1,2,0,0,4,0,0,0,0,0,0,0,0,0,0,2,0,0,0,0,0,0,0,0,0,0,0,0,2,1,0,3,1,0,1,0
21 - Πρέβεζας,46 E.T. Δήμου Ζηρού,458,305,6,2,8,297,139,10,22,90,0,114,39,16,39,12,4,0,1,1,12,1,3,0,7,18,9,1,0,0,2,0,1,0,0,0,0,0,0,0,0,2,0,1,0,0,0,0,0,0,0,0,0,0,6,1,3,0,0,0,0,0
21 - Πρέβεζας,47 E.T. Δήμου Ζηρού,189,127,1,0,1,126,51,3,5,31,1,53,25,4,16,5,3,3,0,0,10,3,3,0,0,4,3,1,0,0,0,0,0,0,0,0,0,0,0,0,0,1,1,0,0,0,0,0,2,0,2,0,0,0,2,0,1,0,0,0,0,0
21 - Πρέβεζας,48 E.T. Δήμου Πάργας,520,290,4,1,5,285,107,9,17,33,4,122,9,1,105,0,0,0,0,0,33,2,9,4,11,3,0,1,2,0,2,0,0,0,0,2,0,0,2,0,0,3,1,0,1,0,0,0,1,0,0,0,0,0,9,6,1,0,0,0,2,1
21 - Πρέβεζας,49 E.T. Δήμου Πάργας,537,285,4,5,9,276,90,24,10,27,3,113,13,2,94,1,2,0,0,0,36,3,7,1,11,10,1,1,1,0,3,1,1,0,0,8,2,0,5,0,0,3,1,0,0,0,0,0,3,1,0,0,0,0,8,0,1,0,0,0,0,0
21 - Πρέβεζας,50 E.T. Δήμου Πάργας,342,215,1,3,4,211,81,10,13,30,6,87,5,0,74,0,2,1,0,0,13,2,2,3,2,7,0,2,0,0,2,1,0,0,0,5,0,1,4,0,0,2,0,0,0,0,0,0,1,1,0,1,0,0,5,1,1,0,0,0,5,0
21 - Πρέβεζας,51 E.T. Δήμου Πάργας,390,245,2,1,3,242,74,17,12,24,2,126,7,1,99,5,3,1,0,1,14,5,1,1,3,8,1,0,3,0,2,1,1,0,0,3,2,0,1,0,0,4,2,0,0,0,0,0,1,0,0,0,0,0,5,2,1,0,0,0,2,1
21 - Πρέβεζας,52 E.T. Δήμου Πάργας,124,50,0,0,0,50,17,1,6,4,4,21,6,2,10,0,2,1,0,0,5,4,0,0,0,1,0,0,1,0,0,0,0,0,0,0,0,0,0,0,0,2,1,0,1,1,0,0,0,0,0,0,0,0,1,0,1,0,0,0,0,0
21 - Πρέβεζας,53 E.T. Δήμου Πάργας,523,322,1,3,4,318,97,23,9,29,6,158,7,4,140,1,6,5,0,1,16,2,0,3,2,14,2,2,2,0,1,0,0,0,0,7,5,1,0,0,0,2,1,0,0,0,1,0,1,0,0,0,0,0,10,2,3,0,0,0,5,1
21 - Πρέβεζας,54 E.T. Δήμου Πάργας,522,343,3,2,5,338,81,6,6,28,4,188,11,3,75,0,9,1,2,1,25,2,5,2,8,13,4,0,3,0,1,1,0,0,0,5,3,0,0,0,0,3,1,1,0,0,0,0,0,0,0,2,1,1,9,4,2,0,0,0,2,1
21 - Πρέβεζας,55 E.T. Δήμου Πάργας,525,325,3,0,3,322,92,13,13,33,5,157,17,3,132,1,6,2,0,0,24,1,4,3,6,12,0,2,10,0,4,1,2,0,0,1,1,0,0,1,1,6,2,1,1,0,0,0,1,0,0,1,0,0,7,1,3,4,1,2,5,1
21 - Πρέβεζας,56 E.T. Δήμου Πάργας,538,307,6,1,7,300,100,16,16,42,7,145,15,4,125,1,6,3,3,0,18,4,2,1,5,7,2,3,0,0,1,1,0,0,0,5,4,1,0,1,1,6,0,4,0,0,0,0,1,1,0,0,0,0,6,1,2,1,0,0,3,2
21 - Πρέβεζας,57 E.T. Δήμου Πάργας,225,169,1,0,1,168,40,2,6,21,1,105,17,1,79,1,2,1,0,0,7,0,0,6,0,5,0,0,0,1,0,0,0,0,0,1,1,0,0,0,0,0,0,0,0,0,0,0,0,0,0,0,0,0,8,4,1,0,0,0,0,0
21 - Πρέβεζας,58 E.T. Δήμου Πάργας,541,322,2,1,3,319,77,11,2,32,11,192,40,6,127,5,7,3,3,0,15,3,0,6,2,9,2,2,3,0,1,1,0,0,0,0,0,0,0,1,1,5,1,0,0,0,0,0,0,0,0,0,0,0,8,1,2,2,0,0,2,0
21 - Πρέβεζας,59 E.T. Δήμου Πάργας,511,278,7,1,8,270,102,11,10,39,31,118,37,4,58,2,1,1,0,0,10,1,1,7,0,6,1,2,1,1,3,1,0,6,2,0,0,0,0,0,0,10,3,2,0,0,0,0,0,0,0,0,0,0,8,0,5,1,0,0,5,2
21 - Πρέβεζας,60 E.T. Δήμου Πάργας,519,266,4,1,5,261,92,9,3,34,21,106,34,4,54,2,2,0,0,1,27,2,1,16,4,1,1,0,0,0,3,2,0,1,0,1,0,0,0,0,0,5,1,1,0,0,0,0,0,0,0,0,0,0,16,7,2,1,0,0,6,4
21 - Πρέβεζας,61 E.T. Δήμου Πάργας,526,294,8,1,9,285,111,22,9,39,30,100,23,2,64,3,11,5,2,2,24,2,3,17,2,5,3,1,0,1,6,0,2,0,0,5,0,1,2,1,0,11,7,1,0,0,0,0,0,0,0,0,0,0,7,3,0,1,0,0,3,2
21 - Πρέβεζας,62 E.T. Δήμου Πάργας,317,151,4,1,5,146,54,14,7,15,6,58,23,4,15,4,4,1,1,0,17,2,4,0,6,1,0,0,0,0,2,0,0,0,0,0,0,0,0,0,0,5,3,1,0,0,0,0,0,0,0,2,1,0,3,1,1,0,0,0,0,0
21 - Πρέβεζας,63 E.T. Δήμου Πάργας,234,133,2,1,3,130,39,2,5,18,8,72,17,5,45,2,3,1,1,0,4,0,1,3,0,3,1,0,0,0,1,0,0,1,1,1,0,0,0,0,0,0,0,0,0,0,0,0,0,0,0,0,0,0,4,1,0,1,0,0,1,1
21 - Πρέβεζας,64 E.T. Δήμου Πάργας,397,222,2,0,2,220,106,24,5,62,3,61,23,2,32,0,3,1,0,0,25,0,4,2,10,12,3,2,4,1,1,0,0,0,0,0,0,0,0,0,0,4,0,1,0,0,0,0,1,1,0,0,0,0,5,1,1,0,0,0,2,0
21 - Πρέβεζας,65 E.T. Δήμου Πάργας,515,234,3,0,3,231,63,15,5,24,5,93,32,1,50,0,0,0,0,0,36,4,3,22,4,20,0,1,3,9,2,1,0,0,0,1,0,1,0,0,0,3,0,1,0,0,1,1,0,0,0,2,1,0,8,0,2,1,0,0,1,1
21 - Πρέβεζας,66 E.T. Δήμου Πάργας,381,183,0,0,0,183,59,14,8,19,7,63,30,1,28,1,4,2,1,1,42,2,1,36,2,7,1,5,0,0,1,0,0,0,0,1,0,0,1,0,0,1,1,0,0,0,0,0,0,0,0,3,1,0,1,1,0,0,0,0,1,0
21 - Πρέβεζας,67 E.T. Δήμου Πάργας,123,51,0,1,1,50,13,2,1,6,1,24,9,1,9,2,1,0,0,0,5,1,0,1,3,5,2,0,1,0,0,0,0,0,0,0,0,0,0,0,0,0,0,0,0,0,0,0,0,0,0,0,0,0,2,1,0,0,0,0,0,0
21 - Πρέβεζας,68 E.T. Δήμου Πάργας,292,161,4,0,4,157,49,6,3,23,2,61,14,0,37,2,2,0,0,1,24,4,1,11,4,7,3,1,0,1,3,0,2,1,1,1,0,1,0,0,0,2,0,0,1,0,0,0,0,0,0,0,0,0,5,2,2,0,0,0,1,0
21 - Πρέβεζας,69 E.T. Δήμου Πάργας,370,169,0,0,0,169,89,10,23,35,0,44,20,0,21,3,1,0,0,0,19,2,1,2,7,9,0,5,1,0,0,0,0,0,0,0,0,0,0,0,0,2,0,1,0,0,1,0,0,0,0,0,0,0,4,1,1,0,0,0,0,0
21 - Πρέβεζας,70 E.T. Δήμου Πάργας,290,157,1,2,3,154,72,11,5,35,6,40,4,2,31,1,3,0,1,0,20,2,4,7,1,13,3,7,0,1,3,0,0,0,0,0,0,0,0,0,0,2,0,0,0,0,0,0,0,0,0,0,0,0,0,0,0,0,0,0,1,0
21 - Πρέβεζας,71 E.T. Δήμου Πάργας,306,175,0,1,1,174,79,8,10,39,8,58,25,0,30,2,5,1,0,0,8,0,2,4,1,13,9,2,0,0,0,0,0,0,0,0,0,0,0,0,0,0,0,0,1,0,1,0,0,0,0,0,0,0,9,3,4,0,0,0,0,0
21 - Πρέβεζας,72 E.T. Δήμου Πάργας,325,178,0,0,0,178,82,5,7,39,7,54,20,0,22,1,5,1,1,2,6,0,1,0,2,22,15,4,0,0,0,0,0,0,0,0,0,0,0,0,0,3,1,1,0,0,0,0,0,0,0,0,0,0,5,1,0,0,0,0,1,1
21 - Πρέβεζας,73 E.T. Δήμου Πάργας,308,104,0,0,0,104,36,7,1,6,2,60,13,2,36,0,1,1,0,0,2,0,1,0,0,2,1,0,0,0,0,0,0,1,1,0,0,0,0,0,0,0,0,0,0,0,0,0,0,0,0,0,0,0,1,0,1,0,0,0,1,0
21 - Πρέβεζας,74 E.T. Δήμου Πάργας,288,118,4,0,4,114,48,12,9,10,7,51,11,1,37,1,1,1,0,0,5,0,3,2,0,0,0,0,0,0,0,0,0,0,0,0,0,0,0,0,0,4,1,0,1,0,1,0,2,1,0,0,0,0,0,0,0,0,0,0,1,1
21 - Πρέβεζας,75 E.T. Δήμου Πάργας,344,144,0,1,1,143,39,5,2,22,7,85,9,1,71,2,4,3,0,1,5,0,0,3,1,1,0,0,1,0,0,0,0,0,0,2,0,0,2,0,0,4,1,1,0,0,1,1,0,0,0,0,0,0,0,0,0,1,1,0,1,1
21 - Πρέβεζας,76 E.T. Δήμου Πάργας,281,121,0,0,0,121,40,11,2,18,5,61,7,0,52,0,4,2,0,0,5,0,3,0,2,2,0,1,0,0,0,0,0,0,0,1,0,1,0,2,1,2,2,0,0,0,0,0,1,0,0,0,0,0,2,1,1,1,0,1,0,0
21 - Πρέβεζας,77 E.T. Δήμου Πάργας,104,53,0,0,0,53,9,0,1,3,2,35,16,6,10,1,0,0,0,0,2,0,1,0,1,0,0,0,0,0,0,0,0,0,0,0,0,0,0,0,0,6,3,1,0,0,0,0,1,0,0,0,0,0,0,0,0,0,0,0,0,0
21 - Πρέβεζας,78 E.T. Δήμου Πάργας,433,168,3,0,3,165,52,8,10,19,0,95,23,4,64,1,4,1,0,0,7,5,2,0,0,2,0,0,0,0,1,1,0,0,0,0,0,0,0,0,0,0,0,0,1,1,0,0,0,0,0,0,0,0,1,0,0,1,0,0,1,1
21 - Πρέβεζας,79 E.T. Δήμου Πάργας,418,179,2,2,4,175,61,6,9,21,3,86,17,5,56,1,1,1,0,0,17,0,2,9,2,2,1,0,0,0,2,0,2,0,0,1,1,0,0,1,1,1,0,0,0,0,0,0,1,1,0,0,0,0,2,2,0,0,0,0,0,0
21 - Πρέβεζας,80 E.T. Δήμου Πάργας,334,196,4,1,5,191,55,12,4,21,7,105,15,1,79,3,2,1,0,0,10,1,2,2,2,10,0,2,1,0,1,0,1,0,0,0,0,0,0,0,0,3,0,0,0,0,0,0,1,0,0,0,0,0,4,1,1,0,0,0,0,0
21 - Πρέβεζας,81 E.T. Δήμου Πάργας,459,212,3,1,4,208,64,11,5,20,6,103,17,6,75,2,2,1,0,0,19,0,5,6,3,5,1,0,1,0,0,0,0,0,0,0,0,0,0,0,0,3,0,0,0,0,0,0,0,0,0,1,0,0,8,2,0,0,0,0,3,1
21 - Πρέβεζας,82 E.T. Δήμου Πάργας,271,157,1,0,1,156,71,5,11,48,2,49,14,5,29,1,3,0,1,0,11,0,1,3,3,13,0,3,1,2,0,0,0,0,0,1,0,0,0,0,0,6,1,1,0,0,0,0,0,0,0,1,0,1,1,1,0,0,0,0,0,0
21 - Πρέβεζας,83 E.T. Δήμου Πάργας,315,177,2,7,9,168,50,12,4,24,3,79,36,7,23,2,7,1,0,1,19,2,3,3,3,4,1,0,0,0,0,0,0,0,0,1,0,0,0,1,1,2,0,1,0,0,0,0,0,0,0,1,0,0,1,1,0,1,0,1,2,0
21 - Πρέβεζας,84 E.T. Δήμου Πάργας,471,219,6,2,8,211,85,20,21,36,2,74,25,3,40,0,3,1,1,1,35,4,2,5,8,7,0,1,2,0,0,0,0,0,0,0,0,0,0,0,0,1,1,0,0,0,0,0,1,0,0,1,0,0,3,0,2,0,0,0,1,1
21 - Πρέβεζας,85 E.T. Δήμου Πάργας,435,194,6,1,7,187,82,16,6,32,2,65,13,2,47,1,3,1,1,0,24,3,2,8,7,4,3,0,0,0,1,0,0,0,0,0,0,0,0,0,0,0,0,0,0,0,1,0,1,0,0,2,1,1,3,1,2,0,0,0,1,1
21 - Πρέβεζας,86 E.T. Δήμου Πάργας,542,240,2,0,2,238,97,15,12,40,10,81,21,7,37,3,7,7,0,0,18,0,1,9,3,17,5,7,1,0,1,0,0,0,0,3,0,0,1,0,0,8,1,0,0,0,0,0,0,0,0,0,0,0,4,1,1,1,0,0,1,0
21 - Πρέβεζας,87 E.T. Δήμου Πάργας,308,146,1,1,2,144,45,4,2,24,6,74,20,3,41,3,3,0,0,2,3,1,0,2,0,7,4,0,1,0,0,0,0,0,0,1,0,0,0,0,0,1,1,0,0,0,2,2,1,0,1,2,0,1,3,0,1,0,0,0,2,0
21 - Πρέβεζας,88 E.T. Δήμου Πάργας,255,95,2,0,2,93,30,2,4,13,7,50,23,1,18,0,4,1,2,0,3,0,0,2,1,0,0,0,0,0,1,0,0,1,0,0,0,0,0,0,0,1,1,0,0,0,0,0,0,0,0,1,0,0,1,0,1,0,0,0,1,1
21 - Πρέβεζας,89 E.T. Δήμου Πάργας,277,117,0,1,1,116,21,1,3,12,3,69,27,1,32,2,4,1,2,1,5,0,0,1,0,1,0,0,0,0,3,0,1,0,0,0,0,0,0,0,0,7,5,1,0,0,0,0,0,0,0,6,0,0,0,3,1,0,0,0,0,0
21 - Πρέβεζας,90 E.T. Δήμου Πάργας,125,72,1,0,1,71,28,4,4,11,3,25,5,0,13,7,0,0,0,0,9,0,0,2,6,2,0,0,1,0,0,0,0,0,0,0,0,0,0,1,1,0,0,0,0,0,0,0,3,1,0,0,0,0,1,0,0,2,0,2,0,0
21 - Πρέβεζας,91 E.T. Δήμου Πάργας,490,170,3,1,4,166,46,12,4,12,6,92,14,4,65,0,2,0,0,0,10,0,0,5,5,6,0,3,1,0,2,0,0,0,0,1,1,0,0,0,0,6,2,1,0,0,0,0,0,0,0,0,0,0,0,0,0,1,0,0,0,0
21 - Πρέβεζας,92 E.T. Δήμου Πρέβεζας,314,191,4,0,4,187,55,12,7,21,2,85,44,3,31,2,2,1,0,0,30,2,4,3,14,1,1,0,0,0,0,0,0,0,0,0,0,0,0,0,0,4,1,0,1,1,0,0,0,0,0,1,1,0,2,1,0,4,0,1,2,0
21 - Πρέβεζας,93 E.T. Δήμου Πρέβεζας,225,150,1,0,1,149,53,11,2,22,3,55,15,3,17,5,1,1,0,0,15,2,1,1,9,9,1,0,2,0,2,0,0,0,0,0,0,0,0,0,0,3,1,1,0,0,3,3,0,0,0,0,0,0,2,0,0,3,0,0,3,1
21 - Πρέβεζας,94 E.T. Δήμου Πρέβεζας,265,162,3,0,3,159,46,13,2,13,0,71,33,4,21,1,2,1,0,0,18,0,5,1,7,12,4,0,0,0,0,0,0,0,0,0,0,0,0,0,0,3,0,0,0,0,0,0,0,0,0,0,0,0,5,3,1,1,0,0,1,0
21 - Πρέβεζας,95 E.T. Δήμου Πρέβεζας,364,205,4,1,5,200,63,22,8,25,1,76,48,4,19,1,1,0,0,0,21,0,7,1,7,10,4,1,0,2,1,0,0,1,1,1,0,0,0,0,0,3,3,0,0,0,0,0,1,1,0,1,1,0,21,19,1,0,0,0,0,0
21 - Πρέβεζας,96 E.T. Δήμου Πρέβεζας,354,239,1,0,1,238,91,30,5,44,3,73,47,3,15,2,4,1,1,1,19,1,3,1,9,35,20,0,9,4,1,0,0,0,0,1,0,0,1,6,2,3,0,1,0,0,0,0,0,0,0,1,0,0,2,1,1,1,0,1,1,1
21 - Πρέβεζας,97 E.T. Δήμου Πρέβεζας,262,166,1,0,1,165,59,26,5,18,0,64,32,2,22,3,2,0,0,0,17,0,12,0,2,15,2,0,0,7,1,0,0,0,0,0,0,0,0,1,0,1,0,0,0,0,0,0,0,0,0,0,0,0,2,0,0,2,1,1,1,0
21 - Πρέβεζας,98 E.T. Δήμου Πρέβεζας,291,180,0,1,1,179,70,33,1,27,1,66,42,5,17,0,6,2,3,0,15,1,8,1,1,16,4,0,1,5,1,1,0,0,0,0,0,0,0,0,0,1,0,0,0,0,0,0,0,0,0,0,0,0,3,1,1,0,0,0,1,1
21 - Πρέβεζας,99 E.T. Δήμου Πρέβεζας,352,223,3,2,5,218,59,13,10,22,0,109,68,2,28,10,6,5,0,1,15,0,2,0,10,8,2,0,5,1,3,2,0,0,0,0,0,0,0,1,0,3,1,1,0,0,0,0,2,0,1,0,0,0,8,2,1,3,1,0,1,1
21 - Πρέβεζας,100 E.T. Δήμου Πρέβεζας,447,254,4,1,5,249,58,6,10,25,1,131,70,2,33,20,2,2,0,0,36,2,5,4,20,8,2,0,4,1,1,0,0,0,0,1,0,0,1,1,1,4,2,1,0,0,0,0,1,0,0,1,0,0,2,0,1,0,0,0,3,1
21 - Πρέβεζας,101 E.T. Δήμου Πρέβεζας,474,222,3,0,3,219,69,12,13,33,1,97,46,3,36,5,4,1,1,0,22,2,4,3,6,4,2,0,1,0,4,1,2,0,0,0,0,0,0,1,1,3,2,1,1,0,1,1,2,1,1,0,0,0,10,4,4,0,0,0,1,0
21 - Πρέβεζας,102 E.T. Δήμου Πρέβεζας,425,204,2,4,6,198,60,16,11,22,2,99,53,2,28,5,9,3,1,1,20,0,1,1,12,3,0,0,0,1,0,0,0,0,0,0,0,0,0,0,0,1,0,0,0,0,0,0,0,0,0,0,0,0,5,2,2,0,0,0,1,1
21 - Πρέβεζας,103 E.T. Δήμου Πρέβεζας,459,244,5,0,5,239,114,36,8,56,0,80,40,8,20,7,1,1,0,0,13,3,3,0,5,7,3,2,0,2,3,1,1,0,0,0,0,0,0,4,3,8,2,3,0,0,0,0,1,0,0,1,0,0,2,1,0,2,0,2,3,0
21 - Πρέβεζας,104 E.T. Δήμου Πρέβεζας,299,172,0,1,1,171,60,13,2,30,4,75,36,4,25,8,4,1,1,0,8,0,1,1,5,12,7,1,1,0,0,0,0,0,0,0,0,0,0,1,1,2,1,0,0,0,0,0,0,0,0,0,0,0,3,1,1,5,1,0,1,0
21 - Πρέβεζας,105 E.T. Δήμου Πρέβεζας,442,278,3,2,5,273,74,14,8,33,2,133,40,4,73,7,2,0,0,1,14,0,8,0,2,15,3,0,4,0,0,0,0,0,0,2,0,0,2,2,2,4,2,0,1,0,17,14,0,0,0,0,0,0,8,4,0,0,0,0,1,0
21 - Πρέβεζας,106 E.T. Δήμου Πρέβεζας,170,120,3,0,3,117,25,8,0,9,6,68,44,8,5,2,1,1,0,0,15,1,6,0,6,2,0,0,1,1,0,0,0,0,0,0,0,0,0,0,0,1,0,0,0,0,0,0,0,0,0,1,0,0,2,0,1,1,1,0,1,0
21 - Πρέβεζας,107 E.T. Δήμου Πρέβεζας,545,355,4,1,5,350,131,43,8,63,1,164,100,4,38,14,3,2,0,1,20,1,8,2,8,20,5,1,6,6,2,1,0,0,0,1,0,0,0,0,0,4,0,1,0,0,0,0,0,0,0,0,0,0,4,1,1,1,0,1,0,0
21 - Πρέβεζας,108 E.T. Δήμου Πρέβεζας,559,364,12,4,16,348,111,35,1,54,2,179,108,8,40,7,1,1,0,0,19,0,6,1,6,15,5,0,2,4,2,0,1,0,0,0,0,0,0,0,0,6,2,1,0,0,0,0,0,0,0,0,0,0,7,3,0,2,0,2,6,3
21 - Πρέβεζας,109 E.T. Δήμου Πρέβεζας,425,288,5,2,7,281,90,24,4,41,3,92,51,3,20,6,6,3,0,2,28,2,8,0,14,49,23,1,10,5,4,0,3,0,0,0,0,0,0,0,0,3,1,0,0,0,0,0,2,1,0,0,0,0,5,3,0,0,0,0,2,0
21 - Πρέβεζας,110 E.T. Δήμου Πρέβεζας,487,300,5,2,7,293,109,21,3,67,0,116,56,9,38,8,5,3,0,0,35,6,6,0,17,19,16,0,1,0,1,0,0,0,0,0,0,0,0,0,0,2,1,0,0,0,0,0,1,0,1,0,0,0,4,2,0,0,0,0,1,1
21 - Πρέβεζας,111 E.T. Δήμου Πρέβεζας,488,327,0,0,0,327,137,38,5,74,0,118,50,3,47,10,3,0,1,1,32,0,6,0,18,22,18,1,0,0,1,1,0,0,0,0,0,0,0,0,0,2,0,0,0,0,0,0,1,0,0,0,0,0,6,1,0,3,0,0,2,1
21 - Πρέβεζας,112 E.T. Δήμου Πρέβεζας,530,319,1,0,1,318,130,16,10,81,1,127,59,2,58,2,7,3,0,0,22,0,3,0,16,14,9,1,2,1,0,0,0,0,0,2,0,0,1,0,0,3,1,1,1,0,0,0,1,0,1,0,0,0,6,0,0,0,0,0,5,1
21 - Πρέβεζας,113 E.T. Δήμου Πρέβεζας,487,329,2,4,6,323,105,27,9,53,2,162,72,5,66,1,5,2,0,0,20,0,4,0,14,19,14,0,0,0,0,0,0,0,0,2,1,0,1,0,0,3,3,0,0,0,1,0,2,0,1,0,0,0,4,0,0,0,0,0,0,0
21 - Πρέβεζας,114 E.T. Δήμου Πρέβεζας,311,158,0,0,0,158,47,5,4,24,3,70,27,3,29,0,3,0,0,0,15,0,0,2,12,17,16,0,0,0,2,0,1,0,0,0,0,0,0,0,0,0,0,0,0,0,0,0,0,0,0,0,0,0,3,0,0,1,1,0,0,0
21 - Πρέβεζας,115 E.T. Δήμου Πρέβεζας,459,218,6,0,6,212,57,6,1,31,1,102,69,4,22,2,0,0,0,0,39,0,3,0,35,5,0,0,0,2,0,0,0,0,0,0,0,0,0,0,0,2,0,1,0,0,0,0,0,0,0,0,0,0,6,3,2,1,0,0,0,0
21 - Πρέβεζας,116 E.T. Δήμου Πρέβεζας,298,185,1,1,2,183,91,33,3,38,3,52,18,3,23,2,5,1,0,0,17,0,2,1,13,15,13,0,1,0,0,0,0,0,0,0,0,0,0,1,0,1,1,0,0,0,0,0,0,0,0,1,0,0,0,0,0,0,0,0,0,0
21 - Πρέβεζας,117 E.T. Δήμου Πρέβεζας,187,110,0,3,3,107,50,10,2,24,3,37,12,5,15,1,3,1,0,0,10,1,0,0,9,5,5,0,0,0,0,0,0,0,0,0,0,0,0,0,0,0,0,0,0,0,0,0,0,0,0,1,0,1,1,0,1,0,0,0,0,0
21 - Πρέβεζας,118 E.T. Δήμου Πρέβεζας,168,104,2,0,2,102,54,19,2,29,0,17,9,1,6,0,1,0,0,1,10,2,0,0,7,16,14,0,0,0,2,0,2,0,0,0,0,0,0,0,0,1,1,0,0,0,0,0,0,0,0,0,0,0,1,1,0,0,0,0,0,0
21 - Πρέβεζας,119 E.T. Δήμου Πρέβεζας,206,118,0,0,0,118,58,11,4,26,1,33,24,1,6,0,1,1,0,0,23,3,0,1,18,0,0,0,0,0,0,0,0,0,0,1,0,0,0,0,0,1,1,0,0,0,0,0,1,1,0,0,0,0,0,0,0,0,0,0,0,0
21 - Πρέβεζας,120 E.T. Δήμου Πρέβεζας,98,48,0,0,0,48,20,3,0,9,0,23,14,1,5,3,1,0,0,0,2,0,0,0,2,0,0,0,0,0,0,0,0,0,0,0,0,0,0,0,0,1,0,0,0,0,0,0,0,0,0,0,0,0,1,0,0,0,0,0,0,0
21 - Πρέβεζας,121 E.T. Δήμου Πρέβεζας,319,148,1,2,3,145,36,10,5,19,1,73,33,8,24,2,7,3,0,3,15,2,0,1,8,1,0,1,0,0,1,0,1,0,0,0,0,0,0,0,0,5,2,2,0,0,0,0,2,1,1,0,0,0,3,2,1,0,0,0,2,1
21 - Πρέβεζας,122 E.T. Δήμου Πρέβεζας,370,212,3,2,5,207,83,0,42,25,1,84,43,2,32,2,2,0,0,0,20,2,3,0,11,7,6,0,0,1,2,2,0,0,0,0,0,0,0,1,1,1,0,0,0,0,0,0,0,0,0,0,0,0,3,0,1,1,0,1,3,2
21 - Πρέβεζας,123 E.T. Δήμου Πρέβεζας,371,239,2,2,4,235,95,7,44,35,0,93,50,6,28,4,1,0,0,0,29,2,4,4,17,6,5,0,1,0,0,0,0,0,0,0,0,0,0,1,0,1,0,1,0,0,0,0,0,0,0,0,0,0,4,2,0,0,0,0,5,3
21 - Πρέβεζας,124 E.T. Δήμου Πρέβεζας,167,96,2,0,2,94,17,1,0,4,0,60,35,3,17,0,2,0,0,0,7,1,0,0,6,6,5,0,0,0,1,0,0,0,0,0,0,0,0,0,0,1,1,0,0,0,0,0,0,0,0,0,0,0,0,0,0,0,0,0,0,0
21 - Πρέβεζας,125 E.T. Δήμου Πρέβεζας,392,234,2,0,2,232,76,22,0,28,3,64,33,4,18,1,1,0,0,0,10,0,3,0,7,65,52,0,2,1,1,0,0,0,0,1,0,0,0,0,0,3,1,1,2,0,0,0,0,0,0,1,0,0,7,2,1,0,0,0,1,0
21 - Πρέβεζας,126 E.T. Δήμου Πρέβεζας,440,260,1,1,2,258,100,27,6,39,0,77,43,4,25,2,3,0,0,0,11,0,1,0,6,49,36,0,1,1,9,0,7,0,0,0,0,0,0,0,0,0,0,0,0,0,0,0,0,0,0,0,0,0,6,2,0,0,0,0,3,2
21 - Πρέβεζας,127 E.T. Δήμου Πρέβεζας,395,236,1,3,4,232,71,24,4,27,1,93,44,3,35,3,1,0,0,0,22,3,4,0,12,37,30,1,3,1,1,0,0,1,0,0,0,0,0,0,0,2,0,0,0,0,0,0,0,0,0,0,0,0,1,0,0,0,0,0,3,0
21 - Πρέβεζας,128 E.T. Δήμου Πρέβεζας,427,256,4,3,7,249,78,16,5,28,2,94,59,2,26,1,0,0,0,0,14,1,2,1,6,48,35,0,3,1,0,0,0,0,0,2,0,1,0,0,0,3,1,0,0,0,0,0,2,1,0,0,0,0,5,2,0,0,0,0,3,1
21 - Πρέβεζας,129 E.T. Δήμου Πρέβεζας,539,359,2,1,3,356,141,75,3,40,2,127,85,5,18,7,5,1,3,0,33,1,7,3,14,28,3,4,8,7,2,1,1,0,0,0,0,0,0,1,0,1,1,0,0,0,0,0,0,0,0,2,0,1,12,6,4,1,0,1,3,1
21 - Πρέβεζας,130 E.T. Δήμου Πρέβεζας,547,376,2,1,3,373,153,72,9,48,4,131,82,8,23,8,2,1,0,1,26,1,6,0,16,26,13,1,2,6,2,0,1,0,0,6,1,0,2,3,3,4,1,1,0,0,0,0,1,0,0,2,1,1,12,9,1,1,0,0,4,1
21 - Πρέβεζας,131 E.T. Δήμου Πρέβεζας,541,361,4,4,8,353,144,62,9,59,4,121,62,9,35,5,7,3,0,0,36,0,6,1,20,20,3,3,6,3,1,1,0,0,0,3,1,0,1,0,0,4,0,0,0,0,1,0,0,0,0,0,0,0,7,2,1,4,0,1,5,4
21 - Πρέβεζας,132 E.T. Δήμου Πρέβεζας,528,339,11,3,14,325,122,47,4,51,0,133,88,12,18,4,2,0,0,1,23,2,5,0,13,24,4,3,11,3,3,1,0,0,0,2,0,0,0,0,0,2,0,0,0,0,0,0,1,0,0,0,0,0,7,2,1,4,1,3,2,2
21 - Πρέβεζας,133 E.T. Δήμου Πρέβεζας,556,380,6,2,8,372,145,47,11,68,2,149,86,5,41,13,5,1,0,1,32,0,4,2,15,17,5,2,1,2,2,0,1,0,0,1,0,0,0,0,0,4,3,0,0,0,0,0,0,0,0,1,1,0,13,4,3,0,0,0,3,3
21 - Πρέβεζας,134 E.T. Δήμου Πρέβεζας,542,311,6,4,10,301,119,40,6,50,3,116,55,7,44,3,4,0,0,2,30,2,9,0,14,15,2,2,7,3,3,1,0,4,0,0,0,0,0,0,0,2,1,0,0,0,0,0,0,0,0,0,0,0,6,2,2,2,0,0,0,0
21 - Πρέβεζας,135 E.T. Δήμου Πρέβεζας,541,351,7,2,9,342,120,63,4,28,1,150,92,10,34,12,0,0,0,0,24,1,1,0,15,24,3,2,7,6,0,0,0,0,0,0,0,0,0,3,3,1,0,0,1,0,0,0,5,0,1,2,1,1,8,3,2,0,0,0,4,3
21 - Πρέβεζας,136 E.T. Δήμου Πρέβεζας,549,340,2,6,8,332,116,50,5,38,3,130,83,8,24,13,6,1,0,0,27,1,2,1,19,20,7,1,4,3,4,1,1,0,0,1,0,0,1,1,1,3,1,0,0,0,1,0,1,0,0,2,0,1,10,3,1,2,2,0,8,4
21 - Πρέβεζας,137 E.T. Δήμου Πρέβεζας,528,301,5,0,5,296,101,39,5,31,7,106,53,15,24,9,2,1,1,0,25,0,4,1,16,31,7,5,15,0,2,0,1,0,0,0,0,0,0,2,2,5,4,1,0,0,0,0,3,0,1,2,2,0,14,2,3,0,0,0,3,3
21 - Πρέβεζας,138 E.T. Δήμου Πρέβεζας,530,325,5,1,6,319,145,59,7,57,3,89,60,5,15,6,3,2,0,1,36,0,11,2,13,29,10,4,5,7,0,0,0,0,0,1,1,0,0,1,1,5,3,0,0,0,0,0,4,0,1,0,0,0,4,1,0,2,0,1,0,0
21 - Πρέβεζας,139 E.T. Δήμου Πρέβεζας,537,357,4,1,5,352,115,51,3,48,3,139,87,8,25,12,6,2,0,1,37,3,1,3,29,35,11,2,14,4,1,0,0,0,0,2,0,0,2,2,2,4,0,1,0,0,1,0,1,0,0,3,3,0,3,2,0,0,0,0,3,3
21 - Πρέβεζας,140 E.T. Δήμου Πρέβεζας,531,338,5,0,5,333,145,49,8,57,5,115,64,8,25,9,3,1,0,0,17,2,6,0,5,29,6,2,8,5,0,0,0,0,0,1,0,0,0,2,0,4,0,1,0,0,1,1,0,0,0,4,0,4,7,4,0,1,0,0,4,3
21 - Πρέβεζας,141 E.T. Δήμου Πρέβεζας,526,355,3,0,3,352,130,57,5,54,2,144,79,10,22,10,4,1,2,0,20,0,6,1,7,28,7,7,8,3,5,1,0,0,0,1,1,0,0,4,3,0,0,0,0,0,1,1,1,0,0,2,2,0,4,0,0,4,0,1,4,1
21 - Πρέβεζας,142 E.T. Δήμου Πρέβεζας,526,341,2,1,3,338,123,54,6,48,4,142,87,13,30,4,2,2,0,0,23,1,4,1,0,21,3,2,8,4,3,1,0,0,0,1,0,0,1,0,0,4,2,0,0,0,0,0,0,0,0,2,1,0,9,3,0,0,0,0,8,1
21 - Πρέβεζας,143 E.T. Δήμου Πρέβεζας,562,347,7,4,11,336,123,61,6,41,0,126,71,18,24,7,5,2,2,0,23,1,4,1,12,43,2,7,19,4,1,1,0,0,0,2,0,0,2,2,2,4,1,1,0,0,0,0,0,0,0,0,0,0,2,1,0,0,0,0,5,1
21 - Πρέβεζας,144 E.T. Δήμου Πρέβεζας,539,330,6,2,8,322,163,70,9,70,4,94,53,8,24,4,2,1,0,0,19,1,5,0,10,18,4,1,10,0,4,2,1,0,0,2,0,0,2,0,0,6,4,0,2,2,1,1,1,1,0,0,0,0,6,3,2,3,0,1,1,1
21 - Πρέβεζας,145 E.T. Δήμου Πρέβεζας,549,347,6,0,6,341,128,59,5,45,4,130,75,11,25,13,4,2,1,0,41,5,13,1,15,15,3,1,10,0,4,1,0,0,0,0,0,0,0,1,1,3,2,0,1,1,0,0,0,0,0,2,1,0,9,4,4,2,0,0,1,1
21 - Πρέβεζας,146 E.T. Δήμου Πρέβεζας,551,363,5,4,9,354,115,51,4,49,1,163,101,12,27,12,1,0,0,0,39,1,8,0,25,12,4,2,4,2,2,0,1,0,0,0,0,0,0,1,1,4,1,3,0,0,0,0,6,0,4,1,0,0,6,1,1,3,1,0,1,0
21 - Πρέβεζας,147 E.T. Δήμου Πρέβεζας,551,333,4,3,7,326,121,50,7,52,1,128,85,5,21,8,4,1,0,1,24,0,1,0,19,37,6,2,14,12,0,0,0,0,0,1,0,0,1,3,1,4,3,0,0,0,0,0,1,0,1,0,0,0,2,2,0,1,0,0,0,0
21 - Πρέβεζας,148 E.T. Δήμου Πρέβεζας,561,376,8,3,11,365,152,55,11,63,1,126,86,10,14,7,10,4,1,0,23,2,5,0,13,26,9,2,10,2,5,2,1,0,0,4,0,1,3,2,1,6,2,3,0,0,0,0,0,0,0,1,1,0,8,2,0,1,0,1,1,1
21 - Πρέβεζας,149 E.T. Δήμου Πρέβεζας,562,364,1,4,5,359,126,60,10,40,4,155,88,17,28,13,5,1,0,1,19,2,5,0,12,29,9,1,10,6,2,0,0,0,0,1,0,0,1,2,2,6,6,0,0,0,0,0,0,0,0,0,0,0,10,4,2,1,0,0,3,1
21 - Πρέβεζας,150 E.T. Δήμου Πρέβεζας,564,397,7,1,8,389,128,57,7,46,5,162,89,10,40,12,6,2,1,0,40,3,7,1,21,20,6,2,4,2,3,2,0,0,0,1,0,0,1,0,0,1,1,0,1,1,0,0,1,0,0,4,1,0,14,7,5,3,0,2,5,3
21 - Πρέβεζας,151 E.T. Δήμου Πρέβεζας,522,320,5,1,6,314,119,68,6,38,0,113,68,8,27,4,4,0,1,0,31,5,3,0,19,13,5,2,4,1,3,1,0,2,1,5,1,0,4,0,0,3,0,3,0,0,0,0,0,0,0,0,0,0,15,7,3,0,0,0,6,4
21 - Πρέβεζας,152 E.T. Δήμου Πρέβεζας,544,341,4,1,5,336,132,56,9,46,6,135,73,7,30,13,3,0,1,0,23,0,5,0,12,21,4,1,11,1,1,0,0,1,0,2,0,0,1,1,1,4,2,1,0,0,0,0,2,0,2,1,1,0,10,1,4,0,0,0,0,0
21 - Πρέβεζας,153 E.T. Δήμου Πρέβεζας,543,318,7,5,12,306,113,52,3,47,0,128,79,9,25,2,4,0,0,1,26,2,4,1,17,14,3,2,5,1,3,1,0,0,0,2,0,0,1,1,1,3,2,0,0,0,0,0,0,0,0,0,0,0,7,1,2,1,0,0,4,2
21 - Πρέβεζας,154 E.T. Δήμου Πρέβεζας,259,185,3,2,5,180,64,16,8,30,0,78,46,6,20,3,1,0,0,1,23,4,2,0,9,5,0,1,0,2,0,0,0,0,0,0,0,0,0,0,0,2,1,0,0,0,0,0,0,0,0,0,0,0,3,0,2,0,0,0,4,1
21 - Πρέβεζας,155 E.T. Δήμου Πρέβεζας,537,398,8,1,9,389,131,53,5,51,1,165,98,8,39,11,5,1,0,2,28,3,10,3,10,34,4,9,10,4,1,1,0,0,0,0,0,0,0,3,3,6,0,1,1,1,0,0,0,0,0,0,0,0,9,3,3,4,1,2,2,0
21 - Πρέβεζας,156 E.T. Δήμου Πρέβεζας,379,259,4,2,6,253,115,38,4,57,2,85,51,4,19,5,6,3,0,0,17,1,3,2,10,11,5,0,3,1,2,0,1,0,0,2,0,0,0,0,0,8,2,3,0,0,0,0,0,0,0,0,0,0,4,1,0,3,0,0,0,0
21 - Πρέβεζας,157 E.T. Δήμου Πρέβεζας,386,276,5,2,7,269,71,20,4,37,0,149,99,4,36,8,5,1,1,1,25,3,3,0,14,3,0,0,1,0,2,1,0,0,0,2,0,0,1,0,0,2,0,0,0,0,0,0,0,0,0,0,0,0,0,0,0,3,0,1,7,2
21 - Πρέβεζας,158 E.T. Δήμου Πρέβεζας,456,298,1,4,5,293,114,35,13,51,0,120,75,8,23,3,4,0,2,1,16,3,2,3,5,22,5,9,3,2,1,0,1,0,0,2,0,0,2,3,2,5,1,3,0,0,0,0,0,0,0,0,0,0,5,1,2,1,0,0,0,0
21 - Πρέβεζας,159 E.T. Δήμου Πρέβεζας,381,272,3,4,7,265,95,30,8,51,2,116,74,3,29,7,5,2,0,1,12,2,2,0,8,16,6,4,3,1,2,1,0,0,0,0,0,0,0,0,0,2,0,1,1,0,1,0,0,0,0,2,1,0,10,4,2,1,0,0,2,1
21 - Πρέβεζας,160 E.T. Δήμου Πρέβεζας,374,245,4,0,4,241,87,20,12,41,0,98,58,1,20,12,3,1,0,1,27,0,4,0,22,18,7,2,4,2,0,0,0,0,0,0,0,0,0,0,0,0,0,0,0,0,0,0,3,0,0,1,1,0,2,0,1,1,0,0,1,0
21 - Πρέβεζας,161 E.T. Δήμου Πρέβεζας,255,172,0,2,2,170,60,15,5,25,0,78,40,3,21,7,2,1,0,0,11,1,1,0,5,5,4,0,0,0,3,1,0,0,0,1,0,0,1,0,0,1,1,0,1,0,2,2,0,0,0,2,0,0,3,1,2,1,0,0,0,0
21 - Πρέβεζας,Ετερ. Πρέβεζας (από Εφετείο Θεσσαλονίκης),111,66,2,1,3,63,24,4,1,13,1,22,11,3,5,0,0,0,0,0,9,1,4,1,1,5,0,1,1,0,0,0,0,0,0,0,0,0,0,0,0,3,1,0,0,0,0,0,0,0,0,0,0,0,0,0,0,0,0,0,0,0
21 - Πρέβεζας,Ετερ. Πρέβεζας (από 121ο Ε.Τ. Νομ. Αττικής-Αθηνών),512,361,3,0,3,358,127,0,0,0,0,149,0,0,0,0,3,0,0,0,33,0,0,0,0,21,0,0,0,0,3,0,0,0,0,2,0,0,0,0,0,7,0,0,1,0,0,0,1,0,0,11,0,0,0,0,0,0,0,0,0,0
21 - Πρέβεζας,Ετερ. Πρέβεζας (από 122ο Ε.Τ. Νομ. Αττικής-Αθηνών),528,382,2,2,4,378,128,0,0,0,0,159,0,0,0,0,3,0,0,0,32,0,0,0,0,25,0,0,0,0,4,0,0,0,0,4,0,0,0,0,0,7,0,0,0,0,0,0,0,0,0,2,0,0,8,0,0,3,0,0,3,0
21 - Πρέβεζας,Ετερ. Πρέβεζας (από 123ο Ε.Τ. Νομ. Αττικής-Αθηνών),505,349,1,3,4,345,109,0,0,0,0,131,0,0,0,0,10,0,0,0,37,0,0,0,0,27,0,0,0,0,3,0,0,0,0,3,0,0,0,0,0,4,0,0,0,0,0,0,2,0,0,0,0,0,14,0,0,1,0,0,4,0
21 - Πρέβεζας,Ετερ. Πρέβεζας (από 124ο Ε.Τ. Νομ. Αττικής-Αθηνών),533,338,1,4,5,333,111,0,0,0,0,131,0,0,0,0,10,0,0,0,31,0,0,0,0,25,0,0,0,0,2,0,0,0,0,3,0,0,0,0,0,3,0,0,1,0,0,0,2,0,0,0,0,0,8,0,0,0,0,0,6,0
21 - Πρέβεζας,Ετερ. Πρέβεζας (από 22ο Ε.Τ. Νομ. Αττικής-Πειραιώς),156,101,0,0,0,101,36,0,0,0,0,34,0,0,0,0,3,0,0,0,8,0,0,0,0,13,0,0,0,0,1,0,0,0,0,1,0,0,0,0,0,1,0,0,0,0,0,0,0,0,0,1,0,0,2,0,0,0,0,0,1,0
21 - Πρέβεζας,Ετερ. Πρέβεζας (από Εφετείο Ναυπλίου),42,22,0,0,0,22,11,4,2,4,1,10,3,0,4,1,0,0,0,0,1,1,0,0,0,0,0,0,0,0,0,0,0,0,0,0,0,0,0,0,0,0,0,0,0,0,0,0,0,0,0,0,0,0,0,0,0,0,0,0,0,0
Σύνολο,,66995,39518,489,233,722,38796,13336,3144,1060,5772,479,16870,6852,1453,5915,689,639,186,58,86,3199,465,518,319,1147,2124,721,200,358,221,243,56,55,24,10,157,26,17,55,125,87,530,179,102,30,13,46,30,104,21,27,104,33,18,786,239,179,174,21,70,305,135
