ΠΕΡΙΦΕΡΕΙΑ,ΕΚΛΟΓΙΚΟ ΤΜΗΜΑ,ΕΓΓΕΓΡΑΜΜΕΝΟΙ,ΨΗΦΙΣΑΝΤΕΣ,ΑΚΥΡΑ,ΛΕΥΚΑ,ΑΚΥΡΑ & ΛΕΥΚΑ,ΕΓΚΥΡΑ,ΣΥΡΙΖΑ,ΚΛΑΔΟΣ ΕΜΜΑΝΟΥΗΛ-ΔΗΜΟΣΘΕΝΗΣ (ΔΗΜΟΣ) του Ευστρατίου,ΜΑΘΙΟΥΔΑΚΗ ΕΜΜΑΝΟΥΕΛΑ του Αντωνίου,ΜΑΝΟΥΣΑΚΗ ΧΡΥΣΟΥΛΑ του Νικολάου,ΞΑΝΘΟΣ ΑΝΔΡΕΑΣ του Γεωργίου,Νέα Δημοκρατία,ΚΑΚΛΙΔΑΚΗ ΑΓΑΠΗ του Εμμανουήλ,ΚΕΦΑΛΟΓΙΑΝΝΗΣ ΙΩΑΝΝΗΣ του Αχιλλέα,ΜΑΛΛΙΑΡΟΣ ΝΙΚΟΛΑΟΣ του Μιχαήλ,ΣΤΑΜΑΤΕΡΑΚΗ ΑΝΝΑ του Ανδρέα,Λαϊκός Σύνδεσμος - Χρυσή Αυγή,ΒΑΜΙΑΔΑΚΗΣ ΗΛΙΑΣ του Μιχαήλ,ΚΑΜΑΡΙΤΗΣ ΚΩΝΣΤΑΝΤΙΝΟΣ του Γεωργίου,ΣΑΒΒΙΔΟΥ ΜΑΡΙΝΑ του Ελευθερίου,Κίνημα Αλλαγής,ΒΑΟΝΑΚΗΣ ΔΗΜΗΤΡΙΟΣ του Ευαγγέλου,ΒΡΟΝΤΑΚΗΣ ΑΝΔΡΕΑΣ του Παντελή,ΚΟΤΖΑΝΑΚΗ ΚΑΣΑΝΔΡΑ του Γεωργίου,ΠΑΠΑΔΑΚΗ ΘΕΟΔΩΡΑ (ΔΩΡΑ) του Εμμανουήλ,Κ.Κ.Ε.,ΔΑΚΑΝΑΛΗ ΙΩΑΝΝΑ του Χαραλάμπους,ΔΡΑΜΙΤΙΝΟΥ ΟΥΡΑΝΟΥ ΕΛΕΝΗ συζ. Αντωνίου,ΜΑΝΟΥΣΟΓΙΑΝΝΗΣ ΜΑΝΟΥΣΟΣ του Ιωσήφ,ΡΟΥΛΙΟΣ ΑΝΤΩΝΙΟΣ του Αριστείδη,Ένωση Κεντρώων,ΜΑΜΗΣ ΑΝΤΩΝΙΟΣ του Ευαγγέλου,ΜΑΝΤΖΑΚΙΔΟΥ ΣΤΑΥΡΟΥΛΑ του Θεοδώρου,Ο.Κ.Δ.Ε.,ΣΗΦΑΚΗΣ ΚΩΝΣΤΑΝΤΙΝΟΣ του Αντωνίου,ΑΝΤ.ΑΡ.ΣΥ.Α.,ΒΛΑΣΟΠΟΥΛΟΣ ΚΩΝΣΤΑΝΤΙΝΟΣ του Γερασίμου,ΚΥΡΙΑΚΟΠΟΥΛΟΣ ΜΑΝΘΟΣ του Αποστόλου,ΣΑΒΒΑΚΗ ΕΥΓΕΝΙΑ του Κωνσταντίνου,Ελλήνων Συνέλευσις,ΚΑΛΑΪΤΖΑΚΗΣ ΧΡΗΣΤΟΣ του Κωνσταντίνου,ΚΥΜΙΩΝΗΣ ΙΩΑΝΝΗΣ του Γεωργίου,ΛΥΡΗ συζ.ΤΣΑΝΑΚΑΛΙΩΤΗ ΠΑΝΑΓΙΩΤΑ του Βασιλείου,ΧΟΛΕΒΑ - ΠΑΡΑΣΥΡΗ ΚΩΝΣΤΑΝΤΙΝΑ του Θωμά,Ελληνική Λύση - Κ. Βελόπουλος,ΝΥΚΤΑΡΗ ΑΙΚΑΤΕΡΙΝΗ του Γεωργίου,ΠΕΡΙΣΣΑΚΗ ΕΜΜΑΝΟΥΕΛΑ του Χαριδήμου,ΤΖΑΓΚΑΡΑΚΗΣ ΕΥΣΤΡΑΤΙΟΣ του Εμμανουήλ,Κ.Κ.Ε. (μ-λ),ΔΕΛΗΓΙΩΡΓΗΣ ΚΩΝΣΤΑΝΤΙΝΟΣ του Μιχαήλ,ΠΑΠΠΑ ΧΡΙΣΤΙΝΑ του Κωνσταντίνου,Μ-Λ Κ.Κ.Ε.,ΜΠΑΓΙΑΡΤΑΚΗΣ ΙΩΑΝΝΗΣ του Γεωργίου,Ε.ΠΑ.Μ - Α.Κ.Κ.ΕΛ,ΠΑΝΤΑΛΟΥ ΑΡΧΟΝΤΩ του Εμμανουήλ,ΠΑΤΑΤΑΣ ΜΙΧΑΗΛ του Εμμανουήλ,Λαϊκή Ενότητα,ΑΝΤΩΝΟΠΟΥΛΟΣ ΑΝΤΩΝΙΟΣ του Αναστασίου,ΜέΡΑ25,ΜΑΡΑΓΚΟΥΔΑΚΗ ΝΙΚΟΛΙΑ του Ανδρέα,ΠΑΝΑΓΙΩΤΑΚΗ ΕΥΑΓΓΕΛΙΑ του Χαραλάμπους,ΤΑΤΑΡΑΚΗΣ ΓΕΩΡΓΙΟΣ του Νικολάου,Δημιουργία ξανά - Θ. Τζήμερος,ΑΝΔΡΟΥΛΙΔΑΚΗΣ ΝΕΚΤΑΡΙΟΣ του Γεωργίου,ΙΟΡΔΑΝΟΥ ΔΕΣΠΟΙΝΑ του Χαραλάμπους,Πλεύση Ελευθερίας - Ζωή Κωνστ.,ΒΟΥΜΒΟΥΡΑΚΗΣ ΓΕΩΡΓΙΟΣ του Κωνσταντίνου,ΔΑΣΚΑΛΑΚΗ ΑΝΤΩΝΙΑ του Γεωργίου,ΘΕΟΔΩΡΟΥΛΑΚΗΣ ΝΙΚΟΛΑΟΣ (ΒΑΓΓΕΛΗΣ) του Ιωάννη,Ανεξάρτητοι Υποψήφιοι,ΙΕΡΩΝΥΜΑΚΗΣ ΜΑΡΚΟΣ του Ιωσήφ
54 - Ρεθύμνης,1 E.T. Δήμου Αγίου Βασιλείου,364,229,2,4,6,223,81,8,5,4,52,70,7,41,12,5,2,1,1,0,20,11,2,1,3,18,7,1,5,0,3,0,0,0,0,0,0,0,0,0,0,0,0,0,9,2,2,3,0,0,0,0,0,0,0,0,0,0,13,3,7,2,2,0,0,4,0,0,0,1,0
54 - Ρεθύμνης,2 E.T. Δήμου Αγίου Βασιλείου,361,234,2,4,6,228,77,7,1,5,57,83,26,48,1,3,0,0,0,0,24,10,1,3,4,7,1,1,4,0,5,0,0,0,0,1,0,0,0,0,0,0,0,0,8,1,1,4,0,0,0,0,0,3,0,0,1,0,12,3,4,1,4,0,0,3,0,0,0,0,0
54 - Ρεθύμνης,3 E.T. Δήμου Αγίου Βασιλείου,299,193,1,0,1,192,47,0,2,5,32,82,13,40,26,0,0,0,0,0,42,1,0,39,1,4,0,0,3,0,4,0,0,0,0,0,0,0,0,0,0,0,0,0,8,2,0,4,0,0,0,0,0,1,0,0,0,0,3,0,2,1,0,0,0,1,0,0,0,0,0
54 - Ρεθύμνης,4 E.T. Δήμου Αγίου Βασιλείου,296,204,1,1,2,202,58,2,2,2,42,77,11,36,28,1,0,0,0,0,42,0,0,41,0,13,4,1,5,0,1,0,0,0,0,0,0,0,0,0,0,0,0,0,2,1,1,0,0,0,0,2,0,0,0,0,0,0,4,0,3,0,0,0,0,2,0,0,0,1,0
54 - Ρεθύμνης,5 E.T. Δήμου Αγίου Βασιλείου,410,259,1,1,2,257,112,5,9,12,69,94,6,56,16,11,6,1,2,1,15,3,4,4,2,8,0,0,6,0,2,0,0,0,0,1,0,0,0,1,0,0,0,0,4,2,1,1,1,0,0,0,0,0,0,0,0,0,7,0,1,3,1,0,0,5,0,0,0,0,0
54 - Ρεθύμνης,6 E.T. Δήμου Αγίου Βασιλείου,381,216,3,1,4,212,75,5,2,4,42,88,5,54,6,14,4,0,0,0,11,4,2,3,1,8,4,0,2,0,2,0,0,0,0,0,0,0,0,0,0,0,0,0,2,1,0,0,0,0,0,0,0,0,0,0,0,0,10,1,1,2,1,0,0,10,0,0,0,1,0
54 - Ρεθύμνης,7 E.T. Δήμου Αγίου Βασιλείου,260,161,0,1,1,160,67,15,0,3,42,48,11,23,7,3,0,0,0,0,20,5,3,3,6,2,0,0,1,0,2,0,0,0,0,1,0,0,0,0,0,0,0,0,10,1,3,3,0,0,0,0,0,3,0,0,0,0,4,0,1,1,1,0,0,2,0,0,0,0,0
54 - Ρεθύμνης,8 E.T. Δήμου Αγίου Βασιλείου,75,50,0,0,0,50,23,2,0,0,17,15,3,6,0,0,0,0,0,0,5,5,0,0,0,3,1,0,1,0,0,0,0,0,0,0,0,0,0,0,0,0,0,0,3,0,3,0,0,0,0,0,0,0,0,0,0,0,1,0,1,0,0,0,0,0,0,0,0,0,0
54 - Ρεθύμνης,9 E.T. Δήμου Αγίου Βασιλείου,299,213,0,0,0,213,98,11,5,2,70,66,24,34,7,0,3,1,0,0,17,8,0,3,1,7,1,0,3,1,0,0,0,0,0,0,0,0,0,0,0,0,0,0,8,1,1,1,0,0,0,0,0,1,0,0,0,0,7,0,1,3,0,0,0,5,0,0,0,1,0
54 - Ρεθύμνης,10 E.T. Δήμου Αγίου Βασιλείου,243,130,1,0,1,129,53,0,0,0,40,35,6,19,4,2,4,0,0,1,13,0,2,5,1,2,2,0,0,0,5,0,0,0,0,2,0,0,0,0,0,0,0,0,2,1,0,1,0,0,0,0,0,0,0,0,0,0,8,2,2,3,1,0,0,2,0,0,0,2,0
54 - Ρεθύμνης,11 E.T. Δήμου Αγίου Βασιλείου,292,190,2,1,3,187,67,20,4,5,33,79,9,63,1,2,5,2,0,3,23,17,2,1,3,1,0,0,1,0,2,0,0,0,0,0,0,0,0,0,0,0,0,0,4,1,1,1,0,0,0,0,0,0,0,0,0,0,2,0,0,2,0,0,0,3,0,0,0,1,0
54 - Ρεθύμνης,12 E.T. Δήμου Αγίου Βασιλείου,219,137,1,0,1,136,59,6,5,2,33,48,1,38,1,2,5,2,1,2,10,4,2,2,2,3,0,0,1,0,1,0,0,0,0,0,0,0,0,2,0,0,0,0,1,0,0,1,0,0,0,0,0,1,0,0,0,0,2,0,0,1,1,0,0,2,0,0,0,1,0
54 - Ρεθύμνης,13 E.T. Δήμου Αγίου Βασιλείου,224,153,2,1,3,150,46,0,0,20,22,66,11,35,12,2,1,1,0,0,13,2,0,4,1,1,0,1,0,0,0,0,0,0,0,0,0,0,0,0,0,0,0,0,14,5,1,2,1,0,0,0,0,2,0,0,0,0,2,1,0,1,1,0,0,2,0,0,0,1,0
54 - Ρεθύμνης,14 E.T. Δήμου Αγίου Βασιλείου,248,167,1,1,2,165,58,6,2,3,44,50,10,35,0,1,0,0,0,0,20,9,0,0,9,5,1,0,1,0,1,0,0,0,0,1,0,0,0,0,0,0,0,0,16,0,0,16,0,0,0,0,0,2,0,0,1,0,6,0,1,2,0,0,0,4,0,0,0,1,0
54 - Ρεθύμνης,15 E.T. Δήμου Αγίου Βασιλείου,402,231,3,3,6,225,55,6,2,2,39,85,5,60,6,6,8,1,3,3,26,8,1,15,0,28,4,9,9,0,3,0,0,1,0,0,0,0,0,0,0,0,0,0,2,1,0,1,0,0,0,6,0,2,0,0,0,0,5,1,0,3,1,0,0,1,0,0,0,2,0
54 - Ρεθύμνης,16 E.T. Δήμου Αγίου Βασιλείου,430,233,4,3,7,226,86,4,2,3,56,55,4,33,8,7,6,2,3,1,18,5,2,7,2,29,8,4,11,0,1,0,0,0,0,2,0,0,0,1,0,0,0,0,10,2,2,4,0,0,0,2,0,3,0,0,0,0,8,0,0,0,2,0,0,2,0,0,0,1,0
54 - Ρεθύμνης,17 E.T. Δήμου Αγίου Βασιλείου,421,302,2,1,3,299,101,6,2,2,72,93,23,45,18,3,4,2,1,0,38,18,4,6,5,12,4,0,3,1,0,0,0,0,0,0,0,0,0,1,0,0,0,0,7,2,2,2,0,0,0,1,0,3,0,0,1,0,22,1,14,3,4,0,0,9,0,0,0,3,0
54 - Ρεθύμνης,18 E.T. Δήμου Αγίου Βασιλείου,309,220,1,1,2,218,82,5,5,4,3,70,14,38,12,1,2,0,1,0,34,8,9,3,11,3,2,1,0,0,7,0,0,0,0,0,0,0,0,0,0,0,0,0,6,0,0,3,1,0,0,0,0,0,0,0,1,0,8,1,5,2,0,0,0,3,0,0,0,1,0
54 - Ρεθύμνης,19 E.T. Δήμου Αγίου Βασιλείου,67,45,0,0,0,45,4,0,0,0,2,34,0,25,8,1,0,0,0,0,5,4,0,0,0,1,1,0,0,0,0,0,0,0,0,0,0,0,0,0,0,0,0,0,0,0,0,0,0,0,0,0,0,0,0,0,0,0,0,0,0,0,1,0,0,0,0,0,0,0,0
54 - Ρεθύμνης,20 E.T. Δήμου Αγίου Βασιλείου,335,195,3,0,3,192,62,9,2,5,45,69,6,53,3,3,5,2,0,0,27,7,0,14,1,4,2,0,1,1,1,0,0,0,0,2,0,0,0,0,0,0,0,0,8,0,0,2,0,0,0,0,0,2,0,0,0,0,7,2,0,2,1,0,0,4,0,0,0,0,0
54 - Ρεθύμνης,21 E.T. Δήμου Αγίου Βασιλείου,152,121,0,0,0,121,29,7,1,6,15,65,12,39,9,0,2,2,0,0,8,4,0,3,0,0,0,0,0,0,0,0,0,0,0,0,0,0,0,4,0,0,0,0,4,0,0,4,0,0,0,0,0,1,0,0,0,0,6,1,0,3,0,0,0,1,0,0,0,1,0
54 - Ρεθύμνης,22 E.T. Δήμου Αγίου Βασιλείου,163,100,1,3,4,96,37,10,0,0,21,37,6,23,2,3,5,1,3,0,3,1,1,0,0,2,1,0,0,0,0,0,0,0,0,0,0,0,0,0,0,0,0,0,3,1,0,0,0,0,0,0,0,1,0,0,0,0,6,0,0,1,0,0,0,1,0,0,0,1,0
54 - Ρεθύμνης,23 E.T. Δήμου Αγίου Βασιλείου,154,99,2,2,4,95,22,7,1,1,13,43,2,39,0,0,0,0,0,0,22,6,5,3,1,0,0,0,0,0,0,0,0,0,0,2,0,0,0,0,0,0,0,0,3,1,0,0,1,0,0,0,0,0,0,0,0,0,0,0,0,0,0,0,0,2,0,0,0,0,0
54 - Ρεθύμνης,24 E.T. Δήμου Αγίου Βασιλείου,355,243,1,2,3,240,68,6,3,4,47,110,26,64,14,0,9,6,2,1,19,6,2,3,3,13,2,0,1,5,1,0,0,0,0,0,0,0,0,3,0,0,0,0,3,0,0,2,0,0,0,0,0,3,0,0,0,0,5,2,2,0,1,0,0,2,0,0,0,3,0
54 - Ρεθύμνης,25 E.T. Δήμου Αγίου Βασιλείου,216,145,1,3,4,141,52,8,9,2,29,40,9,19,5,0,5,0,2,2,10,6,0,2,1,4,1,0,1,0,2,0,0,0,0,2,0,0,0,3,0,0,0,0,6,3,1,1,0,0,0,0,0,0,0,0,0,0,5,0,2,0,1,0,0,9,0,0,0,2,0
54 - Ρεθύμνης,26 E.T. Δήμου Αγίου Βασιλείου,469,320,1,2,3,317,133,8,7,3,96,83,16,39,18,9,5,1,1,0,24,18,3,1,0,23,2,1,12,3,3,0,0,0,0,0,0,0,0,0,0,0,0,0,17,2,3,8,0,0,0,0,0,2,0,0,0,0,14,3,4,5,2,0,0,10,0,0,0,1,0
54 - Ρεθύμνης,27 E.T. Δήμου Αγίου Βασιλείου,388,262,0,2,2,260,72,11,4,2,46,84,23,48,9,1,8,2,1,3,47,25,4,4,6,3,1,1,0,0,2,0,0,0,0,2,0,0,0,4,0,0,0,0,4,1,0,2,0,0,0,0,0,0,0,0,1,0,9,1,1,4,0,0,0,24,0,0,0,0,0
54 - Ρεθύμνης,28 E.T. Δήμου Αγίου Βασιλείου,278,207,4,0,4,203,53,8,3,6,29,110,45,46,8,6,2,1,0,0,3,1,1,0,0,7,4,1,0,0,0,0,0,0,0,0,0,0,0,4,0,0,0,0,7,6,0,0,0,0,0,0,0,1,0,0,0,0,9,1,4,2,0,0,0,5,0,0,0,2,0
54 - Ρεθύμνης,29 E.T. Δήμου Αγίου Βασιλείου,456,299,3,1,4,295,93,11,8,1,58,122,56,37,19,1,4,2,1,0,17,8,0,0,3,11,4,0,1,1,3,0,0,0,0,4,0,0,0,0,0,0,0,0,5,1,0,1,0,0,0,0,0,0,0,0,0,0,11,2,1,2,1,0,0,24,0,0,0,0,0
54 - Ρεθύμνης,30 E.T. Δήμου Αγίου Βασιλείου,395,258,1,0,1,257,124,24,2,12,73,99,17,61,17,1,2,0,0,1,11,2,2,2,4,4,1,0,2,0,0,0,0,0,0,0,0,0,0,0,0,0,0,0,2,0,0,0,1,0,0,0,0,1,0,0,0,0,8,1,2,4,0,0,0,5,0,0,0,0,0
54 - Ρεθύμνης,31 E.T. Δήμου Αγίου Βασιλείου,320,217,3,1,4,213,68,4,1,2,53,55,11,34,8,0,3,1,1,0,20,9,6,1,1,12,1,0,4,0,1,0,0,0,0,7,0,0,0,2,0,0,0,0,5,1,2,2,0,0,0,0,0,3,0,0,0,0,10,3,2,1,0,0,0,26,0,0,0,1,0
54 - Ρεθύμνης,32 E.T. Δήμου Αγίου Βασιλείου,329,226,5,5,10,216,92,14,2,2,66,53,9,25,16,1,3,2,0,0,18,6,0,4,2,14,3,1,7,1,3,0,0,0,0,1,0,0,0,0,0,0,0,0,4,1,1,1,0,0,0,0,0,0,0,0,0,0,8,2,3,1,0,0,0,20,0,0,0,0,0
54 - Ρεθύμνης,33 E.T. Δήμου Αμαρίου,65,37,0,0,0,37,9,0,1,0,6,27,1,3,23,0,0,0,0,0,1,0,0,0,0,0,0,0,0,0,0,0,0,0,0,0,0,0,0,0,0,0,0,0,0,0,0,0,0,0,0,0,0,0,0,0,0,0,0,0,0,0,0,0,0,0,0,0,0,0,0
54 - Ρεθύμνης,34 E.T. Δήμου Αμαρίου,124,87,0,0,0,87,23,0,0,3,20,50,7,25,16,0,2,1,0,1,6,1,0,3,0,0,0,0,0,0,1,0,0,0,0,0,0,0,0,0,0,0,0,0,0,0,0,0,0,0,0,0,0,0,0,0,0,0,4,0,0,2,1,0,0,0,0,0,0,0,0
54 - Ρεθύμνης,35 E.T. Δήμου Αμαρίου,194,114,4,0,4,110,21,1,1,0,16,52,7,17,25,1,4,0,0,0,19,1,2,12,4,4,3,0,0,0,0,0,0,0,0,0,0,0,0,0,0,0,0,0,0,0,0,0,0,0,0,0,0,6,0,0,0,0,4,0,0,1,0,0,0,0,0,0,0,0,0
54 - Ρεθύμνης,36 E.T. Δήμου Αμαρίου,103,61,0,0,0,61,13,1,0,0,10,23,6,10,2,1,0,0,0,0,11,5,4,1,0,4,3,0,1,0,0,0,0,0,0,0,0,0,0,0,0,0,0,0,0,0,0,0,0,0,0,0,0,0,0,0,0,0,9,2,1,0,0,0,0,1,0,0,0,0,0
54 - Ρεθύμνης,37 E.T. Δήμου Αμαρίου,161,85,1,2,3,82,22,0,1,1,16,46,10,17,15,3,2,1,0,1,4,3,0,1,0,1,0,1,0,0,1,0,0,0,0,0,0,0,0,0,0,0,0,0,3,2,0,1,0,0,0,0,0,0,0,0,0,0,2,0,0,1,0,0,0,0,0,0,0,1,0
54 - Ρεθύμνης,38 E.T. Δήμου Αμαρίου,90,66,0,2,2,64,27,6,0,0,21,27,0,25,2,0,0,0,0,0,4,1,0,1,0,2,0,2,0,0,0,0,0,0,0,0,0,0,0,1,0,0,0,0,1,1,0,0,0,0,0,0,0,0,0,0,0,0,0,0,0,0,1,0,0,1,0,0,0,0,0
54 - Ρεθύμνης,39 E.T. Δήμου Αμαρίου,286,177,0,0,0,177,45,13,1,2,27,107,19,74,10,1,1,0,1,0,17,2,2,8,3,0,0,0,0,0,0,0,0,0,0,0,0,0,0,0,0,0,0,0,2,0,0,1,2,0,0,0,0,0,0,0,0,0,2,0,0,1,0,0,0,1,0,0,0,0,0
54 - Ρεθύμνης,40 E.T. Δήμου Αμαρίου,379,221,0,0,0,221,51,6,1,0,37,120,18,44,47,3,9,3,2,2,29,4,2,15,1,6,0,0,5,0,1,0,0,0,0,0,0,0,0,0,0,0,0,0,1,0,0,1,0,0,0,0,0,0,0,0,0,0,3,0,0,3,0,0,0,1,0,0,0,0,0
54 - Ρεθύμνης,41 E.T. Δήμου Αμαρίου,113,79,1,1,2,77,28,4,0,0,21,28,5,20,0,0,1,0,0,0,10,3,1,1,3,2,0,0,0,0,1,0,0,0,0,0,0,0,0,0,0,0,0,0,1,0,0,1,0,0,0,0,0,0,0,0,0,0,0,0,0,0,2,0,0,1,0,0,0,3,0
54 - Ρεθύμνης,42 E.T. Δήμου Αμαρίου,221,159,0,3,3,156,86,28,0,0,51,39,4,24,9,1,3,0,1,0,19,8,4,0,5,1,0,0,0,0,2,0,0,0,0,0,0,0,0,0,0,0,0,0,0,0,0,0,0,0,0,0,0,1,0,0,0,0,0,0,0,0,0,0,0,3,0,0,0,2,0
54 - Ρεθύμνης,43 E.T. Δήμου Αμαρίου,493,287,3,4,7,280,80,16,5,0,39,140,34,75,19,6,5,4,0,1,22,4,2,5,3,4,0,0,0,1,2,0,0,0,0,3,0,0,0,3,0,0,0,0,6,2,2,1,0,0,0,0,0,0,0,0,5,0,7,3,1,1,0,0,0,3,0,0,0,0,0
54 - Ρεθύμνης,44 E.T. Δήμου Αμαρίου,511,321,2,1,3,318,114,26,1,1,74,109,16,73,11,0,0,0,0,0,48,16,4,16,6,17,8,2,2,3,7,0,0,0,0,1,0,0,0,0,0,0,0,0,2,0,0,1,0,0,0,0,0,0,0,0,0,0,8,1,0,4,1,0,0,11,0,0,0,0,0
54 - Ρεθύμνης,45 E.T. Δήμου Αμαρίου,310,195,2,0,2,193,70,1,1,0,62,42,5,24,4,0,1,0,0,0,42,15,16,3,1,19,1,4,12,0,2,0,0,0,0,1,0,0,0,0,0,0,0,0,4,0,0,2,0,0,0,0,0,0,0,0,0,0,1,0,0,1,0,0,0,11,0,0,0,0,0
54 - Ρεθύμνης,46 E.T. Δήμου Αμαρίου,261,148,2,0,2,146,67,2,0,2,61,51,10,25,8,0,1,0,0,0,10,4,3,0,1,2,2,0,0,0,2,0,0,0,0,0,0,0,0,0,0,0,0,0,5,2,0,2,0,0,0,0,0,0,0,0,2,0,3,0,1,1,1,0,0,1,0,0,0,1,0
54 - Ρεθύμνης,47 E.T. Δήμου Αμαρίου,390,274,0,3,3,271,79,4,1,2,63,135,18,80,28,3,3,0,1,1,31,14,8,2,5,4,1,1,1,0,1,0,0,0,0,0,0,0,0,0,0,0,0,0,4,1,2,1,0,0,0,0,0,0,0,0,0,0,5,0,3,1,1,0,0,7,0,0,0,1,0
54 - Ρεθύμνης,48 E.T. Δήμου Αμαρίου,248,171,0,0,0,171,60,3,2,0,51,53,5,42,3,0,1,0,0,0,22,5,5,1,2,5,0,1,1,2,1,0,0,0,0,0,0,0,0,0,0,0,0,0,0,0,0,0,0,0,0,0,0,1,0,0,0,0,8,0,2,0,1,0,0,16,0,0,0,3,0
54 - Ρεθύμνης,49 E.T. Δήμου Αμαρίου,201,112,0,1,1,111,40,4,1,0,29,41,7,24,2,0,1,0,0,1,9,2,4,1,1,3,0,0,2,0,1,0,0,0,0,0,0,0,0,0,0,0,0,0,7,0,0,5,0,0,0,0,0,0,0,0,0,0,2,1,0,1,1,0,0,5,0,0,0,1,0
54 - Ρεθύμνης,50 E.T. Δήμου Αμαρίου,186,123,0,1,1,122,32,0,1,6,21,45,9,27,4,4,4,4,0,0,11,5,4,0,1,2,0,1,0,1,0,0,0,0,0,0,0,0,0,1,0,0,0,0,7,3,0,2,0,0,0,0,0,1,0,0,1,0,6,1,0,4,2,0,0,8,0,0,0,2,0
54 - Ρεθύμνης,51 E.T. Δήμου Αμαρίου,462,289,2,1,3,286,95,17,1,13,53,145,49,53,35,2,7,6,0,1,14,2,10,0,0,3,2,1,0,0,2,0,0,0,0,2,0,0,0,2,0,0,0,0,3,1,1,1,1,0,0,0,0,0,0,0,0,0,5,1,1,1,1,0,0,6,0,0,0,0,0
54 - Ρεθύμνης,52 E.T. Δήμου Αμαρίου,191,113,1,0,1,112,40,8,2,4,25,48,4,23,20,0,2,1,0,1,7,2,3,0,2,4,0,3,0,0,0,0,0,0,0,0,0,0,0,0,0,0,0,0,1,0,0,0,0,0,0,0,0,0,0,0,0,0,1,1,0,0,0,0,0,4,0,0,0,5,0
54 - Ρεθύμνης,53 E.T. Δήμου Αμαρίου,130,94,1,1,2,92,32,3,3,0,19,39,5,29,2,1,0,0,0,0,8,1,2,0,0,3,1,0,1,1,1,0,0,0,0,0,0,0,0,0,0,0,0,0,2,0,1,0,0,0,0,0,0,0,0,0,1,0,2,1,0,0,1,0,0,2,0,0,0,1,0
54 - Ρεθύμνης,54 E.T. Δήμου Αμαρίου,205,142,1,0,1,141,48,12,1,0,30,45,8,36,0,0,5,1,0,4,18,4,6,3,1,7,1,6,0,0,0,0,0,0,0,0,0,0,0,0,0,0,0,0,3,0,1,2,0,0,0,0,0,0,0,0,0,0,7,0,3,3,2,0,0,5,0,0,0,1,0
54 - Ρεθύμνης,55 E.T. Δήμου Αμαρίου,311,222,2,2,4,218,53,3,2,3,42,81,13,55,7,3,5,5,0,0,49,0,44,0,1,9,2,4,2,0,2,0,0,0,0,0,0,0,0,0,0,0,0,0,3,2,0,0,1,0,0,0,0,2,0,0,0,0,4,1,0,2,1,0,0,6,0,0,0,2,0
54 - Ρεθύμνης,56 E.T. Δήμου Αμαρίου,165,116,1,0,1,115,26,9,0,0,14,41,7,24,6,1,3,1,0,0,18,9,1,1,2,17,0,0,2,15,2,0,0,0,0,0,0,0,0,0,0,0,0,0,4,0,0,1,0,0,0,0,0,0,0,0,0,0,2,1,0,0,0,0,0,2,0,0,0,0,0
54 - Ρεθύμνης,57 E.T. Δήμου Αμαρίου,234,156,0,0,0,156,73,27,3,1,31,41,11,19,7,2,1,0,0,0,17,2,8,1,0,2,0,0,1,1,1,0,0,0,0,0,0,0,0,0,0,0,0,0,3,1,0,1,0,0,0,0,0,0,0,0,0,0,5,0,0,1,0,0,0,1,0,0,0,12,0
54 - Ρεθύμνης,58 E.T. Δήμου Αμαρίου,298,176,3,1,4,172,54,7,0,2,34,70,18,38,6,2,3,1,0,0,20,9,4,3,3,2,1,1,0,0,0,0,0,0,0,0,0,0,0,0,0,0,0,0,6,3,0,1,0,0,0,0,0,0,0,0,1,0,4,1,0,1,5,0,0,6,0,0,0,1,0
54 - Ρεθύμνης,59 E.T. Δήμου Ανωγείων,462,344,3,3,6,338,138,46,3,1,66,139,3,123,2,2,0,0,0,0,17,3,1,4,4,31,17,1,1,10,2,0,0,0,0,0,0,0,0,0,0,0,0,0,1,0,0,0,0,0,0,0,0,1,0,0,0,0,6,2,0,1,1,0,0,2,1,0,0,0,0
54 - Ρεθύμνης,60 E.T. Δήμου Ανωγείων,505,394,1,2,3,391,114,21,2,2,78,200,2,181,2,2,0,0,0,0,40,5,6,7,9,30,18,0,1,9,3,0,0,0,0,1,0,0,0,0,0,0,0,0,0,0,0,0,0,0,0,0,0,0,0,0,0,0,2,0,0,0,0,0,0,1,0,0,0,0,0
54 - Ρεθύμνης,61 E.T. Δήμου Ανωγείων,474,339,1,1,2,337,180,53,2,6,106,118,3,107,0,0,0,0,0,0,28,2,3,6,6,1,0,0,0,1,0,0,0,0,0,0,0,0,0,0,0,0,0,0,1,0,0,0,0,0,0,0,0,0,0,0,0,0,7,0,2,0,1,0,0,1,0,0,0,0,0
54 - Ρεθύμνης,62 E.T. Δήμου Ανωγείων,505,377,4,1,5,372,177,58,3,2,93,79,1,62,2,1,0,0,0,0,82,18,9,6,30,26,3,1,0,21,1,0,0,0,0,0,0,0,0,0,0,0,0,0,0,0,0,0,0,0,0,0,0,3,0,0,0,0,2,0,0,0,0,0,0,2,0,0,0,0,0
54 - Ρεθύμνης,63 E.T. Δήμου Ανωγείων,509,357,12,1,13,344,142,44,2,1,81,120,0,111,0,1,0,0,0,0,22,2,5,1,8,47,15,1,1,26,1,0,0,0,0,0,0,0,0,0,0,0,0,0,0,0,0,0,0,0,0,5,0,1,0,0,0,0,4,0,0,0,1,0,0,1,0,0,0,0,0
54 - Ρεθύμνης,64 E.T. Δήμου Μυλοποτάμου,349,254,3,2,5,249,107,13,50,4,28,73,12,40,7,9,5,2,2,0,47,3,3,0,26,6,1,2,0,2,1,0,0,0,0,0,0,0,0,1,0,0,0,0,2,0,0,0,0,0,0,0,0,1,0,0,1,0,2,1,0,0,0,0,0,1,0,0,0,2,0
54 - Ρεθύμνης,65 E.T. Δήμου Μυλοποτάμου,346,247,2,1,3,244,97,14,37,4,34,82,7,43,14,14,2,0,0,0,35,10,2,2,19,6,1,1,0,0,0,0,0,0,0,0,0,0,0,1,0,0,0,0,8,1,0,1,0,0,0,0,0,3,0,0,0,0,4,2,1,0,1,0,0,4,0,0,0,1,0
54 - Ρεθύμνης,66 E.T. Δήμου Μυλοποτάμου,384,251,0,2,2,249,96,61,4,2,16,106,3,90,5,2,3,0,2,1,28,9,1,6,8,0,0,0,0,0,1,0,0,0,0,1,0,0,0,0,0,0,0,0,0,0,0,0,0,0,0,0,0,11,0,0,0,0,1,0,1,0,0,0,0,1,0,0,0,1,0
54 - Ρεθύμνης,67 E.T. Δήμου Μυλοποτάμου,159,98,0,4,4,94,42,17,2,0,15,33,2,27,1,0,0,0,0,0,15,1,0,0,14,0,0,0,0,0,0,0,0,0,0,0,0,0,0,0,0,0,0,0,1,0,0,0,0,0,0,0,0,1,0,0,0,0,2,0,1,0,0,0,0,0,0,0,0,0,0
54 - Ρεθύμνης,68 E.T. Δήμου Μυλοποτάμου,459,299,3,3,6,293,111,48,8,3,41,133,8,112,4,3,6,3,2,1,23,4,3,1,9,0,0,0,0,0,0,0,0,0,0,0,0,0,0,0,0,0,0,0,4,3,0,1,0,0,0,0,0,0,0,0,0,0,9,2,1,2,0,0,0,5,0,0,0,2,0
54 - Ρεθύμνης,69 E.T. Δήμου Μυλοποτάμου,239,167,0,0,0,167,67,11,5,1,38,59,5,29,0,15,1,0,0,1,14,1,1,0,5,4,1,1,2,0,0,0,0,0,0,0,0,0,0,1,0,0,0,0,4,4,0,0,0,0,0,1,0,9,0,0,0,0,4,1,2,0,2,0,0,1,0,0,0,0,0
54 - Ρεθύμνης,70 E.T. Δήμου Μυλοποτάμου,45,32,1,0,1,31,7,1,1,0,3,18,1,3,6,3,0,0,0,0,4,0,0,0,1,1,0,0,0,0,0,0,0,0,0,0,0,0,0,0,0,0,0,0,0,0,0,0,0,0,0,0,0,0,0,0,0,0,1,1,0,0,0,0,0,0,0,0,0,0,0
54 - Ρεθύμνης,71 E.T. Δήμου Μυλοποτάμου,293,173,1,3,4,169,83,25,11,3,33,40,3,25,2,7,6,0,4,0,10,2,3,0,2,2,0,2,0,0,2,0,0,0,0,0,0,0,0,0,0,0,0,0,6,2,0,2,0,0,0,1,0,0,0,0,0,0,5,2,1,0,10,0,0,3,0,0,0,1,0
54 - Ρεθύμνης,72 E.T. Δήμου Μυλοποτάμου,288,172,3,2,5,167,71,25,3,2,31,51,4,32,3,2,2,1,1,0,18,3,2,2,10,1,0,0,1,0,1,0,0,0,0,1,0,0,0,1,0,0,0,0,2,0,0,2,0,0,0,0,0,3,0,0,2,0,6,4,0,0,2,0,0,6,0,0,0,0,0
54 - Ρεθύμνης,73 E.T. Δήμου Μυλοποτάμου,202,122,0,0,0,122,35,6,3,0,18,40,4,30,3,2,1,0,0,0,19,1,0,1,17,3,1,0,0,0,3,0,0,0,0,0,0,0,0,0,0,0,0,0,11,5,1,0,0,0,0,0,0,0,0,0,0,0,7,3,1,1,1,0,0,2,0,0,0,0,0
54 - Ρεθύμνης,74 E.T. Δήμου Μυλοποτάμου,411,290,2,2,4,286,95,17,10,2,49,108,1,95,2,10,3,0,1,0,43,23,2,1,12,7,3,0,2,0,7,0,0,0,0,1,0,0,0,0,0,0,0,0,3,1,0,0,0,0,0,0,0,1,0,0,0,0,9,0,3,0,4,0,0,3,0,0,0,2,0
54 - Ρεθύμνης,75 E.T. Δήμου Μυλοποτάμου,424,288,5,1,6,282,98,42,2,1,40,102,3,71,3,17,4,1,0,2,29,14,1,2,7,4,2,1,0,0,5,0,0,0,0,1,0,0,0,0,0,0,0,0,5,3,0,0,0,0,0,0,0,1,0,0,0,0,29,26,2,1,1,0,0,3,0,0,0,0,0
54 - Ρεθύμνης,76 E.T. Δήμου Μυλοποτάμου,55,27,0,0,0,27,15,0,9,0,6,2,1,1,0,0,2,1,0,0,5,4,0,0,1,0,0,0,0,0,0,0,0,0,0,0,0,0,0,0,0,0,0,0,1,0,0,0,0,0,0,0,0,0,0,0,0,0,0,0,0,0,0,0,0,1,0,0,0,1,0
54 - Ρεθύμνης,77 E.T. Δήμου Μυλοποτάμου,163,112,1,1,2,110,19,5,4,0,10,40,3,22,3,9,1,1,0,0,40,0,0,0,39,7,2,2,1,2,1,0,0,0,0,1,0,0,0,0,0,0,0,0,0,0,0,0,0,0,0,0,0,0,0,0,0,0,1,1,0,0,0,0,0,0,0,0,0,0,0
54 - Ρεθύμνης,78 E.T. Δήμου Μυλοποτάμου,441,292,4,1,5,287,108,28,9,4,67,102,23,47,8,13,1,1,0,0,29,4,0,0,22,6,1,3,0,0,2,0,0,0,0,0,0,0,0,6,0,0,0,0,1,1,0,0,0,0,0,0,0,2,0,0,0,0,11,8,1,1,15,0,0,3,0,0,0,1,0
54 - Ρεθύμνης,79 E.T. Δήμου Μυλοποτάμου,55,42,0,0,0,42,18,5,0,0,10,11,1,9,1,0,0,0,0,0,2,0,0,0,2,1,0,0,0,0,0,0,0,0,0,0,0,0,0,0,0,0,0,0,6,1,0,2,0,0,0,0,0,0,0,0,0,0,3,0,0,0,0,0,0,1,0,0,0,0,0
54 - Ρεθύμνης,80 E.T. Δήμου Μυλοποτάμου,441,339,0,7,7,332,136,40,17,2,63,116,6,74,9,23,6,0,4,1,52,17,2,2,23,3,3,0,0,0,2,0,0,0,0,0,0,0,0,0,0,0,0,0,5,2,0,1,0,0,0,0,0,7,0,0,0,0,3,0,0,1,1,0,0,1,0,0,0,0,0
54 - Ρεθύμνης,81 E.T. Δήμου Μυλοποτάμου,448,342,3,0,3,339,152,54,15,3,63,135,15,75,8,19,4,2,2,0,28,9,0,3,11,3,0,3,0,0,0,0,0,0,0,0,0,0,0,0,0,0,0,0,5,0,2,1,0,0,0,0,0,0,0,0,0,0,7,6,0,1,1,0,0,2,0,0,0,2,0
54 - Ρεθύμνης,82 E.T. Δήμου Μυλοποτάμου,458,354,1,2,3,351,141,35,13,6,73,123,3,74,3,28,8,2,1,1,39,20,1,1,12,7,5,0,1,1,4,0,0,1,0,1,0,0,0,0,0,0,0,0,5,1,0,2,0,0,0,0,0,1,0,0,0,0,14,11,0,1,0,0,0,6,0,0,0,1,0
54 - Ρεθύμνης,83 E.T. Δήμου Μυλοποτάμου,391,286,3,4,7,279,84,14,9,5,40,99,2,68,1,22,2,1,1,0,17,7,3,1,6,2,1,0,0,0,0,0,0,0,0,0,0,0,0,0,0,0,0,0,2,0,0,0,0,0,0,0,0,2,0,0,0,0,62,61,0,1,5,0,0,3,0,0,0,1,0
54 - Ρεθύμνης,84 E.T. Δήμου Μυλοποτάμου,535,378,9,1,10,368,150,46,11,4,62,155,12,124,7,3,8,2,2,0,26,10,10,0,4,3,0,0,1,0,1,0,0,0,0,1,0,0,0,0,0,0,0,0,8,5,0,1,0,0,0,0,0,2,0,0,0,0,9,2,2,2,1,0,0,3,0,0,0,1,0
54 - Ρεθύμνης,85 E.T. Δήμου Μυλοποτάμου,246,174,2,1,3,171,60,15,4,2,28,73,4,48,8,7,1,1,0,0,19,3,8,0,7,4,1,0,0,2,2,0,0,0,0,0,0,0,0,1,0,0,0,0,2,0,0,1,1,0,0,1,0,0,0,0,0,0,0,0,0,0,5,0,0,2,0,0,0,0,0
54 - Ρεθύμνης,86 E.T. Δήμου Μυλοποτάμου,321,171,3,1,4,167,63,21,7,2,27,77,1,62,2,11,4,1,0,1,10,4,1,0,4,0,0,0,0,0,3,0,0,0,0,0,0,0,0,0,0,0,0,0,2,0,0,1,1,0,0,0,0,0,0,0,0,0,4,3,0,0,2,0,0,0,0,0,0,1,0
54 - Ρεθύμνης,87 E.T. Δήμου Μυλοποτάμου,289,174,0,0,0,174,70,27,9,0,26,83,4,62,2,14,0,0,0,0,10,4,1,1,4,3,1,1,0,0,0,0,0,0,0,0,0,0,0,0,0,0,0,0,3,1,0,1,0,0,0,1,0,1,0,0,1,0,2,1,1,0,0,0,0,0,0,0,0,0,0
54 - Ρεθύμνης,88 E.T. Δήμου Μυλοποτάμου,368,246,8,0,8,238,130,69,0,0,44,84,24,54,2,4,1,0,1,0,18,7,1,1,1,1,0,0,0,0,2,0,0,0,0,1,0,0,0,0,0,0,0,0,0,0,0,0,0,0,0,0,0,0,0,0,0,0,0,0,0,0,0,0,0,1,0,0,0,0,0
54 - Ρεθύμνης,89 E.T. Δήμου Μυλοποτάμου,396,266,4,0,4,262,109,56,6,2,34,120,9,99,2,5,1,1,0,0,22,6,2,2,6,3,0,0,1,0,2,0,0,0,0,0,0,0,0,0,0,0,0,0,1,1,0,0,0,0,0,0,0,0,0,0,1,0,2,0,0,2,0,0,0,0,0,0,0,1,0
54 - Ρεθύμνης,90 E.T. Δήμου Μυλοποτάμου,339,232,0,0,0,232,116,64,4,4,25,88,11,64,3,3,3,0,3,0,18,10,1,2,3,0,0,0,0,0,1,0,0,1,0,0,0,0,0,0,0,0,0,0,3,2,0,1,0,0,0,0,0,0,0,0,0,0,1,1,0,0,1,0,0,0,0,0,0,0,0
54 - Ρεθύμνης,91 E.T. Δήμου Μυλοποτάμου,223,167,3,2,5,162,44,13,2,2,22,91,8,71,5,2,2,0,0,2,11,3,0,2,4,0,0,0,0,0,1,0,0,0,0,0,0,0,0,0,0,0,0,0,2,1,1,0,0,0,0,0,0,1,0,0,1,0,7,5,0,0,0,0,0,1,0,0,0,1,0
54 - Ρεθύμνης,92 E.T. Δήμου Μυλοποτάμου,47,30,0,0,0,30,13,8,0,1,3,10,0,9,0,1,0,0,0,0,5,2,1,0,2,0,0,0,0,0,0,0,0,0,0,0,0,0,0,0,0,0,0,0,0,0,0,0,0,0,0,0,0,0,0,0,0,0,2,1,0,0,0,0,0,0,0,0,0,0,0
54 - Ρεθύμνης,93 E.T. Δήμου Μυλοποτάμου,253,164,0,0,0,164,48,33,2,1,9,88,5,72,3,2,0,0,0,0,20,5,3,0,9,0,0,0,0,0,0,0,0,0,0,0,0,0,0,1,0,0,0,0,3,1,0,0,0,0,0,0,0,1,0,0,0,0,2,0,1,1,1,0,0,0,0,0,0,0,0
54 - Ρεθύμνης,94 E.T. Δήμου Μυλοποτάμου,261,153,2,2,4,149,64,41,1,3,9,48,10,28,2,3,2,0,1,1,22,5,2,0,7,2,2,0,0,0,0,0,0,0,0,0,0,0,0,0,0,0,0,0,3,2,1,0,0,0,0,0,0,0,0,0,0,0,6,4,1,0,0,0,0,1,0,0,0,1,0
54 - Ρεθύμνης,95 E.T. Δήμου Μυλοποτάμου,341,240,0,1,1,239,65,20,1,1,11,135,18,106,6,1,8,2,3,3,12,3,4,1,2,2,0,0,0,0,0,0,0,0,0,2,0,0,0,0,0,0,0,0,4,1,0,1,1,0,0,0,0,1,0,0,0,0,4,2,0,0,1,0,0,2,0,0,0,2,0
54 - Ρεθύμνης,96 E.T. Δήμου Μυλοποτάμου,293,185,2,1,3,182,92,30,2,2,48,70,18,33,11,7,1,0,0,0,13,7,0,0,4,0,0,0,0,0,0,0,0,0,0,0,0,0,0,1,0,0,0,0,0,0,0,0,0,0,0,0,0,0,0,0,0,0,5,2,0,0,0,0,0,0,0,0,0,0,0
54 - Ρεθύμνης,97 E.T. Δήμου Μυλοποτάμου,451,248,5,1,6,242,81,23,1,1,39,93,17,57,4,4,6,0,0,2,38,22,1,1,3,3,0,0,0,0,2,0,0,0,0,0,0,0,0,1,0,0,0,0,5,1,1,0,0,0,0,0,0,2,0,0,0,0,9,7,0,1,0,0,0,2,0,0,0,0,0
54 - Ρεθύμνης,98 E.T. Δήμου Μυλοποτάμου,223,146,1,1,2,144,81,43,5,0,30,35,1,31,0,3,2,0,2,0,21,4,2,0,9,0,0,0,0,0,0,0,0,0,0,0,0,0,0,0,0,0,0,0,0,0,0,0,0,0,0,0,0,1,0,0,0,0,2,1,0,0,0,0,0,1,0,0,0,1,0
54 - Ρεθύμνης,99 E.T. Δήμου Μυλοποτάμου,332,147,2,2,4,143,65,34,1,1,21,58,9,42,0,2,0,0,0,0,10,2,0,5,2,0,0,0,0,0,3,0,0,0,0,0,0,0,0,0,0,0,0,0,1,0,0,1,1,0,0,0,0,0,0,0,0,0,4,1,0,0,1,0,0,0,0,0,0,0,0
54 - Ρεθύμνης,100 E.T. Δήμου Μυλοποτάμου,111,74,0,0,0,74,28,17,0,0,9,28,2,24,1,0,1,0,1,0,13,0,0,0,5,0,0,0,0,0,0,0,0,0,0,0,0,0,0,0,0,0,0,0,0,0,0,0,0,0,0,0,0,0,0,0,0,0,2,1,0,0,0,0,0,2,0,0,0,0,0
54 - Ρεθύμνης,101 E.T. Δήμου Μυλοποτάμου,108,81,0,0,0,81,46,19,1,5,19,14,0,12,1,1,1,0,1,0,13,10,0,1,2,1,1,0,0,0,0,0,0,0,0,0,0,0,0,0,0,0,0,0,2,0,1,1,0,0,0,0,0,1,0,0,0,0,3,2,1,0,0,0,0,0,0,0,0,0,0
54 - Ρεθύμνης,102 E.T. Δήμου Μυλοποτάμου,75,35,0,0,0,35,10,4,1,2,1,11,1,8,1,0,0,0,0,0,6,3,0,0,1,0,0,0,0,0,0,0,0,0,0,0,0,0,0,0,0,0,0,0,6,4,1,0,0,0,0,0,0,0,0,0,0,0,2,0,1,1,0,0,0,0,0,0,0,0,0
54 - Ρεθύμνης,103 E.T. Δήμου Μυλοποτάμου,372,244,2,1,3,241,116,92,1,1,8,95,6,75,9,3,1,0,1,0,19,5,1,1,6,0,0,0,0,0,1,0,0,0,0,0,0,0,0,0,0,0,0,0,0,0,0,0,0,0,0,0,0,4,0,0,1,0,4,2,1,0,0,0,0,0,0,0,0,0,0
54 - Ρεθύμνης,104 E.T. Δήμου Μυλοποτάμου,174,87,0,0,0,87,23,14,2,0,5,47,6,37,3,0,1,0,0,0,12,1,1,2,0,2,1,0,0,1,0,0,0,1,0,1,0,0,0,0,0,0,0,0,0,0,0,0,0,0,0,0,0,0,0,0,0,0,0,0,0,0,0,0,0,0,0,0,0,0,0
54 - Ρεθύμνης,105 E.T. Δήμου Μυλοποτάμου,475,288,5,0,5,283,176,166,0,1,9,71,4,62,5,0,0,0,0,0,25,4,8,1,10,1,1,0,0,0,0,0,0,0,0,0,0,0,0,3,0,0,0,0,4,4,0,0,0,0,0,0,0,0,0,0,0,0,2,1,0,0,0,0,0,1,0,0,0,0,0
54 - Ρεθύμνης,106 E.T. Δήμου Μυλοποτάμου,469,298,0,0,0,298,129,118,2,1,5,134,5,123,0,3,2,0,2,0,23,14,4,0,4,0,0,0,0,0,0,0,0,0,0,0,0,0,0,5,0,0,0,0,0,0,0,0,0,0,0,0,0,0,0,0,0,0,4,0,2,0,1,0,0,0,0,0,0,0,0
54 - Ρεθύμνης,107 E.T. Δήμου Μυλοποτάμου,499,331,4,1,5,326,173,158,0,2,10,111,7,98,1,3,0,0,0,0,28,5,4,2,12,0,0,0,0,0,0,0,0,0,0,0,0,0,0,1,0,0,0,0,2,2,0,0,0,0,0,0,0,0,0,0,0,0,10,2,0,2,0,0,0,1,0,0,0,0,0
54 - Ρεθύμνης,108 E.T. Δήμου Μυλοποτάμου,144,63,0,1,1,62,29,16,1,1,7,17,0,14,0,1,2,0,1,0,5,1,0,1,1,1,0,0,0,0,0,0,0,0,0,0,0,0,0,0,0,0,0,0,1,1,0,0,0,0,0,0,0,2,0,0,0,0,2,0,0,0,0,0,0,1,0,0,0,2,0
54 - Ρεθύμνης,109 E.T. Δήμου Μυλοποτάμου,441,283,3,2,5,278,110,41,3,1,47,110,6,64,11,16,7,0,5,0,32,4,4,4,6,1,0,1,0,0,4,0,0,0,0,0,0,0,0,0,0,0,0,0,1,1,0,0,0,0,0,0,0,0,0,0,0,0,6,2,1,0,2,0,0,3,0,0,0,2,0
54 - Ρεθύμνης,110 E.T. Δήμου Μυλοποτάμου,66,45,0,0,0,45,28,22,0,0,2,3,0,2,0,0,0,0,0,0,9,2,0,0,3,2,0,0,0,1,0,0,0,0,0,0,0,0,0,0,0,0,0,0,0,0,0,0,0,0,0,0,0,0,0,0,0,0,2,0,0,0,1,0,0,0,0,0,0,0,0
54 - Ρεθύμνης,111 E.T. Δήμου Ρεθύμνης,515,364,8,2,10,354,124,13,8,5,86,114,13,60,23,4,5,0,2,1,56,5,40,2,4,13,1,1,9,1,2,1,1,0,0,0,0,0,0,3,1,2,0,0,13,2,2,5,0,0,0,0,0,1,0,0,0,0,6,1,1,1,4,3,1,9,4,3,2,4,4
54 - Ρεθύμνης,112 E.T. Δήμου Ρεθύμνης,542,376,2,4,6,370,130,11,9,11,85,122,22,59,30,3,9,2,3,0,31,2,24,0,3,10,0,2,6,0,3,0,0,0,0,4,0,0,0,2,0,0,0,0,14,4,4,5,0,0,0,1,0,3,0,0,1,0,14,1,1,9,6,0,0,17,0,0,0,3,0
54 - Ρεθύμνης,113 E.T. Δήμου Ρεθύμνης,205,113,3,0,3,110,40,4,3,1,24,44,8,30,3,2,4,0,3,0,6,1,1,0,3,3,0,0,0,1,1,0,0,0,0,0,0,0,0,0,0,0,0,0,1,1,0,0,0,0,0,0,0,0,0,0,0,0,0,1,1,2,7,0,0,3,1,1,1,1,0
54 - Ρεθύμνης,114 E.T. Δήμου Ρεθύμνης,105,72,3,0,3,69,31,13,4,0,12,20,3,11,3,1,1,1,0,0,6,2,3,0,0,1,1,0,0,0,2,0,0,0,0,0,0,0,0,1,0,0,0,0,6,1,3,1,0,0,0,0,0,0,0,0,0,0,0,0,0,0,0,0,0,0,0,0,0,1,0
54 - Ρεθύμνης,115 E.T. Δήμου Ρεθύμνης,102,77,2,0,2,75,38,16,4,0,12,19,2,9,3,0,0,0,0,0,15,1,0,0,11,0,0,0,0,0,0,0,0,0,0,0,0,0,0,0,0,0,0,0,1,0,0,0,0,0,0,0,0,0,0,0,0,0,0,0,0,0,1,0,1,1,0,0,0,0,0
54 - Ρεθύμνης,116 E.T. Δήμου Ρεθύμνης,263,199,0,3,3,196,103,58,6,6,30,44,4,24,14,1,1,0,0,0,32,9,7,0,13,4,1,0,1,1,1,0,0,0,0,0,0,0,0,0,0,0,0,0,1,0,0,0,0,0,0,0,0,0,0,0,0,0,3,1,0,2,3,0,0,3,0,0,0,1,0
54 - Ρεθύμνης,117 E.T. Δήμου Ρεθύμνης,199,123,0,0,0,123,67,9,9,2,34,30,1,11,16,0,3,2,0,0,9,2,1,0,4,3,2,0,0,0,0,0,0,0,0,0,0,0,0,1,0,1,0,0,1,1,0,0,0,0,0,0,0,0,0,0,0,0,7,0,3,2,0,0,0,1,0,0,1,1,0
54 - Ρεθύμνης,118 E.T. Δήμου Ρεθύμνης,412,298,2,2,4,294,129,17,5,5,60,91,4,39,27,14,0,0,0,0,27,4,10,0,6,5,1,0,4,0,3,0,2,0,0,0,0,0,0,8,8,0,0,0,4,2,0,0,1,0,0,0,0,4,2,0,1,0,14,2,1,4,1,1,0,6,0,1,0,0,0
54 - Ρεθύμνης,119 E.T. Δήμου Ρεθύμνης,362,234,3,5,8,226,79,5,3,3,53,86,11,48,19,5,6,4,1,0,22,7,6,1,5,1,1,0,0,0,5,0,0,0,0,1,0,0,0,0,0,0,0,0,4,0,1,0,0,0,0,0,0,3,0,0,0,0,7,0,2,2,3,0,0,6,0,0,0,3,0
54 - Ρεθύμνης,120 E.T. Δήμου Ρεθύμνης,346,250,0,1,1,249,94,10,4,4,51,72,15,37,12,1,4,1,2,1,39,19,11,2,0,11,2,0,3,1,4,0,0,0,0,0,0,0,0,0,0,0,0,0,4,1,1,0,1,0,0,0,0,0,0,0,0,0,12,4,1,2,0,0,0,6,0,0,0,2,0
54 - Ρεθύμνης,121 E.T. Δήμου Ρεθύμνης,279,194,4,2,6,188,73,10,4,4,47,65,5,47,3,6,0,0,0,0,19,6,7,0,2,4,3,0,0,0,0,0,0,0,0,0,0,0,0,0,0,0,0,0,9,2,3,2,0,0,0,1,0,0,0,0,0,0,9,1,2,2,2,1,1,5,1,0,2,1,1
54 - Ρεθύμνης,122 E.T. Δήμου Ρεθύμνης,545,384,15,0,15,369,132,9,3,8,85,96,10,48,19,4,18,4,3,4,52,22,18,1,0,16,9,3,0,2,1,0,0,0,0,0,0,0,0,1,0,0,0,0,11,4,0,5,0,0,0,1,0,0,0,0,0,0,22,6,2,7,2,0,0,16,0,0,0,1,0
54 - Ρεθύμνης,123 E.T. Δήμου Ρεθύμνης,312,211,4,0,4,207,79,17,0,3,48,76,4,51,7,8,5,1,1,2,18,8,6,0,2,12,5,1,4,1,0,0,0,0,0,1,0,1,0,1,0,0,0,0,1,0,0,0,0,0,0,0,0,1,0,0,0,0,8,2,0,3,1,0,0,4,0,3,0,0,0
54 - Ρεθύμνης,124 E.T. Δήμου Ρεθύμνης,205,136,2,2,4,132,57,8,10,1,32,33,3,20,5,3,1,0,0,0,23,3,1,1,13,4,0,2,0,0,0,0,0,0,0,1,0,0,0,1,0,0,0,0,0,0,0,0,1,0,0,0,0,7,0,0,0,0,0,0,0,0,0,0,0,3,0,0,0,1,0
54 - Ρεθύμνης,125 E.T. Δήμου Ρεθύμνης,99,76,2,0,2,74,31,5,0,2,22,36,9,19,4,2,0,0,0,0,0,0,0,0,0,3,0,0,3,0,0,0,0,0,0,0,0,0,0,0,0,0,0,0,0,0,0,0,0,0,0,0,0,0,0,0,0,0,3,1,2,0,0,0,0,1,0,0,1,0,0
54 - Ρεθύμνης,126 E.T. Δήμου Ρεθύμνης,300,210,1,1,2,208,68,6,1,4,38,86,13,57,0,10,2,0,0,0,13,4,3,0,5,3,2,0,1,0,1,0,0,0,0,1,0,0,0,2,1,0,0,1,7,2,0,2,0,0,0,0,0,2,1,0,1,1,11,3,0,4,5,3,0,4,1,3,0,2,2
54 - Ρεθύμνης,127 E.T. Δήμου Ρεθύμνης,303,221,0,4,4,217,102,16,6,8,53,65,4,40,6,6,1,0,1,0,22,3,6,0,7,4,0,0,3,0,1,0,0,0,0,1,0,0,1,3,0,0,0,3,6,1,0,2,0,0,0,0,0,5,0,3,0,0,3,1,1,0,0,0,0,3,1,1,1,1,0
54 - Ρεθύμνης,128 E.T. Δήμου Ρεθύμνης,223,148,1,2,3,145,37,8,3,0,24,56,19,30,6,1,2,0,0,0,16,6,3,0,5,4,2,0,0,1,4,0,0,0,0,0,0,0,0,4,0,0,0,0,13,5,2,5,0,0,0,0,0,1,0,0,0,0,3,1,1,0,2,0,0,1,0,0,0,2,0
54 - Ρεθύμνης,129 E.T. Δήμου Ρεθύμνης,476,270,3,0,3,267,115,7,4,6,87,73,47,19,5,0,0,0,0,0,14,9,0,0,0,21,2,0,11,1,1,0,1,0,0,0,0,0,0,15,0,15,0,0,7,1,0,5,1,0,0,0,0,0,0,0,0,0,10,1,4,0,1,0,1,8,1,1,5,1,1
54 - Ρεθύμνης,130 E.T. Δήμου Ρεθύμνης,466,265,1,2,3,262,98,4,3,9,71,100,61,28,2,5,5,1,0,1,19,10,2,1,1,7,1,0,5,0,0,0,0,0,0,2,0,0,0,5,0,0,0,0,6,1,1,4,1,0,0,0,0,0,0,0,1,0,9,1,1,3,0,0,0,9,0,0,0,0,0
54 - Ρεθύμνης,131 E.T. Δήμου Ρεθύμνης,300,172,1,1,2,170,49,6,3,2,31,83,20,39,17,6,7,1,2,2,5,1,0,0,1,5,4,0,1,0,2,0,0,0,0,1,0,0,0,0,0,0,0,0,10,3,1,5,0,0,0,0,0,0,0,0,0,0,1,1,0,0,1,0,0,6,0,0,0,0,0
54 - Ρεθύμνης,132 E.T. Δήμου Ρεθύμνης,261,138,1,0,1,137,44,5,1,0,35,57,18,30,8,0,4,1,1,0,13,7,0,0,1,4,2,0,1,0,4,0,0,0,0,0,0,0,0,0,0,0,0,0,7,3,0,2,0,0,0,0,0,0,0,0,0,0,1,0,0,0,0,0,0,3,0,0,0,0,0
54 - Ρεθύμνης,133 E.T. Δήμου Ρεθύμνης,286,185,1,2,3,182,54,1,1,1,44,72,31,37,3,0,6,1,0,2,10,6,0,0,1,8,2,0,1,0,2,1,1,0,0,1,0,0,1,7,0,7,0,0,4,2,0,1,0,0,0,0,0,0,0,0,0,0,10,2,1,3,0,0,0,6,0,2,2,2,2
54 - Ρεθύμνης,134 E.T. Δήμου Ρεθύμνης,237,171,2,1,3,168,33,10,1,0,17,91,42,44,3,0,4,0,1,1,18,11,4,0,1,8,0,2,5,0,0,0,0,0,0,0,0,0,0,0,0,0,0,0,1,0,0,1,0,0,0,0,0,1,0,0,0,0,2,0,0,0,2,0,0,5,0,0,0,3,0
54 - Ρεθύμνης,135 E.T. Δήμου Ρεθύμνης,105,61,1,1,2,59,18,2,0,2,13,31,11,14,2,0,1,0,0,1,0,0,0,0,0,3,0,1,2,0,0,0,0,0,0,0,0,0,0,3,0,3,0,0,1,0,0,1,1,0,1,0,0,0,0,0,0,0,1,0,0,1,0,0,0,0,0,0,0,0,0
54 - Ρεθύμνης,136 E.T. Δήμου Ρεθύμνης,280,156,2,0,2,154,60,6,0,2,41,47,18,20,4,2,2,1,1,0,15,12,1,0,0,9,4,2,0,0,0,0,0,0,0,0,0,0,0,4,0,0,0,0,10,0,1,4,0,0,0,0,0,0,0,0,0,0,6,1,1,1,0,0,0,1,0,0,0,0,0
54 - Ρεθύμνης,137 E.T. Δήμου Ρεθύμνης,116,72,0,0,0,72,28,3,1,1,21,26,17,7,1,1,3,0,2,0,4,1,0,0,0,2,1,0,1,0,0,0,0,0,0,0,0,0,0,0,0,0,0,0,6,1,0,3,0,0,0,0,0,0,0,0,1,0,0,0,0,0,1,0,0,1,0,0,0,0,0
54 - Ρεθύμνης,138 E.T. Δήμου Ρεθύμνης,193,115,0,0,0,115,22,2,3,1,15,54,37,11,4,0,4,2,0,1,1,1,0,0,0,8,1,0,4,1,0,0,0,0,0,0,0,0,0,0,0,0,0,0,1,0,0,1,0,0,0,0,0,2,0,0,0,0,6,0,1,3,4,0,0,13,0,0,0,0,0
54 - Ρεθύμνης,139 E.T. Δήμου Ρεθύμνης,445,243,3,2,5,238,68,14,2,1,40,120,47,55,12,0,5,1,2,2,13,6,1,1,4,7,5,0,2,0,2,0,0,0,0,0,0,0,0,0,0,0,0,0,13,7,0,3,2,0,1,0,0,2,2,0,0,0,4,2,0,1,0,0,0,2,0,0,0,0,0
54 - Ρεθύμνης,140 E.T. Δήμου Ρεθύμνης,253,159,2,1,3,156,61,7,2,1,37,57,12,37,2,1,0,0,0,0,9,1,0,0,4,10,2,1,3,0,0,0,0,0,0,0,0,0,0,1,0,0,0,0,7,0,0,4,0,0,0,0,0,1,0,0,1,0,6,3,1,0,1,0,0,2,0,0,0,0,0
54 - Ρεθύμνης,141 E.T. Δήμου Ρεθύμνης,194,121,0,0,0,121,58,7,3,3,34,39,18,17,1,1,4,3,0,0,3,1,1,1,0,4,2,0,0,2,2,0,0,0,0,0,0,0,0,1,1,0,0,0,4,0,0,1,0,0,0,0,0,0,0,0,0,0,5,1,0,4,1,0,0,0,0,0,0,0,0
54 - Ρεθύμνης,142 E.T. Δήμου Ρεθύμνης,482,354,7,3,10,344,134,11,18,1,89,119,28,58,15,10,5,1,1,1,23,9,3,4,3,16,7,1,2,1,5,0,0,0,0,1,0,0,0,0,0,0,0,0,13,5,1,3,3,0,0,0,0,2,0,0,2,0,10,0,1,5,5,0,0,5,0,0,0,1,0
54 - Ρεθύμνης,143 E.T. Δήμου Ρεθύμνης,488,335,5,1,6,329,120,6,9,3,70,104,25,53,16,1,6,2,1,1,16,5,3,1,2,28,8,1,7,1,4,0,0,0,0,1,0,0,0,2,0,0,0,0,6,1,1,0,2,0,0,0,0,1,0,0,1,0,18,3,2,4,2,0,0,18,0,0,0,0,0
54 - Ρεθύμνης,144 E.T. Δήμου Ρεθύμνης,483,332,2,2,4,328,115,3,3,13,81,117,23,55,17,8,3,0,0,0,22,8,3,1,3,11,4,0,2,1,4,3,1,0,0,2,1,1,0,1,1,0,0,0,16,1,0,12,1,0,0,0,0,3,0,3,1,0,16,3,3,5,4,1,1,8,1,2,1,4,4
54 - Ρεθύμνης,145 E.T. Δήμου Ρεθύμνης,358,253,1,5,6,247,85,10,8,3,51,84,22,46,9,4,3,1,2,0,34,16,3,0,7,11,7,2,1,0,2,1,1,0,0,1,1,0,0,0,0,0,0,0,7,0,0,5,1,0,0,0,0,2,1,0,1,0,8,1,0,3,1,1,0,6,1,1,4,1,0
54 - Ρεθύμνης,146 E.T. Δήμου Ρεθύμνης,415,286,4,5,9,277,97,12,5,9,63,108,34,52,5,12,2,1,0,1,25,17,2,0,1,13,7,2,1,1,1,0,0,0,0,0,0,0,0,0,0,0,0,0,5,2,0,0,0,0,0,0,0,1,0,0,1,0,5,1,0,2,2,0,0,15,0,0,0,2,0
54 - Ρεθύμνης,147 E.T. Δήμου Ρεθύμνης,535,333,2,2,4,329,103,16,4,9,55,123,26,56,24,4,9,5,1,1,38,13,7,2,7,6,0,0,1,1,0,0,0,0,0,0,0,0,0,2,0,0,0,1,21,4,1,5,0,0,0,0,0,1,0,1,0,0,8,0,1,3,7,1,2,8,1,5,1,3,3
54 - Ρεθύμνης,148 E.T. Δήμου Ρεθύμνης,98,68,0,0,0,68,19,1,3,2,11,16,9,4,3,0,0,0,0,0,14,3,0,1,1,6,0,0,2,0,4,0,0,0,0,0,0,0,0,0,0,0,0,0,2,0,0,0,0,0,0,0,0,1,0,0,0,0,3,1,1,1,0,0,0,3,0,0,0,0,0
54 - Ρεθύμνης,149 E.T. Δήμου Ρεθύμνης,243,159,4,0,4,155,70,7,4,4,43,52,23,24,4,0,7,2,2,1,7,5,0,0,2,8,7,0,0,0,0,0,0,0,0,0,0,0,0,0,0,0,0,0,5,2,0,2,1,0,1,0,0,0,0,0,0,0,1,0,1,0,0,0,0,3,1,1,1,1,1
54 - Ρεθύμνης,150 E.T. Δήμου Ρεθύμνης,252,182,0,1,1,181,63,5,4,1,47,73,24,40,5,0,6,1,3,0,17,10,1,0,2,1,1,0,0,0,1,0,0,0,0,0,0,0,0,0,0,0,0,0,3,2,0,0,0,0,0,0,0,3,0,0,0,0,7,2,0,1,0,0,0,4,0,0,0,3,0
54 - Ρεθύμνης,151 E.T. Δήμου Ρεθύμνης,219,139,0,0,0,139,46,8,5,1,32,66,12,45,1,6,0,0,0,0,17,6,3,7,1,0,0,0,0,0,1,1,0,0,0,0,0,0,0,0,0,0,0,0,1,0,1,0,0,0,0,0,0,1,0,0,0,0,4,1,1,1,1,1,0,2,2,0,0,0,0
54 - Ρεθύμνης,152 E.T. Δήμου Ρεθύμνης,298,151,1,2,3,148,63,15,4,1,32,44,8,32,2,1,0,0,0,0,23,10,8,0,2,8,3,0,1,2,1,0,0,0,0,0,0,0,0,0,0,0,0,0,3,0,0,2,0,0,0,0,0,3,1,2,0,0,2,0,0,2,0,0,0,1,1,0,0,0,0
54 - Ρεθύμνης,153 E.T. Δήμου Ρεθύμνης,284,202,1,3,4,198,97,5,10,2,71,58,11,40,3,2,4,0,1,0,14,4,4,2,3,6,0,0,0,3,1,0,0,0,0,0,0,0,0,0,0,0,0,0,5,0,3,1,0,0,0,1,0,0,0,0,0,0,4,0,1,1,2,0,1,6,2,0,3,0,0
54 - Ρεθύμνης,154 E.T. Δήμου Ρεθύμνης,306,202,4,1,5,197,86,2,6,2,64,51,11,34,3,2,3,1,2,0,25,16,2,1,1,10,0,0,0,8,2,0,0,0,0,0,0,0,0,0,0,0,0,0,5,1,0,3,0,0,0,0,0,0,0,0,0,0,10,2,2,2,2,0,0,3,0,0,0,0,0
54 - Ρεθύμνης,155 E.T. Δήμου Ρεθύμνης,363,231,4,5,9,222,87,12,2,2,51,70,26,25,13,1,7,3,4,0,11,3,1,0,2,7,1,0,2,3,1,0,1,0,0,0,0,0,0,5,3,2,0,0,12,1,2,4,0,0,0,0,0,3,0,2,3,2,10,1,4,4,1,1,0,4,0,0,2,1,1
54 - Ρεθύμνης,156 E.T. Δήμου Ρεθύμνης,196,139,0,3,3,136,49,1,3,0,37,54,21,21,5,0,7,2,1,3,6,3,0,0,1,4,2,0,0,0,1,0,0,0,0,0,0,0,0,1,0,0,0,0,3,0,0,1,0,0,0,0,0,0,0,0,0,0,4,2,0,2,5,0,0,1,0,0,0,1,0
54 - Ρεθύμνης,157 E.T. Δήμου Ρεθύμνης,313,184,1,3,4,180,61,9,6,0,32,61,27,33,0,1,3,1,1,1,33,19,4,1,3,2,0,0,2,0,0,0,0,0,0,0,0,0,0,2,1,1,0,0,9,1,0,7,0,0,0,0,0,0,0,0,2,1,4,1,1,2,0,0,0,3,0,1,1,0,0
54 - Ρεθύμνης,158 E.T. Δήμου Ρεθύμνης,519,328,3,4,7,321,115,5,3,7,76,133,22,72,24,6,4,1,2,0,19,13,1,2,1,13,5,0,7,0,3,0,0,0,0,1,0,0,0,0,0,0,0,0,7,2,0,2,0,0,0,0,0,4,0,0,0,0,11,2,1,2,1,0,0,9,0,0,0,1,0
54 - Ρεθύμνης,159 E.T. Δήμου Ρεθύμνης,513,300,2,4,6,294,122,4,4,4,85,100,4,56,27,6,4,2,1,0,26,11,3,1,7,7,2,0,4,0,5,1,2,0,0,0,0,0,0,2,0,2,0,0,4,2,1,0,0,0,0,0,0,2,0,1,1,1,7,0,2,2,5,1,0,4,1,1,1,5,5
54 - Ρεθύμνης,160 E.T. Δήμου Ρεθύμνης,523,342,3,3,6,336,120,3,5,4,87,129,22,60,31,7,5,1,1,1,22,10,5,0,3,10,2,0,4,0,4,0,0,0,0,3,0,0,0,2,0,0,0,0,6,2,0,1,1,0,0,0,0,6,0,0,1,0,13,3,0,2,1,0,0,9,0,0,0,4,0
54 - Ρεθύμνης,161 E.T. Δήμου Ρεθύμνης,509,318,3,4,7,311,108,8,8,8,69,117,22,50,26,3,7,0,3,1,19,5,5,1,4,15,7,0,4,1,2,0,0,0,0,0,0,0,0,0,0,0,0,0,3,1,0,2,1,0,0,0,0,5,0,3,1,0,20,0,2,5,7,3,1,6,0,3,1,0,0
54 - Ρεθύμνης,162 E.T. Δήμου Ρεθύμνης,529,337,6,4,10,327,113,3,8,7,70,128,21,56,24,11,3,0,1,0,24,13,1,1,5,11,1,1,6,2,5,0,0,0,0,1,0,0,0,0,0,0,0,0,9,0,4,3,1,0,0,0,0,4,0,0,0,0,13,1,2,6,4,0,0,9,0,0,0,2,0
54 - Ρεθύμνης,163 E.T. Δήμου Ρεθύμνης,523,320,2,6,8,312,107,5,6,9,76,122,25,50,18,13,6,1,2,0,28,11,2,2,7,11,3,0,3,1,4,0,3,1,0,1,0,0,1,0,0,0,0,0,5,0,1,2,0,0,0,0,0,3,0,3,1,0,13,1,2,5,2,1,1,7,1,1,5,1,0
54 - Ρεθύμνης,164 E.T. Δήμου Ρεθύμνης,517,339,1,1,2,337,108,3,3,8,75,126,26,59,26,6,10,3,4,1,30,5,10,1,8,10,1,1,4,1,2,2,0,0,0,1,0,0,1,1,0,1,0,0,2,1,1,0,0,0,0,0,0,7,2,3,0,0,22,1,3,6,4,1,1,11,0,2,4,3,3
54 - Ρεθύμνης,165 E.T. Δήμου Ρεθύμνης,543,337,3,4,7,330,110,8,4,2,72,151,20,78,26,4,6,2,2,1,16,6,2,1,2,11,3,0,4,0,0,0,0,0,0,2,0,0,0,1,0,0,0,0,5,0,1,2,0,0,0,0,0,1,0,0,0,0,14,1,1,4,1,0,0,11,0,0,0,1,0
54 - Ρεθύμνης,166 E.T. Δήμου Ρεθύμνης,539,327,5,6,11,316,97,3,5,7,73,140,21,59,34,9,8,4,1,1,27,9,3,2,4,12,4,4,3,0,6,1,2,0,0,1,0,0,0,0,0,0,0,0,10,5,1,2,0,0,0,0,0,0,0,0,0,0,11,2,7,2,0,0,0,4,3,0,1,0,0
54 - Ρεθύμνης,167 E.T. Δήμου Ρεθύμνης,520,339,2,3,5,334,117,8,6,6,77,116,14,61,9,12,9,1,2,2,24,14,1,0,4,15,2,1,6,2,9,0,1,0,0,1,0,1,0,1,0,0,0,0,9,4,0,1,0,0,0,0,0,2,0,2,2,0,11,1,2,1,6,1,0,8,1,2,0,4,0
54 - Ρεθύμνης,168 E.T. Δήμου Ρεθύμνης,518,335,2,4,6,329,119,9,3,4,87,127,26,56,25,9,4,2,1,0,22,6,6,1,2,13,1,1,4,0,1,0,0,1,1,1,0,0,0,0,0,0,0,0,11,1,1,2,1,1,0,0,0,1,0,0,1,1,15,0,2,9,4,1,0,8,3,2,2,0,0
54 - Ρεθύμνης,169 E.T. Δήμου Ρεθύμνης,523,312,3,4,7,305,104,10,4,4,66,117,9,61,29,7,2,2,0,0,31,19,5,0,5,18,6,1,9,2,2,1,0,0,0,1,0,0,0,1,1,0,0,0,3,1,0,1,1,0,1,0,0,2,0,1,0,0,16,1,4,7,1,0,0,4,1,1,2,2,2
54 - Ρεθύμνης,170 E.T. Δήμου Ρεθύμνης,538,331,5,1,6,325,131,13,6,11,81,119,10,60,24,11,5,2,1,1,18,5,1,4,5,8,3,1,2,0,1,0,0,0,0,1,0,0,0,0,0,0,0,0,16,7,1,5,0,0,0,0,0,1,0,0,0,0,13,2,2,3,3,0,0,8,0,0,0,1,0
54 - Ρεθύμνης,171 E.T. Δήμου Ρεθύμνης,534,325,4,1,5,320,126,14,7,8,88,98,19,41,25,4,9,1,5,1,29,10,8,3,2,10,2,2,5,0,4,0,2,0,0,1,0,0,1,1,0,1,0,0,6,1,3,1,0,0,0,0,0,7,4,2,0,0,13,4,2,5,4,2,1,11,5,2,1,1,1
54 - Ρεθύμνης,172 E.T. Δήμου Ρεθύμνης,531,339,5,5,10,329,97,5,5,1,66,130,14,76,18,5,9,2,1,2,38,10,6,1,13,12,3,0,2,1,0,0,0,0,0,0,0,0,0,0,0,0,0,0,4,2,1,0,0,0,0,0,0,6,0,0,1,0,17,4,5,0,1,0,0,13,0,0,0,1,0
54 - Ρεθύμνης,173 E.T. Δήμου Ρεθύμνης,476,387,5,2,7,380,128,10,11,7,82,135,26,73,20,2,19,10,4,3,40,8,10,8,3,7,5,0,1,0,5,1,3,0,0,2,0,0,0,0,0,0,0,0,12,4,3,2,0,0,0,0,0,0,0,0,0,0,18,1,9,4,1,1,0,12,5,2,5,1,1
54 - Ρεθύμνης,174 E.T. Δήμου Ρεθύμνης,476,374,3,1,4,370,129,4,4,5,88,135,15,74,18,10,13,4,4,2,34,9,0,4,8,11,2,1,1,2,4,1,1,0,0,0,0,0,0,1,0,1,0,0,7,2,0,0,2,1,0,0,0,4,1,1,1,0,11,1,2,2,7,3,2,8,1,2,2,3,3
54 - Ρεθύμνης,175 E.T. Δήμου Ρεθύμνης,548,340,2,3,5,335,128,7,9,5,90,111,15,51,29,5,4,2,2,0,42,22,7,5,3,10,4,0,2,1,3,1,0,0,0,1,0,0,0,1,0,1,0,0,6,2,1,1,0,0,0,0,0,1,0,1,0,0,17,3,3,6,2,2,0,6,1,1,3,3,3
54 - Ρεθύμνης,176 E.T. Δήμου Ρεθύμνης,544,339,2,2,4,335,127,6,3,7,92,118,13,58,27,6,6,2,0,2,32,11,6,1,5,12,4,1,1,3,2,1,1,0,0,1,0,0,0,0,0,0,0,0,9,0,1,4,0,0,0,0,0,0,0,0,0,0,12,4,0,1,1,0,0,12,3,1,6,3,1
54 - Ρεθύμνης,177 E.T. Δήμου Ρεθύμνης,551,343,6,1,7,336,105,7,3,4,79,139,16,67,32,16,7,2,2,2,25,8,4,2,5,6,1,1,2,0,5,0,3,1,1,0,0,0,0,0,0,0,0,0,13,3,2,6,0,0,0,0,0,2,1,0,1,1,22,5,3,12,4,2,0,6,1,3,1,0,0
54 - Ρεθύμνης,178 E.T. Δήμου Ρεθύμνης,539,308,4,2,6,302,120,2,5,7,90,94,13,48,22,3,1,0,1,0,27,10,4,0,8,12,3,1,3,1,4,0,1,0,0,1,0,0,0,0,0,0,0,0,10,3,2,2,1,1,0,0,0,2,2,0,1,1,17,3,1,5,4,0,1,3,1,1,0,5,0
54 - Ρεθύμνης,179 E.T. Δήμου Ρεθύμνης,516,322,20,4,24,298,98,3,4,3,74,127,21,67,21,7,5,1,1,0,15,7,1,1,1,9,1,1,3,0,7,1,2,0,0,1,0,1,0,0,0,0,0,0,6,1,0,2,0,0,0,0,0,2,1,0,0,0,14,4,2,2,5,3,0,8,0,2,4,1,1
54 - Ρεθύμνης,180 E.T. Δήμου Ρεθύμνης,530,319,1,4,5,314,89,7,4,7,67,129,12,66,36,8,7,2,2,0,25,10,0,4,7,15,3,0,6,4,0,0,0,0,0,1,0,0,1,1,0,1,0,0,6,1,2,2,0,0,0,0,0,3,0,3,1,1,14,3,4,1,4,4,0,16,4,5,5,3,3
54 - Ρεθύμνης,181 E.T. Δήμου Ρεθύμνης,310,214,4,4,8,206,65,8,2,2,37,76,12,42,9,11,13,4,3,1,11,7,1,0,1,6,3,0,0,0,4,0,0,0,0,0,0,0,0,0,0,0,0,0,7,3,1,1,0,0,0,0,0,2,0,1,0,0,10,0,2,4,2,0,0,9,1,2,3,1,0
54 - Ρεθύμνης,182 E.T. Δήμου Ρεθύμνης,537,375,5,3,8,367,167,16,9,12,115,97,15,44,15,8,7,1,3,0,35,15,5,1,7,7,1,0,0,1,2,0,0,0,0,0,0,0,0,1,0,0,0,0,15,4,1,5,0,0,0,0,0,4,0,0,2,0,17,3,6,4,2,0,0,10,0,0,0,1,0
54 - Ρεθύμνης,183 E.T. Δήμου Ρεθύμνης,522,351,4,3,7,344,131,7,8,3,93,129,27,61,23,11,4,0,3,0,20,9,3,0,1,12,6,1,1,3,2,1,0,0,0,0,0,0,0,0,0,0,0,0,12,4,0,2,1,1,0,0,0,6,3,3,1,0,12,3,2,5,2,2,0,9,3,0,1,3,2
54 - Ρεθύμνης,184 E.T. Δήμου Ρεθύμνης,551,348,9,5,14,334,114,8,7,4,80,119,21,62,22,7,7,2,0,2,27,15,1,0,6,16,3,2,6,2,8,3,3,0,0,0,0,0,0,2,0,0,1,1,11,1,1,5,1,0,1,0,0,2,0,0,1,1,16,3,6,3,1,1,0,9,2,2,5,0,0
54 - Ρεθύμνης,185 E.T. Δήμου Ρεθύμνης,509,338,2,2,4,334,126,11,5,8,93,125,20,54,24,12,7,2,2,1,18,8,3,1,6,11,3,1,2,2,0,0,0,1,1,0,0,0,0,2,0,0,0,2,13,5,2,2,0,0,0,0,0,1,0,0,1,1,15,4,2,6,4,2,1,7,2,1,2,3,3
54 - Ρεθύμνης,186 E.T. Δήμου Ρεθύμνης,513,349,4,1,5,344,112,10,3,9,79,138,17,66,31,10,3,2,1,0,21,7,3,0,4,11,2,1,3,4,0,0,0,0,0,2,0,1,1,0,0,0,0,0,15,4,2,7,1,0,0,0,0,3,0,1,2,2,15,0,4,5,10,7,1,11,4,1,2,0,0
54 - Ρεθύμνης,187 E.T. Δήμου Ρεθύμνης,507,336,7,1,8,328,122,10,3,4,83,120,27,50,16,13,2,2,0,0,24,8,0,3,4,12,3,3,0,1,2,0,0,0,0,1,0,0,0,0,0,0,0,0,12,3,2,2,0,0,0,0,0,2,1,1,0,0,10,1,1,4,4,1,2,14,2,2,7,3,3
54 - Ρεθύμνης,188 E.T. Δήμου Ρεθύμνης,518,327,3,7,10,317,119,8,5,10,81,107,14,57,14,9,7,0,5,1,20,6,3,4,2,12,7,0,1,1,4,0,0,0,0,1,0,0,0,5,0,0,0,0,6,1,2,1,0,0,0,0,0,1,0,0,2,0,14,4,2,4,2,0,0,16,0,0,0,1,0
54 - Ρεθύμνης,189 E.T. Δήμου Ρεθύμνης,506,322,5,1,6,316,112,4,8,6,77,113,22,58,18,2,13,3,6,1,22,7,6,1,5,13,1,0,3,6,2,2,0,1,1,0,0,0,0,1,0,0,1,0,5,0,0,3,0,0,0,1,0,1,1,0,1,0,10,2,3,1,11,6,3,7,1,1,2,3,3
54 - Ρεθύμνης,190 E.T. Δήμου Ρεθύμνης,516,320,5,2,7,313,113,4,6,8,78,123,16,56,23,10,8,1,4,1,14,5,5,1,1,8,5,1,0,0,1,0,0,0,0,1,0,0,0,1,0,0,0,0,8,1,2,2,0,0,0,0,0,3,0,0,1,0,13,4,1,2,4,0,0,12,0,0,0,3,0
54 - Ρεθύμνης,191 E.T. Δήμου Ρεθύμνης,518,361,1,5,6,355,120,8,5,10,86,114,17,55,24,6,4,0,2,0,38,15,7,1,5,14,0,1,7,2,6,2,1,0,0,1,0,0,1,2,0,0,0,2,14,3,4,2,0,0,0,1,1,3,2,1,2,1,17,2,3,5,2,1,0,17,3,4,5,0,0
54 - Ρεθύμνης,192 E.T. Δήμου Ρεθύμνης,539,370,3,4,7,363,168,6,9,11,120,103,12,48,24,8,8,5,1,1,35,14,6,2,8,11,0,1,5,1,4,0,0,0,0,1,0,0,0,1,0,0,0,0,5,2,0,1,0,0,0,0,0,2,0,0,2,0,10,0,3,2,4,0,0,9,0,0,0,0,0
54 - Ρεθύμνης,193 E.T. Δήμου Ρεθύμνης,542,369,4,5,9,360,125,10,9,9,82,138,12,70,33,9,11,1,7,0,32,13,4,0,5,11,2,3,1,1,4,2,0,0,0,2,0,0,0,2,0,0,0,1,7,1,1,2,0,0,0,0,0,3,0,1,0,0,17,2,2,8,1,0,1,7,1,3,1,0,0
54 - Ρεθύμνης,194 E.T. Δήμου Ρεθύμνης,538,334,4,2,6,328,126,10,4,0,86,93,18,40,14,13,7,2,1,1,32,12,3,3,7,14,3,2,2,2,5,1,2,0,0,0,0,0,0,4,0,1,2,0,8,0,1,4,1,0,1,0,0,5,3,1,0,0,11,0,2,3,1,0,0,20,3,2,8,1,1
54 - Ρεθύμνης,195 E.T. Δήμου Ρεθύμνης,546,364,11,4,15,349,128,7,9,7,90,113,10,61,23,9,8,1,5,1,26,14,3,0,8,14,4,1,5,1,3,1,1,0,0,2,0,0,0,6,0,2,2,2,9,4,2,2,1,0,1,0,0,6,4,1,0,0,17,6,1,5,3,2,0,12,2,4,2,1,1
54 - Ρεθύμνης,196 E.T. Δήμου Ρεθύμνης,443,283,4,4,8,275,100,11,4,4,65,112,22,47,29,2,3,1,2,0,28,10,5,0,8,5,1,1,1,0,3,1,0,0,0,1,0,0,0,2,1,0,0,1,1,0,0,1,0,0,0,0,0,0,0,0,0,0,8,1,0,1,2,2,0,8,0,1,2,2,2
54 - Ρεθύμνης,197 E.T. Δήμου Ρεθύμνης,401,247,1,0,1,246,115,12,10,5,77,77,7,30,36,4,3,1,1,0,15,4,4,0,2,3,2,1,0,0,2,1,1,0,0,0,0,0,0,2,1,1,0,0,8,5,0,2,0,0,0,0,0,1,1,0,0,0,8,0,3,3,5,4,1,5,2,1,2,2,1
54 - Ρεθύμνης,198 E.T. Δήμου Ρεθύμνης,426,279,3,5,8,271,114,14,5,3,76,70,4,36,14,5,10,1,2,3,18,7,4,2,0,15,1,4,6,1,3,2,1,0,0,0,0,0,0,0,0,0,0,0,7,4,3,0,0,0,0,1,0,1,0,1,0,0,17,0,3,4,4,2,0,8,4,2,0,3,3
54 - Ρεθύμνης,199 E.T. Δήμου Ρεθύμνης,375,272,1,3,4,268,107,8,2,2,81,71,13,44,14,0,6,1,2,0,48,39,1,0,3,14,5,0,3,2,2,2,0,0,0,0,0,0,0,0,0,0,0,0,0,0,0,0,0,0,0,0,0,2,1,1,0,0,9,0,2,2,4,3,0,4,1,1,1,1,1
54 - Ρεθύμνης,200 E.T. Δήμου Ρεθύμνης,398,273,2,1,3,270,74,12,4,4,47,84,11,55,13,0,12,3,3,2,47,41,0,0,1,16,1,1,6,5,6,2,2,0,0,0,0,0,0,0,0,0,0,0,7,3,0,1,0,0,0,0,0,4,2,0,0,0,8,3,0,1,4,2,1,7,5,0,2,1,1
54 - Ρεθύμνης,201 E.T. Δήμου Ρεθύμνης,198,120,2,2,4,116,52,19,2,0,17,30,8,19,2,0,4,1,1,0,12,3,2,2,0,5,0,1,4,0,0,0,0,0,0,0,0,0,0,1,0,0,0,0,6,1,0,3,0,0,0,0,0,0,0,0,0,0,4,0,1,0,0,0,0,1,0,0,1,1,0
54 - Ρεθύμνης,202 E.T. Δήμου Ρεθύμνης,285,185,3,3,6,179,61,2,4,4,39,66,21,33,6,1,2,0,0,1,20,7,4,0,3,5,1,0,3,0,0,0,0,1,0,1,0,0,0,1,0,0,0,0,7,2,0,1,1,0,0,0,0,2,0,0,0,0,9,0,1,4,0,0,0,2,0,0,0,1,0
54 - Ρεθύμνης,203 E.T. Δήμου Ρεθύμνης,128,86,0,0,0,86,36,6,3,2,20,29,6,13,1,6,2,0,1,0,3,0,0,1,1,2,1,0,0,0,3,1,1,0,0,0,0,0,0,0,0,0,0,0,5,0,1,4,0,0,0,0,0,1,0,0,0,0,1,0,0,1,0,0,0,4,0,1,1,0,0
54 - Ρεθύμνης,204 E.T. Δήμου Ρεθύμνης,213,157,1,3,4,153,39,7,0,2,26,53,9,27,14,1,10,2,2,1,36,30,2,1,0,2,0,1,0,0,2,0,0,0,0,0,0,0,0,0,0,0,0,0,0,0,0,0,0,0,0,0,0,3,0,0,0,0,5,2,0,2,0,0,0,3,0,0,0,0,0
54 - Ρεθύμνης,205 E.T. Δήμου Ρεθύμνης,346,228,2,4,6,222,94,10,4,7,59,61,11,36,5,1,6,2,1,1,25,13,6,1,0,10,4,0,2,2,4,1,0,0,0,0,0,0,0,1,0,1,0,0,5,1,1,1,0,0,0,0,0,1,1,0,0,0,6,1,1,2,1,1,0,8,2,2,1,0,0
54 - Ρεθύμνης,206 E.T. Δήμου Ρεθύμνης,98,62,0,0,0,62,28,3,0,2,20,22,8,10,3,1,0,0,0,0,6,4,1,0,1,2,1,0,1,0,0,0,0,0,0,1,0,0,0,0,0,0,0,0,0,0,0,0,0,0,0,0,0,0,0,0,0,0,3,0,0,3,0,0,0,0,0,0,0,0,0
54 - Ρεθύμνης,207 E.T. Δήμου Ρεθύμνης,179,127,2,0,2,125,42,3,1,0,29,43,5,33,1,1,1,0,1,0,21,6,14,1,0,2,0,1,1,0,0,0,0,0,0,0,0,0,0,1,0,0,0,0,4,2,0,0,0,0,0,0,0,0,0,0,1,0,2,1,0,0,0,0,0,5,4,0,1,3,2
54 - Ρεθύμνης,208 E.T. Δήμου Ρεθύμνης,386,271,3,8,11,260,104,4,7,8,64,68,14,29,13,8,5,1,0,0,23,0,8,2,1,23,7,1,7,0,4,0,0,0,0,1,0,0,0,1,0,0,0,0,9,1,2,1,0,0,0,1,0,0,0,0,1,0,14,3,2,2,0,0,0,4,0,0,0,2,0
54 - Ρεθύμνης,209 E.T. Δήμου Ρεθύμνης,298,208,1,0,1,207,89,13,2,6,63,59,11,33,11,0,4,1,3,0,22,7,10,0,2,12,1,1,4,1,1,1,0,0,0,0,0,0,0,0,0,0,0,0,3,1,0,0,1,1,0,0,0,8,2,3,1,1,4,1,2,0,1,1,0,2,0,1,0,0,0
54 - Ρεθύμνης,210 E.T. Δήμου Ρεθύμνης,388,205,0,1,1,204,91,5,5,2,64,60,8,42,4,2,8,5,0,2,28,9,3,2,2,2,0,1,1,0,0,0,0,0,0,0,0,0,0,0,0,0,0,0,3,1,1,1,1,0,0,0,0,1,0,0,1,0,6,0,4,0,0,0,0,3,0,2,0,0,0
54 - Ρεθύμνης,Ετερ. Ρεθύμνης (από Εφετείο Θεσσαλονίκης),101,73,0,1,1,72,18,3,0,0,11,33,2,21,3,2,1,0,0,0,7,1,2,1,0,5,1,0,0,1,1,0,0,0,0,0,0,0,0,0,0,0,0,0,1,0,0,1,0,0,0,0,0,0,0,0,0,0,2,1,0,1,4,0,0,0,0,0,0,0,0
54 - Ρεθύμνης,Ετερ. Ρεθύμνης (από 125ο Ε.Τ. Νομ. Αττικής-Αθηνών),451,297,3,1,4,293,64,5,2,3,49,121,15,76,8,9,4,2,0,1,42,12,6,2,17,26,2,2,4,8,3,0,0,0,0,2,0,0,0,0,0,0,0,0,9,4,0,4,0,0,0,1,0,1,0,0,0,0,12,3,3,2,1,0,0,7,0,0,0,0,0
54 - Ρεθύμνης,Ετερ. Ρεθύμνης (από 126ο Ε.Τ. Νομ. Αττικής-Αθηνών),459,308,6,3,9,299,92,8,8,5,60,110,19,70,6,8,3,2,0,1,47,9,9,2,20,14,1,4,3,1,5,0,0,0,0,0,0,0,0,0,0,0,0,0,7,3,0,4,1,0,0,0,0,3,0,0,0,0,7,4,1,1,2,0,0,8,0,0,0,0,0
54 - Ρεθύμνης,Ετερ. Ρεθύμνης (από 127ο Ε.Τ. Νομ. Αττικής-Αθηνών),455,307,3,2,5,302,100,8,9,4,63,126,17,70,11,6,2,1,0,1,30,4,8,2,7,17,2,2,7,1,2,0,0,0,0,2,0,0,0,0,0,0,0,0,2,0,2,0,0,0,0,0,0,1,0,0,1,0,13,5,0,3,1,0,0,5,0,0,0,0,0
54 - Ρεθύμνης,Ετερ. Ρεθύμνης (από 23ο Ε.Τ. Νομ. Αττικής-Πειραιώς),111,62,0,0,0,62,16,1,1,1,10,24,2,12,7,0,1,0,0,0,9,3,1,1,4,5,0,1,1,0,2,0,0,0,0,1,0,0,0,0,0,0,0,0,0,0,0,0,0,0,0,0,0,0,0,0,0,0,4,0,1,0,0,0,0,0,0,0,0,0,0
54 - Ρεθύμνης,Ετερ. Ρεθύμνης (από Εφετείο Ανατολικής Κρήτης),53,29,0,0,0,29,10,0,1,2,7,14,1,13,0,0,0,0,0,0,4,1,0,0,0,1,0,0,0,0,0,0,0,0,0,0,0,0,0,0,0,0,0,0,0,0,0,0,0,0,0,0,0,0,0,0,0,0,0,0,0,0,0,0,0,0,0,0,0,0,0
Σύνολο,,72485,47414,491,365,856,46558,17223,3189,897,711,10041,17018,2766,9782,2264,930,799,226,220,117,4571,1565,738,440,934,1552,413,146,394,216,380,40,41,10,4,107,2,5,8,179,19,43,6,14,1070,282,125,329,46,5,7,29,1,301,39,46,71,15,1590,377,273,382,343,75,25,1050,92,89,120,219,65
