ΠΕΡΙΦΕΡΕΙΑ,ΕΚΛΟΓΙΚΟ ΤΜΗΜΑ,ΕΓΓΕΓΡΑΜΜΕΝΟΙ,ΨΗΦΙΣΑΝΤΕΣ,ΑΚΥΡΑ,ΛΕΥΚΑ,ΑΚΥΡΑ & ΛΕΥΚΑ,ΕΓΚΥΡΑ,ΣΥΡΙΖΑ,ΓΑΓΛΙΑ ΕΙΡΗΝΗ του Νικολάου,ΚΑΚΛΑΜΑΝΗΣ ΝΙΚΟΛΑΟΣ του Σταματίου,ΜΠΕΛΑΒΙΛΑΣ ΝΙΚΟΛΑΟΣ του Γεωργίου,Νέα Δημοκρατία,ΚΑΡΑΓΙΑΝΝΗ ΙΩΑΝΝΑ του Κωνσταντίνου,ΣΤΕΦΑΝΑΔΗΣ ΧΡΙΣΤΟΔΟΥΛΟΣ του Ισίδωρου,ΣΤΕΦΑΝΗΣ ΝΙΚΟΛΑΟΣ του Αριστόδημου,Λαϊκός Σύνδεσμος - Χρυσή Αυγή,ΖΑΒΙΤΣΑΝΟΣ ΒΑΣΙΛΕΙΟΣ του Ζώη,Κίνημα Αλλαγής,ΒΟΥΛΓΑΡΗ ΝΙΚΗ του Ευαγγέλου,ΓΑΪΤΑΝΗΣ ΓΕΩΡΓΙΟΣ του Αβέρκιου,ΚΟΥΜΑΣ ΕΛΕΥΘΕΡΙΟΣ του Χριστόδουλου,Κ.Κ.Ε.,ΒΡΥΝΙΩΤΗ ΒΑΣΙΛΙΚΗ του Ανδρέα,ΚΑΡΟΥΤΣΟΣ ΦΑΝΟΥΡΙΟΣ του Θεοδώρου,ΠΕΡΡΟΣ ΓΕΩΡΓΙΟΣ του Εμμανουήλ,Ένωση Κεντρώων,ΜΑΣΤΡΑΠΑ ΑΓΑΘΗ του Αθανασίου,ΠΑΛΤΑΟΓΛΟΥ ΧΑΡΑΛΑΜΠΟΣ του Δημητρίου,Ο.Κ.Δ.Ε.,ΛΑΓΟΣ ΝΙΚΟΛΑΟΣ του Χρήστου,ΑΝΤ.ΑΡ.ΣΥ.Α.,ΚΛΟΥΚΙΩΤΗΣ ΚΩΝΣΤΑΝΤΙΝΟΣ του Ευάγγελου,Ελλήνων Συνέλευσις,ΔΟΜΑΝΗ ΕΥΔΟΚΙΑ του Αριστείδη - Ευάγγελου,ΣΤΑΜΑΤΑΚΗΣ ΣΤΥΛΙΑΝΟΣ του Κωνσταντίνου,ΤΣΟΥΝΟΣ ΙΩΑΝΝΗΣ του Γεωργίου,Ελληνική Λύση - Κ. Βελόπουλος,ΚΑΛΙΑΝΙΩΤΗ ΒΑΣΙΛΙΚΗ του Σπυρίδωνος,ΚΟΥΤΖΑΣ ΑΝΔΡΕΑΣ του Νικολάου,Κ.Κ.Ε. (μ-λ),ΚΕΛΕΣΙΔΗΣ ΙΩΑΝΝΗΣ του Σταύρου,ΝΙΚΟΛΑΟΥ ΕΜΜΑΝΟΥΗΛ του Γεωργίου,ΠΑΠΑΚΩΣΤΑ ΜΥΡΤΩ του Μιχαήλ,Μ-Λ Κ.Κ.Ε.,ΠΕΤΡΑΚΗΣ ΚΩΝΣΤΑΝΤΙΝΟΣ του Βασιλείου,Ε.ΠΑ.Μ - Α.Κ.Κ.ΕΛ,ΟΡΦΑΝΙΔΗΣ ΓΕΩΡΓΙΟΣ του Παντελή,Λαϊκή Ενότητα,ΚΡΑΤΣΑ ΕΥΓΕΝΙΑ του Δημητρίου,ΜΠΟΥΣΟΥΛΑΣ ΖΑΧΑΡΙΑΣ του Θεοδώρου,ΣΤΑΘΑΚΟΠΟΥΛΟΥ - ΣΤΑΘΑΚΙΟΥ ΕΥΓΕΝΙΑ του Κωνσταντίνου,ΜέΡΑ25,ΑΝΔΡΕΟΥ ΣΤΥΛΙΑΝΟΣ του Δημητρίου,Δημιουργία ξανά - Θ. Τζήμερος,ΤΡΥΠΑΚΗΣ ΑΝΑΣΤΑΣΙΟΣ του Εμμανουήλ,Πλεύση Ελευθερίας - Ζωή Κωνστ.,ΞΕΝΑΡΙΟΥ ΑΙΚΑΤΕΡΙΝΗ του Εμμανουήλ
50 - Σάμου,1 E.T. Δήμου Ικαρίας,389,295,11,4,15,280,98,48,15,9,81,16,38,9,12,6,13,6,3,0,39,2,19,5,6,2,0,1,0,1,0,0,0,0,0,9,3,1,0,0,0,0,1,0,1,1,2,0,0,0,9,5,2,2,5,2
50 - Σάμου,2 E.T. Δήμου Ικαρίας,475,258,8,0,8,250,89,53,7,8,59,8,42,1,8,6,10,5,1,0,52,2,32,8,3,0,0,0,0,1,0,0,0,0,0,14,6,4,1,0,1,0,2,1,1,1,1,1,0,0,4,3,2,1,3,3
50 - Σάμου,3 E.T. Δήμου Ικαρίας,499,246,5,1,6,240,75,41,7,6,78,9,61,5,1,0,5,4,0,1,56,1,32,11,2,1,0,0,0,1,0,0,0,0,0,10,4,3,0,0,0,0,0,0,0,0,2,1,0,0,7,0,0,0,3,1
50 - Σάμου,4 E.T. Δήμου Ικαρίας,490,227,3,0,3,224,82,43,5,6,50,10,29,1,4,0,9,2,1,0,55,1,33,9,4,0,0,0,0,1,0,1,0,0,1,4,1,1,2,0,0,0,2,1,1,0,1,1,0,0,4,0,0,0,4,1
50 - Σάμου,5 E.T. Δήμου Ικαρίας,495,232,0,1,1,231,80,47,7,6,56,6,47,0,7,6,14,8,0,3,57,1,27,4,2,1,0,0,0,1,0,0,0,0,0,5,1,0,0,0,0,0,2,0,0,0,0,0,0,0,3,1,1,0,3,1
50 - Σάμου,6 E.T. Δήμου Ικαρίας,499,241,5,1,6,235,74,40,3,5,77,10,52,3,3,0,6,3,0,0,53,1,28,9,0,0,0,0,0,1,0,0,0,0,0,5,2,1,1,0,0,0,2,2,1,1,0,0,0,0,2,0,0,0,10,5
50 - Σάμου,7 E.T. Δήμου Ικαρίας,498,212,3,3,6,206,73,43,7,4,62,9,45,2,0,0,19,7,1,0,43,2,26,6,1,0,0,0,0,0,0,0,0,0,0,0,0,0,0,0,0,0,0,0,0,0,0,0,0,0,6,3,0,0,2,0
50 - Σάμου,8 E.T. Δήμου Ικαρίας,337,122,0,1,1,121,43,23,2,6,20,1,2,5,0,0,5,2,0,0,35,0,22,0,1,0,1,0,0,1,0,1,0,0,1,6,2,0,0,0,0,0,1,0,0,0,0,0,0,0,6,3,0,0,2,1
50 - Σάμου,9 E.T. Δήμου Ικαρίας,425,170,0,1,1,169,67,28,6,9,36,4,17,10,0,0,3,0,1,0,50,2,32,7,0,0,0,0,0,2,1,0,0,0,0,2,0,0,0,0,0,0,1,1,0,0,1,0,0,0,5,2,0,0,2,1
50 - Σάμου,10 E.T. Δήμου Ικαρίας,501,215,2,0,2,213,81,61,1,2,55,2,40,3,1,0,9,5,1,1,57,2,32,12,2,0,0,1,0,0,0,1,0,0,1,1,1,0,1,0,0,0,2,1,0,0,0,0,0,0,1,1,0,0,1,0
50 - Σάμου,11 E.T. Δήμου Ικαρίας,238,122,3,1,4,118,23,0,17,1,12,4,7,0,0,0,0,0,0,0,58,0,37,13,0,0,0,0,0,1,0,16,0,0,16,0,0,0,0,0,0,0,0,0,0,0,1,1,0,0,3,0,0,0,4,2
50 - Σάμου,12 E.T. Δήμου Ικαρίας,360,206,2,2,4,202,68,47,1,1,36,2,28,0,0,0,7,3,1,0,64,0,49,5,3,1,0,0,0,0,0,1,0,0,1,7,2,1,1,0,0,0,2,0,1,0,1,0,0,0,3,0,0,0,8,3
50 - Σάμου,13 E.T. Δήμου Ικαρίας,425,244,0,3,3,241,104,66,8,2,33,0,29,1,4,2,13,4,0,2,70,3,56,2,1,0,0,0,0,1,1,1,0,0,1,7,4,0,0,0,0,0,1,0,1,0,1,0,0,0,3,1,0,0,1,0
50 - Σάμου,14 E.T. Δήμου Ικαρίας,496,288,3,2,5,283,105,58,6,21,64,4,57,0,2,1,10,6,2,1,77,3,48,10,0,0,0,1,0,3,1,2,0,0,2,3,1,1,2,1,1,0,0,0,0,0,0,0,0,0,7,3,0,0,7,5
50 - Σάμου,15 E.T. Δήμου Ικαρίας,405,242,2,4,6,236,95,54,2,17,49,1,43,1,8,4,16,10,1,0,46,4,35,4,2,0,1,0,0,2,0,4,0,0,4,1,0,1,0,0,0,0,0,0,0,0,0,0,0,0,9,4,0,0,4,2
50 - Σάμου,16 E.T. Δήμου Ικαρίας,309,184,2,0,2,182,52,24,4,1,20,5,11,1,1,1,7,5,0,0,79,2,56,4,2,1,0,0,0,1,0,1,0,0,1,5,3,1,1,0,1,0,3,1,0,0,1,0,0,0,9,6,0,0,0,0
50 - Σάμου,17 E.T. Δήμου Ικαρίας,417,229,2,0,2,227,61,32,3,3,14,0,11,1,2,0,18,12,1,1,108,4,84,2,1,1,0,0,0,1,0,2,0,0,2,3,2,0,0,0,0,0,4,2,0,0,1,0,0,0,10,2,0,0,2,1
50 - Σάμου,18 E.T. Δήμου Ικαρίας,322,143,5,1,6,137,55,41,3,3,24,6,13,0,4,4,12,6,2,3,26,0,19,6,2,1,1,0,0,0,0,0,0,0,0,6,6,0,1,0,1,0,0,0,1,0,1,1,0,0,1,0,0,0,4,3
50 - Σάμου,19 E.T. Δήμου Ικαρίας,343,201,4,3,7,194,46,32,1,2,20,0,17,0,1,0,13,3,0,4,101,2,88,2,0,0,0,0,0,2,0,1,0,0,1,2,1,0,0,0,0,0,0,0,0,0,0,0,0,0,2,0,1,0,5,2
50 - Σάμου,20 E.T. Δήμου Ικαρίας,397,244,2,2,4,240,82,49,1,1,19,2,10,2,2,1,5,2,0,0,103,2,82,3,0,0,0,0,0,3,3,1,0,0,1,9,2,3,0,0,0,0,0,0,1,0,0,0,0,0,7,4,0,0,8,4
50 - Σάμου,21 E.T. Δήμου Ικαρίας,513,294,1,3,4,290,110,69,5,3,48,8,25,2,2,0,9,1,1,0,77,1,59,6,1,0,1,0,0,5,3,1,0,0,0,6,2,3,0,0,0,0,0,0,0,0,8,6,0,0,14,5,0,0,9,2
50 - Σάμου,22 E.T. Δήμου Ικαρίας,527,305,8,0,8,297,117,69,5,11,38,3,26,2,2,1,7,4,0,1,96,2,62,3,1,0,0,0,0,2,0,1,0,0,1,12,4,5,0,0,0,0,0,0,1,0,4,2,1,0,11,2,2,1,3,1
50 - Σάμου,23 E.T. Δήμου Ικαρίας,505,291,3,0,3,288,128,81,9,5,38,5,28,2,5,4,1,0,0,0,87,2,47,9,1,0,1,0,0,1,0,0,0,0,0,1,0,0,0,0,0,0,0,0,1,0,2,2,0,0,15,7,2,0,6,2
50 - Σάμου,24 E.T. Δήμου Ικαρίας,401,262,5,3,8,254,55,34,2,2,65,13,49,1,11,2,7,2,2,1,91,2,77,0,0,0,0,0,0,1,0,4,0,0,4,4,1,1,0,0,0,0,0,0,0,0,0,0,0,0,9,4,1,1,6,1
50 - Σάμου,25 E.T. Δήμου Ικαρίας,457,291,0,1,1,290,100,78,2,2,50,15,34,0,3,1,3,3,0,0,109,2,79,8,1,1,0,0,0,3,1,0,0,0,0,2,1,0,0,0,0,0,0,0,1,0,3,1,0,0,7,7,0,0,8,7
50 - Σάμου,26 E.T. Δήμου Ικαρίας,481,271,4,0,4,267,114,73,7,7,33,5,18,1,6,3,5,2,0,1,99,3,81,4,0,0,0,0,0,1,0,0,0,0,0,4,1,1,0,0,0,0,1,0,1,1,0,0,0,0,2,0,0,0,1,0
50 - Σάμου,27 E.T. Δήμου Φούρνων Κορσεών,391,214,2,2,4,210,45,25,6,6,66,32,20,11,5,3,26,26,0,0,52,31,14,6,1,0,1,1,0,1,1,0,0,0,0,5,2,2,0,0,0,0,0,0,0,0,0,0,0,0,4,3,0,0,4,4
50 - Σάμου,28 E.T. Δήμου Φούρνων Κορσεών,459,233,0,2,2,231,22,11,4,4,96,44,0,14,2,2,52,45,0,0,52,31,9,8,0,0,0,0,0,0,0,0,0,0,0,1,0,1,0,0,0,0,0,0,0,0,1,0,0,0,4,2,0,0,1,0
50 - Σάμου,29 E.T. Δήμου Φούρνων Κορσεών,473,221,7,1,8,213,25,14,5,3,82,34,42,4,2,1,53,50,1,0,46,22,17,5,0,0,0,0,0,0,0,1,0,0,0,2,1,0,0,0,0,0,0,0,0,0,0,0,0,0,1,0,0,0,1,0
50 - Σάμου,30 E.T. Δήμου Φούρνων Κορσεών,191,87,2,0,2,85,13,9,2,0,26,9,16,0,0,0,38,29,0,0,8,6,0,1,0,0,0,0,0,0,0,0,0,0,0,0,0,0,0,0,0,0,0,0,0,0,0,0,0,0,0,0,0,0,0,0
50 - Σάμου,31 E.T. Δήμου Φούρνων Κορσεών,164,87,2,0,2,85,21,8,2,0,16,11,4,0,1,1,25,23,0,0,18,14,3,0,0,0,0,0,0,0,0,0,0,0,0,0,0,0,0,0,0,0,0,0,0,0,0,0,0,0,2,0,0,0,2,1
50 - Σάμου,32 E.T. Δήμου Ανατολικής Σάμου,489,197,4,1,5,192,51,5,18,13,73,8,34,27,17,9,5,0,0,0,20,4,2,3,1,0,1,0,0,0,0,2,1,1,0,6,0,2,0,0,0,0,0,0,1,0,1,1,0,0,6,3,2,1,7,2
50 - Σάμου,33 E.T. Δήμου Ανατολικής Σάμου,506,220,4,0,4,216,59,4,27,11,83,12,41,25,5,4,18,2,5,6,18,6,2,1,7,4,0,0,0,0,0,2,2,0,0,7,2,5,0,0,0,0,0,0,1,1,1,1,0,0,8,4,1,0,6,3
50 - Σάμου,34 E.T. Δήμου Ανατολικής Σάμου,464,218,6,6,12,206,42,5,13,8,79,20,31,23,22,13,22,2,7,7,12,5,1,3,4,0,2,0,0,0,0,4,1,1,1,7,2,2,0,0,0,0,0,0,2,1,2,1,0,0,8,5,0,0,2,1
50 - Σάμου,35 E.T. Δήμου Ανατολικής Σάμου,417,262,10,2,12,250,80,11,31,12,87,24,34,22,11,8,16,6,3,4,17,6,3,2,2,0,0,0,0,3,1,1,0,1,0,11,5,3,0,0,0,0,0,0,3,1,1,0,0,0,7,1,0,0,11,7
50 - Σάμου,36 E.T. Δήμου Ανατολικής Σάμου,485,208,7,3,10,198,70,11,39,8,60,10,34,12,9,3,16,3,1,6,16,10,0,2,3,2,0,0,0,1,1,0,0,0,0,7,1,1,0,0,0,0,0,0,0,0,0,0,0,0,7,6,3,2,6,3
50 - Σάμου,37 E.T. Δήμου Ανατολικής Σάμου,501,215,4,3,7,208,56,10,20,8,73,16,33,19,7,2,22,2,4,8,14,5,0,6,5,3,0,0,0,0,0,1,0,1,0,12,2,5,0,0,0,0,0,0,1,0,0,0,0,0,12,2,0,0,5,0
50 - Σάμου,38 E.T. Δήμου Ανατολικής Σάμου,500,197,3,1,4,193,55,11,18,9,68,9,29,22,8,2,16,2,1,10,8,2,0,1,5,1,0,0,0,1,0,1,1,0,0,15,4,6,0,0,0,0,1,1,3,2,0,0,0,0,8,3,1,0,3,2
50 - Σάμου,39 E.T. Δήμου Ανατολικής Σάμου,519,299,7,1,8,291,59,11,28,5,145,37,65,33,15,12,12,6,0,3,20,12,0,1,5,3,2,0,0,1,0,1,1,0,0,10,6,3,0,0,0,0,0,0,0,0,3,2,0,0,11,4,3,3,6,5
50 - Σάμου,40 E.T. Δήμου Ανατολικής Σάμου,596,247,0,5,5,242,56,12,25,4,113,29,58,21,12,10,16,3,1,2,16,12,1,0,0,0,0,0,0,0,0,0,0,0,0,9,5,3,2,0,0,1,0,0,4,2,0,0,0,0,5,4,1,1,8,5
50 - Σάμου,41 E.T. Δήμου Ανατολικής Σάμου,539,317,4,4,8,309,77,9,37,13,138,25,51,52,7,4,15,2,4,4,15,4,3,4,5,3,0,0,0,0,0,6,1,5,0,16,2,8,0,0,0,0,1,0,4,3,3,0,0,1,12,7,1,0,9,8
50 - Σάμου,42 E.T. Δήμου Ανατολικής Σάμου,527,346,4,1,5,341,89,14,34,16,160,27,49,51,16,11,21,6,4,7,8,1,1,2,5,2,1,0,0,0,0,2,1,0,0,13,5,4,1,0,0,1,1,0,2,1,0,0,0,0,13,5,3,2,7,2
50 - Σάμου,43 E.T. Δήμου Ανατολικής Σάμου,531,341,8,8,16,325,62,12,31,6,158,29,70,38,13,7,21,3,5,5,18,5,0,10,0,0,0,0,0,1,0,3,2,1,0,13,4,3,1,0,0,0,0,0,4,2,1,0,0,0,17,9,3,1,10,7
50 - Σάμου,44 E.T. Δήμου Ανατολικής Σάμου,512,343,7,3,10,333,71,6,37,9,170,33,59,59,20,10,23,5,5,0,11,6,0,0,1,0,0,0,0,0,0,7,4,3,0,10,1,4,0,0,0,0,0,0,2,0,0,0,0,0,14,8,3,2,1,1
50 - Σάμου,45 E.T. Δήμου Ανατολικής Σάμου,518,320,10,2,12,308,91,8,45,7,134,20,52,36,10,2,14,4,3,1,12,4,2,1,5,2,1,0,0,1,0,0,0,0,0,11,7,2,1,1,0,0,0,0,0,0,2,0,0,2,19,14,4,0,4,0
50 - Σάμου,46 E.T. Δήμου Ανατολικής Σάμου,502,300,11,2,13,287,55,5,19,12,153,22,63,48,11,2,18,3,3,7,6,1,1,1,6,4,0,0,0,0,0,2,0,2,0,14,3,5,0,0,0,0,0,0,1,0,0,0,0,0,12,4,2,1,7,5
50 - Σάμου,47 E.T. Δήμου Ανατολικής Σάμου,483,269,5,2,7,262,76,5,47,10,121,21,47,43,10,4,9,1,4,2,7,4,0,1,3,1,0,0,0,1,0,2,0,2,0,10,4,3,0,0,0,0,0,0,2,1,2,1,0,0,13,4,2,0,4,3
50 - Σάμου,48 E.T. Δήμου Ανατολικής Σάμου,499,322,4,9,13,309,69,3,22,19,141,34,57,32,14,5,18,3,3,5,14,3,1,5,6,1,1,0,0,0,0,4,1,3,0,11,2,2,1,1,0,0,0,0,1,1,1,0,0,0,20,7,5,3,4,4
50 - Σάμου,49 E.T. Δήμου Ανατολικής Σάμου,567,267,9,8,17,250,77,6,33,17,100,13,42,31,5,5,21,1,0,9,16,6,2,2,1,1,0,0,0,2,2,0,0,0,0,9,4,0,2,0,0,1,0,0,1,1,0,0,0,0,8,8,1,1,7,7
50 - Σάμου,50 E.T. Δήμου Ανατολικής Σάμου,580,340,17,5,22,318,94,10,47,18,140,34,60,35,12,6,19,3,3,5,14,5,0,6,3,0,1,0,0,0,0,0,0,0,0,14,3,6,2,0,0,1,0,0,1,0,1,1,0,0,12,9,3,1,3,3
50 - Σάμου,51 E.T. Δήμου Ανατολικής Σάμου,503,182,7,3,10,172,45,3,20,9,80,27,33,13,8,4,8,1,2,2,8,5,2,0,1,0,0,0,0,2,0,3,0,2,0,6,3,1,1,1,0,0,0,0,2,0,0,0,0,0,6,1,0,0,2,0
50 - Σάμου,52 E.T. Δήμου Ανατολικής Σάμου,467,163,4,3,7,156,43,7,17,5,67,22,20,8,15,10,9,0,4,1,6,1,2,0,0,0,0,0,0,1,0,2,2,0,0,2,0,1,1,0,1,0,0,0,0,0,0,0,0,0,2,0,0,0,8,4
50 - Σάμου,53 E.T. Δήμου Ανατολικής Σάμου,330,166,5,1,6,160,44,9,25,3,88,32,27,22,5,0,9,1,3,2,1,0,1,0,1,1,0,0,0,0,0,0,0,0,0,6,3,3,0,0,0,0,0,0,1,0,0,0,0,0,3,1,0,0,2,1
50 - Σάμου,54 E.T. Δήμου Ανατολικής Σάμου,402,165,2,2,4,161,34,6,14,2,95,34,33,22,6,2,9,1,4,1,6,1,1,1,1,1,0,0,0,0,0,0,0,0,0,3,1,2,0,0,0,0,0,0,0,0,0,0,0,0,3,2,2,2,2,1
50 - Σάμου,55 E.T. Δήμου Ανατολικής Σάμου,170,79,1,2,3,76,16,2,10,2,23,5,12,3,3,3,13,1,8,0,8,4,2,1,1,0,0,1,0,0,0,0,0,0,0,5,3,1,0,0,0,0,1,0,0,0,0,0,0,0,4,2,1,1,0,0
50 - Σάμου,56 E.T. Δήμου Ανατολικής Σάμου,332,177,4,3,7,170,50,4,22,11,72,11,38,17,7,5,11,1,0,4,12,4,0,2,0,0,0,0,0,0,0,1,0,1,0,4,0,2,0,0,0,0,0,0,0,0,2,0,1,1,5,4,0,0,6,4
50 - Σάμου,57 E.T. Δήμου Ανατολικής Σάμου,399,214,2,0,2,212,61,5,21,23,81,6,47,20,14,5,16,7,2,5,17,8,3,4,1,0,1,0,0,1,0,0,0,0,0,11,7,2,0,0,0,0,0,0,0,0,0,0,0,0,3,0,0,0,7,7
50 - Σάμου,58 E.T. Δήμου Ανατολικής Σάμου,115,20,0,0,0,20,6,0,2,0,10,1,7,1,0,0,0,0,0,0,1,0,0,0,1,0,0,0,0,0,0,0,0,0,0,0,0,0,0,0,0,0,0,0,0,0,0,0,0,0,0,0,1,1,1,0
50 - Σάμου,59 E.T. Δήμου Ανατολικής Σάμου,541,225,2,2,4,221,45,7,24,4,102,15,21,59,12,8,8,2,0,6,24,10,3,5,1,0,0,1,0,0,0,3,1,0,0,10,1,9,1,0,0,0,0,0,1,1,0,0,0,0,5,2,0,0,8,4
50 - Σάμου,60 E.T. Δήμου Ανατολικής Σάμου,540,250,5,3,8,242,56,10,36,2,99,6,30,59,16,12,8,2,0,6,33,6,1,17,3,1,1,0,0,0,0,0,0,0,0,18,5,10,0,0,0,0,0,0,0,0,1,0,0,1,3,0,2,1,3,0
50 - Σάμου,61 E.T. Δήμου Ανατολικής Σάμου,539,212,3,5,8,204,56,9,27,4,81,9,20,49,8,6,12,2,0,7,19,5,3,9,3,2,1,0,0,0,0,5,4,1,0,11,1,7,2,1,0,0,0,0,0,0,0,0,0,0,4,3,1,0,2,0
50 - Σάμου,62 E.T. Δήμου Ανατολικής Σάμου,442,256,8,3,11,245,46,4,20,9,103,15,25,55,27,11,15,3,1,5,23,2,3,11,4,0,0,0,0,0,0,3,1,1,0,8,2,5,0,0,0,0,0,0,0,0,0,0,0,0,6,3,4,0,6,3
50 - Σάμου,63 E.T. Δήμου Ανατολικής Σάμου,496,247,6,5,11,236,38,5,24,5,110,17,34,52,13,9,14,1,2,10,31,3,2,18,5,1,2,1,0,0,0,2,1,1,0,5,2,1,1,0,0,1,2,1,0,0,0,0,0,0,8,7,4,2,2,2
50 - Σάμου,64 E.T. Δήμου Ανατολικής Σάμου,541,193,0,2,2,191,41,2,26,4,85,23,19,34,8,2,24,0,1,19,8,4,0,4,1,0,0,1,1,0,0,2,2,0,0,13,7,2,0,0,0,0,0,0,4,3,0,0,0,0,3,1,0,0,1,0
50 - Σάμου,65 E.T. Δήμου Ανατολικής Σάμου,453,274,4,7,11,263,53,13,15,3,109,28,31,25,16,7,22,2,3,12,21,8,0,5,2,1,0,0,0,3,2,6,2,0,0,7,0,1,1,0,0,0,0,0,6,2,0,0,0,0,6,3,4,2,7,0
50 - Σάμου,66 E.T. Δήμου Ανατολικής Σάμου,542,226,7,4,11,215,45,5,19,2,80,13,19,41,16,6,31,0,0,24,19,4,1,5,2,0,0,0,0,1,1,1,1,0,0,3,0,2,1,0,0,0,0,0,8,6,1,0,0,0,6,3,0,0,1,0
50 - Σάμου,67 E.T. Δήμου Ανατολικής Σάμου,456,235,5,1,6,229,73,10,35,9,85,15,14,53,6,3,10,3,0,4,9,5,1,1,4,1,0,0,0,0,0,1,1,0,0,11,5,3,2,0,0,0,0,0,7,4,1,1,0,0,9,2,4,2,7,5
50 - Σάμου,68 E.T. Δήμου Ανατολικής Σάμου,452,239,3,2,5,234,68,3,33,4,95,13,25,51,7,3,13,1,2,5,19,10,4,1,2,0,1,0,0,1,0,0,0,0,0,8,3,3,1,0,1,0,0,0,6,3,0,0,0,0,6,2,1,0,7,1
50 - Σάμου,69 E.T. Δήμου Ανατολικής Σάμου,443,226,1,4,5,221,63,9,36,4,91,9,11,64,16,4,8,1,0,5,7,3,0,0,0,0,0,0,0,0,0,1,0,0,1,9,6,2,2,0,0,0,0,0,2,1,0,0,0,0,4,2,10,2,8,3
50 - Σάμου,70 E.T. Δήμου Ανατολικής Σάμου,436,252,5,1,6,246,61,11,30,6,110,18,21,61,12,4,15,5,0,5,17,9,0,5,1,1,0,0,0,0,0,0,0,0,0,10,4,0,4,0,2,0,0,0,3,2,1,0,0,0,7,3,1,1,4,0
50 - Σάμου,71 E.T. Δήμου Ανατολικής Σάμου,401,188,4,4,8,180,46,8,15,10,72,19,13,35,11,4,18,0,1,15,10,5,1,3,1,1,0,0,0,0,0,4,4,0,0,5,1,0,0,0,0,0,0,0,1,0,0,0,0,0,2,1,1,1,9,8
50 - Σάμου,72 E.T. Δήμου Ανατολικής Σάμου,482,206,1,1,2,204,67,7,30,14,85,16,15,52,4,3,11,1,1,7,13,7,0,5,1,0,1,0,0,0,0,6,4,1,0,11,2,4,0,0,0,0,0,0,0,0,1,0,0,0,4,2,0,0,1,0
50 - Σάμου,73 E.T. Δήμου Ανατολικής Σάμου,419,165,7,0,7,158,42,7,22,5,82,25,23,29,4,3,7,0,0,5,10,6,0,1,2,1,1,0,0,0,0,1,1,0,0,6,2,2,0,0,0,0,0,0,1,1,0,0,0,0,0,0,0,0,3,2
50 - Σάμου,74 E.T. Δήμου Ανατολικής Σάμου,197,91,3,1,4,87,23,7,8,1,38,6,8,23,2,0,2,0,0,0,13,7,2,3,3,0,1,0,0,0,0,0,0,0,0,2,1,1,0,0,0,0,1,0,0,0,0,0,0,0,2,0,0,0,1,0
50 - Σάμου,75 E.T. Δήμου Ανατολικής Σάμου,268,272,7,2,9,263,81,23,23,8,94,21,15,34,16,8,20,1,2,12,15,7,4,0,5,1,2,0,0,0,0,1,0,1,0,18,4,5,2,1,0,0,0,0,1,0,0,0,0,0,5,1,2,1,3,2
50 - Σάμου,76 E.T. Δήμου Ανατολικής Σάμου,197,72,0,0,0,72,24,1,12,2,20,3,6,8,9,1,10,0,6,2,5,2,0,0,0,0,0,0,0,0,0,0,0,0,0,2,0,1,1,0,0,0,0,0,0,0,0,0,0,0,1,0,0,0,0,0
50 - Σάμου,77 E.T. Δήμου Ανατολικής Σάμου,341,126,1,0,1,125,50,5,20,4,35,6,11,15,4,0,14,1,2,10,4,2,0,1,3,3,0,0,0,1,0,0,0,0,0,4,0,4,0,0,0,0,0,0,5,4,0,0,0,0,3,1,1,1,1,1
50 - Σάμου,78 E.T. Δήμου Ανατολικής Σάμου,218,98,0,0,0,98,23,4,11,3,35,4,12,17,5,4,8,1,0,5,19,4,1,8,0,0,0,0,0,1,0,0,0,0,0,4,0,2,0,0,0,0,1,1,1,0,0,0,0,0,1,0,0,0,0,0
50 - Σάμου,79 E.T. Δήμου Ανατολικής Σάμου,274,106,1,2,3,103,32,3,14,4,22,4,14,2,12,6,7,0,1,6,16,7,1,4,1,0,0,0,0,1,1,1,0,0,0,5,2,2,0,0,0,0,0,0,0,0,0,0,0,0,4,2,1,0,1,0
50 - Σάμου,80 E.T. Δήμου Ανατολικής Σάμου,363,146,3,1,4,142,43,9,21,4,42,7,13,21,11,5,3,0,0,1,20,16,1,1,1,0,1,0,0,0,0,0,0,0,0,10,0,4,1,0,0,1,0,0,2,2,0,0,0,0,6,4,0,0,3,3
50 - Σάμου,81 E.T. Δήμου Ανατολικής Σάμου,306,132,8,2,10,122,37,2,14,10,29,3,10,15,6,2,36,0,0,34,6,0,0,2,1,0,0,0,0,0,0,2,1,1,0,1,0,0,0,0,0,0,0,0,2,2,0,0,0,0,0,0,0,0,2,1
50 - Σάμου,82 E.T. Δήμου Ανατολικής Σάμου,314,131,3,1,4,127,39,4,14,11,31,3,9,4,4,3,22,1,0,20,9,4,1,3,0,0,0,0,0,0,0,1,0,1,0,10,3,5,0,0,0,0,0,0,3,2,3,0,0,2,2,2,0,0,3,2
50 - Σάμου,83 E.T. Δήμου Δυτικής Σάμου,546,293,6,2,8,285,93,17,46,11,114,32,50,25,6,4,17,2,6,4,19,1,2,12,1,0,0,0,0,0,0,1,0,1,0,12,6,3,4,3,0,1,0,0,4,1,1,0,0,1,5,4,1,1,7,4
50 - Σάμου,84 E.T. Δήμου Δυτικής Σάμου,517,309,3,5,8,301,99,16,54,14,107,40,33,21,7,6,16,4,7,1,21,8,0,7,4,1,0,0,0,3,1,1,0,0,1,14,6,5,3,0,0,2,0,0,2,1,0,0,0,0,16,5,3,2,5,4
50 - Σάμου,85 E.T. Δήμου Δυτικής Σάμου,521,303,7,2,9,294,93,13,43,12,115,31,47,31,10,5,14,5,4,4,23,7,3,9,4,0,1,0,0,0,0,0,0,0,0,11,4,4,2,0,0,1,0,0,2,1,0,0,0,0,8,4,2,1,10,7
50 - Σάμου,86 E.T. Δήμου Δυτικής Σάμου,540,308,5,6,11,297,95,15,55,8,117,42,47,18,8,7,15,5,6,3,24,7,3,10,2,0,1,0,0,1,0,3,2,0,0,9,4,1,7,6,0,1,0,0,1,0,1,0,0,0,11,8,1,0,2,1
50 - Σάμου,87 E.T. Δήμου Δυτικής Σάμου,446,310,12,5,17,293,80,23,34,4,97,33,31,20,32,13,17,4,8,1,24,6,0,12,1,0,1,0,0,0,0,0,0,0,0,18,5,0,0,0,0,0,0,0,5,2,0,0,0,0,8,5,0,0,11,3
50 - Σάμου,88 E.T. Δήμου Δυτικής Σάμου,556,297,4,1,5,292,90,14,45,11,115,51,41,20,9,5,18,3,8,5,28,2,4,19,2,1,1,0,0,2,2,1,1,0,0,13,9,4,0,0,0,0,0,0,0,0,0,0,0,0,8,7,1,1,5,4
50 - Σάμου,89 E.T. Δήμου Δυτικής Σάμου,544,303,9,3,12,291,89,14,43,17,118,41,39,33,9,6,11,0,2,5,27,3,1,18,2,1,0,1,1,1,1,0,0,0,0,11,5,4,10,3,3,3,1,1,0,0,0,0,0,0,9,5,2,0,0,0
50 - Σάμου,90 E.T. Δήμου Δυτικής Σάμου,559,252,6,4,10,242,75,11,39,5,100,36,35,24,9,3,17,2,5,3,15,3,1,8,2,0,1,0,0,1,1,0,0,0,0,8,3,2,4,2,0,1,0,0,0,0,2,0,0,0,5,2,1,0,3,1
50 - Σάμου,91 E.T. Δήμου Δυτικής Σάμου,556,298,7,2,9,289,84,18,48,8,132,54,50,20,4,3,13,4,3,3,18,5,1,9,1,1,0,0,0,1,1,0,0,0,0,8,1,5,3,2,0,0,1,0,1,0,1,1,0,0,12,6,2,2,8,6
50 - Σάμου,92 E.T. Δήμου Δυτικής Σάμου,559,283,4,2,6,277,90,16,47,9,102,38,33,25,13,9,18,4,8,4,21,6,1,9,5,2,0,0,0,1,0,3,1,1,0,11,4,4,2,2,0,0,0,0,0,0,1,0,0,1,5,3,1,1,4,1
50 - Σάμου,93 E.T. Δήμου Δυτικής Σάμου,458,255,7,2,9,246,75,6,44,7,88,30,31,23,9,4,10,2,5,2,17,4,3,7,6,2,1,0,0,2,0,1,1,0,0,7,4,2,9,4,2,3,0,0,3,1,2,0,0,2,12,6,1,0,4,2
50 - Σάμου,94 E.T. Δήμου Δυτικής Σάμου,162,73,0,0,0,73,23,6,16,1,20,7,12,1,0,0,1,0,0,1,22,1,3,18,0,0,0,0,0,0,0,0,0,0,0,1,0,0,1,0,0,0,0,0,1,0,0,0,0,0,0,0,0,0,4,3
50 - Σάμου,95 E.T. Δήμου Δυτικής Σάμου,166,92,1,0,1,91,31,3,19,2,42,9,18,14,3,2,2,0,0,2,8,5,0,2,0,0,0,0,0,0,0,0,0,0,0,3,1,2,0,0,0,0,0,0,0,0,0,0,0,0,2,1,0,0,0,0
50 - Σάμου,96 E.T. Δήμου Δυτικής Σάμου,296,128,2,3,5,123,35,7,19,4,45,17,13,9,3,2,5,4,0,0,23,3,1,13,0,0,0,0,0,0,0,0,0,0,0,2,1,0,1,1,0,0,0,0,0,0,0,0,0,0,5,2,2,1,2,1
50 - Σάμου,97 E.T. Δήμου Δυτικής Σάμου,418,180,6,1,7,173,18,2,9,0,95,3,18,24,3,2,6,0,3,0,44,1,0,42,2,0,1,0,0,0,0,0,0,0,0,0,0,0,1,1,0,0,0,0,0,0,0,0,0,0,2,0,0,0,2,2
50 - Σάμου,98 E.T. Δήμου Δυτικής Σάμου,527,239,3,2,5,234,81,16,38,8,65,15,33,12,8,6,18,2,10,3,34,9,3,14,1,0,1,0,0,0,0,0,0,0,0,11,4,4,3,2,0,0,0,0,1,0,1,0,1,0,5,3,0,0,6,4
50 - Σάμου,99 E.T. Δήμου Δυτικής Σάμου,587,266,1,3,4,262,76,7,38,9,66,18,22,20,7,4,31,2,13,7,62,25,4,24,0,0,0,0,0,0,0,0,0,0,0,5,2,1,2,1,1,0,2,1,0,0,1,1,0,0,4,1,1,1,5,1
50 - Σάμου,100 E.T. Δήμου Δυτικής Σάμου,191,112,7,3,10,102,52,11,29,6,28,14,12,2,5,2,5,1,1,2,5,2,1,0,1,1,0,0,0,0,0,0,0,0,0,2,0,1,0,0,0,0,0,0,0,0,0,0,0,0,2,2,0,0,2,0
50 - Σάμου,101 E.T. Δήμου Δυτικής Σάμου,372,166,1,1,2,164,47,16,19,5,38,16,7,7,4,2,26,3,3,11,32,4,5,19,0,0,0,0,0,1,0,0,0,0,0,6,3,2,1,1,0,0,0,0,3,0,0,0,0,0,1,1,0,0,5,3
50 - Σάμου,102 E.T. Δήμου Δυτικής Σάμου,391,142,2,1,3,139,44,11,14,6,38,21,6,7,9,6,13,3,6,2,21,2,2,10,1,1,0,0,0,0,0,1,1,0,0,2,2,0,1,1,0,0,0,0,1,1,2,0,0,0,5,1,0,0,1,0
50 - Σάμου,103 E.T. Δήμου Δυτικής Σάμου,333,131,2,1,3,128,44,10,24,4,35,16,11,6,2,1,12,0,4,5,23,3,1,15,0,0,0,0,0,1,1,0,0,0,0,7,3,2,2,2,0,0,0,0,0,0,0,0,0,0,2,2,0,0,0,0
50 - Σάμου,104 E.T. Δήμου Δυτικής Σάμου,326,111,1,1,2,109,37,4,20,5,30,18,10,2,2,1,14,2,5,1,12,1,1,6,0,0,0,0,0,1,1,0,0,0,0,3,0,1,2,2,0,0,0,0,0,0,0,0,0,0,4,2,0,0,4,4
50 - Σάμου,105 E.T. Δήμου Δυτικής Σάμου,534,220,3,2,5,215,48,6,33,3,99,20,29,49,10,6,9,1,0,6,35,4,4,24,1,0,0,0,0,0,0,0,0,0,0,7,1,1,1,0,1,0,1,1,1,1,0,0,0,0,2,2,1,0,0,0
50 - Σάμου,106 E.T. Δήμου Δυτικής Σάμου,465,225,5,2,7,218,51,7,18,14,66,25,21,14,10,5,22,2,8,5,39,2,4,23,1,1,0,0,0,4,1,1,1,0,0,8,4,0,4,0,0,3,0,0,0,0,0,0,0,0,9,3,2,0,1,0
50 - Σάμου,107 E.T. Δήμου Δυτικής Σάμου,479,228,9,1,10,218,60,8,8,19,60,26,21,8,7,4,17,1,2,8,37,1,2,20,4,1,0,0,0,3,2,0,0,0,0,9,1,1,2,1,0,0,0,0,7,5,0,0,0,0,3,1,3,2,6,1
50 - Σάμου,108 E.T. Δήμου Δυτικής Σάμου,460,237,5,1,6,231,77,9,18,10,59,14,15,18,14,2,16,5,2,3,42,4,3,27,1,0,0,0,0,1,1,0,0,0,0,7,0,2,1,1,0,0,0,0,1,0,0,0,0,0,6,1,0,0,6,0
50 - Σάμου,109 E.T. Δήμου Δυτικής Σάμου,460,202,1,3,4,198,46,6,18,12,58,24,20,11,8,3,19,2,6,8,43,9,3,26,1,1,0,1,0,2,1,0,0,0,0,6,3,1,2,1,1,0,0,0,1,0,1,1,0,0,5,3,1,0,4,3
50 - Σάμου,110 E.T. Δήμου Δυτικής Σάμου,465,220,1,1,2,218,64,10,32,12,69,25,23,17,11,2,10,3,0,3,37,4,3,29,0,0,0,0,0,2,2,0,0,0,0,7,3,2,2,2,0,0,0,0,1,1,0,0,0,0,4,3,2,2,9,5
50 - Σάμου,111 E.T. Δήμου Δυτικής Σάμου,268,107,2,0,2,105,39,9,11,4,36,17,9,7,1,0,19,0,2,16,6,1,0,2,1,0,0,0,0,0,0,0,0,0,0,2,0,0,0,0,0,0,0,0,0,0,0,0,0,0,0,0,1,0,0,0
50 - Σάμου,112 E.T. Δήμου Δυτικής Σάμου,447,228,6,1,7,221,94,15,26,7,53,20,18,6,6,3,36,5,14,10,18,1,0,9,3,1,0,0,0,3,0,1,0,0,1,2,1,0,1,1,0,0,1,1,0,0,1,0,0,0,1,0,0,0,1,0
50 - Σάμου,113 E.T. Δήμου Δυτικής Σάμου,92,50,0,1,1,49,20,2,10,2,6,2,2,0,5,1,5,1,0,1,2,1,0,1,3,1,0,0,0,0,0,0,0,0,0,3,2,1,0,0,0,0,0,0,1,0,0,0,0,0,3,3,0,0,1,1
50 - Σάμου,114 E.T. Δήμου Δυτικής Σάμου,156,101,1,3,4,97,29,6,14,1,23,5,1,13,0,0,26,0,16,10,6,2,0,2,4,1,0,0,0,0,0,0,0,0,0,4,2,0,0,0,0,0,0,0,0,0,1,0,1,0,0,0,0,0,4,2
50 - Σάμου,Ετερ. Σάμου (από 129ο Ε.Τ. Νομ. Αττικής-Αθηνών),477,272,1,0,1,271,77,28,18,15,101,29,43,14,2,0,11,3,1,2,46,4,17,4,3,1,0,0,0,3,2,0,0,0,0,7,2,1,0,0,0,0,0,0,2,1,2,0,0,1,7,2,3,0,7,1
50 - Σάμου,Ετερ. Σάμου (από 130ο Ε.Τ. Νομ. Αττικής-Αθηνών),488,298,2,1,3,295,91,33,16,21,115,32,55,13,6,1,25,3,3,13,29,6,13,4,1,1,0,0,0,2,1,0,0,0,0,7,1,2,1,1,0,0,1,0,2,0,2,1,0,1,8,7,2,0,3,0
50 - Σάμου,Ετερ. Σάμου (από 24ο Ε.Τ. Νομ. Αττικής-Πειραιώς),150,81,1,1,2,79,21,8,3,7,23,8,6,2,1,0,5,5,0,0,19,3,8,6,2,2,0,0,0,1,1,0,0,0,0,4,4,0,0,0,0,0,0,0,0,0,0,0,0,0,3,3,0,0,0,0
Σύνολο,,49508,25159,465,242,707,24452,7111,2066,2354,831,8345,1966,3268,2211,869,431,1674,457,281,504,3537,560,1441,803,216,71,35,10,2,96,38,136,47,32,41,806,274,242,113,46,16,21,39,16,141,68,78,28,4,13,687,327,122,54,472,241
