ΠΕΡΙΦΕΡΕΙΑ,ΕΚΛΟΓΙΚΟ ΤΜΗΜΑ,ΕΓΓΕΓΡΑΜΜΕΝΟΙ,ΨΗΦΙΣΑΝΤΕΣ,ΑΚΥΡΑ,ΛΕΥΚΑ,ΑΚΥΡΑ & ΛΕΥΚΑ,ΕΓΚΥΡΑ,ΣΥΡΙΖΑ,ΙΓΓΛΕΖΗ ΑΙΚΑΤΕΡΙΝΗ του Θεοδώρου,ΜΑΛΑΜΑ ΚΥΡΙΑΚΗ του Ιωάννη,ΠΑΝΟΣ ΙΩΑΚΕΙΜ του Χρήστου,ΣΑΚΚΑΣ ΧΡΗΣΤΟΣ του Ιωάννη,ΤΟΣΚΑΣ ΛΑΖΑΡΟΣ του Ηλία,Νέα Δημοκρατία,ΒΑΓΙΩΝΑΣ ΓΕΩΡΓΙΟΣ του Κωνσταντίνου,ΚΑΡΑΝΑΣΙΟΣ ΕΥΘΥΜΙΟΣ του Βασιλείου,ΣΟΦΙΟΥ ΜΑΓΔΑΛΗΝΗ του Ευαγγέλου,ΤΑΣΙΟΣ ΓΡΗΓΟΡΙΟΣ του Γεωργίου,ΧΑΤΖΗΣΤΑΜΑΤΙΟΥ-ΛΕΜΟΝΙΑΔΟΥ ΕΛΕΥΘΕΡΙΑ (ΡΙΤΣΑ) του Ηλία,Λαϊκός Σύνδεσμος - Χρυσή Αυγή,ΒΑΪΝΔΕΡΛΗ ΕΥΡΥΚΛΕΙΑ του Δημητρίου,ΒΛΑΧΟΥ ΣΩΤΗΡΙΑ του Ιωάννη,ΖΑΜΠΙΔΗΣ ΠΡΟΔΡΟΜΟΣ του Χαραλάμπους,ΜΑΝΩΛΑΣ ΑΡΙΣΤΟΤΕΛΗΣ του Γρηγορίου,ΧΑΣΑΠΗΣ ΑΣΤΕΡΙΟΣ του Δημητρίου,Κίνημα Αλλαγής,ΒΛΑΧΟΠΟΥΛΟΣ ΜΙΧΑΗΛ του Αστερίου,ΕΥΤΑΤΟΓΛΟΥ ΑΝΑΣΤΑΣΙΑ του Νικολάου,ΖΕΠΠΟΥ ΜΑΡΘΑ του Ιωάννη,ΚΑΝΕΛΗΣ ΑΡΙΣΤΕΙΔΗΣ του Δημητρίου,ΠΑΝΑΣ ΑΠΟΣΤΟΛΟΣ του Νικολάου,Κ.Κ.Ε.,ΖΑΧΑΡΙΑΔΗΣ ΔΗΜΗΤΡΙΟΣ του Γερασίμου,ΛΥΡΤΖΗΣ ΔΗΜΗΤΡΙΟΣ του Νικολάου,ΜΩΥΣΙΑΔΟΥ ΧΡΙΣΤΙΝΑ του Δημητρίου,ΠΑΝΤΕΛΗΣ ΛΑΖΑΡΟΣ του Αστερίου,ΧΡΙΣΤΙΑΝΟΥ ΑΓΓΕΛΙΚΗ του Νικολάου,Ένωση Κεντρώων,ΑΛΕΞΙΟΥ ΧΡΗΣΤΟΣ του Αθανασίου,ΣΑΚΟΛΕΒΑ ΜΑΡΙΑ του Σωτηρίου,ΤΣΑΟΥΡΕΛΟΣ ΘΕΟΔΩΡΟΣ του Στυλιανού,Ο.Κ.Δ.Ε.,ΑΝΤΩΝΙΟΥ ΣΤΕΡΓΙΑΝΗ του Μιχαήλ,ΑΝΤ.ΑΡ.ΣΥ.Α.,ΒΛΑΧΟΣ ΓΕΩΡΓΙΟΣ του Νικολάου,ΖΑΦΕΙΡΟΥΛΗ ΒΡΕΤΟΥ ΦΑΝΗ του Βασιλείου,ΡΗΓΟΠΟΥΛΟΣ ΦΡΑΓΚΙΣΚΟΣ του Γεωργίου,Ελλήνων Συνέλευσις,ΑΛΕΥΡΑΣ ΧΡΗΣΤΟΣ του Γεωργίου,ΚΑΜΠΟΥΡΗΣ ΑΝΤΩΝΙΟΣ του Χρήστου,ΜΟΥΣΤΑΚΑ ΜΑΡΙΑ του Παναγιώτη,ΣΑΡΗΓΙΑΝΝΙΔΗΣ ΑΛΚΗΣ του Χρήστου,ΧΑΡΙΤΟΥ ΜΑΡΓΑΡΙΤΑ του Αποστόλου,Ελληνική Λύση - Κ. Βελόπουλος,ΒΟΥΖΑ ΑΙΚΑΤΕΡΙΝΗ του Δημητρίου,ΕΛΙΟΔΩΡΟΥ ΝΙΚΟΛΑΟΣ του Στυλιανού,ΜΠΑΒΕΛΗ ΘΕΟΔΩΡΑ του Ζαρίφη,ΟΙΚΟΝΟΜΟΥ ΑΡΙΣΤΕΙΔΗΣ του Νικολάου,ΠΙΤΟΥΛΑΣ ΕΛΕΥΘΕΡΙΟΣ του Ιωάννη,Κ.Κ.Ε. (μ-λ),ΓΕΩΡΓΟΥΔΗΣ ΓΕΩΡΓΙΟΣ του Νικολάου,Μ-Λ Κ.Κ.Ε.,ΜΑΝΔΕΛΕΝΑΚΗ ΖΩΗ του Ηλία,Ε.ΠΑ.Μ - Α.Κ.Κ.ΕΛ,ΜΑΥΡΟΥΔΗΣ ΛΑΜΠΡΟΣ του Αναστασίου,ΣΙΔΗΡΟΠΟΥΛΟΥ ΚΥΡΙΑΚΟΥΛΑ του Κωνσταντίνου,ΤΣΟΜΑΚΟΣ ΝΙΚΟΛΑΟΣ του Χρήστου,Λαϊκή Ενότητα,ΑΜΑΝΑΤΙΔΗΣ ΔΗΜΗΤΡΙΟΣ του Θεοφίλου,ΓΡΑΣΣΟΥ ΚΑΛΙΡΡΟΗ του Γεωργίου,ΔΕΡΓΙΑΔΕ-ΚΑΝΤΑΡΑ ΜΑΡΙΑ του Λεωνίδα,ΠΑΣΧΟΣ ΠΑΝΑΓΙΩΤΗΣ του Αντωνίου,ΜέΡΑ25,ΜΠΑΡΜΠΗΣ ΔΗΜΗΤΡΙΟΣ του Γεωργίου,ΣΟΦΤΣΗ ΜΑΡΙΑ του Βασιλείου,ΧΟΥΧΟΥΤΑΣ ΝΙΚΗΤΑΣ του Αθανασίου,Δημιουργία ξανά - Θ. Τζήμερος,ΒΑΓΓΛΗΣ ΑΣΤΕΡΙΟΣ (ΣΤΕΡΓΙΟΣ) του Αγγέλου,ΚΛΗΜΑΤΣΙΔΑ ΣΩΣΑΝΝΑ του Αστερίου,ΣΑΚΕΛΛΑΡΗΣ ΣΩΤΗΡΙΟΣ του Βασιλείου,Πλεύση Ελευθερίας - Ζωή Κωνστ.,ΕΥΣΤΑΘΙΟΥ ΓΕΡΑΚΙΝΑ του Χριστοδούλου,ΚΥΠΡΑΙΟΥ ΕΛΕΝΗ του Βασιλείου,ΤΡΕΝΤΟΣ ΓΕΩΡΓΙΟΣ του Πέτρου
9 - Χαλκιδικής,1 E.T. Δήμου Αριστοτέλη,487,322,1,1,2,320,33,6,7,5,0,3,200,107,35,0,29,7,14,3,1,1,4,0,23,0,3,2,0,10,6,1,1,0,0,2,4,3,1,0,0,0,1,0,1,0,2,1,0,0,1,0,10,2,0,2,0,3,0,0,0,0,2,1,1,0,0,0,0,0,0,14,2,4,0,4,3,0,0,7,4,1,0
9 - Χαλκιδικής,2 E.T. Δήμου Αριστοτέλη,509,359,4,2,6,353,41,9,11,3,0,9,214,120,39,5,17,13,36,1,8,1,19,5,19,3,8,0,1,5,12,2,4,1,0,3,6,0,0,0,0,0,2,0,0,0,0,0,0,0,0,0,13,1,1,0,1,6,0,0,1,0,1,0,0,0,0,0,0,0,0,4,0,1,0,1,0,0,0,3,0,0,0
9 - Χαλκιδικής,3 E.T. Δήμου Αριστοτέλη,484,309,4,3,7,302,65,11,14,5,3,14,150,77,18,3,24,10,22,0,1,0,14,1,17,1,3,1,1,5,8,1,0,1,1,2,6,2,1,0,0,0,2,1,0,0,0,0,0,0,0,0,15,2,0,0,0,10,0,0,0,0,1,0,0,0,0,0,0,0,0,8,1,0,1,2,1,1,0,6,1,1,0
9 - Χαλκιδικής,4 E.T. Δήμου Αριστοτέλη,487,349,4,5,9,340,49,8,16,1,4,2,201,112,26,4,18,14,8,0,0,0,7,0,14,5,1,0,2,4,15,0,2,4,0,0,8,0,0,0,0,0,3,0,0,0,0,0,0,0,0,0,17,0,0,0,2,12,0,0,1,0,0,0,0,0,0,0,0,0,0,14,1,3,2,4,0,0,0,6,0,0,0
9 - Χαλκιδικής,5 E.T. Δήμου Αριστοτέλη,501,331,5,3,8,323,45,3,16,5,4,9,180,99,25,10,18,11,25,0,3,0,9,10,13,2,2,0,0,4,12,1,1,0,0,7,4,0,0,0,0,0,1,0,0,0,0,0,0,0,0,0,23,2,1,0,2,10,0,0,0,0,1,0,0,0,1,0,0,0,0,12,0,1,2,2,0,0,0,4,0,0,0
9 - Χαλκιδικής,6 E.T. Δήμου Αριστοτέλη,356,232,1,3,4,228,33,3,13,0,2,1,127,84,12,6,13,1,4,0,1,1,0,2,19,6,2,1,1,6,7,0,0,0,0,1,2,0,0,0,0,0,2,0,0,0,1,0,0,0,0,0,14,5,0,1,0,7,0,0,0,0,0,0,0,0,0,0,0,0,0,8,3,0,0,4,0,0,0,7,0,0,0
9 - Χαλκιδικής,7 E.T. Δήμου Αριστοτέλη,461,319,1,5,6,313,36,5,8,1,3,5,204,101,34,3,31,3,10,0,1,1,2,3,15,6,2,1,1,1,6,0,1,1,0,0,3,1,0,0,0,0,2,0,0,0,0,0,0,0,0,0,17,3,0,1,4,2,0,0,0,0,2,0,0,0,0,0,0,0,0,9,1,0,0,3,0,0,0,6,0,0,0
9 - Χαλκιδικής,8 E.T. Δήμου Αριστοτέλη,545,353,6,5,11,342,53,7,3,0,7,13,198,77,74,5,15,5,10,1,1,0,4,0,31,4,4,0,2,18,13,2,0,0,1,2,3,0,0,0,1,0,0,0,0,0,2,0,0,0,0,0,11,2,0,1,1,2,0,0,1,0,1,0,0,0,0,0,0,0,0,14,5,2,3,2,0,0,0,2,0,0,0
9 - Χαλκιδικής,9 E.T. Δήμου Αριστοτέλη,501,317,1,0,1,316,78,16,17,1,7,23,140,46,41,5,19,3,8,1,0,1,3,0,39,10,4,0,0,18,5,1,0,0,0,3,4,1,0,0,0,0,2,2,0,0,3,0,0,1,1,0,14,1,0,0,2,5,0,0,1,0,0,0,0,0,1,0,0,1,0,7,0,0,4,4,2,0,2,10,2,1,0
9 - Χαλκιδικής,10 E.T. Δήμου Αριστοτέλη,407,270,3,1,4,266,43,14,10,1,3,7,166,71,47,6,10,9,2,0,1,0,1,0,8,2,1,1,1,3,11,1,0,0,0,1,7,0,0,0,0,0,4,0,0,0,0,0,0,0,0,0,11,2,1,1,1,2,0,0,0,0,0,0,0,0,0,0,0,0,0,4,0,1,0,2,0,0,0,8,0,0,0
9 - Χαλκιδικής,11 E.T. Δήμου Αριστοτέλη,468,268,8,4,12,256,27,4,6,2,2,4,145,56,42,6,14,8,14,1,2,1,6,0,23,2,4,1,0,7,7,0,0,1,0,1,4,0,0,0,0,0,1,0,0,0,0,0,0,0,0,0,15,4,0,0,3,4,0,0,0,0,3,0,0,0,0,0,0,0,0,10,0,5,0,3,0,0,0,4,0,0,0
9 - Χαλκιδικής,12 E.T. Δήμου Αριστοτέλη,413,278,1,5,6,272,54,8,15,2,9,14,131,61,40,5,11,0,24,0,5,1,9,1,19,0,3,2,1,8,13,1,1,1,0,4,8,0,0,0,0,0,2,0,0,0,0,0,0,0,0,0,12,2,2,1,4,2,0,0,0,0,0,0,0,0,0,0,0,0,0,4,0,1,1,3,0,0,0,2,0,0,0
9 - Χαλκιδικής,13 E.T. Δήμου Αριστοτέλη,423,279,6,3,9,270,27,7,7,0,2,6,159,59,33,3,19,9,24,1,2,0,11,3,14,2,1,0,1,4,7,2,0,0,1,1,3,0,0,0,0,0,2,0,0,0,2,0,0,0,0,0,16,5,3,2,1,1,1,0,0,0,0,0,0,0,1,0,0,0,0,8,1,3,1,0,0,0,0,6,0,0,0
9 - Χαλκιδικής,14 E.T. Δήμου Αριστοτέλη,512,354,7,4,11,343,55,17,9,1,0,11,195,67,79,3,17,12,12,1,2,1,3,0,18,6,1,1,0,7,15,4,2,1,0,1,12,0,0,0,0,0,2,0,0,0,0,0,0,0,0,0,19,4,1,1,9,4,0,0,0,0,1,0,0,0,0,0,0,0,0,10,3,0,1,2,0,0,0,2,0,0,0
9 - Χαλκιδικής,15 E.T. Δήμου Αριστοτέλη,445,310,6,6,12,298,55,14,11,1,2,10,150,57,39,1,15,17,15,1,0,2,6,1,26,5,0,6,2,10,7,0,0,0,0,0,14,3,3,0,0,0,1,0,1,0,0,0,0,0,0,0,12,2,0,1,2,4,0,0,0,0,2,0,0,0,3,2,0,0,0,8,2,1,2,1,0,1,0,4,2,0,0
9 - Χαλκιδικής,16 E.T. Δήμου Αριστοτέλη,308,189,3,0,3,186,57,17,11,1,6,17,70,21,12,5,12,15,13,0,1,0,7,3,14,4,3,2,0,1,10,0,1,4,0,2,2,0,0,0,0,0,0,0,0,0,0,0,0,0,0,0,7,3,0,2,1,0,1,0,0,0,0,0,0,0,2,0,0,0,0,8,1,3,1,0,0,0,0,2,0,0,0
9 - Χαλκιδικής,17 E.T. Δήμου Αριστοτέλη,405,249,14,1,15,234,78,17,16,1,8,24,84,29,22,3,11,8,20,1,0,3,9,7,22,6,5,0,0,8,4,0,0,0,0,0,5,1,3,0,0,0,3,1,0,1,0,0,0,0,0,0,6,2,0,1,1,0,0,0,0,0,0,0,0,0,0,0,0,0,0,6,1,1,1,0,0,0,0,6,1,1,1
9 - Χαλκιδικής,18 E.T. Δήμου Αριστοτέλη,537,360,5,5,10,350,85,9,5,1,2,64,166,44,58,4,28,4,25,1,3,0,15,4,43,2,5,1,1,30,0,0,0,0,0,0,5,0,0,0,0,0,2,0,0,0,1,0,0,0,0,0,8,3,0,0,1,1,0,0,0,0,2,0,0,0,0,0,0,0,0,4,1,0,1,1,0,0,0,8,0,0,0
9 - Χαλκιδικής,19 E.T. Δήμου Αριστοτέλη,544,371,6,7,13,358,118,3,6,1,7,88,130,40,46,3,7,15,12,1,0,1,6,1,40,1,2,4,1,30,18,3,3,2,0,7,6,0,0,0,0,0,1,0,0,0,0,0,0,0,0,0,8,2,0,0,1,0,1,0,0,0,0,0,0,0,1,0,0,0,0,13,0,5,1,0,0,0,0,10,0,0,0
9 - Χαλκιδικής,20 E.T. Δήμου Αριστοτέλη,558,379,6,1,7,372,104,2,8,0,0,88,163,49,71,7,15,4,11,0,0,0,7,3,42,3,3,3,0,30,10,0,5,1,1,1,4,0,0,0,0,0,1,0,0,0,0,0,0,0,0,0,13,7,0,0,2,1,0,0,0,0,4,0,0,0,1,0,0,0,0,8,2,2,1,1,0,0,0,10,0,0,0
9 - Χαλκιδικής,21 E.T. Δήμου Αριστοτέλη,555,363,2,6,8,355,96,1,3,0,2,85,149,41,50,8,23,6,31,1,1,0,21,6,32,4,5,2,0,19,6,0,0,0,2,1,6,1,2,0,0,0,3,1,0,1,0,0,0,0,0,0,10,1,0,2,1,1,1,0,1,0,2,1,0,0,0,0,0,0,0,12,5,4,0,0,0,0,0,6,2,2,0
9 - Χαλκιδικής,22 E.T. Δήμου Αριστοτέλη,562,404,2,2,4,400,126,3,10,3,6,91,156,47,59,6,21,5,16,0,1,1,6,5,48,10,1,0,1,31,8,1,1,1,1,1,3,0,0,0,0,0,0,0,0,0,1,0,0,0,0,0,14,2,0,1,2,2,0,0,0,0,4,0,0,0,0,0,0,0,0,14,5,3,2,1,0,0,0,9,0,0,0
9 - Χαλκιδικής,23 E.T. Δήμου Αριστοτέλη,546,311,7,3,10,301,52,6,10,1,3,15,158,46,46,12,29,3,19,1,1,0,11,1,26,13,1,0,0,10,3,0,0,0,0,0,4,1,0,0,0,0,1,1,0,0,2,2,0,0,0,0,10,3,0,0,0,2,3,0,0,0,0,0,0,0,0,0,0,0,0,10,3,3,1,2,0,0,0,11,3,1,1
9 - Χαλκιδικής,24 E.T. Δήμου Αριστοτέλη,382,221,6,3,9,212,74,19,8,4,1,10,42,11,6,1,17,2,11,0,0,0,6,2,44,28,1,1,0,9,9,1,2,3,0,1,5,0,0,0,0,0,1,0,0,0,0,0,0,0,0,0,11,2,0,3,1,1,0,0,0,0,1,0,0,0,1,0,0,0,0,9,3,1,1,1,0,0,0,3,0,0,0
9 - Χαλκιδικής,25 E.T. Δήμου Αριστοτέλη,319,185,2,0,2,183,39,13,6,2,0,6,73,26,8,5,21,3,1,0,0,0,1,0,30,20,4,0,0,4,5,4,0,0,0,1,6,1,2,0,0,0,1,1,0,0,1,0,0,0,0,0,18,3,0,0,7,0,0,0,0,0,0,0,0,0,0,0,0,0,0,4,0,2,0,0,0,0,0,5,3,0,1
9 - Χαλκιδικής,26 E.T. Δήμου Αριστοτέλη,484,302,1,0,1,301,130,62,27,3,5,19,74,26,7,1,24,9,15,0,0,0,4,9,45,41,1,1,0,1,8,0,2,0,1,3,0,0,0,0,0,0,2,0,0,0,1,0,1,0,0,0,6,3,1,0,0,0,0,0,0,0,0,0,0,0,1,1,0,0,0,12,1,5,4,2,0,1,1,5,4,0,0
9 - Χαλκιδικής,27 E.T. Δήμου Αριστοτέλη,527,343,3,3,6,337,164,74,31,2,8,16,75,24,11,2,11,10,9,0,1,0,1,5,45,38,1,0,0,0,6,0,1,0,1,0,0,0,0,0,0,0,1,0,0,0,0,0,0,0,0,0,12,6,1,0,1,1,0,0,0,0,3,0,0,0,4,0,0,0,0,9,2,3,1,3,0,0,0,6,0,0,0
9 - Χαλκιδικής,28 E.T. Δήμου Αριστοτέλη,488,303,4,1,5,298,118,53,17,2,4,26,79,27,13,1,15,8,11,0,0,1,1,7,46,41,2,0,0,0,5,0,3,0,0,1,3,0,0,0,2,0,4,0,0,0,1,0,0,0,0,0,6,2,0,0,0,0,0,0,0,0,0,0,0,0,2,0,0,0,0,12,0,3,0,0,0,0,0,9,0,0,0
9 - Χαλκιδικής,29 E.T. Δήμου Αριστοτέλη,481,294,1,1,2,292,121,60,24,5,3,16,72,14,12,2,17,16,7,0,0,0,0,6,50,48,1,0,0,1,12,0,4,1,0,3,3,0,0,0,1,0,1,0,0,0,0,0,0,0,0,0,3,1,0,0,0,0,0,0,0,0,1,0,0,0,2,0,0,0,0,8,3,3,2,2,0,0,0,9,0,0,0
9 - Χαλκιδικής,30 E.T. Δήμου Αριστοτέλη,479,311,4,4,8,303,122,58,31,2,3,10,75,23,14,4,19,8,18,0,0,2,4,11,44,42,0,0,0,1,10,2,3,0,0,3,3,0,0,0,0,0,0,0,0,0,1,0,0,0,0,0,8,3,0,0,1,1,0,0,0,0,2,0,0,0,0,0,0,0,0,13,0,2,4,2,0,0,0,5,0,0,0
9 - Χαλκιδικής,31 E.T. Δήμου Αριστοτέλη,483,295,6,0,6,289,110,54,18,3,3,16,83,16,14,4,28,13,21,1,1,1,3,14,40,32,0,0,0,1,4,0,1,0,0,2,2,0,0,0,0,0,2,0,0,0,0,0,0,0,0,0,10,3,0,1,0,3,0,0,0,0,2,0,0,0,2,0,0,0,0,5,2,0,1,1,0,0,0,7,0,0,0
9 - Χαλκιδικής,32 E.T. Δήμου Αριστοτέλη,490,330,2,3,5,325,136,52,25,5,5,22,79,24,16,4,18,10,16,1,0,0,1,14,47,44,0,0,1,1,8,2,2,1,0,2,6,4,0,0,0,0,3,0,2,0,0,0,0,0,0,0,10,2,0,2,0,1,0,0,0,0,2,0,2,0,1,0,0,1,0,10,0,4,2,2,0,0,0,5,1,2,1
9 - Χαλκιδικής,33 E.T. Δήμου Αριστοτέλη,489,282,6,1,7,275,91,18,18,2,3,18,83,21,12,3,9,25,7,1,1,0,1,2,29,24,4,0,0,0,18,2,1,3,1,7,7,3,0,0,0,0,2,0,0,0,8,7,0,0,0,0,10,5,0,0,1,1,0,0,0,0,5,2,0,0,1,1,0,0,0,10,1,3,1,1,0,0,0,3,1,1,1
9 - Χαλκιδικής,34 E.T. Δήμου Αριστοτέλη,487,289,1,3,4,285,110,27,12,1,9,34,86,25,6,1,16,24,10,0,0,2,2,2,28,23,1,0,0,3,11,3,0,2,0,4,7,0,0,0,0,0,1,0,0,0,3,0,0,0,0,0,11,2,1,1,2,3,0,0,0,0,2,0,0,0,0,0,0,0,0,10,3,1,0,0,0,0,0,6,0,0,0
9 - Χαλκιδικής,35 E.T. Δήμου Αριστοτέλη,509,324,1,3,4,320,123,33,15,0,11,42,73,26,11,1,12,17,23,0,1,1,0,4,46,28,7,1,0,2,11,1,1,1,2,3,4,0,0,0,0,0,0,0,0,0,2,0,0,0,0,0,11,3,0,0,2,0,0,0,0,0,6,0,0,0,1,0,0,0,0,10,0,0,0,1,0,0,0,9,0,0,0
9 - Χαλκιδικής,36 E.T. Δήμου Αριστοτέλη,403,294,3,1,4,290,73,11,12,3,11,12,114,50,16,4,7,11,13,1,2,0,3,4,46,16,2,1,2,21,7,1,0,1,0,1,7,0,0,0,0,0,1,0,0,0,1,0,0,0,0,0,4,0,0,1,2,0,0,0,1,0,2,0,0,0,1,0,0,0,0,7,1,0,0,3,0,0,0,10,0,0,0
9 - Χαλκιδικής,37 E.T. Δήμου Αριστοτέλη,340,237,1,2,3,234,48,9,9,4,3,10,113,36,25,4,9,17,16,0,4,2,2,2,13,6,1,0,1,3,15,2,0,1,0,1,6,0,0,0,0,0,1,0,0,0,1,0,0,0,0,1,4,3,0,0,0,0,1,0,0,0,0,0,0,0,1,0,0,1,0,9,0,1,0,2,1,0,1,4,0,1,0
9 - Χαλκιδικής,38 E.T. Δήμου Αριστοτέλη,458,271,4,1,5,266,67,21,17,1,4,11,129,22,0,0,6,10,15,0,0,0,7,6,11,10,0,1,0,0,8,1,2,0,0,0,5,0,0,0,0,0,0,0,0,0,2,0,0,0,0,0,10,3,1,0,1,2,0,0,1,0,1,0,0,0,1,0,0,0,0,11,2,2,1,0,0,0,0,5,0,0,0
9 - Χαλκιδικής,39 E.T. Δήμου Αριστοτέλη,400,269,5,5,10,259,58,10,12,3,2,21,123,9,3,2,19,78,20,0,1,1,10,4,16,10,0,1,0,1,11,3,1,2,0,1,8,4,1,0,0,0,0,0,0,0,0,0,0,0,0,0,10,2,1,0,0,0,0,0,0,0,0,0,0,0,1,1,0,0,0,5,1,1,1,2,1,0,0,5,1,2,0
9 - Χαλκιδικής,40 E.T. Δήμου Αριστοτέλη,531,340,5,6,11,329,70,12,11,0,1,20,160,51,55,5,17,5,10,1,0,2,5,0,33,15,3,0,0,12,15,1,0,1,0,6,6,0,0,0,1,0,2,0,0,0,0,0,0,0,0,0,18,4,3,0,2,1,0,0,0,0,0,0,0,0,0,0,0,0,0,7,1,2,0,2,0,0,0,5,0,0,0
9 - Χαλκιδικής,41 E.T. Δήμου Αριστοτέλη,495,268,8,2,10,258,52,7,9,3,4,16,103,35,33,3,11,8,19,0,3,0,15,0,41,11,2,3,2,19,8,2,0,0,0,2,2,0,0,0,1,0,1,0,0,0,0,0,0,0,0,0,15,2,2,2,2,1,1,0,1,0,1,0,0,0,0,0,0,0,0,6,2,2,1,3,0,0,0,4,0,0,0
9 - Χαλκιδικής,42 E.T. Δήμου Αριστοτέλη,565,322,3,5,8,314,60,9,10,2,2,28,147,46,42,2,25,9,11,1,1,2,6,0,50,5,0,4,3,30,18,1,2,0,0,9,4,0,0,0,0,0,0,0,0,0,0,0,0,0,0,0,8,4,1,0,1,0,0,0,0,0,1,0,0,0,1,0,0,0,0,10,2,2,2,0,0,0,0,4,0,0,0
9 - Χαλκιδικής,43 E.T. Δήμου Αριστοτέλη,587,400,4,2,6,394,52,9,15,1,3,8,192,76,50,5,17,25,12,0,0,0,8,0,75,15,7,3,2,29,28,5,6,4,1,4,6,1,1,0,0,0,0,0,0,0,0,0,0,0,0,0,9,1,1,0,2,0,1,0,2,2,2,1,1,0,0,0,0,0,0,7,2,0,1,3,1,1,0,5,0,2,1
9 - Χαλκιδικής,44 E.T. Δήμου Αριστοτέλη,506,342,2,3,5,337,50,8,15,4,3,9,168,57,39,6,15,24,13,0,3,0,8,0,57,16,6,1,0,29,16,3,3,3,0,2,5,0,0,0,0,0,0,0,0,0,1,0,0,0,0,0,8,4,0,1,1,0,0,0,0,0,0,0,0,0,0,0,0,0,0,14,2,3,0,0,0,0,0,5,0,0,0
9 - Χαλκιδικής,45 E.T. Δήμου Κασσάνδρας,351,222,2,2,4,218,60,13,16,2,12,11,82,19,14,19,24,2,8,0,0,0,6,1,17,1,2,1,9,4,19,6,1,2,0,3,1,0,0,0,0,0,2,0,0,0,1,0,0,0,0,0,10,2,0,4,1,1,0,0,0,0,0,0,0,0,0,0,0,0,0,13,2,1,3,1,0,0,0,4,0,0,0
9 - Χαλκιδικής,46 E.T. Δήμου Κασσάνδρας,376,241,2,4,6,235,51,15,18,1,8,0,96,26,7,37,18,2,9,1,0,1,5,1,20,0,1,0,17,2,20,8,0,1,1,0,4,0,0,0,0,0,1,0,0,0,0,0,0,0,0,0,13,4,0,4,3,0,1,0,0,0,0,0,0,0,3,0,0,0,0,10,1,2,0,1,0,0,0,6,0,0,0
9 - Χαλκιδικής,47 E.T. Δήμου Κασσάνδρας,438,264,4,2,6,258,47,1,9,3,4,10,119,21,11,41,29,1,21,1,2,0,12,0,12,1,0,0,8,2,15,7,0,1,1,0,3,0,0,0,0,0,0,0,0,0,0,0,0,0,0,0,11,2,3,3,0,1,0,0,0,0,0,0,0,0,0,0,0,0,0,18,3,5,1,2,0,0,0,10,0,0,0
9 - Χαλκιδικής,48 E.T. Δήμου Κασσάνδρας,363,215,5,1,6,209,39,11,10,3,8,2,105,23,28,20,25,1,3,0,0,0,2,0,15,0,0,1,8,4,5,1,2,0,1,0,5,0,0,0,0,0,1,0,0,0,3,0,0,0,0,0,6,0,0,0,0,0,0,0,0,0,1,0,0,0,0,0,0,0,0,8,0,0,0,3,0,0,0,15,0,0,0
9 - Χαλκιδικής,49 E.T. Δήμου Κασσάνδρας,441,258,9,2,11,247,57,11,18,2,13,3,121,34,15,38,21,0,9,0,1,0,4,1,16,1,1,1,8,3,2,0,0,0,1,0,4,1,1,1,0,0,0,0,0,0,1,0,0,0,1,0,7,1,0,1,0,2,0,0,1,1,4,1,1,0,1,0,0,0,0,12,4,1,0,1,1,0,0,11,10,1,0
9 - Χαλκιδικής,50 E.T. Δήμου Κασσάνδρας,489,232,3,2,5,227,41,9,14,1,3,5,84,15,17,19,18,1,19,2,5,1,7,0,21,1,2,0,8,10,4,3,0,0,0,0,7,0,0,0,1,0,1,0,0,0,2,0,0,0,0,0,17,7,0,4,3,0,0,0,0,0,5,0,0,0,1,0,0,0,0,10,3,0,0,3,0,0,0,11,0,0,0
9 - Χαλκιδικής,51 E.T. Δήμου Κασσάνδρας,539,244,4,1,5,239,54,9,16,5,3,1,93,13,13,29,18,1,14,1,3,1,3,1,22,0,2,0,5,14,10,2,0,0,0,1,3,0,2,0,0,0,0,0,0,0,4,0,0,1,2,1,14,3,1,3,3,0,1,0,0,0,3,2,1,0,0,0,0,0,0,10,2,2,0,2,0,1,0,9,4,0,0
9 - Χαλκιδικής,52 E.T. Δήμου Κασσάνδρας,505,294,3,3,6,288,59,7,13,4,10,6,128,19,25,48,14,1,23,0,6,0,13,1,30,0,1,1,21,4,10,1,0,2,0,1,6,0,0,0,0,0,2,0,0,0,0,0,0,0,0,0,12,1,0,3,4,0,0,0,0,0,0,0,0,0,0,0,0,0,0,9,1,3,0,4,0,0,0,5,0,0,0
9 - Χαλκιδικής,53 E.T. Δήμου Κασσάνδρας,470,271,1,0,1,270,41,10,10,0,2,5,138,13,36,50,27,4,18,0,6,0,9,1,16,1,0,0,14,1,5,2,0,0,0,1,4,1,0,2,1,0,0,0,0,0,6,0,0,1,5,0,19,3,4,5,3,0,2,2,0,0,1,0,1,0,0,0,0,0,0,10,1,2,0,0,0,0,0,9,5,2,0
9 - Χαλκιδικής,54 E.T. Δήμου Κασσάνδρας,473,281,2,5,7,274,49,11,16,3,0,6,141,36,37,46,6,3,17,2,3,1,8,1,23,0,0,0,15,6,7,2,0,0,0,1,8,0,0,0,0,0,1,0,0,0,0,0,0,0,0,0,13,1,1,5,2,0,0,0,1,0,3,0,0,0,0,0,0,0,0,4,1,2,0,1,0,0,0,6,0,0,0
9 - Χαλκιδικής,55 E.T. Δήμου Κασσάνδρας,465,249,1,2,3,246,66,31,18,3,0,3,104,24,25,29,18,0,16,0,4,4,5,1,28,0,0,0,22,3,6,3,0,0,0,1,5,2,1,2,0,0,0,0,0,0,2,0,1,0,1,0,8,0,0,2,6,0,0,0,1,0,1,0,0,0,0,0,0,0,0,3,1,2,0,3,0,0,1,3,0,1,0
9 - Χαλκιδικής,56 E.T. Δήμου Κασσάνδρας,472,263,3,1,4,259,56,15,15,3,8,2,125,22,28,36,15,2,13,0,3,0,6,2,25,0,0,0,23,1,10,4,1,1,0,2,2,0,0,0,0,0,0,0,0,0,0,0,0,0,0,0,9,1,0,3,1,0,0,0,0,0,0,0,0,0,0,0,0,0,0,8,1,2,1,2,0,0,0,9,0,0,0
9 - Χαλκιδικής,57 E.T. Δήμου Κασσάνδρας,479,301,4,1,5,296,55,12,18,2,3,10,143,36,25,45,19,2,12,0,5,1,4,0,33,0,0,0,30,1,5,0,1,0,1,0,9,0,0,0,0,0,1,0,0,0,3,0,0,0,0,0,15,3,0,6,2,2,0,0,0,0,0,0,0,0,1,0,0,0,0,7,0,1,1,2,0,0,0,10,0,0,0
9 - Χαλκιδικής,58 E.T. Δήμου Κασσάνδρας,437,251,4,0,4,247,52,23,13,1,3,3,109,15,27,30,25,1,12,1,3,1,1,0,30,0,0,0,21,8,3,0,1,1,0,0,6,0,0,0,0,0,0,0,0,0,3,0,0,0,0,0,5,1,0,2,0,0,0,0,0,0,1,0,0,0,0,0,0,0,0,13,1,8,1,3,0,0,0,10,0,0,0
9 - Χαλκιδικής,59 E.T. Δήμου Κασσάνδρας,548,288,5,2,7,281,38,10,4,3,5,3,187,20,26,71,41,3,11,0,2,3,2,2,7,0,2,0,1,3,5,2,0,1,0,0,3,0,0,0,0,0,0,0,0,0,1,0,0,0,0,0,9,1,0,0,0,0,1,0,1,0,1,0,0,0,0,0,0,0,0,12,4,0,2,3,0,0,0,2,0,0,0
9 - Χαλκιδικής,60 E.T. Δήμου Κασσάνδρας,402,220,1,4,5,215,60,16,11,1,1,9,73,20,11,11,17,1,8,0,4,1,2,0,12,0,0,0,6,3,23,12,0,2,0,0,2,0,0,0,0,0,1,0,0,0,1,0,0,0,0,0,11,3,0,3,1,0,2,0,0,0,1,0,0,0,0,0,0,0,0,12,2,0,0,1,0,0,0,8,0,0,0
9 - Χαλκιδικής,61 E.T. Δήμου Κασσάνδρας,410,246,3,0,3,243,69,12,16,1,12,5,74,16,15,14,18,0,19,4,7,2,5,0,20,0,0,0,15,4,21,9,1,0,1,3,4,1,0,0,0,0,0,0,0,0,0,0,0,0,0,0,12,2,0,9,0,0,1,1,0,0,2,0,0,0,4,2,1,1,0,9,3,2,1,0,0,0,0,8,4,0,0
9 - Χαλκιδικής,62 E.T. Δήμου Κασσάνδρας,413,253,2,1,3,250,83,14,25,2,5,17,84,13,22,15,17,2,14,0,4,3,4,0,19,0,1,0,9,7,15,3,2,2,0,2,5,0,0,0,0,0,1,0,0,0,1,0,0,0,0,0,12,0,1,6,2,0,0,0,1,0,1,0,0,0,2,0,0,0,0,6,0,2,0,2,0,0,0,4,0,0,0
9 - Χαλκιδικής,63 E.T. Δήμου Κασσάνδρας,466,243,5,0,5,238,66,11,19,2,5,7,74,7,11,18,27,1,5,0,1,2,0,0,30,3,3,0,19,3,31,9,2,1,1,6,4,0,0,2,0,0,0,0,0,0,0,0,0,0,0,0,9,1,1,5,2,0,2,1,0,0,0,0,0,0,1,0,0,0,0,13,1,2,1,1,0,0,0,2,0,0,0
9 - Χαλκιδικής,64 E.T. Δήμου Κασσάνδρας,513,253,7,2,9,244,44,13,7,2,3,7,129,46,13,29,26,0,13,0,4,0,7,0,19,2,1,0,12,3,3,1,0,0,0,0,5,0,0,0,0,0,2,0,0,0,0,0,0,0,0,0,14,4,1,1,0,0,0,0,0,0,0,0,0,0,1,0,0,0,0,8,1,2,0,2,0,0,0,4,0,0,0
9 - Χαλκιδικής,65 E.T. Δήμου Κασσάνδρας,607,339,2,0,2,337,61,14,9,5,3,9,180,27,18,66,43,2,16,0,4,2,8,2,13,0,2,0,10,0,8,1,3,0,0,0,7,0,0,0,0,0,0,0,0,0,5,0,0,0,0,0,19,1,1,4,5,1,0,0,0,0,0,0,0,0,1,0,0,0,0,12,3,2,2,4,0,0,0,11,0,0,0
9 - Χαλκιδικής,66 E.T. Δήμου Κασσάνδρας,272,162,2,3,5,157,41,9,15,1,3,5,58,9,8,17,17,1,7,0,1,2,2,0,25,0,1,0,13,11,4,0,0,2,0,0,3,0,0,0,0,0,3,0,0,0,0,0,0,0,0,0,6,1,1,0,2,0,1,0,0,0,0,0,0,0,0,0,0,0,0,6,0,2,0,0,0,0,0,3,0,0,0
9 - Χαλκιδικής,67 E.T. Δήμου Κασσάνδρας,288,167,0,0,0,167,51,13,6,1,5,4,57,14,11,8,15,1,5,0,1,0,4,0,26,1,0,2,7,13,4,0,1,1,0,0,1,0,0,0,0,0,0,0,0,0,0,0,0,0,0,0,5,2,0,0,1,0,0,0,0,0,0,0,0,0,0,0,0,0,0,12,3,3,1,1,0,0,1,5,1,1,0
9 - Χαλκιδικής,68 E.T. Δήμου Κασσάνδρας,493,280,2,1,3,277,82,26,10,1,18,3,121,31,35,17,9,3,19,1,4,2,7,1,18,1,1,1,10,4,2,0,0,0,0,0,8,0,0,0,0,0,1,0,0,0,1,0,0,0,0,0,10,0,1,3,3,0,0,0,0,0,2,0,0,0,0,0,0,0,0,5,1,1,0,2,0,0,0,6,0,0,0
9 - Χαλκιδικής,69 E.T. Δήμου Κασσάνδρας,418,252,7,5,12,240,58,16,6,1,11,2,110,15,23,25,21,3,8,0,3,0,3,0,18,0,0,0,9,3,7,2,0,1,0,2,2,2,0,0,0,0,1,0,0,1,2,0,0,1,1,0,16,3,0,5,0,0,0,0,0,0,0,0,0,0,1,0,0,0,0,7,4,1,1,1,0,0,0,9,4,0,0
9 - Χαλκιδικής,70 E.T. Δήμου Κασσάνδρας,434,271,7,2,9,262,43,16,3,1,4,3,158,23,24,31,65,1,8,1,2,0,2,2,18,2,2,1,6,5,2,1,0,0,0,1,11,0,0,0,0,0,2,0,0,0,0,0,0,0,0,0,10,4,1,1,1,1,0,0,0,0,0,0,0,0,0,0,0,0,0,7,1,2,0,1,0,0,0,2,0,0,0
9 - Χαλκιδικής,71 E.T. Δήμου Κασσάνδρας,435,242,1,1,2,240,48,15,14,1,6,5,121,33,9,36,33,3,8,0,0,0,4,3,23,2,1,0,8,12,4,0,0,1,0,0,4,0,0,0,0,0,0,0,0,0,0,0,0,0,0,0,9,3,0,3,2,0,0,0,1,0,2,0,0,0,2,0,0,0,0,10,2,3,0,1,0,0,0,7,0,0,0
9 - Χαλκιδικής,72 E.T. Δήμου Κασσάνδρας,488,283,5,0,5,278,57,12,13,3,2,4,141,4,30,84,12,1,19,1,4,0,9,2,16,1,0,0,0,10,5,1,0,0,0,0,6,0,0,0,0,0,0,0,0,0,1,0,0,0,0,0,8,2,1,2,1,0,0,0,0,0,0,0,0,0,1,0,0,0,0,9,0,2,0,2,0,0,0,13,0,0,0
9 - Χαλκιδικής,73 E.T. Δήμου Κασσάνδρας,493,331,23,2,25,306,68,15,17,6,6,0,156,0,13,20,77,25,6,0,0,0,5,0,24,0,0,1,6,16,2,0,0,0,1,0,3,0,1,1,0,0,5,0,1,3,0,0,0,0,0,0,17,3,2,2,4,1,0,0,0,0,1,1,0,0,0,0,0,0,0,14,3,1,0,4,3,0,0,6,3,1,0
9 - Χαλκιδικής,74 E.T. Δήμου Κασσάνδρας,495,298,4,6,10,288,46,9,9,4,2,3,160,15,10,108,12,3,22,1,3,1,4,5,12,0,0,1,1,10,2,1,0,0,1,0,9,0,0,9,0,0,1,0,1,0,1,0,0,0,0,1,12,2,0,1,1,0,0,0,0,0,0,0,0,0,0,0,0,0,0,15,1,3,2,4,1,0,1,4,0,1,0
9 - Χαλκιδικής,75 E.T. Δήμου Κασσάνδρας,489,287,2,1,3,284,41,6,11,2,2,2,144,20,31,41,28,1,14,1,3,1,4,1,34,0,0,3,7,24,3,0,0,1,1,0,1,0,0,0,0,0,1,0,0,0,1,0,0,0,0,0,16,2,1,5,3,0,1,0,0,0,4,0,0,0,1,0,0,0,0,13,6,2,3,2,0,0,0,8,0,0,0
9 - Χαλκιδικής,76 E.T. Δήμου Κασσάνδρας,500,271,3,1,4,267,64,10,11,5,4,5,124,33,21,32,20,2,18,0,3,2,6,0,23,0,0,0,6,15,1,0,0,0,0,0,0,0,0,0,0,0,0,0,0,0,0,0,0,0,0,0,12,4,1,1,1,1,0,0,0,0,0,0,0,0,0,0,0,0,0,13,1,0,2,4,0,0,0,8,0,0,0
9 - Χαλκιδικής,77 E.T. Δήμου Κασσάνδρας,397,216,1,0,1,215,30,13,6,1,2,4,102,7,23,35,27,1,15,0,3,1,6,0,21,0,0,0,15,6,3,2,0,0,0,1,5,0,0,0,0,0,0,0,0,0,0,0,0,0,0,0,15,2,0,1,1,4,0,0,0,0,1,0,0,0,0,0,0,0,0,18,3,7,0,2,0,0,0,3,0,0,0
9 - Χαλκιδικής,78 E.T. Δήμου Κασσάνδρας,490,247,5,5,10,237,40,6,8,2,3,8,121,21,22,37,26,1,8,1,1,0,3,0,30,0,2,0,7,19,1,1,0,0,0,0,4,0,0,0,0,0,1,0,0,0,0,0,0,0,0,0,10,3,1,1,4,0,0,0,0,0,2,0,0,0,0,0,0,0,0,15,0,7,3,2,0,0,0,3,0,0,0
9 - Χαλκιδικής,79 E.T. Δήμου Νέας Προποντίδας,553,341,3,2,5,336,78,21,16,8,7,1,102,31,14,5,35,1,25,3,5,0,7,3,62,0,1,0,0,59,9,3,1,0,1,0,4,0,0,0,0,0,0,0,0,0,1,0,0,0,0,0,29,4,0,2,3,1,0,0,0,0,4,0,0,0,1,0,0,0,0,12,1,8,0,3,0,0,0,6,0,0,0
9 - Χαλκιδικής,80 E.T. Δήμου Νέας Προποντίδας,525,334,2,3,5,329,73,13,20,4,9,3,93,31,12,6,23,4,17,0,3,0,0,0,86,0,1,0,4,79,8,3,0,1,0,0,1,1,0,0,0,0,0,0,0,0,5,1,0,0,0,0,16,7,0,3,1,1,2,1,0,0,1,0,1,0,0,0,0,0,0,19,3,4,0,0,0,0,0,8,4,3,0
9 - Χαλκιδικής,81 E.T. Δήμου Νέας Προποντίδας,553,350,3,2,5,345,112,28,22,6,11,13,85,17,26,4,24,1,22,3,2,1,7,3,74,0,1,0,1,71,3,1,0,1,0,0,3,1,0,0,0,0,0,0,0,0,0,0,0,0,0,0,20,5,0,1,3,3,0,0,0,0,2,2,0,0,2,0,0,0,1,10,2,1,1,2,0,1,0,10,5,1,0
9 - Χαλκιδικής,82 E.T. Δήμου Νέας Προποντίδας,553,358,8,1,9,349,96,20,26,7,10,6,98,34,12,5,25,1,16,0,2,1,7,2,91,0,1,0,1,88,11,1,0,2,0,0,2,2,0,0,0,0,0,0,0,0,1,0,0,0,0,0,11,1,0,3,3,0,0,0,0,0,2,0,0,0,1,0,0,0,0,14,2,1,4,2,0,0,0,4,0,1,1
9 - Χαλκιδικής,83 E.T. Δήμου Νέας Προποντίδας,520,314,0,1,1,313,79,13,22,10,7,5,83,31,14,3,22,1,13,0,3,0,5,1,83,0,0,0,1,2,13,3,1,6,0,1,6,0,0,0,0,0,1,0,0,0,1,0,0,0,0,0,15,0,0,2,4,2,0,0,0,0,3,0,0,0,0,0,0,0,0,9,3,1,2,0,0,0,0,7,0,0,0
9 - Χαλκιδικής,84 E.T. Δήμου Νέας Προποντίδας,519,338,8,1,9,329,90,26,21,3,15,3,121,47,14,8,39,1,16,2,3,1,5,1,68,2,0,0,0,60,8,5,0,1,0,1,2,0,1,0,0,0,0,0,0,0,0,0,0,0,0,0,11,3,1,2,2,0,0,0,0,0,1,1,0,0,0,0,0,0,0,9,2,2,1,0,0,0,0,3,1,1,0
9 - Χαλκιδικής,85 E.T. Δήμου Νέας Προποντίδας,526,306,5,2,7,299,76,14,16,7,9,4,77,28,15,7,13,1,10,3,1,0,6,0,84,1,0,2,4,71,12,5,1,1,2,0,6,2,0,2,0,0,0,0,0,0,1,0,0,0,0,0,15,3,0,2,0,1,0,0,0,0,1,0,0,0,0,0,0,0,0,11,3,1,3,0,0,0,0,6,1,0,1
9 - Χαλκιδικής,86 E.T. Δήμου Νέας Προποντίδας,520,335,3,1,4,331,93,19,24,10,12,9,108,38,13,5,27,0,13,0,4,3,5,1,67,1,0,0,0,62,12,3,0,0,0,3,8,0,0,0,0,0,2,0,0,0,0,0,0,0,0,0,14,3,0,1,3,1,0,0,0,0,0,0,0,0,1,0,0,0,0,11,1,2,2,1,0,0,0,1,0,0,0
9 - Χαλκιδικής,87 E.T. Δήμου Νέας Προποντίδας,517,334,4,1,5,329,80,20,22,4,6,3,86,35,19,9,13,3,17,1,2,1,8,0,94,0,2,1,1,87,7,2,0,1,1,0,4,0,0,0,0,0,0,0,0,0,0,0,0,0,0,0,21,5,0,4,4,1,1,0,0,0,1,0,0,0,0,0,0,0,0,13,2,4,3,2,0,0,0,3,0,0,0
9 - Χαλκιδικής,88 E.T. Δήμου Νέας Προποντίδας,480,341,3,1,4,337,67,14,11,6,14,6,138,34,24,4,50,1,12,0,3,1,2,0,66,0,2,0,1,59,9,4,1,1,0,1,2,0,0,0,0,0,0,0,0,0,2,0,0,0,0,0,16,4,3,0,0,0,1,0,0,0,2,0,0,0,0,0,0,0,0,11,3,2,1,6,0,0,0,5,0,0,0
9 - Χαλκιδικής,89 E.T. Δήμου Νέας Προποντίδας,557,353,0,0,0,353,92,20,22,3,8,6,126,26,14,11,37,4,11,0,1,0,4,0,66,0,0,0,2,56,10,5,1,1,0,0,5,0,0,0,0,0,1,0,0,0,5,0,0,0,0,0,22,4,1,1,3,0,1,0,0,0,0,0,0,0,0,0,0,0,0,10,2,3,0,1,0,0,0,3,0,0,0
9 - Χαλκιδικής,90 E.T. Δήμου Νέας Προποντίδας,458,304,4,3,7,297,88,17,24,3,5,8,104,43,18,8,23,5,17,0,1,1,11,0,40,0,0,0,0,0,3,3,0,0,0,0,7,0,0,0,0,0,0,0,0,0,0,0,0,0,0,0,21,6,2,1,5,1,1,0,1,0,0,0,0,0,0,0,0,0,0,10,1,4,2,1,0,0,0,4,0,0,0
9 - Χαλκιδικής,91 E.T. Δήμου Νέας Προποντίδας,483,319,4,1,5,314,109,27,23,7,16,3,111,29,11,19,27,4,19,1,5,2,10,0,22,0,2,0,1,19,13,4,0,2,1,1,2,0,1,0,0,0,1,0,0,0,1,1,0,0,0,0,18,1,4,3,2,2,0,0,0,0,3,2,1,0,2,0,1,0,0,10,2,2,3,0,0,0,0,3,1,1,0
9 - Χαλκιδικής,92 E.T. Δήμου Νέας Προποντίδας,448,272,2,4,6,266,60,7,13,4,10,3,91,41,24,9,12,0,23,0,6,3,4,0,33,0,0,0,1,26,3,2,0,0,0,0,7,0,0,0,0,0,0,0,0,0,2,0,0,0,0,0,21,6,0,2,4,0,1,0,0,0,0,0,0,0,1,0,0,0,0,16,1,4,0,2,0,0,0,6,0,0,0
9 - Χαλκιδικής,93 E.T. Δήμου Νέας Προποντίδας,272,181,9,4,13,168,28,8,1,0,3,1,83,14,10,5,35,1,7,0,1,1,2,2,25,0,1,1,1,20,3,0,1,0,0,0,4,0,0,0,0,0,0,0,0,0,4,0,0,0,0,0,1,0,0,1,0,0,1,0,0,0,2,0,0,0,1,0,0,0,0,3,0,3,0,2,0,0,0,4,0,0,0
9 - Χαλκιδικής,94 E.T. Δήμου Νέας Προποντίδας,368,259,2,0,2,257,48,13,10,1,6,1,112,21,13,8,49,0,15,0,1,0,6,3,39,1,2,0,2,34,6,3,0,1,0,0,1,0,0,0,0,0,6,0,0,0,1,0,0,0,0,0,12,3,0,1,1,1,1,0,0,0,1,0,0,0,0,0,0,0,0,9,2,1,1,6,0,0,0,0,0,0,0
9 - Χαλκιδικής,95 E.T. Δήμου Νέας Προποντίδας,531,348,0,2,2,346,96,25,15,1,26,6,125,46,31,7,21,0,23,0,5,1,11,0,54,2,1,0,0,47,9,5,0,3,0,0,5,2,1,0,0,0,2,0,0,0,1,0,0,0,0,0,8,6,0,2,0,0,0,0,0,0,3,0,0,0,0,0,0,0,0,11,3,4,1,4,3,0,0,5,3,1,0
9 - Χαλκιδικής,96 E.T. Δήμου Νέας Προποντίδας,516,327,4,2,6,321,73,15,14,3,16,2,123,40,26,6,34,2,11,0,1,2,5,0,57,3,2,1,0,48,6,2,0,1,0,0,5,0,1,1,0,0,0,0,0,0,0,0,0,0,0,0,21,5,1,5,0,2,0,0,0,0,2,0,0,0,0,0,0,0,0,14,5,0,0,4,1,0,0,5,1,0,1
9 - Χαλκιδικής,97 E.T. Δήμου Νέας Προποντίδας,523,337,10,3,13,324,83,14,13,6,27,7,120,37,26,10,26,3,12,1,2,2,3,0,49,3,2,0,0,42,9,5,0,2,0,0,7,0,0,0,0,0,2,0,0,0,3,0,0,0,0,0,11,3,1,3,1,0,0,0,1,0,3,0,0,0,1,0,0,0,0,10,1,7,0,6,0,0,0,7,0,0,0
9 - Χαλκιδικής,98 E.T. Δήμου Νέας Προποντίδας,535,281,13,1,14,267,70,9,8,2,28,8,88,26,14,5,28,3,19,4,0,0,13,1,32,2,11,0,2,13,8,2,0,2,0,0,3,0,0,0,0,0,0,0,0,0,2,0,0,0,2,0,16,0,10,1,3,0,1,0,0,0,2,0,1,0,8,5,0,0,2,14,6,1,4,0,0,0,0,4,0,2,1
9 - Χαλκιδικής,99 E.T. Δήμου Νέας Προποντίδας,560,299,16,4,20,279,84,10,10,3,37,4,105,22,23,4,35,0,19,0,7,2,7,2,13,1,4,0,3,3,13,2,1,1,0,3,2,1,0,0,0,0,1,0,0,0,2,0,0,0,1,0,9,2,6,0,0,0,0,0,1,0,3,2,1,0,5,3,0,1,1,15,2,1,4,3,1,0,0,4,1,1,0
9 - Χαλκιδικής,100 E.T. Δήμου Νέας Προποντίδας,553,368,12,3,15,353,81,8,14,3,36,2,113,25,18,9,34,2,21,0,3,1,11,1,50,1,19,1,3,23,13,2,1,2,0,0,7,0,0,0,0,0,2,0,0,0,1,0,0,0,0,0,15,1,12,2,0,0,0,0,0,0,7,0,0,0,1,0,0,0,0,26,7,2,8,9,0,0,0,7,0,0,0
9 - Χαλκιδικής,101 E.T. Δήμου Νέας Προποντίδας,567,309,14,2,16,293,65,2,12,5,30,3,146,27,38,19,41,3,7,0,4,1,1,1,15,3,4,1,2,4,10,3,0,1,0,1,5,0,0,0,0,0,0,0,0,0,1,0,0,0,0,0,14,2,4,5,0,0,0,0,0,0,3,0,0,0,0,0,0,0,0,8,2,2,1,11,0,0,0,8,0,0,0
9 - Χαλκιδικής,102 E.T. Δήμου Νέας Προποντίδας,567,286,1,4,5,281,83,11,14,7,33,4,94,16,28,9,33,2,8,0,2,0,4,1,23,0,7,1,1,13,10,4,0,2,0,0,4,2,0,1,0,0,1,1,0,0,3,0,0,0,3,0,18,1,7,5,0,2,0,0,0,0,0,0,0,0,2,1,0,0,1,18,2,3,6,10,4,0,2,7,3,1,1
9 - Χαλκιδικής,103 E.T. Δήμου Νέας Προποντίδας,564,327,5,1,6,321,93,10,12,4,48,4,125,21,30,10,39,0,17,0,0,0,12,0,18,0,5,2,1,7,5,0,1,0,0,1,3,0,2,0,0,0,4,0,1,0,2,0,0,1,1,0,15,0,4,4,0,1,0,0,0,0,2,0,1,0,4,2,0,0,1,14,0,2,4,6,0,0,2,13,1,2,2
9 - Χαλκιδικής,104 E.T. Δήμου Νέας Προποντίδας,566,297,1,3,4,293,85,17,14,8,23,6,114,31,26,4,31,1,16,0,1,0,11,2,25,1,8,1,0,13,10,2,2,0,0,1,3,0,0,0,0,0,1,0,0,0,1,0,0,0,0,0,17,0,12,3,0,0,0,0,0,0,0,0,0,0,3,0,0,0,0,6,2,0,1,5,0,0,0,7,0,0,0
9 - Χαλκιδικής,105 E.T. Δήμου Νέας Προποντίδας,570,323,8,1,9,314,71,11,8,1,30,5,116,29,25,3,41,1,13,1,1,1,9,0,51,2,11,1,2,28,11,1,0,5,0,1,4,2,0,0,0,0,1,1,0,0,1,0,0,0,0,0,19,3,9,4,0,0,0,0,0,0,2,1,0,0,4,0,0,0,4,14,3,1,1,3,0,0,0,4,2,0,0
9 - Χαλκιδικής,106 E.T. Δήμου Νέας Προποντίδας,564,293,3,7,10,283,72,8,12,3,37,2,83,15,21,6,23,2,16,0,2,2,11,0,36,8,0,1,2,20,7,1,1,1,0,0,5,3,0,0,0,0,0,0,0,0,6,0,0,0,6,0,26,3,14,3,1,0,1,0,1,0,4,0,1,0,3,3,0,0,0,11,3,2,4,10,6,0,1,2,0,1,0
9 - Χαλκιδικής,107 E.T. Δήμου Νέας Προποντίδας,561,258,5,3,8,250,77,9,10,4,34,4,83,17,25,7,17,2,13,0,3,0,6,2,21,0,8,1,1,9,10,4,0,2,0,0,8,0,0,0,0,0,2,0,0,0,0,0,0,0,0,0,12,3,3,3,1,0,0,0,0,0,1,0,0,0,2,0,0,0,0,12,3,1,2,6,0,0,0,3,0,0,0
9 - Χαλκιδικής,108 E.T. Δήμου Νέας Προποντίδας,568,329,1,4,5,324,69,9,10,4,31,0,125,23,40,1,43,5,18,0,5,1,10,0,25,2,8,2,1,6,16,2,1,7,0,0,7,0,0,0,0,0,1,0,0,0,3,0,0,0,0,0,26,1,12,3,1,0,0,0,0,0,1,0,0,0,2,0,0,0,0,17,5,2,4,10,0,0,0,4,0,0,0
9 - Χαλκιδικής,109 E.T. Δήμου Νέας Προποντίδας,400,256,1,4,5,251,49,8,20,0,21,0,121,31,36,5,25,1,14,1,3,1,6,1,27,1,8,1,3,13,4,1,1,0,0,0,11,0,0,0,0,0,0,0,0,0,0,0,0,0,0,0,11,0,3,3,1,1,0,0,0,0,4,0,0,0,1,0,0,0,0,4,1,0,1,0,0,0,0,5,0,0,0
9 - Χαλκιδικής,110 E.T. Δήμου Νέας Προποντίδας,396,257,2,1,3,254,47,5,12,3,11,4,115,38,25,6,33,3,8,1,4,0,2,1,42,2,11,1,2,21,1,0,0,0,0,0,9,0,0,0,0,0,0,0,0,0,0,0,0,0,0,0,11,1,3,2,0,0,0,0,0,0,2,0,0,0,0,0,0,0,0,14,4,3,3,1,0,0,0,4,0,0,0
9 - Χαλκιδικής,111 E.T. Δήμου Νέας Προποντίδας,400,273,5,1,6,267,45,7,5,4,17,3,124,34,40,4,36,1,10,0,1,3,5,1,35,0,5,0,1,18,5,0,1,0,0,0,9,3,1,1,0,0,0,0,0,0,0,0,0,0,0,0,14,1,2,7,0,0,0,0,0,0,4,2,1,0,1,0,1,0,0,7,1,0,1,3,1,0,1,10,2,4,0
9 - Χαλκιδικής,112 E.T. Δήμου Νέας Προποντίδας,347,217,3,0,3,214,49,15,9,8,10,0,91,27,42,3,12,2,10,0,3,2,3,0,27,2,8,1,1,15,2,1,0,0,0,0,3,0,0,0,0,0,0,0,0,0,0,0,0,0,0,0,21,2,16,1,0,0,0,0,0,0,0,0,0,0,0,0,0,0,0,6,2,1,1,1,0,0,0,4,0,0,0
9 - Χαλκιδικής,113 E.T. Δήμου Νέας Προποντίδας,507,280,1,3,4,276,56,10,6,4,22,3,91,21,22,13,20,2,14,0,5,2,5,1,50,1,15,0,3,28,4,1,0,2,0,0,8,0,0,0,0,0,1,0,0,0,3,0,0,0,0,0,23,2,6,7,5,0,1,0,0,0,4,0,0,0,4,0,0,0,0,10,1,3,3,1,0,0,0,6,0,0,0
9 - Χαλκιδικής,114 E.T. Δήμου Νέας Προποντίδας,509,302,6,1,7,295,65,16,5,1,21,4,117,18,45,12,24,0,11,1,2,1,5,0,63,0,10,4,1,43,4,0,0,1,0,1,5,0,0,3,0,0,0,0,0,0,2,1,0,0,1,0,9,0,4,3,1,0,0,0,0,0,0,0,0,0,1,0,0,0,1,10,3,2,1,3,1,0,0,5,0,1,2
9 - Χαλκιδικής,115 E.T. Δήμου Νέας Προποντίδας,528,283,2,3,5,278,75,15,11,2,23,4,93,18,21,4,25,2,18,2,8,2,4,0,43,2,14,2,2,19,3,0,0,0,0,1,4,0,1,0,0,0,0,0,0,0,2,0,0,0,2,0,12,3,0,3,2,1,0,0,0,0,1,1,0,0,2,2,0,0,0,15,2,2,5,4,2,0,0,6,2,0,0
9 - Χαλκιδικής,116 E.T. Δήμου Νέας Προποντίδας,441,254,6,4,10,244,61,6,5,4,30,4,78,18,27,5,21,1,17,1,1,1,13,0,53,0,15,0,1,30,4,0,1,1,0,1,0,0,0,0,0,0,1,0,0,0,2,0,0,0,0,0,9,1,1,2,0,0,1,0,0,0,2,0,0,0,2,0,0,0,0,3,0,1,1,2,0,0,0,9,0,0,0
9 - Χαλκιδικής,117 E.T. Δήμου Νέας Προποντίδας,486,296,1,0,1,295,82,16,20,2,11,11,108,21,17,11,32,5,21,0,17,0,2,0,27,0,8,1,1,14,5,1,0,0,0,2,10,3,2,3,0,0,0,0,0,0,0,0,0,0,0,0,19,0,1,5,3,1,0,0,1,0,0,0,0,0,1,0,0,0,0,11,4,3,0,3,1,0,0,7,0,5,0
9 - Χαλκιδικής,118 E.T. Δήμου Νέας Προποντίδας,482,290,7,6,13,277,67,18,9,1,16,5,106,22,22,5,38,1,46,0,32,1,7,3,14,1,2,1,6,1,7,1,3,2,0,0,7,2,0,3,0,0,0,0,0,0,0,0,0,0,0,0,13,1,2,4,1,0,0,0,0,0,1,0,0,1,0,0,0,0,0,9,1,5,0,4,0,0,1,3,2,0,0
9 - Χαλκιδικής,119 E.T. Δήμου Νέας Προποντίδας,487,294,1,0,1,293,67,24,7,1,16,2,103,26,22,5,29,2,33,0,25,3,3,0,25,1,3,1,4,12,16,7,0,2,0,0,6,0,0,0,0,0,0,0,0,0,1,0,0,0,0,0,21,3,0,9,2,2,0,0,1,0,0,0,0,0,0,0,0,0,0,7,0,1,1,7,0,0,0,6,0,0,0
9 - Χαλκιδικής,120 E.T. Δήμου Νέας Προποντίδας,511,275,10,1,11,264,66,29,9,5,16,5,104,17,15,5,48,2,34,1,24,1,5,0,12,0,0,0,1,7,15,1,0,4,0,1,6,0,0,0,0,0,3,0,0,0,0,0,0,0,0,0,15,4,3,2,3,1,1,0,0,0,0,0,0,0,0,0,0,0,0,5,0,3,0,0,0,0,0,3,0,0,0
9 - Χαλκιδικής,121 E.T. Δήμου Νέας Προποντίδας,471,313,2,3,5,308,64,9,10,6,25,1,137,54,19,6,37,0,9,0,1,0,6,0,45,0,17,1,6,20,4,0,0,0,0,1,2,0,0,0,0,0,2,0,0,0,1,0,0,0,0,0,11,3,1,3,0,0,0,0,0,0,1,0,0,0,0,0,0,0,0,16,1,3,1,15,0,0,0,1,0,0,0
9 - Χαλκιδικής,122 E.T. Δήμου Νέας Προποντίδας,420,272,4,2,6,266,54,8,10,2,20,2,110,35,22,7,36,1,21,0,2,4,8,2,47,1,7,0,4,33,3,0,0,2,0,0,2,0,0,0,0,0,0,0,0,0,0,0,0,0,0,0,4,0,0,2,1,0,0,0,0,0,0,0,0,0,1,0,0,0,0,9,1,2,1,5,0,0,0,10,0,0,0
9 - Χαλκιδικής,123 E.T. Δήμου Νέας Προποντίδας,455,269,2,0,2,267,38,4,11,8,10,4,139,42,27,4,55,2,21,1,4,1,12,0,37,1,19,4,0,10,0,0,0,0,0,0,2,0,0,0,0,0,2,0,0,0,0,0,0,0,0,0,7,2,2,2,0,0,1,0,0,0,1,0,0,0,1,0,0,0,0,9,2,3,0,8,0,0,0,1,0,0,0
9 - Χαλκιδικής,124 E.T. Δήμου Νέας Προποντίδας,423,274,8,2,10,264,37,12,9,2,7,4,122,19,41,8,30,4,10,0,1,1,6,2,37,0,9,4,2,22,6,2,0,1,0,0,3,0,0,0,0,0,1,0,0,0,5,0,0,0,0,0,15,4,2,4,1,1,1,0,0,0,0,0,0,0,3,0,0,0,0,9,2,4,0,13,0,0,0,2,0,0,0
9 - Χαλκιδικής,125 E.T. Δήμου Νέας Προποντίδας,440,250,4,1,5,245,51,7,3,2,22,3,103,25,22,5,37,0,7,1,2,0,0,1,39,0,4,0,1,29,2,1,0,0,0,0,5,3,2,0,0,0,3,3,0,0,5,0,5,0,0,0,3,0,0,3,0,0,0,0,0,0,0,0,0,0,1,0,0,0,1,13,3,6,0,6,2,0,1,7,1,4,0
9 - Χαλκιδικής,126 E.T. Δήμου Νέας Προποντίδας,435,259,6,2,8,251,49,7,6,3,14,4,87,19,26,4,27,1,11,1,5,1,4,0,49,0,9,0,6,31,6,1,1,1,0,1,4,0,0,0,0,0,0,0,0,0,3,0,0,0,0,0,12,3,2,5,1,0,0,0,1,0,0,0,0,0,1,0,0,0,0,21,5,8,3,3,0,0,0,4,0,0,0
9 - Χαλκιδικής,127 E.T. Δήμου Νέας Προποντίδας,469,230,2,0,2,228,53,9,5,5,19,9,81,30,19,5,25,0,17,1,3,0,11,0,27,1,5,4,1,16,4,0,0,2,0,0,3,0,0,0,0,0,2,0,0,0,7,0,0,0,0,0,17,4,5,1,3,1,0,0,0,0,1,0,0,0,0,0,0,0,0,6,2,0,3,6,0,0,0,4,0,0,0
9 - Χαλκιδικής,128 E.T. Δήμου Νέας Προποντίδας,490,283,1,1,2,281,47,10,6,3,12,7,125,42,26,6,38,2,13,0,3,3,5,1,54,1,14,1,3,32,2,0,0,2,0,0,5,0,0,0,0,0,1,0,0,0,5,0,0,0,0,0,8,3,0,4,0,0,0,0,0,0,0,0,0,0,5,0,0,0,0,5,0,3,1,3,0,0,0,8,0,0,0
9 - Χαλκιδικής,129 E.T. Δήμου Νέας Προποντίδας,491,295,2,4,6,289,71,14,12,4,18,2,111,50,21,5,22,1,30,3,1,14,6,0,49,0,25,1,0,20,1,0,0,1,0,0,3,0,0,0,0,0,0,0,0,0,1,0,0,0,0,0,7,3,0,3,0,0,0,0,0,0,0,0,0,0,2,0,0,0,0,7,1,3,0,3,0,0,0,4,0,0,0
9 - Χαλκιδικής,130 E.T. Δήμου Νέας Προποντίδας,502,285,3,1,4,281,73,10,18,2,21,2,130,46,39,5,22,2,19,2,5,3,6,1,24,0,24,0,0,0,3,0,0,2,0,0,4,0,0,0,0,0,0,0,0,0,3,0,0,0,0,0,7,2,2,1,0,0,0,0,0,0,0,0,0,0,2,0,0,0,0,6,1,1,0,2,0,0,0,8,0,0,0
9 - Χαλκιδικής,131 E.T. Δήμου Νέας Προποντίδας,489,295,13,2,15,280,81,21,2,6,6,5,118,35,31,15,20,4,18,0,0,3,12,1,13,0,5,1,1,6,7,1,0,1,0,1,6,0,0,0,0,0,1,0,0,0,1,0,0,0,0,0,11,1,3,0,2,0,1,0,1,0,0,0,0,0,1,0,0,0,0,12,4,3,0,3,0,0,0,6,0,0,0
9 - Χαλκιδικής,132 E.T. Δήμου Νέας Προποντίδας,484,287,1,1,2,285,74,10,11,6,21,4,98,42,18,9,15,0,24,0,6,6,7,0,23,3,6,0,1,7,13,5,0,1,0,0,10,0,0,0,0,0,4,0,0,0,2,0,0,0,0,0,13,2,4,1,0,1,0,0,0,0,0,0,0,0,1,0,0,0,0,12,3,1,1,3,0,0,0,8,0,0,0
9 - Χαλκιδικής,133 E.T. Δήμου Νέας Προποντίδας,372,262,4,3,7,255,49,7,15,2,9,1,122,54,19,8,14,1,21,0,5,0,9,6,25,1,3,3,0,14,5,0,0,2,0,3,2,0,1,0,0,0,2,1,0,0,0,0,0,0,0,0,7,0,1,0,1,0,0,0,1,0,2,1,1,0,1,0,0,0,0,9,1,2,0,0,0,0,0,9,0,0,0
9 - Χαλκιδικής,134 E.T. Δήμου Νέας Προποντίδας,532,371,2,4,6,365,55,12,10,11,3,5,166,40,56,9,31,1,29,3,2,5,12,0,42,0,3,0,0,29,10,1,0,1,0,2,10,0,0,0,0,0,1,0,0,0,1,0,0,0,0,0,19,2,1,1,5,2,0,0,0,0,4,0,0,0,1,0,0,0,0,14,4,1,1,4,0,0,0,9,0,0,0
9 - Χαλκιδικής,135 E.T. Δήμου Νέας Προποντίδας,435,306,3,1,4,302,43,3,9,2,10,1,153,58,28,13,40,2,18,0,0,2,6,6,35,1,1,0,0,29,5,1,0,1,0,3,3,0,0,0,0,0,0,0,0,0,0,0,0,0,0,0,21,4,4,5,3,2,0,0,0,0,3,0,0,0,0,0,0,0,0,15,4,4,1,5,0,0,0,1,0,0,0
9 - Χαλκιδικής,136 E.T. Δήμου Νέας Προποντίδας,547,333,3,3,6,327,85,22,18,4,18,13,139,49,31,12,36,6,14,5,4,2,1,0,30,1,2,0,3,19,11,2,0,3,0,2,7,0,0,0,0,0,0,0,0,0,0,0,0,0,0,0,11,2,5,0,2,0,0,0,0,0,4,0,0,0,1,0,0,0,0,18,5,2,3,3,0,0,0,4,0,0,0
9 - Χαλκιδικής,137 E.T. Δήμου Νέας Προποντίδας,552,329,7,2,9,320,81,13,11,8,23,10,139,51,30,14,34,1,15,0,2,1,4,3,33,2,4,0,7,20,15,2,1,8,0,3,3,1,0,1,0,0,1,0,0,0,1,0,0,1,0,0,12,3,3,3,1,0,0,0,0,0,2,0,0,1,1,1,0,0,0,13,11,0,1,3,1,1,0,1,0,0,0
9 - Χαλκιδικής,138 E.T. Δήμου Νέας Προποντίδας,558,343,7,2,9,334,81,8,12,4,19,7,136,48,27,12,31,2,30,2,7,0,11,6,32,0,2,0,4,20,9,4,0,2,0,1,3,1,0,1,2,0,0,0,0,0,0,0,0,0,0,0,11,2,0,2,0,1,0,0,0,0,1,0,1,0,0,0,0,0,0,15,7,0,1,8,5,0,0,6,0,1,2
9 - Χαλκιδικής,139 E.T. Δήμου Νέας Προποντίδας,564,359,10,4,14,345,77,17,10,1,26,2,128,39,44,4,25,3,19,1,4,3,7,0,51,1,5,1,12,30,20,7,0,5,0,2,5,2,0,1,0,0,0,0,0,0,2,0,0,1,1,0,15,3,0,5,4,0,0,0,0,0,0,0,0,0,0,0,0,0,0,16,6,3,4,4,0,2,1,8,5,1,0
9 - Χαλκιδικής,140 E.T. Δήμου Νέας Προποντίδας,551,297,3,2,5,292,69,13,16,3,18,3,96,37,17,4,23,4,19,2,0,2,3,3,42,0,4,0,6,27,13,1,0,8,0,1,1,0,0,0,0,0,2,0,0,0,2,0,0,0,2,0,19,2,2,3,2,2,1,0,1,0,1,0,0,0,0,0,0,0,0,18,13,1,0,1,0,0,0,7,4,0,0
9 - Χαλκιδικής,141 E.T. Δήμου Νέας Προποντίδας,436,276,3,2,5,271,74,15,11,9,27,2,100,33,21,1,31,3,8,1,0,0,4,1,30,0,7,1,3,14,13,4,0,1,1,2,3,0,0,0,0,0,1,0,0,0,0,0,0,0,0,0,16,7,2,0,1,1,1,0,0,0,2,0,0,0,1,0,0,0,0,13,3,2,3,5,0,0,0,4,0,0,0
9 - Χαλκιδικής,142 E.T. Δήμου Νέας Προποντίδας,432,268,1,0,1,267,62,11,9,1,29,0,114,28,26,3,41,4,8,1,0,2,3,1,39,1,9,1,0,26,8,5,0,0,0,0,4,0,0,0,0,0,1,0,0,0,2,0,0,0,0,0,15,4,1,2,0,0,1,0,1,0,2,0,0,0,0,0,0,0,0,3,0,1,1,1,0,0,0,6,0,0,0
9 - Χαλκιδικής,143 E.T. Δήμου Νέας Προποντίδας,397,254,3,2,5,249,54,11,10,3,17,5,111,26,29,5,36,6,14,1,0,1,6,1,34,0,9,1,3,15,5,1,0,0,0,0,3,1,0,1,0,0,0,0,0,0,0,0,0,0,0,0,8,2,1,1,0,0,0,0,0,0,2,0,0,1,0,0,0,0,0,13,5,2,3,0,0,0,0,5,0,2,0
9 - Χαλκιδικής,144 E.T. Δήμου Νέας Προποντίδας,521,339,2,1,3,336,83,16,14,6,19,4,100,45,13,2,24,0,25,0,3,2,8,9,53,1,3,0,1,41,11,3,0,1,2,0,3,1,1,0,0,0,2,0,0,1,16,0,0,0,15,0,22,5,2,2,1,0,0,0,0,0,1,0,0,0,0,0,0,0,0,7,3,1,0,6,1,0,0,7,1,1,0
9 - Χαλκιδικής,145 E.T. Δήμου Πολυγύρου,431,270,3,6,9,261,63,18,8,4,10,6,79,26,32,1,3,3,9,0,1,2,3,1,35,1,4,3,0,20,24,3,2,3,0,12,4,0,0,0,0,0,1,0,0,0,3,0,0,0,0,0,18,3,8,0,2,1,2,0,0,0,0,0,0,0,1,0,0,0,0,14,2,5,2,2,0,0,0,6,0,0,0
9 - Χαλκιδικής,146 E.T. Δήμου Πολυγύρου,371,240,4,3,7,233,53,18,5,3,2,6,99,18,43,8,8,4,8,1,1,3,1,1,20,5,4,1,0,8,26,5,2,4,0,10,7,0,0,0,0,0,2,0,0,0,1,0,0,0,0,0,6,2,2,0,2,0,0,0,0,0,1,0,0,0,2,0,0,0,0,5,0,2,1,1,0,0,0,2,0,0,0
9 - Χαλκιδικής,147 E.T. Δήμου Πολυγύρου,329,227,3,1,4,223,52,17,7,1,2,11,108,49,18,1,12,11,11,4,2,0,2,1,13,3,1,2,0,3,12,0,0,1,0,1,2,0,0,0,0,0,1,0,0,0,0,0,0,0,0,0,7,1,0,1,1,1,1,0,1,0,1,0,0,0,0,0,0,0,0,8,1,1,1,2,0,0,0,4,0,0,0
9 - Χαλκιδικής,148 E.T. Δήμου Πολυγύρου,519,311,4,1,5,306,57,8,13,3,1,10,167,47,43,6,31,11,24,3,2,1,7,4,2,0,0,0,0,2,9,1,0,2,0,2,10,0,0,0,1,0,0,0,0,0,1,0,0,0,0,0,14,3,1,2,1,1,0,0,0,0,2,0,0,0,2,0,0,0,0,6,3,2,0,5,0,0,0,6,0,0,0
9 - Χαλκιδικής,149 E.T. Δήμου Πολυγύρου,472,281,3,0,3,278,62,6,15,4,6,6,130,25,36,3,28,9,13,2,4,1,6,0,11,0,1,0,0,8,5,0,0,0,0,2,4,1,0,0,0,0,0,0,0,0,1,0,0,0,1,0,25,5,3,1,3,3,0,0,0,0,0,0,0,0,8,0,0,8,0,7,1,1,0,2,0,0,1,10,6,1,0
9 - Χαλκιδικής,150 E.T. Δήμου Πολυγύρου,471,289,3,0,3,286,47,12,12,6,3,3,175,35,53,9,42,10,16,0,1,1,11,1,7,2,0,2,0,1,3,1,0,0,0,1,4,0,0,0,0,0,0,0,0,0,0,0,0,0,0,0,13,1,0,1,4,1,0,0,0,0,0,0,0,0,1,0,0,0,0,8,2,3,0,5,0,0,0,7,0,0,0
9 - Χαλκιδικής,151 E.T. Δήμου Πολυγύρου,470,267,5,2,7,260,53,22,16,3,6,1,118,43,39,5,24,2,25,0,3,3,14,3,13,0,1,2,1,4,6,1,2,0,0,3,3,1,1,0,0,0,1,0,1,0,0,0,0,0,0,0,15,7,2,3,2,1,0,0,0,0,3,1,0,0,3,1,0,0,1,14,3,4,0,2,1,0,0,4,3,0,0
9 - Χαλκιδικής,152 E.T. Δήμου Πολυγύρου,485,290,5,0,5,285,65,14,21,3,6,7,116,33,28,6,26,2,17,1,3,1,8,0,26,1,3,6,0,12,13,0,5,1,0,2,9,0,0,0,0,0,3,0,0,0,1,0,0,0,0,0,14,4,0,2,7,0,0,0,0,0,3,0,0,0,0,0,0,0,0,14,1,3,3,0,0,0,0,4,0,0,0
9 - Χαλκιδικής,153 E.T. Δήμου Πολυγύρου,471,294,3,2,5,289,51,8,19,1,9,5,143,30,40,5,38,12,24,1,4,2,9,4,17,3,0,1,0,10,6,0,0,0,0,1,3,0,0,0,0,0,3,0,0,0,0,0,0,0,0,0,14,4,1,1,5,1,0,0,0,0,1,0,0,0,1,0,0,0,0,13,2,2,0,5,0,0,0,8,0,0,0
9 - Χαλκιδικής,154 E.T. Δήμου Πολυγύρου,332,207,4,4,8,199,36,10,10,2,3,4,119,36,32,4,23,3,10,0,1,1,2,0,11,0,2,1,0,5,6,3,1,0,0,1,5,0,0,0,0,0,0,0,0,0,0,0,0,0,0,0,4,1,0,0,2,0,2,0,0,0,0,0,0,0,0,0,0,0,0,3,0,0,2,1,0,0,0,2,0,0,0
9 - Χαλκιδικής,155 E.T. Δήμου Πολυγύρου,318,204,1,2,3,201,67,17,22,4,3,6,77,26,20,2,13,1,12,0,0,3,3,3,23,3,5,8,1,4,9,2,2,0,0,1,2,1,0,1,0,0,1,0,0,0,0,0,0,0,0,0,5,0,0,0,1,0,0,0,0,0,0,0,0,0,1,1,0,0,0,3,0,2,0,1,0,0,0,0,0,0,0
9 - Χαλκιδικής,156 E.T. Δήμου Πολυγύρου,386,305,5,1,6,299,113,7,24,16,23,15,99,35,41,2,8,4,9,0,2,1,4,1,32,3,3,7,0,10,24,3,7,0,0,9,2,0,0,0,0,0,1,0,0,0,1,0,0,0,0,0,1,0,0,0,1,0,0,0,0,0,7,0,0,0,1,0,0,0,0,4,3,0,0,1,0,0,0,4,0,0,0
9 - Χαλκιδικής,157 E.T. Δήμου Πολυγύρου,462,321,8,2,10,311,123,11,41,13,17,12,119,30,59,2,12,3,10,2,0,0,4,2,27,4,2,7,0,10,11,0,5,0,2,2,2,0,0,0,0,0,0,0,0,0,0,0,0,0,0,0,6,1,1,0,0,0,0,0,0,0,1,0,0,0,0,0,0,0,0,8,1,2,3,0,0,0,0,4,0,0,0
9 - Χαλκιδικής,158 E.T. Δήμου Πολυγύρου,427,284,3,2,5,279,63,22,12,5,9,3,145,71,30,5,23,0,18,1,0,3,8,3,19,0,3,3,0,12,5,1,0,0,0,3,5,0,0,0,0,0,0,0,0,0,1,0,0,0,0,0,11,3,1,0,2,0,0,0,1,0,2,0,0,0,1,0,0,0,0,5,0,1,3,1,0,0,0,2,0,0,0
9 - Χαλκιδικής,159 E.T. Δήμου Πολυγύρου,337,237,4,2,6,231,56,12,17,3,6,5,100,32,30,7,20,1,6,2,0,2,1,0,37,2,1,11,0,17,4,0,0,0,1,0,5,1,3,0,0,0,0,0,0,0,3,0,0,0,3,0,13,3,0,6,0,2,0,0,0,0,0,0,0,0,0,0,0,0,0,2,0,2,0,3,0,1,0,2,0,1,1
9 - Χαλκιδικής,160 E.T. Δήμου Πολυγύρου,263,173,0,0,0,173,60,11,19,10,4,2,93,29,29,2,14,5,4,0,0,0,2,1,1,0,0,0,0,0,1,0,1,0,0,0,2,0,0,0,0,0,2,0,0,0,0,0,0,0,0,0,4,0,0,0,2,0,0,0,0,0,0,0,0,0,0,0,0,0,0,5,0,1,0,0,0,0,0,1,0,0,0
9 - Χαλκιδικής,161 E.T. Δήμου Πολυγύρου,332,220,2,1,3,217,84,20,30,7,2,7,80,24,31,1,12,3,8,0,2,1,2,1,21,2,1,4,0,13,6,0,0,2,0,0,3,0,0,0,0,0,0,0,0,0,0,0,0,0,0,0,4,1,0,1,0,0,0,0,0,0,0,0,0,0,1,0,0,0,0,5,0,2,2,3,0,0,0,2,0,0,0
9 - Χαλκιδικής,162 E.T. Δήμου Πολυγύρου,278,172,2,1,3,169,45,9,1,1,4,15,82,44,16,2,10,2,13,0,0,3,1,2,13,1,0,2,0,8,3,0,0,0,0,2,0,0,0,0,0,0,0,0,0,0,2,0,0,0,0,0,5,1,0,0,1,0,0,0,0,0,1,0,0,0,0,0,0,0,0,2,1,0,1,3,0,0,0,0,0,0,0
9 - Χαλκιδικής,163 E.T. Δήμου Πολυγύρου,313,191,2,1,3,188,44,19,4,0,7,9,100,36,30,0,16,5,12,0,2,2,5,1,11,4,0,2,0,3,5,0,1,1,0,3,1,0,0,0,0,0,0,0,0,0,1,0,0,0,0,0,7,1,0,0,2,0,0,0,0,0,0,0,0,0,0,0,0,0,0,4,0,0,1,1,0,0,0,2,0,0,0
9 - Χαλκιδικής,164 E.T. Δήμου Πολυγύρου,290,142,3,0,3,139,39,6,8,5,9,2,65,20,15,0,18,1,4,1,0,0,2,1,8,1,1,4,0,2,2,0,0,0,0,0,1,0,0,0,0,0,1,0,0,0,0,0,0,0,0,0,9,4,0,2,0,0,0,0,0,0,0,0,0,0,1,0,0,0,0,6,1,0,4,2,0,0,0,1,0,0,0
9 - Χαλκιδικής,165 E.T. Δήμου Πολυγύρου,300,143,2,0,2,141,44,10,5,1,11,4,51,16,21,2,10,0,4,0,0,0,1,3,5,2,0,0,0,1,4,0,1,1,0,1,8,0,0,0,0,0,2,0,0,0,0,0,0,0,0,0,15,6,0,5,1,0,0,0,0,0,1,0,0,0,0,0,0,0,0,5,1,0,4,1,0,0,0,1,0,0,0
9 - Χαλκιδικής,166 E.T. Δήμου Πολυγύρου,555,327,2,3,5,322,115,7,5,21,67,1,108,27,27,6,43,0,15,1,1,0,6,2,13,0,3,3,1,2,21,1,4,3,0,9,6,0,0,0,0,0,0,0,0,0,1,0,0,0,0,0,10,2,1,1,1,2,8,0,0,0,1,0,0,0,1,0,0,0,0,12,1,1,6,3,0,0,0,8,0,0,0
9 - Χαλκιδικής,167 E.T. Δήμου Πολυγύρου,540,315,4,1,5,310,105,5,10,21,62,2,117,34,27,2,36,5,9,0,0,0,7,0,17,1,5,1,1,8,18,2,2,4,0,9,0,0,0,0,0,0,2,0,0,0,1,0,0,0,0,0,14,2,1,3,4,3,1,0,0,0,2,0,0,0,0,0,0,0,0,19,0,3,12,2,0,0,0,3,0,0,0
9 - Χαλκιδικής,168 E.T. Δήμου Πολυγύρου,542,322,1,1,2,320,92,5,6,15,56,2,123,29,31,2,48,5,13,0,5,1,5,1,15,1,2,0,0,11,21,2,1,1,1,5,0,0,0,0,0,0,0,0,0,0,0,0,0,0,0,0,16,5,2,0,2,1,7,0,1,0,2,0,0,0,2,0,0,0,0,18,0,1,8,3,0,0,0,7,0,0,0
9 - Χαλκιδικής,169 E.T. Δήμου Πολυγύρου,544,323,2,2,4,319,83,1,1,18,55,0,142,45,46,7,29,1,19,2,0,4,8,0,19,1,7,2,1,8,8,1,3,0,0,2,3,2,1,0,0,0,0,0,0,0,0,0,0,0,0,0,15,6,1,1,2,0,8,2,0,0,0,0,0,0,0,0,0,0,0,16,0,5,5,1,1,0,0,5,2,0,0
9 - Χαλκιδικής,170 E.T. Δήμου Πολυγύρου,528,302,4,1,5,297,100,4,3,28,57,0,110,34,21,5,33,1,10,1,0,1,6,1,11,1,3,2,1,1,19,1,0,1,0,11,3,0,0,0,0,0,1,0,0,0,1,0,0,0,0,0,13,3,0,1,0,3,6,0,0,0,0,0,0,0,2,0,0,0,0,12,0,3,4,1,0,0,0,8,0,0,0
9 - Χαλκιδικής,171 E.T. Δήμου Πολυγύρου,536,282,3,4,7,275,72,0,3,18,40,8,113,28,29,2,36,2,20,0,3,1,13,0,14,1,3,2,0,6,28,3,2,5,1,6,0,0,0,0,0,0,1,0,0,1,0,0,0,0,0,0,6,0,1,0,1,0,2,2,2,2,0,0,0,0,0,0,0,0,0,11,1,1,7,3,1,0,0,3,0,0,0
9 - Χαλκιδικής,172 E.T. Δήμου Πολυγύρου,531,297,4,5,9,288,94,3,12,18,47,6,123,34,12,6,59,2,9,0,2,1,5,0,21,1,5,1,1,12,15,5,2,1,1,4,2,0,0,0,0,0,0,0,0,0,0,0,0,0,0,0,9,3,2,0,1,1,0,0,0,0,1,0,0,0,0,0,0,0,0,10,1,3,5,1,0,0,0,3,0,0,0
9 - Χαλκιδικής,173 E.T. Δήμου Πολυγύρου,309,201,4,1,5,196,26,8,3,0,4,0,94,19,42,1,18,11,17,1,2,0,5,6,34,1,1,6,2,18,6,1,0,0,0,3,2,0,0,0,0,0,0,0,0,0,1,0,0,1,0,0,4,0,1,0,1,1,0,0,0,0,0,0,0,0,3,1,0,0,1,7,2,0,0,0,0,0,0,2,0,1,0
9 - Χαλκιδικής,174 E.T. Δήμου Πολυγύρου,262,152,3,1,4,148,21,4,4,3,2,0,80,18,23,4,19,6,14,0,2,4,4,1,9,0,0,1,0,7,3,0,1,0,0,1,1,0,0,0,1,0,0,0,0,0,0,0,0,0,0,0,6,2,0,0,3,0,1,0,0,0,0,0,0,0,0,0,0,0,0,10,2,4,0,1,0,0,0,1,0,0,0
9 - Χαλκιδικής,175 E.T. Δήμου Πολυγύρου,547,368,1,6,7,361,94,15,14,18,18,9,199,68,53,5,56,4,16,2,1,1,9,2,10,3,2,1,1,3,4,1,0,0,0,2,7,0,0,0,0,0,2,0,0,0,0,0,0,0,0,0,8,1,0,2,1,0,2,0,0,0,3,0,0,0,1,0,0,0,0,10,1,1,5,2,0,0,0,3,0,0,0
9 - Χαλκιδικής,176 E.T. Δήμου Πολυγύρου,576,350,1,6,7,343,63,14,13,13,7,7,187,50,59,9,52,1,25,1,1,2,14,5,12,1,0,2,1,8,1,1,0,0,0,0,4,1,2,0,0,0,1,0,1,0,0,0,0,0,0,0,27,8,1,6,7,1,0,0,0,0,6,4,1,1,0,0,0,0,0,8,1,3,4,0,0,0,0,9,4,0,0
9 - Χαλκιδικής,177 E.T. Δήμου Πολυγύρου,199,124,2,1,3,121,21,0,2,0,2,10,77,41,17,2,4,2,6,1,0,0,4,1,4,0,0,1,0,2,3,2,0,0,0,1,3,0,0,0,0,0,0,0,0,0,0,0,0,0,0,0,3,2,0,0,0,1,0,0,0,0,0,0,0,0,1,0,0,0,0,1,1,0,0,0,0,0,0,2,0,0,0
9 - Χαλκιδικής,178 E.T. Δήμου Πολυγύρου,375,239,8,2,10,229,62,21,9,3,17,1,79,31,18,1,18,1,13,0,1,0,9,0,52,0,48,0,1,1,8,3,1,0,0,1,0,0,0,0,1,0,0,0,0,0,0,0,0,0,0,0,3,0,2,0,0,1,0,0,0,0,1,0,0,0,0,0,0,0,0,5,0,2,0,2,0,0,0,3,0,0,0
9 - Χαλκιδικής,179 E.T. Δήμου Πολυγύρου,372,238,2,1,3,235,40,9,7,2,14,2,97,27,23,5,35,0,22,1,2,1,13,0,41,0,35,2,0,3,4,2,0,0,0,1,2,0,0,0,0,0,0,0,0,0,0,0,0,0,0,0,17,3,1,4,4,3,0,0,0,0,2,0,0,0,2,0,0,0,0,4,1,0,0,0,0,0,0,4,0,0,0
9 - Χαλκιδικής,180 E.T. Δήμου Πολυγύρου,398,243,5,1,6,237,56,6,11,6,26,4,90,27,27,3,21,1,15,1,3,1,7,0,41,0,38,0,0,2,6,0,0,0,0,4,3,0,0,0,0,0,1,0,0,0,1,0,0,0,0,0,7,1,0,3,1,0,0,0,0,0,0,0,0,0,3,0,0,0,0,9,3,2,3,1,0,0,0,4,0,0,0
9 - Χαλκιδικής,181 E.T. Δήμου Πολυγύρου,343,246,5,2,7,239,76,14,23,8,13,0,109,9,49,1,41,0,2,0,0,0,1,0,9,2,0,1,0,4,6,1,0,0,1,3,5,0,0,0,0,0,1,0,0,0,0,0,0,0,0,0,3,1,0,0,0,0,0,0,0,0,1,0,0,0,5,0,0,0,0,19,3,5,5,3,0,0,0,0,0,0,0
9 - Χαλκιδικής,182 E.T. Δήμου Πολυγύρου,457,308,2,3,5,303,53,15,11,1,7,6,167,31,56,6,45,2,11,0,1,1,5,0,25,5,8,3,1,4,12,0,2,1,0,2,3,0,0,0,0,0,0,0,0,0,0,0,0,0,0,0,17,2,2,0,1,1,0,0,0,0,1,0,0,0,2,0,0,0,0,5,1,0,0,3,0,0,0,4,0,0,0
9 - Χαλκιδικής,183 E.T. Δήμου Πολυγύρου,404,236,2,3,5,231,85,11,23,8,10,8,85,27,13,5,24,0,13,0,5,0,6,1,13,0,0,1,0,7,17,1,10,0,0,3,2,1,0,0,0,0,0,0,0,0,0,0,0,0,0,0,2,0,0,0,0,0,0,0,0,0,1,1,0,0,0,0,0,0,0,9,0,3,4,1,0,0,0,3,2,0,0
9 - Χαλκιδικής,184 E.T. Δήμου Πολυγύρου,349,248,1,0,1,247,64,6,17,10,8,7,99,30,34,1,24,1,10,0,2,1,5,0,22,1,3,2,0,10,18,0,12,0,0,0,2,0,0,0,0,0,2,0,0,0,0,0,0,0,0,0,2,1,0,1,0,0,1,0,0,0,0,0,0,0,2,0,0,0,0,12,0,3,2,8,0,0,0,5,0,0,0
9 - Χαλκιδικής,185 E.T. Δήμου Πολυγύρου,421,279,1,3,4,275,94,14,34,11,16,2,103,32,32,6,24,0,13,2,1,0,7,2,28,1,8,3,0,13,5,2,2,0,0,0,2,0,0,0,0,0,2,0,0,0,0,0,0,0,0,0,5,1,0,1,0,0,0,0,0,0,2,0,0,0,1,0,0,0,0,6,0,2,2,2,0,0,0,12,0,0,0
9 - Χαλκιδικής,186 E.T. Δήμου Πολυγύρου,539,398,4,5,9,389,84,11,22,11,19,10,219,33,81,1,94,0,6,0,1,0,3,0,29,0,0,11,2,6,7,0,0,0,0,1,8,0,0,0,0,0,2,0,0,0,0,0,0,0,0,0,9,3,0,0,0,1,1,0,0,0,0,0,0,0,1,0,0,0,0,15,0,2,12,3,0,0,0,5,0,0,0
9 - Χαλκιδικής,187 E.T. Δήμου Πολυγύρου,569,376,7,6,13,363,68,8,19,9,12,11,203,24,74,2,92,1,18,1,2,3,4,3,13,0,3,3,0,7,10,0,1,1,0,7,4,1,0,0,0,0,3,0,0,2,0,0,0,0,0,0,23,5,3,1,6,2,1,1,0,0,2,1,0,0,1,0,1,0,0,8,1,1,4,4,1,0,1,5,2,0,1
9 - Χαλκιδικής,188 E.T. Δήμου Πολυγύρου,553,384,8,2,10,374,81,10,27,12,16,7,205,38,68,5,85,1,20,0,5,2,8,1,15,1,2,3,2,4,13,0,3,0,1,8,5,2,0,2,1,0,1,0,0,1,0,0,0,0,0,0,11,2,0,3,4,0,0,0,0,0,3,1,1,0,1,1,0,0,0,12,0,4,7,0,0,0,0,6,0,2,0
9 - Χαλκιδικής,189 E.T. Δήμου Πολυγύρου,554,380,4,2,6,374,102,22,21,15,17,8,199,33,67,2,80,1,14,0,2,1,5,2,14,1,0,4,0,4,6,0,0,0,0,4,6,0,0,0,0,0,0,0,0,0,0,0,0,0,0,0,5,0,0,3,1,0,3,0,0,0,1,0,0,0,0,0,0,0,0,17,1,1,7,2,0,0,0,5,0,0,0
9 - Χαλκιδικής,190 E.T. Δήμου Πολυγύρου,533,361,3,3,6,355,100,20,27,15,14,12,162,31,41,4,63,3,10,1,0,0,5,0,18,3,2,3,0,5,18,1,2,1,0,6,5,0,0,0,0,0,1,0,0,0,2,0,0,0,0,0,15,5,0,0,6,0,0,0,1,0,2,0,0,0,0,0,0,0,0,13,3,2,6,3,0,0,0,5,0,0,0
9 - Χαλκιδικής,191 E.T. Δήμου Πολυγύρου,534,378,7,1,8,370,91,14,32,8,14,5,176,27,56,1,69,5,15,2,2,1,6,0,16,2,1,4,0,7,19,0,2,1,0,7,6,0,0,0,0,0,1,0,0,0,0,0,0,0,0,0,15,2,2,2,0,0,0,0,0,0,1,0,0,0,1,0,0,0,0,22,1,1,12,3,0,0,0,4,0,0,0
9 - Χαλκιδικής,192 E.T. Δήμου Πολυγύρου,529,338,4,2,6,332,77,14,16,7,14,13,172,22,85,4,49,0,20,0,2,4,7,1,6,0,1,1,1,3,13,1,2,0,0,7,3,0,0,0,0,0,1,0,0,0,0,0,0,0,0,0,11,1,1,0,2,1,2,0,1,0,4,0,0,0,0,0,0,0,0,11,1,1,5,7,0,0,0,4,0,0,0
9 - Χαλκιδικής,193 E.T. Δήμου Πολυγύρου,526,346,4,0,4,342,74,14,13,8,9,15,180,26,57,5,76,0,12,1,1,1,4,2,24,3,1,4,2,11,7,0,1,0,0,4,6,0,1,1,0,0,2,1,0,1,0,0,0,0,0,0,10,4,0,0,2,2,0,0,0,0,4,0,0,0,0,0,0,0,0,14,1,1,10,4,1,0,0,5,2,1,0
9 - Χαλκιδικής,194 E.T. Δήμου Πολυγύρου,533,359,1,1,2,357,54,4,9,9,9,9,204,20,80,5,85,0,19,0,1,1,2,5,15,1,3,1,0,6,14,0,2,0,0,9,6,0,0,0,0,0,6,0,0,0,2,0,0,0,0,0,13,2,1,0,5,0,0,0,1,0,2,0,0,0,0,0,0,0,0,13,0,1,8,5,0,0,0,3,0,0,0
9 - Χαλκιδικής,195 E.T. Δήμου Πολυγύρου,241,171,2,2,4,167,26,3,11,7,0,1,98,25,29,1,33,0,15,0,1,1,11,0,5,1,3,1,0,0,1,0,0,0,0,1,3,1,0,1,0,0,0,0,0,0,0,0,0,0,0,0,11,3,3,2,1,0,1,0,0,0,2,0,0,0,0,0,0,0,0,2,0,0,0,1,0,0,0,2,1,0,0
9 - Χαλκιδικής,196 E.T. Δήμου Πολυγύρου,336,262,3,0,3,259,34,12,4,6,5,1,167,18,60,1,70,0,10,1,2,1,3,2,10,1,0,5,0,4,4,0,0,0,0,2,3,0,0,0,0,0,0,0,0,0,0,0,0,0,0,0,9,1,1,1,1,0,0,0,0,0,1,0,0,0,1,0,0,0,0,15,3,1,4,3,0,0,0,2,0,0,0
9 - Χαλκιδικής,197 E.T. Δήμου Σιθωνίας,482,282,0,2,2,280,55,8,10,1,13,6,124,38,20,3,39,5,13,1,1,0,7,1,20,4,2,3,3,7,7,0,0,0,1,2,8,3,2,1,0,0,2,0,0,1,1,0,0,1,0,0,15,1,1,1,2,1,0,0,0,0,0,0,0,0,0,0,0,0,0,27,0,2,24,2,1,0,0,6,3,2,0
9 - Χαλκιδικής,198 E.T. Δήμου Σιθωνίας,552,331,4,2,6,325,88,11,36,2,21,6,141,37,20,13,42,1,11,2,3,1,3,1,31,2,3,3,1,20,7,0,0,0,3,1,3,0,0,0,1,0,0,0,0,0,2,0,0,0,0,0,10,3,0,0,6,1,0,0,0,0,0,0,0,0,0,0,0,0,0,24,0,2,22,5,0,0,0,2,0,0,0
9 - Χαλκιδικής,199 E.T. Δήμου Σιθωνίας,449,252,1,4,5,247,54,11,16,4,11,4,110,33,19,4,40,4,15,0,0,2,4,7,13,1,2,0,1,7,5,0,1,0,1,0,4,3,0,0,0,0,1,1,0,0,0,0,0,0,0,0,12,3,0,3,3,1,1,1,0,0,0,0,0,0,0,0,0,0,0,23,0,2,20,6,2,2,0,3,1,1,0
9 - Χαλκιδικής,200 E.T. Δήμου Σιθωνίας,454,264,5,2,7,257,51,7,16,2,11,1,106,18,20,4,37,0,28,1,4,2,17,2,33,5,1,1,0,26,5,0,0,0,2,1,2,0,0,0,0,0,1,0,0,0,0,0,0,0,0,0,8,2,3,0,0,1,0,0,0,0,1,0,0,0,1,0,0,0,0,18,1,2,13,1,0,0,0,2,0,0,0
9 - Χαλκιδικής,201 E.T. Δήμου Σιθωνίας,449,266,3,1,4,262,42,13,14,0,9,2,128,31,32,2,49,4,15,0,1,1,5,4,16,2,0,1,4,8,4,1,0,1,0,1,5,0,0,0,0,0,0,0,0,0,0,0,0,0,0,0,24,6,5,2,5,3,0,0,0,0,1,0,0,0,1,0,0,0,0,19,0,0,18,4,0,0,0,3,0,0,0
9 - Χαλκιδικής,202 E.T. Δήμου Σιθωνίας,446,268,4,2,6,262,46,7,13,1,15,3,102,23,22,4,44,0,27,2,2,2,9,4,17,2,1,3,0,8,5,0,0,1,1,0,3,0,0,0,0,0,0,0,0,0,0,0,0,0,0,0,18,8,1,1,2,1,0,0,0,0,2,0,0,0,0,0,0,0,0,34,1,1,30,0,0,0,0,8,0,0,0
9 - Χαλκιδικής,203 E.T. Δήμου Σιθωνίας,470,271,2,1,3,268,57,7,19,5,11,4,96,37,25,2,18,1,22,1,5,2,9,0,35,5,3,13,2,6,7,1,1,0,0,0,7,1,2,1,0,0,0,0,0,0,0,0,0,0,0,0,13,6,1,2,1,0,1,1,0,0,1,1,0,0,0,0,0,0,0,15,0,5,8,6,0,2,0,8,1,3,0
9 - Χαλκιδικής,204 E.T. Δήμου Σιθωνίας,472,258,4,2,6,252,71,7,36,5,7,6,98,31,27,4,12,3,12,0,0,2,6,1,17,3,0,7,1,4,11,5,0,0,1,2,5,0,0,0,0,0,1,0,0,0,0,0,0,0,0,0,6,2,1,1,1,0,1,0,0,0,3,0,0,0,4,0,0,0,0,14,1,5,5,2,0,0,0,7,0,0,0
9 - Χαλκιδικής,205 E.T. Δήμου Σιθωνίας,469,288,0,3,3,285,58,8,17,5,8,7,129,35,33,2,44,1,5,0,1,0,1,2,27,4,2,8,0,6,17,1,1,4,7,0,4,0,0,0,0,0,1,0,0,0,0,0,0,0,0,0,14,5,3,0,2,2,1,0,2,0,0,0,0,0,5,0,0,0,0,17,0,2,6,2,0,0,0,3,0,0,0
9 - Χαλκιδικής,206 E.T. Δήμου Σιθωνίας,481,271,4,1,5,266,78,8,54,3,5,7,96,32,27,8,11,3,6,1,0,1,3,0,38,2,4,18,2,4,12,1,1,1,5,0,4,0,0,0,0,0,1,0,0,0,0,0,0,0,0,0,9,2,1,0,2,1,0,0,0,0,2,0,0,0,1,0,0,0,0,15,0,6,6,2,0,0,0,2,0,0,0
9 - Χαλκιδικής,207 E.T. Δήμου Σιθωνίας,468,284,2,3,5,279,75,6,35,8,12,2,103,23,24,3,35,2,7,0,1,0,3,0,28,1,0,12,0,14,19,0,2,2,2,4,6,0,0,0,0,0,1,0,0,0,0,0,0,0,0,0,10,5,0,0,1,1,1,0,0,0,1,0,0,0,2,0,0,0,0,16,0,10,3,4,0,0,0,6,0,0,0
9 - Χαλκιδικής,208 E.T. Δήμου Σιθωνίας,432,296,6,3,9,287,66,14,20,1,9,8,133,38,43,2,37,3,14,0,1,1,8,1,19,0,0,4,1,13,5,0,1,0,2,0,3,0,0,0,1,0,1,0,0,0,0,0,0,0,0,0,19,4,2,3,0,1,0,0,0,0,3,0,0,0,0,0,0,0,0,15,1,2,7,2,0,0,0,6,0,0,0
9 - Χαλκιδικής,209 E.T. Δήμου Σιθωνίας,439,312,6,7,13,299,82,14,32,3,13,14,111,28,42,2,32,4,23,0,2,2,8,3,33,2,0,6,1,24,2,0,0,1,1,0,4,1,1,1,0,0,1,0,0,1,0,0,0,0,0,0,15,4,1,3,1,3,1,1,1,0,3,1,0,1,2,0,1,0,0,17,2,4,7,0,0,0,0,4,0,0,0
9 - Χαλκιδικής,210 E.T. Δήμου Σιθωνίας,539,299,4,3,7,292,69,16,29,0,13,0,121,34,38,4,34,3,16,1,1,3,7,3,40,0,0,34,0,2,13,0,0,0,0,0,6,0,0,0,0,0,0,0,0,0,0,0,0,0,0,0,13,1,2,2,1,1,1,0,0,0,1,0,0,0,0,0,0,0,0,9,0,1,6,1,0,0,0,2,0,0,0
9 - Χαλκιδικής,211 E.T. Δήμου Σιθωνίας,561,319,8,1,9,310,69,9,33,6,11,4,112,33,43,2,22,2,10,1,1,2,1,0,55,0,2,41,0,9,6,0,1,0,1,3,5,0,0,2,1,1,1,0,1,0,0,0,0,0,0,0,19,4,1,2,4,2,0,0,0,0,0,0,0,0,0,0,0,0,0,20,1,3,12,4,0,1,0,8,4,1,0
9 - Χαλκιδικής,212 E.T. Δήμου Σιθωνίας,541,313,7,1,8,305,94,20,46,3,11,2,103,29,26,2,27,1,8,0,1,1,1,2,48,0,1,34,0,10,7,1,1,0,1,1,3,0,0,0,1,0,0,0,0,0,0,0,0,0,0,0,15,3,2,3,1,0,0,0,0,0,0,0,0,0,1,0,0,0,0,18,1,3,11,1,0,0,0,6,0,0,0
9 - Χαλκιδικής,213 E.T. Δήμου Σιθωνίας,538,317,5,1,6,311,69,11,29,6,6,5,142,38,48,0,46,2,13,3,1,1,4,0,31,0,0,26,0,4,3,0,0,1,0,0,4,2,0,0,1,0,0,0,0,0,1,0,0,0,1,0,22,8,1,2,7,1,2,2,0,0,3,1,1,0,1,1,0,0,0,8,0,1,5,5,1,4,0,6,1,0,2
9 - Χαλκιδικής,214 E.T. Δήμου Σιθωνίας,536,295,3,2,5,290,78,17,30,1,9,9,108,30,21,2,42,0,15,0,0,1,6,1,32,0,0,25,1,4,11,2,0,0,5,4,4,0,0,0,1,0,0,0,0,0,0,0,0,0,0,0,15,1,0,1,5,1,0,0,0,0,0,0,0,0,1,0,0,0,0,12,0,3,7,4,0,0,0,9,0,0,0
9 - Χαλκιδικής,215 E.T. Δήμου Σιθωνίας,445,238,1,1,2,236,83,3,67,2,2,1,104,31,33,1,28,3,16,0,2,1,6,4,11,0,1,4,0,5,1,0,0,0,1,0,0,0,0,0,0,0,0,0,0,0,4,0,0,0,0,0,9,3,0,0,1,2,0,0,0,0,1,0,0,0,0,0,0,0,0,3,0,1,0,1,0,0,0,3,0,0,0
9 - Χαλκιδικής,216 E.T. Δήμου Σιθωνίας,478,252,2,1,3,249,88,0,76,5,0,0,96,40,35,0,9,2,17,2,0,1,6,2,12,2,0,3,0,4,3,1,0,0,1,0,7,6,0,0,0,0,0,0,0,0,1,0,0,0,1,0,7,2,0,1,1,1,0,0,0,0,1,0,0,0,3,2,0,0,1,6,0,2,0,3,3,0,0,5,3,1,1
9 - Χαλκιδικής,217 E.T. Δήμου Σιθωνίας,458,263,4,1,5,258,80,1,74,0,2,0,108,50,25,3,18,1,16,1,2,2,6,2,17,1,1,5,2,5,4,0,0,1,2,0,5,1,1,1,0,0,0,0,0,0,0,0,0,0,0,0,7,1,1,2,0,1,0,0,0,0,1,0,0,0,2,1,0,0,0,9,1,2,1,4,1,3,0,5,0,2,1
9 - Χαλκιδικής,218 E.T. Δήμου Σιθωνίας,457,223,2,3,5,218,70,2,61,2,2,1,86,38,33,1,7,1,13,0,0,0,2,1,5,2,1,1,0,0,6,0,0,0,2,0,4,0,0,0,0,0,0,0,0,0,0,0,0,0,0,0,16,2,1,1,2,2,0,0,0,0,1,0,0,0,0,0,0,0,0,10,1,1,4,2,0,0,0,5,0,0,0
9 - Χαλκιδικής,219 E.T. Δήμου Σιθωνίας,469,252,5,0,5,247,94,1,85,1,1,1,96,47,22,1,13,1,14,1,1,1,8,2,11,0,1,6,0,4,6,0,0,0,0,4,7,0,0,0,0,0,0,0,0,0,2,0,0,0,0,0,3,0,0,0,0,1,0,0,0,0,2,0,0,0,1,0,0,0,0,5,0,0,2,1,0,0,0,5,0,0,0
9 - Χαλκιδικής,220 E.T. Δήμου Σιθωνίας,490,264,7,0,7,257,104,3,88,0,2,0,84,20,39,1,13,2,28,3,3,2,12,4,11,0,2,5,1,2,3,0,0,0,3,0,2,0,0,0,1,0,0,0,0,0,4,0,0,0,0,0,8,1,1,2,0,0,0,0,0,0,0,0,0,0,1,0,0,0,0,7,1,2,3,4,0,0,0,0,0,0,0
9 - Χαλκιδικής,221 E.T. Δήμου Σιθωνίας,456,286,7,0,7,279,78,6,44,6,2,0,124,29,40,6,33,2,11,0,0,0,9,2,25,2,0,4,0,17,15,0,0,1,13,0,4,0,1,0,0,0,1,0,0,0,0,0,0,0,0,0,6,0,0,0,2,1,0,0,0,0,0,0,0,0,0,0,0,0,0,8,3,0,1,4,0,1,0,3,1,0,2
9 - Χαλκιδικής,222 E.T. Δήμου Σιθωνίας,352,225,4,1,5,220,62,6,40,2,2,0,98,16,39,1,32,3,10,0,3,1,3,1,11,2,1,1,0,7,10,0,0,0,10,0,3,0,0,0,0,0,0,0,0,0,0,0,0,0,0,0,5,0,0,0,1,1,0,0,0,0,0,0,0,0,0,0,0,0,0,9,1,2,4,5,0,0,0,7,0,0,0
9 - Χαλκιδικής,223 E.T. Δήμου Σιθωνίας,345,220,7,3,10,210,41,2,29,1,0,1,91,29,33,2,15,1,5,0,0,1,3,0,17,2,0,4,0,11,17,0,0,0,17,0,5,0,0,0,0,0,0,0,0,0,0,0,0,0,0,0,4,2,1,0,0,0,0,0,0,0,0,0,0,0,1,0,0,0,0,12,1,2,1,4,0,0,0,13,0,0,0
9 - Χαλκιδικής,Ετερ. Χαλκιδικής (από 33ο Ε.Τ. Νομ. Θεσσαλονίκης),394,200,4,4,8,192,50,13,17,0,5,5,86,29,19,8,12,1,8,0,3,0,2,1,14,2,3,4,1,1,7,0,2,2,0,1,4,0,0,0,0,0,0,0,0,0,0,0,0,0,0,0,10,3,0,1,0,1,0,0,0,0,0,0,0,0,0,0,0,0,0,6,2,0,2,2,0,0,0,5,0,0,0
9 - Χαλκιδικής,Ετερ. Χαλκιδικής (από Εφετείο Θεσσαλονίκης),60,40,0,0,0,40,7,2,1,0,1,1,25,11,3,2,1,0,0,0,0,0,0,0,2,0,0,0,0,0,1,0,0,0,0,0,0,0,0,0,0,0,0,0,0,0,0,0,0,0,0,0,3,1,0,0,0,1,0,0,0,0,0,0,0,0,0,0,0,0,0,0,0,0,0,0,0,0,0,2,0,0,0
9 - Χαλκιδικής,ΕΙΔΙΚΟ ΤΜΗΜΑ ΑΓΡΟΤΙΚΟΥ ΚΑΤΑΣΤΗΜΑΤΟΣ ΚΡΑΤΗΣΗΣ ΚΑΣΣΑΝΔΡΑΣ,87,79,12,1,13,66,50,20,5,6,2,7,5,3,0,1,0,0,0,0,0,0,0,0,0,0,0,0,0,0,0,0,0,0,0,0,0,0,0,0,0,0,0,0,0,0,0,0,0,0,0,0,2,1,0,0,0,0,0,0,0,0,0,0,0,0,0,0,0,0,0,8,2,4,0,1,0,0,0,0,0,0,0
9 - Χαλκιδικής,Ετερ. Χαλκιδικής (από 144ο Ε.Τ. Νομ. Αττικής-Αθηνών),231,140,1,0,1,139,51,14,20,9,5,3,49,17,9,6,2,6,2,0,2,0,0,0,10,1,4,0,1,3,15,2,1,5,0,1,2,0,0,0,0,0,1,0,0,0,0,0,0,0,0,0,1,0,0,1,0,0,0,0,0,0,0,0,0,0,0,0,0,0,0,2,0,0,1,5,0,0,0,1,0,0,0
Σύνολο,,104615,64069,900,480,1380,62689,15244,2957,3636,955,2581,1838,26702,7530,6518,2114,6196,926,3300,147,532,259,1312,375,6500,802,784,525,573,3045,1969,340,188,219,121,367,988,95,48,46,21,1,209,15,10,14,231,13,7,9,52,3,2714,562,307,393,367,213,100,15,38,5,289,32,19,5,209,32,5,13,15,2387,376,469,583,593,56,23,18,1195,132,72,25
