ΠΕΡΙΦΕΡΕΙΑ,ΕΚΛΟΓΙΚΟ ΤΜΗΜΑ,ΕΓΓΕΓΡΑΜΜΕΝΟΙ,ΨΗΦΙΣΑΝΤΕΣ,ΑΚΥΡΑ,ΛΕΥΚΑ,ΑΚΥΡΑ & ΛΕΥΚΑ,ΕΓΚΥΡΑ,ΣΥΡΙΖΑ,ΒΑΓΙΩΝΑΚΗ ΕΥΑΓΓΕΛΙΑ του Νικολάου,ΜΑΝΙΜΑΝΑΚΗ ΑΙΚΑΤΕΡΙΝΗ του Ανδρέα,ΜΠΑΛΩΜΕΝΑΚΗΣ ΑΝΤΩΝΙΟΣ του Δημητρίου,ΠΟΛΑΚΗΣ ΠΑΥΛΟΣ του Πέτρου,ΣΤΑΘΑΚΗΣ ΓΕΩΡΓΙΟΣ του Μηνά,ΧΑΙΡΕΤΑΚΗΣ ΜΙΧΑΗΛ του Στέφανου,Νέα Δημοκρατία,ΒΟΛΟΥΔΑΚΗΣ ΜΑΝΟΥΣΟΣ - ΚΩΝΣΤΑΝΤΙΝΟΣ του Γεωργίου,ΔΙΓΑΛΑΚΗΣ ΒΑΣΙΛΕΙΟΣ του Βασιλείου,ΚΑΣΣΕΛΑΚΗΣ ΙΩΑΝΝΗΣ του Βασιλείου,ΜΠΑΚΟΓΙΑΝΝΗ ΘΕΟΔΩΡΑ (ΝΤΟΡΑ) του Κωνσταντίνου,ΣΤΑΣΣΙΝΟΥ ΧΡΙΣΤΙΝΑ - ΕΛΒΙΡΑ (ΕΛΒΗ) του Φαίδρου,ΦΡΑΓΚΑΚΗΣ ΔΗΜΗΤΡΙΟΣ του Τιμολέοντος,Λαϊκός Σύνδεσμος - Χρυσή Αυγή,ΑΓΓΕΛΑΚΗΣ ΝΕΚΤΑΡΙΟΣ του Δημητρίου,ΓΑΡΜΠΙΔΑΚΗΣ ΝΙΚΟΛΑΟΣ του Χρήστου,ΘΕΟΔΩΡΟΠΟΥΛΟΣ ΙΩΑΝΝΗΣ του Θεοδώρου,ΚΑΣΣΕΛΑΚΗ ΑΓΓΕΛΙΚΗ του Ευάγγελου,ΚΥΡΙΑΚΟΥ ΧΡΥΣΟΥΛΑ του Σπυρίδωνος,Κίνημα Αλλαγής,ΚΟΥΡΟΥΠΑΚΗ ΕΥΑΓΓΕΛΙΑ του Σταύρου,ΜΙΧΕΛΑΚΗ ΑΝΤΩΝΙΑ του Ιωάννη,ΜΟΥΝΤΑΚΗΣ ΚΩΝΣΤΑΝΤΙΝΟΣ του Μιχαήλ,ΝΤΕΡΜΑΝΑΚΗΣ ΝΙΚΟΛΑΟΣ του Ιωάννη,ΠΟΛΙΟΥΔΑΚΗΣ ΓΕΩΡΓΙΟΣ του Παύλου,ΣΤΑΓΚΟΥΡΑΚΗΣ ΑΛΕΞΑΝΔΡΟΣ του Γεωργίου,Κ.Κ.Ε.,ΓΑΥΓΙΩΤΑΚΗ ΜΑΡΙΑ του Κωνσταντίνου,ΚΛΩΝΙΖΑΚΗΣ ΜΙΛΤΙΑΔΗΣ του Ιωάννη,ΜΑΡΙΝΑΚΗΣ ΑΛΕΞΑΝΔΡΟΣ του Κωνσταντίνου,ΝΙΚΟΛΟΠΟΥΛΟΥ ΑΙΚΑΤΕΡΙΝΗ του Γεωργίου,ΝΤΟΥΝΙΑΔΑΚΗΣ ΙΩΑΝΝΗΣ του Ελευθερίου,ΡΗΓΑΝΑΚΟΣ ΦΩΤΙΟΣ του Δημητρίου,Ένωση Κεντρώων,ΑΡΧΟΝΤΑΚΗΣ ΕΥΤΥΧΙΟΣ του Στυλιανού,ΜΑΝΙΜΑΝΑΚΗΣ ΑΛΕΞΑΝΔΡΟΣ του Σπυρίδωνος,ΣΤΑ ΜΑΡΙΑ ΧΡΗΣΤΟΣ του Αλεξάντερ,ΣΩΤΗΡΙΟΥ ΧΡΙΣΤΙΝΑ του Αναστασίου,ΧΑΤΖΗΑΘΑΝΑΣΙΟΥ ΓΙΑΝΝΟΥΛΑ του Διονυσίου,Ο.Κ.Δ.Ε.,ΚΟΥΚΟΥΒΙΤΑΚΗΣ ΕΥΣΤΡΑΤΙΟΣ του Ανδρέα,ΑΝΤ.ΑΡ.ΣΥ.Α.,ΓΑΛΑΝΑΚΗΣ ΧΡΗΣΤΟΣ του Νικολάου,ΚΑΛΙΤΣΟΥΝΑΚΗ ΜΑΡΙΑ του Ελευθερίου,ΚΟΝΔΥΛΗ - ΣΑΡΙΚΑ ΦΟΙΒΗ του Γεωργίου,ΜΠΙΤΣΑΚΗ ΧΑΡΙΚΛΕΙΑ του Ευτυχίου,ΦΙΩΤΑΚΗΣ ΕΜΜΑΝΟΥΗΛ του Σπυρίδωνα,Ελλήνων Συνέλευσις,ΚΑΤΣΑΝΕΒΑΚΗΣ ΙΑΚΩΒΟΣ του Κωνσταντίνου,ΚΟΥΡΟΥΠΗΣ ΙΩΑΝΝΗΣ του Δημητρίου,ΜΠΑΣΑΚΗ ΟΛΓΑ του Νικολάου,ΠΑΥΛΑΚΗ ΜΑΡΙΛΕΝΑ του Γεωργίου,ΣΑΜΙΟΥ ΜΑΡΙΑ του Παναγιώτη,ΧΑΤΖΗΓΙΑΝΝΗΣ ΜΙΧΑΗΛ του Γεωργίου,Ελληνική Λύση - Κ. Βελόπουλος,ΚΑΡΑΚΑΤΣΑΝΗΣ ΘΕΟΔΩΡΟΣ του Ιωάννη,ΛΑΪΛΑΚΙΔΟΥ ΕΛΠΙΣ του Λαζάρου,ΛΥΚΑΚΗΣ ΝΙΚΟΛΑΟΣ του Ιωάννη,ΠΑΝΑΓΟΠΟΥΛΟΥ ΠΑΝΑΓΙΩΤΑ του Χρήστου,ΠΑΠΑΔΑΚΗΣ ΕΥΣΤΡΑΤΙΟΣ του Εμμανουήλ,Κ.Κ.Ε. (μ-λ),ΑΡΧΟΛΕΩΝ ΑΡΤΕΜΙΟΣ του Κωνσταντίνου,ΚΟΚΟΛΑΝΤΩΝΑΚΗΣ ΝΕΚΤΑΡΙΟΣ του Νικολάου,ΠΑΤΕΡΑΚΗ ΣΟΦΙΑ του Εμμανουήλ,ΠΕΡΑΚΗ ΜΥΡΤΩ του Θεοδώρου,ΠΕΡΡΑΚΗΣ ΙΩΑΝΝΗΣ του Αντωνίου,ΧΑΡΤΖΟΥΛΑΚΗΣ ΙΩΑΝΝΗΣ του Νικολάου,Μ-Λ Κ.Κ.Ε.,ΠΕΤΡΑΚΗ ΝΙΚΗ του Κωνσταντίνου,Ε.ΠΑ.Μ - Α.Κ.Κ.ΕΛ,ΑΝΑΣΤΑΣΑΚΗΣ ΑΝΤΩΝΙΟΣ του Ιωάννη,ΑΠΟΣΤΟΛΑΚΗ ΕΛΕΝΗ του Ιωάννη,ΚΑΤΣΑΝΕΒΑΚΗΣ ΑΛΕΞΑΝΔΡΟΣ του Ελευθερίου,ΠΟΥΛΙΟΥ ΕΛΕΝΗ του Αποστόλου,Λαϊκή Ενότητα,ΒΟΥΓΙΟΥΚΑΛΑΚΗ - ΜΠΙΡΜΠΙΛΗ ΕΛΕΝΗ του Ιωάννη,ΚΑΛΛΙΓΙΑΝΝΗ - ΜΠΑΔΟΓΙΑΝΝΗ ΛΟΥΚΙΑ του Γεωργίου,ΜΥΛΩΝΑΚΗΣ ΙΩΑΝΝΗΣ του Εμμανουήλ,ΤΖΙΝΕΥΡΑΚΗΣ ΝΙΚΟΛΑΟΣ του Εμμανουήλ,ΜέΡΑ25,ΓΙΑΝΝΟΥΛΑΚΗ ΑΘΗΝΑ του Μιχαήλ,ΓΩΓΑΚΗΣ ΙΑΚΩΒΟΣ του Παναγιώτη,ΣΚΑΜΝΑΚΗΣ ΑΝΤΩΝΙΟΣ του Κυριάκου,ΤΣΙΧΛΑΚΗ ΒΙΡΓΙΝΙΑ του Σοφοκλή,ΦΙΛΗΣ ΙΩΑΝΝΗΣ του Αναστασίου,Δημιουργία ξανά - Θ. Τζήμερος,ΑΝΑΓΝΩΣΤΟΥ ΕΥΘΑΛΙΑ του Γεωργίου,ΚΟΝΤΟΡΟΥΧΑΣ ΓΕΩΡΓΙΟΣ του Δημητρίου,ΣΑΡΑΝΤΟΓΛΟΥ ΕΛΕΝΗ του Γεωργίου,ΣΠΥΡΙΔΑΚΗΣ ΜΙΝΩΣ του Ευθυμίου,Πλεύση Ελευθερίας - Ζωή Κωνστ.,ΠΑΝΑΓΙΩΤΑΚΗ ΘΕΑΝΩ (ΝΑΝΑ) του Ιωάννη,ΦΡΟΝΙΜΑΚΗΣ ΙΩΑΝΝΗΣ του Εμμανουήλ,ΧΑΛΑΜΠΑΡΔΑΚΗ ΑΙΚΑΤΕΡΙΝΗ του Αντώνη
53 - Χανίων,1 E.T. Δήμου Αποκορώνου,538,328,8,2,10,318,90,47,12,10,45,15,18,101,32,16,10,60,8,42,27,0,0,0,0,0,21,13,1,2,9,3,0,31,22,4,9,1,11,1,7,0,0,0,0,0,0,0,0,0,0,0,0,0,5,0,0,0,0,0,0,7,2,1,1,3,2,0,0,0,0,0,0,0,0,0,2,0,0,0,0,0,0,0,0,0,16,4,1,2,5,5,1,0,0,0,0,10,0,0,0
53 - Χανίων,2 E.T. Δήμου Αποκορώνου,555,295,1,5,6,289,66,27,14,1,26,22,3,102,49,21,5,56,3,40,26,0,0,0,0,0,14,6,0,7,6,1,0,46,38,1,12,1,16,3,2,0,0,0,0,0,0,0,0,0,0,0,0,0,0,0,0,0,0,0,0,9,3,2,0,3,1,1,0,0,0,0,0,0,0,0,0,0,0,0,0,2,0,0,0,0,10,3,2,5,3,3,1,0,0,0,0,10,0,0,0
53 - Χανίων,3 E.T. Δήμου Αποκορώνου,566,315,5,3,8,307,95,51,10,6,39,34,11,112,40,16,6,79,3,47,14,0,0,0,0,0,11,6,1,2,7,0,0,25,17,1,6,2,9,0,4,0,0,0,0,0,0,0,1,0,0,0,0,0,5,0,0,0,0,0,0,6,3,1,4,1,3,2,0,0,0,0,0,0,1,0,1,0,0,0,0,0,0,0,0,0,13,5,2,4,2,4,2,0,0,0,0,15,0,0,0
53 - Χανίων,4 E.T. Δήμου Αποκορώνου,537,311,6,4,10,301,93,32,17,7,51,25,10,101,35,26,1,67,3,18,3,0,0,0,0,0,29,22,2,8,10,1,1,29,8,3,3,4,4,3,3,0,0,0,0,0,0,0,1,0,0,0,0,0,1,0,0,0,0,0,0,7,2,1,0,0,6,1,0,0,0,0,0,0,0,0,1,0,0,0,0,0,0,0,0,0,19,5,1,4,4,3,1,0,0,0,0,12,0,0,0
53 - Χανίων,5 E.T. Δήμου Αποκορώνου,86,51,0,1,1,50,29,22,6,1,12,8,1,9,1,0,1,6,0,3,2,0,0,0,0,0,0,0,0,0,0,0,0,6,3,0,2,0,0,1,0,0,0,0,0,0,0,0,0,0,0,0,0,0,0,0,0,0,0,0,0,1,0,0,1,0,1,0,0,0,0,0,0,0,0,0,1,0,0,0,0,0,0,0,0,0,1,0,1,1,0,0,0,0,0,0,0,1,0,0,0
53 - Χανίων,6 E.T. Δήμου Αποκορώνου,124,81,2,0,2,79,41,15,9,11,18,10,1,13,8,0,5,6,0,2,0,0,0,0,0,0,5,4,0,0,1,1,0,3,1,0,0,0,1,0,0,0,0,0,0,0,0,0,0,0,0,0,0,0,0,0,0,0,0,0,0,9,4,0,3,1,5,1,0,0,0,0,0,0,0,0,0,0,0,0,0,1,0,0,0,0,4,2,0,0,1,2,0,0,0,0,0,2,0,0,0
53 - Χανίων,7 E.T. Δήμου Αποκορώνου,322,189,5,3,8,181,55,31,5,2,33,13,6,80,39,11,1,38,9,20,2,0,0,0,0,0,9,4,0,1,3,1,1,10,9,0,1,0,5,0,1,0,0,0,0,0,0,0,0,0,0,0,0,0,0,0,0,0,0,0,0,4,0,0,0,0,0,3,0,0,0,0,0,0,0,0,3,0,0,0,0,0,0,0,0,0,1,0,0,0,0,0,1,0,0,0,0,12,0,0,0
53 - Χανίων,8 E.T. Δήμου Αποκορώνου,405,264,1,9,10,254,89,52,12,6,39,18,4,84,39,21,2,37,6,19,4,0,0,0,0,0,13,7,2,0,6,1,0,16,11,5,1,0,5,3,4,0,0,0,0,0,0,0,0,0,0,0,0,0,4,0,0,0,0,0,0,6,1,1,0,1,0,10,0,0,0,0,0,0,1,0,4,0,0,0,0,0,0,0,0,0,7,4,2,1,0,2,1,0,0,0,0,11,0,0,0
53 - Χανίων,9 E.T. Δήμου Αποκορώνου,351,219,2,1,3,216,95,48,13,8,44,27,11,37,21,2,0,22,1,10,6,0,0,0,0,0,25,17,9,2,8,1,0,28,17,4,21,1,2,1,1,0,0,0,0,0,0,0,0,0,0,0,0,0,0,0,0,0,0,0,0,1,1,0,1,0,0,3,0,0,0,0,0,0,0,0,5,0,0,0,0,1,0,0,0,0,10,6,0,0,3,2,0,0,0,0,0,4,0,0,0
53 - Χανίων,10 E.T. Δήμου Αποκορώνου,263,172,3,1,4,168,44,17,3,3,30,12,3,72,52,15,4,34,5,9,2,1,0,2,1,0,14,13,1,2,4,2,0,10,8,1,3,1,0,1,0,0,0,0,0,0,0,0,1,0,0,0,0,0,1,0,0,0,0,0,0,7,3,2,2,1,1,1,0,0,0,0,0,0,1,0,2,0,0,0,0,0,0,0,0,0,10,6,2,1,2,4,0,0,0,0,0,3,0,0,0
53 - Χανίων,11 E.T. Δήμου Αποκορώνου,360,223,2,1,3,220,82,32,10,5,52,20,11,85,51,21,4,48,3,11,7,0,0,0,0,0,9,5,0,1,5,2,0,9,4,1,1,0,0,1,2,0,0,0,0,0,0,0,0,0,0,0,0,0,2,0,0,0,0,0,0,7,1,0,3,0,2,0,0,0,0,0,0,0,0,0,0,0,0,0,0,0,0,0,0,0,6,4,0,0,3,2,3,0,0,0,0,8,0,0,0
53 - Χανίων,12 E.T. Δήμου Αποκορώνου,348,228,3,0,3,225,42,8,4,3,26,10,3,138,63,16,11,103,10,24,6,0,0,0,0,0,18,15,2,3,7,0,1,2,0,1,1,0,1,0,2,0,0,0,0,0,0,0,0,0,0,0,0,0,0,0,0,0,0,0,0,5,2,0,3,0,2,0,0,0,0,0,0,0,0,0,0,0,0,0,0,1,0,0,0,0,2,1,0,1,0,0,0,0,0,0,0,9,0,0,0
53 - Χανίων,13 E.T. Δήμου Αποκορώνου,390,244,2,1,3,241,83,14,7,13,68,8,2,100,40,12,4,84,6,4,3,0,0,0,0,0,20,12,2,1,9,5,1,9,2,2,2,0,1,0,2,0,0,0,0,0,0,0,1,0,0,0,0,0,0,0,0,0,0,0,0,6,2,0,3,1,1,1,0,0,0,0,0,0,0,0,1,0,0,0,0,0,0,0,0,0,5,1,1,1,0,0,6,0,0,0,0,4,0,0,0
53 - Χανίων,14 E.T. Δήμου Αποκορώνου,459,245,5,0,5,240,90,29,12,6,52,31,8,75,46,14,3,45,4,5,6,0,0,0,0,0,12,5,4,5,3,1,0,16,6,4,1,4,2,2,2,0,0,0,0,0,0,0,0,0,0,0,0,0,0,0,0,0,0,0,0,1,1,0,1,0,0,2,0,0,0,0,0,0,1,0,1,0,0,0,0,0,0,0,0,0,19,8,0,0,5,4,3,0,0,0,0,12,0,0,0
53 - Χανίων,15 E.T. Δήμου Αποκορώνου,379,212,3,4,7,205,95,39,9,9,41,36,13,58,27,12,6,40,3,11,2,0,0,0,0,0,6,2,1,0,2,1,0,11,9,1,2,2,0,0,0,0,0,0,0,0,0,0,2,0,0,0,0,0,2,0,0,0,0,0,0,5,3,1,0,1,2,0,0,0,0,0,0,0,0,0,2,0,0,0,0,0,0,0,0,0,8,3,0,3,4,2,1,0,0,0,0,13,0,0,0
53 - Χανίων,16 E.T. Δήμου Αποκορώνου,524,301,2,1,3,298,130,40,13,11,56,48,13,42,20,6,1,26,1,11,2,0,0,0,0,0,23,6,2,6,8,5,0,27,18,8,12,5,1,3,4,0,0,0,0,0,0,0,0,0,0,0,0,0,3,0,0,0,0,0,0,8,2,1,1,1,3,2,0,0,0,0,0,0,0,0,3,0,0,0,0,0,0,0,0,0,13,4,1,2,5,2,2,0,0,0,0,39,0,0,0
53 - Χανίων,17 E.T. Δήμου Αποκορώνου,253,157,2,1,3,154,59,20,12,7,31,15,9,39,11,11,0,21,2,3,4,0,0,0,0,0,3,1,2,0,1,0,0,18,12,3,5,5,1,6,7,0,0,0,0,0,0,0,1,0,0,0,0,0,2,0,0,0,0,0,0,9,3,3,1,3,2,2,0,0,0,0,0,0,0,0,2,0,0,0,0,0,0,0,0,0,8,1,1,3,1,2,0,0,0,0,0,0,0,0,0
53 - Χανίων,18 E.T. Δήμου Αποκορώνου,181,119,0,0,0,119,33,11,3,3,13,12,2,59,26,8,3,44,2,9,7,0,0,0,0,0,1,1,0,1,0,0,0,3,3,0,1,0,0,0,0,0,0,0,0,0,0,0,0,0,0,0,0,0,1,0,0,0,0,0,0,5,2,1,1,1,1,0,0,0,0,0,0,0,0,0,0,0,0,0,0,0,0,0,0,0,4,0,0,2,1,1,1,0,0,0,0,5,0,0,0
53 - Χανίων,19 E.T. Δήμου Αποκορώνου,258,156,0,1,1,155,67,20,12,16,26,23,4,35,15,8,0,27,1,6,4,1,1,1,0,0,9,5,1,3,3,0,0,9,2,3,4,1,1,1,1,0,0,0,0,0,0,0,0,0,0,0,0,0,1,0,0,0,0,0,0,9,2,1,4,1,6,0,0,0,0,0,0,0,0,0,0,0,0,0,0,0,0,0,0,0,10,5,0,0,1,3,2,0,0,0,0,8,0,0,0
53 - Χανίων,20 E.T. Δήμου Αποκορώνου,311,202,5,2,7,195,89,19,9,21,49,35,10,35,18,7,2,22,3,2,2,0,0,0,0,0,8,3,0,6,2,1,0,22,10,11,4,3,3,1,1,0,0,0,0,0,0,0,0,0,0,0,0,0,1,0,0,0,0,0,0,6,1,0,2,3,4,0,0,0,0,0,0,0,0,0,0,0,0,0,0,1,0,0,0,0,7,3,0,0,4,0,1,0,0,0,0,22,0,0,0
53 - Χανίων,21 E.T. Δήμου Αποκορώνου,186,116,2,1,3,113,40,14,3,2,21,11,2,38,12,5,0,24,1,10,1,0,0,0,0,0,6,3,1,0,4,0,0,10,4,0,0,0,3,0,0,0,0,0,0,0,0,0,1,0,0,0,0,0,0,0,0,0,0,0,0,3,1,0,1,1,1,0,0,0,0,0,0,0,1,0,0,0,0,0,0,0,0,0,0,0,3,2,1,1,0,2,0,0,0,0,0,10,0,0,0
53 - Χανίων,22 E.T. Δήμου Αποκορώνου,288,184,1,1,2,182,61,22,11,6,28,28,4,48,34,8,2,40,0,5,2,0,0,0,0,0,16,6,1,3,11,4,0,17,10,4,3,3,8,1,1,0,0,0,0,0,0,0,0,0,0,0,0,0,1,0,0,0,0,0,0,6,0,0,2,0,3,15,0,0,0,0,0,0,0,0,2,0,0,0,0,0,0,0,0,0,6,1,2,1,2,0,0,0,0,0,0,7,0,0,0
53 - Χανίων,23 E.T. Δήμου Αποκορώνου,270,146,3,1,4,142,47,12,6,5,19,19,2,31,14,4,5,20,2,5,3,0,0,0,0,0,16,7,4,1,4,1,1,8,3,3,4,0,1,0,0,0,0,0,0,0,0,0,0,0,0,0,0,0,0,0,0,0,0,0,0,8,1,3,3,4,1,0,0,0,0,0,0,0,0,0,0,0,0,0,0,0,0,0,0,0,4,1,0,0,1,1,2,0,0,0,0,23,0,0,0
53 - Χανίων,24 E.T. Δήμου Αποκορώνου,331,179,5,0,5,174,51,13,5,11,21,18,4,63,34,10,5,32,2,15,2,0,0,0,0,0,8,4,0,1,2,1,1,10,3,1,0,0,3,1,4,0,0,0,0,0,0,0,0,0,0,0,0,0,0,0,0,0,0,0,0,6,3,3,0,1,1,0,0,0,0,0,0,0,0,0,0,0,0,0,0,0,0,0,0,0,8,1,0,2,2,2,3,0,0,0,0,19,0,0,0
53 - Χανίων,25 E.T. Δήμου Αποκορώνου,257,117,2,1,3,114,34,14,6,3,13,13,0,37,19,1,1,25,3,3,2,0,0,0,0,0,15,4,0,1,12,5,0,6,5,3,1,1,0,0,3,0,0,1,1,0,0,0,0,0,0,0,0,0,0,0,0,0,0,0,0,2,0,0,0,0,1,0,0,0,0,0,0,0,0,0,0,0,0,0,0,1,0,0,0,0,8,2,1,2,0,3,0,0,0,0,0,6,0,0,0
53 - Χανίων,26 E.T. Δήμου Αποκορώνου,474,279,2,0,2,277,100,22,8,3,65,34,6,118,53,28,2,70,3,33,7,0,0,0,0,0,17,7,1,0,11,2,2,8,3,4,1,1,0,0,2,0,0,0,0,0,0,0,0,0,0,0,0,0,1,0,0,0,0,0,0,8,2,1,5,2,0,0,0,0,0,0,0,0,0,0,0,0,0,0,0,0,0,0,0,0,6,1,0,2,1,1,1,0,0,0,0,9,0,0,0
53 - Χανίων,27 E.T. Δήμου Αποκορώνου,557,288,8,2,10,278,84,22,9,2,53,23,10,125,50,31,1,96,5,26,1,0,0,0,0,0,35,16,3,2,22,6,0,4,2,2,0,0,0,0,4,3,0,0,2,2,0,0,0,0,0,0,0,0,1,1,0,1,0,0,0,1,0,0,1,0,0,1,0,0,0,0,0,0,0,0,3,0,0,0,0,1,0,0,0,0,8,3,0,3,0,0,3,0,0,0,0,7,0,0,0
53 - Χανίων,28 E.T. Δήμου Αποκορώνου,438,240,3,1,4,236,87,20,16,6,56,34,4,89,56,17,0,59,3,10,10,0,0,0,0,0,12,6,3,1,9,0,0,7,2,0,5,1,1,1,3,0,0,0,0,0,0,0,0,0,0,0,0,0,3,0,0,0,0,0,0,9,1,0,4,1,6,3,0,0,0,0,0,0,0,0,0,0,0,0,0,0,0,0,0,0,4,3,0,0,1,1,1,0,0,0,0,8,0,0,0
53 - Χανίων,29 E.T. Δήμου Αποκορώνου,286,154,1,0,1,153,48,11,3,4,30,15,6,43,30,9,0,23,3,7,3,0,0,0,0,0,25,22,1,2,12,3,2,10,2,3,1,0,2,3,0,0,0,0,0,0,0,0,0,0,0,0,0,0,0,0,0,0,0,0,0,5,2,0,3,0,1,0,0,0,0,0,0,0,0,0,3,0,0,0,0,1,0,0,0,0,8,3,2,0,3,1,1,0,0,0,0,6,0,0,0
53 - Χανίων,30 E.T. Δήμου Αποκορώνου,497,282,5,2,7,275,88,23,4,3,50,27,13,113,54,19,2,86,3,11,4,0,0,0,0,0,23,17,1,3,15,2,2,16,11,1,8,1,0,0,8,0,0,0,0,0,0,0,0,0,0,0,0,0,1,0,0,0,0,0,0,12,3,0,3,1,5,0,0,0,0,0,0,0,0,0,1,0,0,0,0,1,0,0,0,0,4,1,0,1,2,0,1,0,0,0,0,3,0,0,0
53 - Χανίων,31 E.T. Δήμου Αποκορώνου,567,318,8,4,12,306,95,26,10,2,46,20,4,106,40,24,1,77,3,21,3,0,0,0,0,0,19,11,0,4,11,2,1,31,21,12,16,2,0,1,3,0,0,0,0,0,0,0,1,0,0,0,0,0,1,0,0,0,0,0,0,15,2,2,5,3,7,1,0,0,0,0,0,0,1,0,0,0,0,0,0,1,0,0,0,0,15,0,2,4,4,3,4,0,0,0,0,10,0,0,0
53 - Χανίων,32 E.T. Δήμου Αποκορώνου,338,204,1,1,2,202,39,11,6,7,23,17,5,96,50,22,1,68,9,12,6,0,0,0,0,0,13,11,1,0,4,3,1,14,5,4,2,1,3,1,1,0,0,0,0,0,0,0,0,0,0,0,0,0,0,0,0,0,0,0,0,15,3,0,1,1,13,2,0,0,0,0,0,0,0,0,0,0,0,0,0,0,0,0,0,0,9,6,0,3,4,1,1,0,0,0,0,6,0,0,0
53 - Χανίων,33 E.T. Δήμου Αποκορώνου,430,251,1,1,2,249,113,23,21,7,69,45,16,71,21,28,6,56,4,6,3,0,0,0,0,0,28,21,2,1,16,5,0,8,3,2,2,2,0,0,2,0,0,0,0,0,0,0,1,0,0,0,0,0,0,0,0,0,0,0,0,6,3,1,3,3,0,1,0,0,0,0,0,0,0,0,1,0,0,0,0,2,0,0,0,0,5,3,2,2,3,0,4,0,0,0,0,4,0,0,0
53 - Χανίων,34 E.T. Δήμου Αποκορώνου,317,203,1,4,5,198,86,26,11,6,50,26,11,65,47,3,2,36,2,0,2,0,0,0,0,0,15,9,0,1,13,2,0,7,6,1,7,0,0,0,1,0,0,0,0,0,0,0,0,0,0,0,0,0,3,0,0,0,0,0,0,6,1,0,3,0,2,0,0,0,0,0,0,0,0,0,0,0,0,0,0,1,0,0,0,0,10,6,0,2,3,3,0,0,0,0,0,2,0,0,0
53 - Χανίων,35 E.T. Δήμου Αποκορώνου,453,281,4,0,4,277,67,16,4,1,38,27,3,130,55,37,3,82,2,13,6,0,0,0,0,0,32,7,1,0,27,1,0,11,3,3,2,0,1,0,4,0,0,0,0,0,0,0,1,0,0,0,0,0,0,0,0,0,0,0,0,5,0,0,0,0,0,0,0,0,0,0,0,0,0,0,1,0,0,0,0,0,0,0,0,0,11,7,0,2,0,2,4,0,0,0,0,5,0,0,0
53 - Χανίων,36 E.T. Δήμου Αποκορώνου,495,281,2,5,7,274,53,12,7,1,39,17,6,145,86,34,0,102,2,0,7,0,0,0,0,0,24,4,1,0,23,1,0,11,8,2,8,1,0,1,4,0,0,0,0,0,0,0,0,0,0,0,0,0,2,0,0,0,0,0,0,12,0,0,3,1,2,0,0,0,0,0,0,0,0,0,1,0,0,0,0,0,0,0,0,0,9,4,2,2,2,2,1,0,0,0,0,5,0,0,0
53 - Χανίων,37 E.T. Δήμου Αποκορώνου,527,320,9,0,9,311,108,38,14,2,62,34,5,92,62,17,0,64,2,5,6,0,0,0,0,0,36,17,0,1,28,3,0,36,28,1,23,0,0,0,2,0,0,0,0,0,1,0,0,0,0,0,0,0,1,0,0,0,0,0,0,10,2,0,4,0,4,3,0,0,0,0,0,0,0,0,0,0,0,0,0,1,0,0,0,0,11,3,2,3,2,1,0,0,0,0,0,4,0,0,0
53 - Χανίων,38 E.T. Δήμου Αποκορώνου,278,108,3,1,4,104,29,4,1,6,15,8,1,42,19,15,4,26,1,6,3,0,0,0,0,0,10,6,0,0,8,0,0,6,6,1,2,0,0,0,2,0,0,0,0,0,0,0,0,0,0,0,0,0,1,0,0,0,0,0,0,6,3,0,5,1,0,0,0,0,0,0,0,0,0,0,0,0,0,0,0,0,0,0,0,0,4,1,1,1,2,1,0,0,0,0,0,1,0,0,0
53 - Χανίων,39 E.T. Δήμου Αποκορώνου,345,155,1,1,2,153,33,7,3,2,17,18,2,73,27,38,1,55,3,10,5,0,0,0,0,0,20,9,2,1,15,2,0,7,5,2,1,1,1,1,0,0,0,0,0,0,0,0,0,0,0,0,0,0,1,0,0,0,0,0,0,6,2,0,5,0,2,1,0,0,0,0,0,0,0,0,0,0,0,0,0,0,0,0,0,0,4,2,1,1,2,0,0,0,0,0,0,3,0,0,0
53 - Χανίων,40 E.T. Δήμου Αποκορώνου,346,211,5,1,6,205,59,18,10,2,33,17,4,91,49,20,7,38,6,5,4,0,0,0,0,0,18,7,0,2,12,3,1,10,6,3,1,2,0,1,1,0,0,0,0,0,0,0,0,0,0,0,0,0,0,0,0,0,0,0,0,3,1,0,1,0,1,0,0,0,0,0,0,0,0,0,4,0,0,0,0,1,0,0,0,0,9,4,2,1,2,2,0,0,0,0,0,5,0,0,0
53 - Χανίων,41 E.T. Δήμου Αποκορώνου,188,121,2,0,2,119,42,5,1,4,27,9,5,40,28,5,3,20,1,3,1,0,0,0,0,0,24,8,0,2,19,0,0,3,0,0,1,0,0,1,1,0,0,0,0,0,0,0,0,0,0,0,0,0,0,0,0,0,0,0,0,3,0,1,1,0,2,1,0,0,0,0,0,0,0,0,0,0,0,0,0,0,0,0,0,0,4,2,0,0,0,0,0,0,0,0,0,0,0,0,0
53 - Χανίων,42 E.T. Δήμου Αποκορώνου,359,254,3,1,4,250,76,36,10,4,45,14,5,79,57,0,5,46,2,7,4,0,0,0,0,0,25,8,0,3,18,2,0,17,9,1,6,4,6,1,0,0,0,0,0,0,0,0,2,0,0,0,0,0,3,0,0,0,0,0,0,17,5,0,3,1,5,1,0,0,0,0,0,0,0,0,2,0,0,0,0,1,0,0,0,0,17,5,1,3,4,5,0,0,0,0,0,6,0,0,0
53 - Χανίων,43 E.T. Δήμου Αποκορώνου,281,166,4,4,8,158,62,15,6,2,41,18,13,48,30,7,5,25,0,3,6,0,0,0,0,0,15,7,0,0,6,0,1,6,5,1,2,0,0,0,1,0,0,0,0,0,0,0,2,0,0,0,0,0,1,0,0,0,0,0,0,2,0,0,0,0,0,3,0,0,0,0,0,0,1,0,0,0,0,0,0,0,0,0,0,0,5,3,0,2,1,0,1,0,0,0,0,5,0,0,0
53 - Χανίων,44 E.T. Δήμου Αποκορώνου,281,178,3,3,6,172,41,8,1,1,25,13,12,94,72,11,4,42,2,15,5,0,0,0,0,0,14,6,1,2,8,1,0,3,3,2,0,0,0,0,0,0,0,0,0,0,0,0,0,0,0,0,0,0,1,0,0,0,0,0,0,4,2,1,1,1,1,0,0,0,0,0,0,0,0,0,0,0,0,0,0,0,0,0,0,0,5,2,1,2,2,0,0,0,0,0,0,5,0,0,0
53 - Χανίων,45 E.T. Δήμου Αποκορώνου,556,363,4,4,8,355,98,19,9,8,49,27,7,129,80,14,7,59,3,10,7,0,0,0,0,0,39,0,0,0,0,0,0,27,10,8,6,2,2,1,1,0,0,0,0,0,0,0,2,0,0,0,0,0,7,0,0,0,0,0,0,13,0,1,1,1,4,0,0,0,0,0,0,0,0,0,2,0,0,0,0,1,0,0,0,0,10,7,0,3,1,4,0,0,0,0,0,19,0,0,0
53 - Χανίων,46 E.T. Δήμου Γαύδου,222,107,2,0,2,105,53,7,3,4,29,28,8,44,16,1,11,41,0,8,1,0,0,0,0,0,0,0,0,0,0,0,0,2,0,0,0,1,0,0,0,0,0,0,0,0,0,0,0,0,0,0,0,0,0,0,0,0,0,0,0,1,0,0,0,0,0,0,0,0,0,0,0,0,0,0,0,0,0,0,0,0,0,0,0,0,4,2,2,1,1,1,0,0,0,0,0,0,0,0,0
53 - Χανίων,47 E.T. Δήμου Καντάνου - Σελίνου,512,254,4,2,6,248,96,11,12,5,50,19,42,97,59,6,26,45,0,24,4,0,0,0,0,0,11,9,6,2,3,0,0,13,1,7,2,2,1,1,2,0,0,0,0,0,0,0,0,0,0,0,0,0,1,0,0,0,0,0,0,9,2,1,1,2,2,0,0,0,0,0,0,0,0,0,2,0,0,0,0,2,0,0,0,0,6,3,0,1,1,1,3,0,0,0,0,2,0,0,0
53 - Χανίων,48 E.T. Δήμου Καντάνου - Σελίνου,306,202,2,0,2,200,90,16,12,7,42,23,10,70,25,10,32,35,5,7,3,1,2,1,0,0,16,9,2,2,3,3,1,1,0,0,0,0,0,0,3,0,0,0,0,0,0,0,0,0,0,0,0,0,0,0,0,0,0,0,0,4,0,0,0,0,1,0,0,0,0,0,0,0,0,0,1,0,0,0,0,0,0,0,0,0,7,3,2,1,2,1,2,0,0,0,0,3,0,0,0
53 - Χανίων,49 E.T. Δήμου Καντάνου - Σελίνου,443,209,3,2,5,204,77,16,6,12,42,25,10,63,29,12,18,29,2,21,4,0,0,0,0,0,31,21,3,10,4,5,2,3,2,2,0,1,0,0,2,0,0,0,0,0,0,0,0,0,0,0,0,0,2,0,0,0,0,0,0,4,0,0,1,0,4,0,0,0,0,0,0,0,0,0,0,0,0,0,0,0,0,0,0,0,13,7,2,2,7,2,3,0,0,0,0,2,0,0,0
53 - Χανίων,50 E.T. Δήμου Καντάνου - Σελίνου,221,119,1,0,1,118,42,17,4,2,17,15,8,45,18,7,11,27,3,5,0,0,0,0,0,0,20,14,2,8,2,2,0,2,0,1,1,0,0,1,0,0,0,0,0,0,0,0,1,0,0,0,0,0,0,0,0,0,0,0,0,1,1,0,0,0,1,1,0,0,0,0,0,0,0,0,0,0,0,0,0,1,0,0,0,0,2,1,0,1,1,0,0,0,0,0,0,3,0,0,0
53 - Χανίων,51 E.T. Δήμου Καντάνου - Σελίνου,136,76,0,0,0,76,29,1,0,5,17,19,2,24,10,7,6,13,2,4,2,0,0,0,0,0,8,8,1,0,0,0,0,1,0,0,0,0,0,0,0,0,0,0,0,0,0,0,1,0,0,0,0,0,0,0,0,0,0,0,0,0,0,0,0,0,0,0,0,0,0,0,0,0,0,0,0,0,0,0,0,0,0,0,0,0,9,4,0,4,1,3,1,0,0,0,0,1,0,0,0
53 - Χανίων,52 E.T. Δήμου Καντάνου - Σελίνου,136,64,0,1,1,63,21,2,5,3,12,5,7,26,9,14,8,12,3,2,1,0,0,0,0,0,5,3,3,1,2,1,0,3,0,2,0,1,0,0,1,0,0,0,0,0,0,0,0,0,0,0,0,0,0,0,0,0,0,0,0,1,0,0,0,0,1,0,0,0,0,0,0,0,0,0,3,0,0,0,0,0,0,0,0,0,1,0,0,0,0,0,0,0,0,0,0,1,0,0,0
53 - Χανίων,53 E.T. Δήμου Καντάνου - Σελίνου,141,83,1,2,3,80,21,7,3,1,13,7,5,37,23,5,10,17,2,10,0,0,0,0,0,0,6,4,0,0,2,1,0,3,0,0,1,0,0,0,1,0,0,0,0,0,0,0,1,0,0,0,0,0,0,0,0,0,0,0,0,4,0,1,1,1,2,0,0,0,0,0,0,0,0,0,0,0,0,0,0,2,0,0,0,0,1,0,0,0,0,0,0,0,0,0,0,4,0,0,0
53 - Χανίων,54 E.T. Δήμου Καντάνου - Σελίνου,356,150,2,1,3,147,41,6,3,2,18,18,14,53,24,8,4,38,9,8,2,0,0,0,0,0,9,5,0,0,0,4,0,14,1,11,7,1,2,6,4,0,0,0,0,0,0,0,0,0,0,0,0,0,0,0,0,0,0,0,0,8,3,1,2,1,2,0,0,0,0,0,0,0,0,0,5,0,0,0,0,1,0,0,0,0,5,4,0,1,0,2,1,0,0,0,0,4,0,0,0
53 - Χανίων,55 E.T. Δήμου Καντάνου - Σελίνου,440,225,4,2,6,219,105,14,5,15,59,35,23,54,25,9,8,26,2,10,4,0,0,0,0,0,15,9,2,4,2,6,0,17,0,6,9,1,2,10,2,0,0,0,0,0,0,0,3,0,0,0,0,0,1,0,0,0,0,0,0,4,2,0,0,0,2,1,0,0,0,0,0,0,0,0,2,0,0,0,0,0,0,0,0,0,8,4,0,2,1,0,1,0,0,0,0,2,0,0,0
53 - Χανίων,56 E.T. Δήμου Καντάνου - Σελίνου,417,223,2,1,3,220,91,17,14,3,59,45,9,62,30,18,12,24,2,1,6,0,0,0,0,0,23,10,5,6,5,6,1,17,0,5,7,1,1,8,2,0,0,0,0,0,0,0,1,0,0,0,0,0,0,0,0,0,0,0,0,5,0,2,2,0,1,3,0,0,0,0,0,0,0,0,1,0,0,0,0,0,0,0,0,0,5,1,2,1,1,1,1,0,0,0,0,3,0,0,0
53 - Χανίων,57 E.T. Δήμου Καντάνου - Σελίνου,423,250,4,0,4,246,122,31,20,14,71,38,16,60,38,5,4,36,5,10,1,0,0,0,0,0,15,9,1,6,3,1,1,14,0,4,5,2,1,3,5,0,0,0,0,0,0,0,1,0,0,0,0,0,1,0,0,0,0,0,0,5,5,1,1,2,1,1,0,0,0,0,0,0,0,0,6,0,0,0,0,0,0,0,0,0,13,2,1,2,3,3,0,0,0,0,0,2,0,0,0
53 - Χανίων,58 E.T. Δήμου Καντάνου - Σελίνου,423,236,7,3,10,226,71,10,16,5,41,34,7,84,37,23,5,51,11,13,6,0,0,0,0,0,25,15,0,9,2,7,0,11,1,5,2,2,1,5,2,0,0,0,0,0,0,0,3,0,0,0,0,0,0,0,0,0,0,0,0,6,3,1,2,1,3,0,0,0,0,0,0,0,0,0,3,0,0,0,0,0,0,0,0,0,11,3,1,2,2,1,4,0,0,0,0,0,0,0,0
53 - Χανίων,59 E.T. Δήμου Καντάνου - Σελίνου,410,261,9,0,9,252,77,8,12,5,31,36,13,100,43,18,8,65,11,18,7,0,0,0,0,0,17,9,2,8,1,3,0,14,2,6,4,0,4,3,2,0,0,0,0,0,0,0,1,0,0,0,0,0,0,0,0,0,0,0,0,10,5,0,5,1,2,0,0,0,0,0,0,0,0,0,2,0,0,0,0,1,0,0,0,0,15,2,1,9,5,5,2,0,0,0,0,4,0,0,0
53 - Χανίων,60 E.T. Δήμου Καντάνου - Σελίνου,439,253,1,1,2,251,101,13,13,5,52,58,16,77,39,12,5,53,6,16,6,0,0,0,0,0,24,13,0,6,7,9,1,11,0,5,2,0,3,3,2,0,0,0,0,0,0,0,1,0,0,0,0,0,0,0,0,0,0,0,0,5,1,3,1,1,1,0,0,0,0,0,0,0,0,0,5,0,0,0,0,0,0,0,0,0,14,7,0,2,5,2,0,0,0,0,0,5,0,0,0
53 - Χανίων,61 E.T. Δήμου Καντάνου - Σελίνου,487,281,9,3,12,269,83,22,6,9,39,46,11,109,62,14,10,66,13,11,5,0,0,0,0,0,18,12,1,5,6,4,0,11,0,4,4,1,1,2,2,0,0,0,0,0,0,0,1,0,0,0,0,0,0,0,0,0,0,0,0,15,5,2,4,3,6,0,0,0,0,0,0,0,0,0,3,0,0,0,0,0,0,0,0,0,15,7,2,5,4,2,1,0,0,0,0,6,0,0,0
53 - Χανίων,62 E.T. Δήμου Καντάνου - Σελίνου,321,175,4,0,4,171,44,8,2,5,31,24,8,78,53,14,4,55,3,7,4,0,0,0,0,0,17,7,0,9,2,6,0,10,0,9,0,0,0,2,1,0,0,0,0,0,0,0,0,0,0,0,0,0,0,0,0,0,0,0,0,3,1,0,2,0,2,1,0,0,0,0,0,0,0,0,0,0,0,0,0,0,0,0,0,0,10,5,2,3,6,0,1,0,0,0,0,2,0,0,0
53 - Χανίων,63 E.T. Δήμου Καντάνου - Σελίνου,461,275,0,3,3,272,69,12,7,10,37,23,12,100,62,17,5,66,12,11,4,0,0,0,0,0,43,29,2,16,9,10,0,18,0,12,0,0,0,13,6,0,0,0,0,0,0,0,0,0,0,0,0,0,0,0,0,0,0,0,0,15,7,3,9,0,6,4,0,0,0,0,0,0,0,0,0,0,0,0,0,1,0,0,0,0,4,3,0,1,1,1,1,0,0,0,0,7,0,0,0
53 - Χανίων,64 E.T. Δήμου Καντάνου - Σελίνου,203,127,0,1,1,126,35,6,10,2,16,11,8,39,16,7,0,27,5,7,1,0,0,0,0,0,26,8,3,3,1,18,1,12,1,5,3,0,0,9,0,0,0,0,0,0,0,0,0,0,0,0,0,0,0,0,0,0,0,0,0,3,3,1,0,0,1,0,0,0,0,0,0,0,0,0,0,0,0,0,0,0,0,0,0,0,5,3,1,0,0,1,5,0,0,0,0,0,0,0,0
53 - Χανίων,65 E.T. Δήμου Καντάνου - Σελίνου,398,222,4,2,6,216,67,17,12,9,20,29,21,69,44,9,5,48,1,12,9,0,0,0,0,0,25,17,3,4,2,7,0,18,1,15,0,3,0,11,3,0,0,0,0,0,0,0,0,0,0,0,0,0,0,0,0,0,0,0,0,8,2,2,2,2,2,0,0,0,0,0,0,0,1,0,1,0,0,0,0,0,0,0,0,0,12,5,1,4,3,2,1,0,0,0,0,2,0,0,0
53 - Χανίων,66 E.T. Δήμου Κισσάμου,233,115,2,1,3,112,31,5,4,5,10,14,10,26,7,6,6,17,4,4,4,0,0,0,0,0,25,10,2,18,8,0,2,13,1,8,12,2,1,1,1,0,0,0,0,0,0,0,1,0,0,0,0,0,0,0,0,0,0,0,0,0,0,0,0,0,0,6,0,0,0,0,0,0,0,0,1,0,0,0,0,0,0,0,0,0,3,1,0,1,1,0,0,0,0,0,0,1,0,0,0
53 - Χανίων,67 E.T. Δήμου Κισσάμου,312,191,4,1,5,186,71,4,25,4,27,47,19,52,29,8,7,26,9,9,2,0,0,0,0,0,22,12,3,15,1,1,1,9,2,0,1,2,2,1,0,0,0,0,0,0,0,0,0,0,0,0,0,0,0,0,0,0,0,0,0,8,3,1,0,4,3,6,0,0,0,0,0,0,0,0,1,0,0,0,0,2,0,0,0,0,11,6,2,1,4,5,1,0,0,0,0,1,0,0,0
53 - Χανίων,68 E.T. Δήμου Κισσάμου,269,157,3,0,3,154,62,4,7,9,14,25,34,43,26,9,2,29,0,6,1,0,0,0,0,0,29,11,1,19,5,3,0,2,0,0,0,0,0,0,3,0,0,0,0,0,0,0,0,0,0,0,0,0,0,0,0,0,0,0,0,4,1,0,0,0,2,1,0,0,0,0,0,0,0,0,0,0,0,0,0,0,0,0,0,0,7,1,0,3,1,2,0,0,0,0,0,2,0,0,0
53 - Χανίων,69 E.T. Δήμου Κισσάμου,493,334,2,2,4,330,112,11,9,7,53,26,60,82,42,13,7,61,2,8,5,4,4,0,0,0,32,3,1,23,0,1,0,64,9,23,34,6,4,3,0,0,0,0,0,0,0,0,1,0,0,0,0,0,0,0,0,0,0,0,0,7,3,0,0,0,6,9,0,7,0,0,2,7,0,0,1,1,0,0,0,0,0,0,0,0,11,5,2,1,3,3,1,1,0,0,0,5,3,3,0
53 - Χανίων,70 E.T. Δήμου Κισσάμου,259,134,2,2,4,130,47,5,6,4,15,10,32,58,26,16,6,33,5,10,3,0,0,0,0,0,14,7,1,5,1,1,2,2,1,1,1,0,0,0,1,0,0,0,0,0,0,0,0,0,0,0,0,0,0,0,0,0,0,0,0,3,1,1,0,1,1,0,0,0,0,0,0,0,0,0,0,0,0,0,0,0,0,0,0,0,1,0,0,1,0,1,0,0,0,0,0,1,0,0,0
53 - Χανίων,71 E.T. Δήμου Κισσάμου,240,130,2,1,3,127,53,5,11,2,28,20,25,22,14,5,0,17,0,3,2,0,0,0,0,0,17,4,1,11,0,1,1,11,0,4,2,7,7,0,0,0,0,0,0,0,0,0,0,0,0,0,0,0,8,0,0,0,0,0,0,8,0,2,1,2,5,1,0,0,0,0,0,0,0,0,1,0,0,0,0,0,0,0,0,0,2,1,0,1,1,0,0,0,0,0,0,2,0,0,0
53 - Χανίων,72 E.T. Δήμου Κισσάμου,92,55,0,0,0,55,23,5,0,13,10,5,3,14,8,3,0,10,1,5,1,0,0,0,0,0,5,3,0,3,0,0,0,0,0,0,0,0,0,0,0,0,0,0,0,0,0,0,1,0,0,0,0,0,0,0,0,0,0,0,0,0,0,0,0,0,0,8,0,0,0,0,0,0,0,0,0,0,0,0,0,0,0,0,0,0,0,0,0,0,0,0,1,0,0,0,0,2,0,0,0
53 - Χανίων,73 E.T. Δήμου Κισσάμου,234,141,6,0,6,135,20,2,2,3,6,2,7,75,32,17,4,53,9,19,2,0,2,2,0,0,20,7,10,8,3,1,0,8,0,3,5,0,1,3,1,0,0,0,0,0,0,0,0,0,0,0,0,0,1,1,0,0,0,0,0,2,0,0,0,0,1,1,0,1,0,0,0,0,0,0,1,0,0,0,0,0,0,0,0,0,3,0,1,1,0,1,0,0,0,0,0,1,0,0,0
53 - Χανίων,74 E.T. Δήμου Κισσάμου,532,353,1,3,4,349,126,11,11,10,57,34,70,129,63,36,3,75,5,18,16,0,0,0,0,0,25,9,1,21,2,4,1,17,3,5,2,6,6,2,3,0,0,0,0,0,0,0,0,0,0,0,0,0,2,0,0,0,0,0,0,11,3,0,2,0,8,0,0,0,0,0,0,0,0,0,2,0,0,0,0,2,0,0,0,0,12,7,0,1,5,0,0,0,0,0,0,4,0,0,0
53 - Χανίων,75 E.T. Δήμου Κισσάμου,452,295,3,2,5,290,111,7,13,22,39,29,71,92,47,15,3,62,7,22,8,0,0,0,0,0,15,6,1,10,3,2,1,9,2,5,4,2,1,1,2,0,0,0,0,0,0,0,1,0,0,0,0,0,2,0,0,0,0,0,0,16,3,1,5,2,7,0,0,0,0,0,0,0,0,0,2,0,0,0,0,0,0,0,0,0,24,10,1,6,6,7,2,0,0,0,0,6,0,0,0
53 - Χανίων,76 E.T. Δήμου Κισσάμου,272,172,1,0,1,171,72,7,4,3,31,30,41,50,32,10,5,23,5,12,4,0,0,0,0,0,17,8,5,4,0,1,0,3,1,3,1,0,0,0,2,0,0,0,0,0,0,0,1,0,0,0,0,0,0,0,0,0,0,0,0,3,2,0,1,0,1,0,0,0,0,0,0,0,0,0,1,0,0,0,0,0,0,0,0,0,12,4,1,3,4,4,0,0,0,0,0,6,0,0,0
53 - Χανίων,77 E.T. Δήμου Κισσάμου,201,133,0,0,0,133,59,6,7,7,24,24,25,45,23,14,7,30,1,7,4,0,0,0,0,0,6,2,1,5,0,1,2,4,1,3,1,0,0,0,0,0,0,0,0,0,0,0,0,0,0,0,0,0,0,0,0,0,0,0,0,3,0,0,1,0,3,0,0,0,0,0,0,0,0,0,0,0,0,0,0,0,0,0,0,0,10,6,2,1,4,3,0,0,0,0,0,2,0,0,0
53 - Χανίων,78 E.T. Δήμου Κισσάμου,529,333,5,3,8,325,121,13,13,7,55,34,87,116,59,33,3,78,5,25,12,0,0,0,0,0,23,13,0,17,2,3,4,13,1,2,3,4,4,2,4,0,0,0,0,0,0,0,0,0,0,0,0,0,0,0,0,0,0,0,0,11,2,3,3,2,4,2,0,0,0,0,0,0,0,0,0,0,0,0,0,1,0,0,0,0,16,4,3,6,2,4,2,0,0,0,0,4,0,0,0
53 - Χανίων,79 E.T. Δήμου Κισσάμου,532,352,2,2,4,348,105,13,8,12,17,19,62,161,55,45,13,46,9,31,9,0,0,0,0,0,17,0,0,0,0,0,0,9,3,2,4,5,1,0,2,0,0,0,0,0,0,0,0,0,0,0,0,0,1,0,0,0,0,0,0,11,4,1,3,3,6,0,0,0,0,0,0,0,0,0,1,0,0,0,0,1,0,0,0,0,11,5,0,3,0,2,3,0,0,0,0,17,0,0,0
53 - Χανίων,80 E.T. Δήμου Κισσάμου,527,353,4,3,7,346,125,17,11,6,50,30,79,128,52,44,4,95,6,19,12,0,0,0,0,0,23,8,1,14,1,1,3,17,2,11,5,3,2,1,4,0,0,0,0,0,0,0,2,0,0,0,0,0,1,0,0,0,0,0,0,8,2,2,3,0,2,1,0,0,0,0,0,0,0,0,1,0,0,0,0,1,0,0,0,0,14,6,2,3,6,1,2,0,0,0,0,7,0,0,0
53 - Χανίων,81 E.T. Δήμου Κισσάμου,538,339,5,2,7,332,136,7,14,10,50,32,95,131,51,51,9,73,6,32,12,0,0,0,0,0,19,10,1,13,1,1,3,6,1,2,1,4,2,0,3,0,0,0,0,0,0,0,1,0,0,0,0,0,0,0,0,0,0,0,0,12,5,1,7,0,6,0,0,0,0,0,0,0,0,0,3,0,0,0,0,0,0,0,0,0,5,3,1,0,2,0,1,0,0,0,0,3,0,0,0
53 - Χανίων,82 E.T. Δήμου Κισσάμου,553,357,5,2,7,350,133,20,14,11,41,35,86,124,48,47,8,79,9,22,15,0,0,0,0,0,16,11,1,8,2,1,2,10,0,6,0,1,3,0,3,0,0,0,0,0,0,0,2,0,0,0,0,0,1,0,0,0,0,0,0,12,5,0,5,1,8,1,0,0,0,0,0,0,0,0,3,0,0,0,0,0,0,0,0,0,14,8,1,1,6,1,4,0,0,0,0,12,0,0,0
53 - Χανίων,83 E.T. Δήμου Κισσάμου,559,355,3,3,6,349,140,5,11,8,58,32,97,104,42,31,2,50,13,28,7,0,0,0,0,0,18,9,0,8,4,0,1,20,6,8,1,6,5,1,3,0,0,0,0,0,0,0,1,0,0,0,0,0,1,0,0,0,0,0,0,7,2,1,3,0,5,1,0,0,0,0,0,0,0,0,1,0,0,0,0,3,0,0,0,0,30,13,4,9,10,4,4,0,0,0,0,9,0,0,0
53 - Χανίων,84 E.T. Δήμου Κισσάμου,188,117,2,4,6,111,49,4,1,1,25,10,34,36,14,11,4,22,0,3,2,0,0,0,0,0,6,1,0,5,1,1,1,4,1,2,1,0,0,0,4,0,0,0,0,0,0,0,0,0,0,0,0,0,0,0,0,0,0,0,0,2,0,0,0,0,0,1,0,0,0,0,0,0,0,0,0,0,0,0,0,1,0,0,0,0,3,2,0,1,0,0,1,0,0,0,0,2,0,0,0
53 - Χανίων,85 E.T. Δήμου Κισσάμου,511,322,2,5,7,315,127,9,12,11,33,24,101,130,63,22,3,89,5,26,6,0,0,0,0,0,13,7,3,4,3,4,1,6,2,4,1,1,1,1,1,0,0,0,0,0,0,0,0,0,0,0,0,0,0,0,0,0,0,0,0,8,4,0,4,1,4,1,0,0,0,0,0,0,0,0,1,0,0,0,0,3,0,0,0,0,11,5,3,4,3,2,1,0,0,0,0,7,0,0,0
53 - Χανίων,86 E.T. Δήμου Κισσάμου,520,350,4,2,6,344,119,13,9,9,60,34,65,112,48,43,4,88,3,9,16,0,0,0,0,0,21,13,3,13,1,1,1,23,1,10,9,2,4,2,6,0,0,0,0,0,0,0,2,0,0,0,0,0,10,0,0,0,0,0,0,10,3,2,5,0,4,1,0,0,0,0,0,0,1,0,0,0,0,0,0,1,0,0,0,0,17,3,1,1,4,2,2,0,0,0,0,3,0,0,0
53 - Χανίων,87 E.T. Δήμου Κισσάμου,590,389,4,2,6,383,126,21,10,14,55,40,63,162,66,67,12,108,11,9,12,0,0,0,0,0,25,11,6,13,1,3,5,11,1,5,2,0,0,0,2,0,0,0,0,0,0,0,1,0,0,0,0,0,10,0,0,0,0,0,0,15,2,0,5,0,4,0,0,0,0,0,0,0,0,0,2,0,0,0,0,0,0,0,0,0,9,1,1,3,3,1,2,0,0,0,0,6,0,0,0
53 - Χανίων,88 E.T. Δήμου Κισσάμου,175,116,2,0,2,114,34,3,1,0,15,8,23,70,25,15,22,45,4,8,5,1,2,0,1,1,4,3,0,0,0,0,0,0,0,0,0,0,0,0,0,0,0,0,0,0,0,0,0,0,0,0,0,0,0,0,0,0,0,0,0,0,0,0,0,0,0,0,0,0,0,0,0,0,0,0,0,0,0,0,0,0,0,0,0,0,1,0,0,0,0,1,0,0,0,0,0,0,0,0,0
53 - Χανίων,89 E.T. Δήμου Κισσάμου,186,118,0,0,0,118,36,1,2,0,21,13,27,56,29,15,15,17,11,8,2,0,0,0,0,0,10,5,2,7,0,1,3,2,1,1,1,1,0,0,2,0,0,0,0,0,0,0,0,0,0,0,0,0,0,0,0,0,0,0,0,5,2,0,0,0,3,0,0,0,0,0,0,0,0,0,1,0,0,0,0,0,0,0,0,0,0,0,0,0,0,0,0,0,0,0,0,4,0,0,0
53 - Χανίων,90 E.T. Δήμου Κισσάμου,189,125,1,0,1,124,37,6,5,0,16,10,25,60,40,12,6,44,2,5,2,0,0,0,0,0,10,6,2,2,1,0,2,0,0,0,0,0,0,0,1,0,0,0,0,0,0,0,0,0,0,0,0,0,0,0,0,0,0,0,0,4,2,1,1,0,2,1,0,0,0,0,0,0,1,0,2,0,0,0,0,0,0,0,0,0,3,1,1,0,2,0,0,0,0,0,0,3,0,0,0
53 - Χανίων,91 E.T. Δήμου Κισσάμου,319,174,7,0,7,167,53,5,29,4,13,17,16,68,31,26,4,40,1,8,5,0,0,0,0,0,14,6,1,4,1,1,5,10,4,3,1,3,3,0,2,0,0,0,0,0,0,0,1,0,0,0,0,0,0,0,0,0,0,0,0,2,2,0,0,0,0,0,0,0,0,0,0,0,0,0,1,0,0,0,0,1,0,0,0,0,7,2,0,1,4,1,0,0,0,0,0,3,0,0,0
53 - Χανίων,92 E.T. Δήμου Κισσάμου,291,165,2,0,2,163,54,6,25,1,18,10,16,54,32,15,1,36,0,9,6,0,0,0,0,0,13,3,2,5,2,1,3,10,0,3,2,5,3,2,1,0,0,0,0,0,2,0,0,0,0,0,0,0,0,0,0,0,0,0,0,9,3,3,2,0,3,0,0,0,0,0,0,0,0,0,0,0,0,0,0,1,0,0,0,0,5,1,1,2,0,2,3,0,0,0,0,5,0,0,0
53 - Χανίων,93 E.T. Δήμου Κισσάμου,469,295,5,1,6,289,129,14,11,22,44,38,62,67,35,15,0,41,2,11,7,0,0,0,0,0,31,15,2,13,7,4,1,20,4,8,6,2,6,2,1,0,0,0,0,0,0,0,2,0,0,0,0,0,1,0,0,0,0,0,0,4,1,0,0,0,2,3,0,0,0,0,0,0,0,0,2,0,0,0,0,0,0,0,0,0,11,2,0,2,3,6,1,0,0,0,0,10,0,0,0
53 - Χανίων,94 E.T. Δήμου Κισσάμου,373,268,4,1,5,263,113,5,23,4,41,36,65,77,31,13,7,40,6,11,6,0,0,0,0,0,19,5,1,10,0,1,3,11,8,5,3,2,2,0,3,0,0,0,0,0,0,0,0,0,0,0,0,0,0,0,0,0,0,0,0,15,2,1,6,0,8,0,0,0,0,0,0,0,0,0,0,0,0,0,0,0,0,0,0,0,13,5,3,1,3,3,2,0,0,0,0,4,0,0,0
53 - Χανίων,95 E.T. Δήμου Κισσάμου,255,138,1,1,2,136,40,3,8,0,13,10,31,44,12,22,2,37,1,3,3,0,0,0,0,0,20,14,2,8,1,2,1,12,1,1,2,7,5,1,2,0,0,0,0,0,0,0,0,0,0,0,0,0,0,0,0,0,0,0,0,5,0,0,1,1,4,1,0,0,0,1,1,0,0,0,0,0,0,0,0,0,0,0,0,0,2,0,0,1,0,1,1,0,0,0,0,6,0,0,0
53 - Χανίων,96 E.T. Δήμου Κισσάμου,191,102,2,0,2,100,34,0,3,0,12,8,23,41,19,3,0,25,1,11,6,0,0,0,0,0,8,5,1,1,3,0,0,0,0,0,0,0,0,0,2,0,0,0,0,0,0,0,0,0,0,0,0,0,0,0,0,0,0,0,0,4,0,0,0,0,4,0,0,0,0,0,0,0,0,0,1,0,0,0,0,0,0,0,0,0,1,0,0,0,0,0,1,0,0,0,0,2,0,0,0
53 - Χανίων,97 E.T. Δήμου Κισσάμου,284,179,3,0,3,176,81,11,16,10,32,26,47,41,31,4,4,28,1,7,5,0,0,0,0,0,14,5,2,8,2,2,4,16,1,4,12,0,3,1,2,0,0,0,0,0,0,0,0,0,0,0,0,0,0,0,0,0,0,0,0,1,0,0,1,0,1,0,0,0,0,0,0,0,0,0,2,0,0,0,0,0,0,0,0,0,7,3,1,2,2,0,0,0,0,0,0,7,0,0,0
53 - Χανίων,98 E.T. Δήμου Κισσάμου,168,108,0,0,0,108,51,3,8,1,26,17,25,25,11,3,0,13,1,4,0,0,0,0,0,0,15,8,5,4,2,0,0,4,2,1,1,0,0,0,0,0,0,0,0,0,0,0,0,0,0,0,0,0,1,0,0,0,0,0,0,6,0,0,0,0,3,0,0,0,0,0,0,0,0,0,1,0,0,0,0,0,0,0,0,0,3,1,0,0,1,0,0,0,0,0,0,2,0,0,0
53 - Χανίων,99 E.T. Δήμου Κισσάμου,140,87,0,2,2,85,41,8,3,5,19,11,10,15,7,0,2,7,3,4,3,0,0,0,0,0,15,7,3,3,3,0,3,4,1,3,1,1,0,1,2,0,0,0,0,0,0,0,0,0,0,0,0,0,0,0,0,0,0,0,0,0,0,0,0,0,0,0,0,0,0,0,0,0,0,0,0,0,0,0,0,0,0,0,0,0,4,1,0,1,1,0,1,0,0,0,0,0,0,0,0
53 - Χανίων,100 E.T. Δήμου Κισσάμου,170,112,0,1,1,111,64,2,8,3,18,10,51,21,11,2,1,15,2,5,3,0,0,0,0,0,3,1,1,0,0,0,1,4,1,1,2,1,2,0,2,0,0,0,0,0,0,0,1,0,0,0,0,0,0,0,0,0,0,0,0,5,1,1,0,3,1,1,0,0,0,0,0,0,0,0,2,0,0,0,0,0,0,0,0,0,4,2,1,0,1,1,0,0,0,0,0,1,0,0,0
53 - Χανίων,101 E.T. Δήμου Κισσάμου,466,280,4,1,5,275,92,12,14,4,42,27,46,106,66,26,13,69,4,10,6,0,0,0,0,0,25,14,6,4,0,2,2,9,0,6,4,0,2,2,3,0,0,0,0,0,0,0,2,0,0,0,0,0,0,0,0,0,0,0,0,11,2,2,3,3,0,0,0,0,0,0,0,0,1,0,0,0,0,0,0,0,0,0,0,0,8,3,2,3,2,2,4,0,0,0,0,8,0,0,0
53 - Χανίων,102 E.T. Δήμου Κισσάμου,337,216,1,2,3,213,88,5,21,4,44,13,47,66,36,12,8,35,1,17,3,0,0,0,0,0,10,6,1,3,3,2,1,18,1,4,8,1,3,1,1,0,0,0,0,0,1,0,0,0,0,0,0,0,1,0,0,0,0,0,0,7,1,0,0,0,3,0,0,0,0,0,0,0,0,0,1,0,0,0,0,1,0,0,0,0,11,2,0,1,5,3,0,0,0,0,0,5,0,0,0
53 - Χανίων,103 E.T. Δήμου Κισσάμου,127,93,0,1,1,92,40,4,9,0,19,9,20,43,31,9,5,22,4,4,1,0,0,0,0,0,4,3,1,0,1,0,1,0,0,0,0,0,0,0,0,0,0,0,0,0,0,0,0,0,0,0,0,0,0,0,0,0,0,0,0,0,0,0,0,0,0,0,0,0,0,0,0,0,0,0,1,0,0,0,0,0,0,0,0,0,2,0,0,0,1,1,0,0,0,0,0,1,0,0,0
53 - Χανίων,104 E.T. Δήμου Πλατανιά,189,111,3,1,4,107,40,3,3,2,31,10,11,41,26,13,5,22,2,2,1,0,0,0,0,0,4,1,0,3,0,0,2,4,0,0,2,2,3,1,1,0,0,0,0,0,0,0,1,0,0,0,0,0,0,0,0,0,0,0,0,3,1,0,0,0,3,0,0,0,0,0,0,0,0,0,0,0,0,0,0,3,0,0,0,0,7,3,0,3,1,1,2,0,0,0,0,0,0,0,0
53 - Χανίων,105 E.T. Δήμου Πλατανιά,435,234,7,4,11,223,95,20,19,23,43,31,17,47,19,16,2,29,0,7,3,0,0,0,0,0,26,9,6,2,10,5,1,16,5,5,7,1,2,1,2,0,0,0,0,0,0,0,2,0,0,0,0,0,2,0,0,0,0,0,0,11,2,0,2,0,7,0,0,0,0,0,0,0,0,0,1,0,0,0,0,0,0,0,0,0,14,1,1,2,3,3,1,0,0,0,0,3,0,0,0
53 - Χανίων,106 E.T. Δήμου Πλατανιά,387,209,7,5,12,197,89,16,7,11,33,33,23,50,20,10,6,21,2,10,3,0,0,0,0,0,9,4,2,1,3,2,0,13,1,1,4,0,3,0,2,0,0,0,0,0,1,0,1,0,0,0,0,0,1,0,0,0,0,0,0,6,0,0,1,0,3,0,0,0,0,0,0,0,0,0,1,0,0,0,0,2,0,0,0,0,16,7,2,2,5,6,0,0,0,0,0,3,0,0,0
53 - Χανίων,107 E.T. Δήμου Πλατανιά,398,211,0,1,1,210,86,17,12,13,29,27,15,54,30,8,3,31,6,20,3,0,0,0,0,0,27,7,4,5,12,2,0,12,2,3,6,0,2,0,3,0,0,0,0,0,0,0,3,0,0,0,0,0,1,0,0,0,0,0,0,12,2,2,3,2,10,0,0,0,0,0,0,0,0,0,2,0,0,0,0,0,0,0,0,0,6,1,2,1,1,2,0,0,0,0,0,1,0,0,0
53 - Χανίων,108 E.T. Δήμου Πλατανιά,178,97,0,0,0,97,40,6,6,6,33,12,9,31,21,1,15,21,2,2,1,0,0,0,0,0,8,5,2,0,1,0,0,6,2,2,4,0,1,0,2,0,0,0,0,0,0,0,0,0,0,0,0,0,0,0,0,0,0,0,0,4,2,1,1,0,2,0,0,0,0,0,0,0,0,0,0,0,0,0,0,0,0,0,0,0,2,0,0,0,0,0,2,0,0,0,0,1,0,0,0
53 - Χανίων,109 E.T. Δήμου Πλατανιά,144,85,0,0,0,85,22,1,1,3,15,7,3,30,15,7,4,12,3,8,2,0,0,0,0,0,4,2,0,1,1,0,0,8,1,3,3,3,4,2,3,3,0,0,0,2,0,0,0,0,0,0,0,0,0,0,0,0,0,0,0,3,1,0,1,0,3,0,0,0,0,0,0,0,0,0,0,0,0,0,0,2,0,0,0,0,4,2,0,0,1,1,0,0,0,0,0,7,0,0,0
53 - Χανίων,110 E.T. Δήμου Πλατανιά,403,237,3,3,6,231,84,20,12,3,47,21,19,67,37,4,12,44,1,8,5,2,3,0,3,0,18,13,4,4,6,1,2,24,4,4,4,12,12,2,1,1,0,0,0,0,0,0,1,0,1,0,0,0,1,1,0,0,0,0,1,12,2,3,4,1,10,0,0,0,0,0,0,0,0,0,1,1,1,0,0,0,0,0,0,0,6,3,1,3,4,1,0,0,0,0,0,11,3,4,2
53 - Χανίων,111 E.T. Δήμου Πλατανιά,256,165,3,0,3,162,56,13,6,7,36,10,21,35,33,1,1,11,2,0,4,0,0,0,0,0,10,6,2,2,7,0,0,41,3,17,21,3,9,3,1,0,0,0,0,0,0,0,1,0,0,0,0,0,3,0,0,0,0,0,0,4,0,0,1,0,2,0,0,0,0,0,0,0,0,0,0,0,0,0,0,0,0,0,0,0,4,1,0,0,0,0,0,0,0,0,0,3,0,0,0
53 - Χανίων,112 E.T. Δήμου Πλατανιά,340,215,1,1,2,213,79,10,5,3,52,19,22,41,36,4,2,14,2,3,2,0,0,0,0,0,18,8,3,2,8,2,0,54,3,15,20,10,12,2,1,0,0,0,0,0,0,0,1,0,0,0,0,0,0,0,0,0,0,0,0,2,0,0,0,0,0,2,0,0,0,0,0,0,0,0,2,0,0,0,0,0,0,0,0,0,8,3,4,4,2,0,1,0,0,0,0,2,0,0,0
53 - Χανίων,113 E.T. Δήμου Πλατανιά,211,119,0,0,0,119,55,21,0,7,35,17,0,28,10,5,12,17,0,6,1,0,0,0,0,0,6,2,1,1,3,2,0,13,2,4,3,4,11,0,0,0,0,0,0,0,0,0,0,0,0,0,0,0,0,0,0,0,0,0,0,1,0,0,0,0,1,0,0,0,0,0,0,0,0,0,3,0,0,0,0,0,0,0,0,0,9,4,0,0,0,1,0,0,0,0,0,3,0,0,0
53 - Χανίων,114 E.T. Δήμου Πλατανιά,536,351,1,3,4,347,111,24,18,16,52,32,24,123,47,38,20,75,2,23,3,0,0,0,0,0,18,10,3,5,2,1,0,14,4,4,3,3,5,0,6,0,0,0,0,0,0,0,2,0,0,0,0,0,4,2,1,3,0,0,1,21,4,2,1,2,16,1,0,0,0,0,0,0,0,0,5,0,0,0,0,0,0,0,0,0,22,7,1,4,1,3,3,0,0,0,0,14,0,0,0
53 - Χανίων,115 E.T. Δήμου Πλατανιά,347,228,4,1,5,223,64,16,7,8,41,26,5,98,43,23,24,51,3,20,3,0,0,0,0,0,14,7,1,4,3,1,0,4,3,2,3,0,0,0,0,0,0,0,0,0,0,0,1,0,0,0,0,0,1,0,0,0,0,0,0,7,1,0,0,1,2,2,0,0,0,0,0,0,0,0,2,0,0,0,0,1,0,0,0,0,20,10,0,4,3,1,1,0,0,0,0,5,0,0,0
53 - Χανίων,116 E.T. Δήμου Πλατανιά,182,118,2,1,3,115,45,7,2,9,24,14,20,48,33,3,14,28,1,11,0,0,0,0,0,0,3,3,0,0,0,0,0,8,0,8,1,0,7,0,0,0,0,0,0,0,0,0,1,0,0,0,0,0,1,0,0,0,0,0,0,3,0,0,1,0,1,0,0,0,0,0,0,0,0,0,1,0,0,0,0,0,0,0,0,0,2,1,0,0,1,0,0,0,0,0,0,3,0,0,0
53 - Χανίων,117 E.T. Δήμου Πλατανιά,142,78,2,1,3,75,25,0,2,1,17,8,7,32,10,18,2,22,0,0,2,0,0,0,0,0,9,3,7,0,1,3,0,0,0,0,0,0,0,0,0,0,0,0,0,0,0,0,0,0,0,0,0,0,1,0,0,0,0,0,0,3,0,0,0,0,1,0,0,0,0,0,0,0,0,0,0,0,0,0,0,0,0,0,0,0,2,2,1,0,1,0,1,0,0,0,0,0,0,0,0
53 - Χανίων,118 E.T. Δήμου Πλατανιά,390,236,2,0,2,234,107,22,17,9,66,41,19,75,34,24,13,41,2,10,4,0,0,0,0,0,19,8,3,7,5,1,2,8,2,4,2,0,2,1,3,0,0,0,0,0,0,0,0,0,0,0,0,0,1,0,0,0,0,0,0,3,0,0,2,0,3,0,0,0,0,0,0,0,0,0,0,0,0,0,0,1,0,0,0,0,8,5,1,1,2,4,2,0,0,0,0,3,0,0,0
53 - Χανίων,119 E.T. Δήμου Πλατανιά,311,153,0,1,1,152,51,9,6,5,25,33,5,44,16,5,7,33,6,7,7,0,0,0,0,0,16,9,6,1,6,3,0,8,0,2,2,0,0,1,1,0,0,0,0,0,0,0,0,0,0,0,0,0,0,0,0,0,0,0,0,10,1,0,0,1,10,0,0,0,0,0,0,0,0,0,0,0,0,0,0,2,0,0,0,0,6,1,0,3,3,1,0,0,0,0,0,7,0,0,0
53 - Χανίων,120 E.T. Δήμου Πλατανιά,248,145,1,1,2,143,54,11,5,9,24,20,22,58,21,10,11,32,2,13,8,0,0,0,0,0,8,6,3,4,0,2,0,4,1,0,1,0,2,0,0,0,0,0,0,0,0,0,2,0,0,0,0,0,0,0,0,0,0,0,0,3,2,0,1,0,1,0,0,0,0,0,0,0,0,0,1,0,0,0,0,0,0,0,0,0,4,2,0,1,3,0,0,0,0,0,0,1,0,0,0
53 - Χανίων,121 E.T. Δήμου Πλατανιά,217,147,7,1,8,139,42,6,4,3,26,23,11,45,30,15,6,21,1,3,6,0,0,0,0,0,7,5,1,2,1,0,1,6,1,1,0,0,2,1,3,0,0,0,0,0,0,0,0,0,0,0,0,0,7,0,0,0,0,0,0,4,2,0,2,0,4,0,0,0,0,0,0,0,0,0,5,0,0,0,0,3,0,0,0,0,10,2,0,2,2,4,0,0,0,0,0,1,0,0,0
53 - Χανίων,122 E.T. Δήμου Πλατανιά,351,218,1,1,2,216,80,16,8,4,38,28,25,73,28,21,18,44,6,10,8,0,0,0,0,0,12,4,3,1,0,5,0,8,4,4,3,4,1,0,3,0,0,0,0,0,0,0,0,0,0,0,0,0,0,0,0,0,0,0,0,18,2,0,0,0,17,0,0,0,0,0,0,0,0,0,0,0,0,0,0,0,0,0,0,0,11,5,1,2,3,0,1,0,0,0,0,2,0,0,0
53 - Χανίων,123 E.T. Δήμου Πλατανιά,155,78,0,0,0,78,42,3,8,4,21,16,5,14,5,3,1,9,1,2,0,0,0,0,0,0,4,3,0,0,1,1,0,9,0,4,0,0,1,0,2,0,0,0,0,0,0,0,0,0,0,0,0,0,1,0,0,0,0,0,0,0,0,0,0,0,0,0,0,0,0,0,0,0,0,0,1,0,0,0,0,0,0,0,0,0,4,0,0,0,0,2,1,0,0,0,0,0,0,0,0
53 - Χανίων,124 E.T. Δήμου Πλατανιά,401,269,6,1,7,262,86,15,14,3,35,31,38,99,45,27,17,41,8,31,13,0,0,0,0,0,24,14,5,9,8,1,4,9,6,1,5,0,3,0,3,0,0,0,0,0,0,0,0,0,0,0,0,0,0,0,0,0,0,0,0,12,4,1,2,0,5,0,0,0,0,0,0,0,0,0,1,0,0,0,0,0,0,0,0,0,11,3,0,2,5,3,0,0,0,0,0,4,0,0,0
53 - Χανίων,125 E.T. Δήμου Πλατανιά,485,298,3,2,5,293,104,18,18,11,63,45,13,87,32,27,20,54,4,12,9,0,0,0,0,0,24,20,5,3,6,6,0,17,1,11,8,0,3,1,4,0,0,0,0,0,0,0,0,0,0,0,0,0,1,0,0,0,0,0,0,20,6,2,3,6,15,0,0,0,0,0,0,0,0,0,1,0,0,0,0,1,0,0,0,0,16,7,1,3,2,2,3,0,0,0,0,6,0,0,0
53 - Χανίων,126 E.T. Δήμου Πλατανιά,253,156,1,1,2,154,41,5,9,5,23,19,7,48,29,7,7,31,0,3,5,0,0,0,0,0,30,12,12,3,5,12,1,4,1,1,2,0,2,0,1,0,0,0,0,0,0,0,0,0,0,0,0,0,0,0,0,0,0,0,0,16,3,2,2,0,14,0,0,0,0,0,0,0,0,0,0,0,0,0,0,0,0,0,0,0,8,3,1,3,0,3,1,0,0,0,0,0,0,0,0
53 - Χανίων,127 E.T. Δήμου Πλατανιά,421,291,3,2,5,286,131,19,12,12,62,47,36,79,30,17,30,44,1,4,6,0,0,0,0,0,22,9,8,3,8,3,1,14,1,3,6,0,4,1,2,0,0,0,0,0,0,0,1,0,0,0,0,0,0,0,0,0,0,0,0,3,0,0,1,1,0,0,0,0,0,0,0,0,0,0,10,0,0,0,0,0,0,0,0,0,13,2,2,5,3,4,1,0,0,0,0,4,0,0,0
53 - Χανίων,128 E.T. Δήμου Πλατανιά,415,251,4,2,6,245,116,18,32,20,55,36,25,55,28,18,4,31,4,6,6,0,0,0,0,0,13,8,1,5,2,2,1,14,5,6,2,2,5,1,3,0,0,0,0,0,0,0,1,0,0,0,0,0,1,0,0,0,0,0,0,5,0,0,2,1,3,0,0,0,0,0,0,0,0,0,9,0,0,0,0,2,0,0,0,0,17,7,3,4,6,5,0,0,0,0,0,3,0,0,0
53 - Χανίων,129 E.T. Δήμου Πλατανιά,362,207,2,0,2,205,76,13,18,8,28,20,10,61,23,19,6,31,4,14,2,0,0,0,0,0,20,7,9,6,1,2,2,9,1,0,4,0,1,0,1,1,1,0,0,0,0,0,1,0,0,0,0,0,2,0,0,0,0,0,0,14,1,1,1,2,11,0,0,0,0,0,0,0,0,0,5,0,0,0,0,2,0,0,0,0,7,2,1,2,4,2,2,0,0,0,0,3,0,0,0
53 - Χανίων,130 E.T. Δήμου Πλατανιά,223,121,1,3,4,117,59,13,9,10,31,0,15,30,13,3,8,22,1,5,1,0,0,0,0,0,3,2,0,0,1,2,0,8,3,2,3,2,1,1,0,0,0,0,0,0,0,0,0,0,0,0,0,0,1,0,0,0,0,0,0,4,2,1,0,0,3,1,0,0,0,0,0,0,0,0,0,0,0,0,0,1,0,0,0,0,4,2,2,0,1,0,2,0,0,0,0,3,0,0,0
53 - Χανίων,131 E.T. Δήμου Πλατανιά,183,112,1,1,2,110,42,5,8,6,23,7,23,35,14,14,3,23,1,0,1,0,0,0,0,0,8,0,0,0,0,0,0,3,0,3,1,0,0,1,1,0,0,0,0,0,0,0,0,0,0,0,0,0,0,0,0,0,0,0,0,18,1,1,11,1,9,0,0,0,0,0,0,0,0,0,0,0,0,0,0,0,0,0,0,0,2,1,0,1,0,1,0,0,0,0,0,0,0,0,0
53 - Χανίων,132 E.T. Δήμου Πλατανιά,535,359,1,3,4,355,151,17,21,25,65,57,49,79,45,21,3,53,1,7,12,0,0,0,0,0,27,16,7,5,0,6,1,21,1,9,6,1,1,5,2,0,0,0,0,0,0,0,2,0,0,0,0,0,0,0,0,0,0,0,0,19,2,0,1,1,12,1,0,0,0,0,0,0,0,0,8,0,0,0,0,8,0,0,0,0,16,9,2,1,4,5,3,0,0,0,0,6,0,0,0
53 - Χανίων,133 E.T. Δήμου Πλατανιά,535,287,3,2,5,282,98,31,8,11,50,29,9,107,46,25,23,78,3,11,4,0,0,0,0,0,19,12,5,5,7,0,2,8,1,0,4,0,0,0,3,0,0,0,0,0,0,0,1,0,0,0,0,0,0,0,0,0,0,0,0,19,10,3,4,2,12,0,0,0,0,0,0,0,0,0,2,0,0,0,0,3,0,0,0,0,11,4,1,3,3,6,0,0,0,0,0,7,0,0,0
53 - Χανίων,134 E.T. Δήμου Πλατανιά,372,230,2,2,4,226,93,21,13,15,43,28,10,74,27,10,58,23,0,3,2,0,0,0,0,0,9,8,1,0,4,0,1,23,3,11,8,2,2,1,4,0,0,0,0,0,0,0,2,0,0,0,0,0,0,0,0,0,0,0,0,0,0,0,0,0,0,1,0,0,0,0,0,0,0,0,1,0,0,0,0,0,0,0,0,0,9,1,0,3,3,2,4,0,0,0,0,4,0,0,0
53 - Χανίων,135 E.T. Δήμου Πλατανιά,474,330,2,2,4,326,106,18,25,16,42,40,5,139,26,32,115,48,4,15,4,2,1,1,2,0,29,26,4,5,5,4,9,15,5,3,1,2,2,1,4,0,0,0,0,0,0,0,3,0,0,0,0,0,0,0,0,0,0,0,0,7,1,0,5,0,3,0,0,0,0,0,0,0,0,0,1,1,0,0,0,1,0,0,0,0,12,4,1,0,4,1,0,0,0,0,0,5,0,0,0
53 - Χανίων,136 E.T. Δήμου Πλατανιά,387,250,0,4,4,246,94,15,15,7,56,32,8,104,18,10,79,41,0,11,8,6,3,1,2,0,7,4,0,1,4,1,0,4,0,2,2,0,0,0,1,1,0,0,0,0,0,0,0,0,0,0,0,0,0,0,0,0,0,0,0,5,1,0,1,1,4,0,0,0,0,0,0,0,0,0,1,0,1,1,0,1,1,1,0,0,14,6,2,5,2,2,4,0,1,1,0,3,1,0,2
53 - Χανίων,137 E.T. Δήμου Πλατανιά,436,255,3,2,5,250,83,11,15,10,40,27,17,89,23,3,73,31,1,3,9,0,0,0,0,0,19,19,2,0,7,1,2,6,0,3,1,1,0,1,6,0,0,0,0,0,0,0,2,0,0,0,0,0,1,0,0,0,0,0,0,7,3,1,0,0,1,0,0,0,0,0,0,0,0,0,2,0,0,0,0,2,0,0,0,0,12,2,3,3,9,5,0,0,0,0,0,12,0,0,0
53 - Χανίων,138 E.T. Δήμου Πλατανιά,276,164,3,3,6,158,54,7,8,4,41,19,13,41,6,11,19,22,1,4,0,0,0,0,0,0,12,8,1,2,3,3,0,34,3,6,33,10,3,3,0,0,0,0,0,0,0,0,0,0,0,0,0,0,1,1,0,0,0,1,0,1,0,0,0,0,0,1,0,0,1,0,0,0,0,0,0,0,0,0,0,0,0,0,0,0,6,3,1,0,2,1,2,0,0,0,0,6,0,0,0
53 - Χανίων,139 E.T. Δήμου Πλατανιά,197,123,5,1,6,117,30,5,1,12,22,7,0,43,8,7,32,16,0,8,6,0,0,0,0,0,12,7,0,0,4,4,0,5,2,0,1,1,2,0,2,0,0,0,0,0,0,0,1,0,0,0,0,0,0,0,0,0,0,0,0,6,5,1,2,1,3,0,0,0,0,0,0,0,0,0,1,0,0,0,0,0,0,0,0,0,9,6,1,2,2,0,0,0,0,0,0,2,0,0,0
53 - Χανίων,140 E.T. Δήμου Πλατανιά,338,209,2,1,3,206,67,11,11,7,30,28,9,79,22,25,33,5,4,11,6,0,0,0,0,0,23,17,3,6,0,2,0,4,1,1,2,0,0,0,2,0,0,0,0,0,0,0,0,0,0,0,0,0,0,0,0,0,0,0,0,3,0,0,1,1,1,0,0,0,0,0,0,0,0,0,1,0,0,0,0,0,0,0,0,0,17,9,0,1,5,5,0,0,0,0,0,4,0,0,0
53 - Χανίων,141 E.T. Δήμου Πλατανιά,318,192,3,0,3,189,72,14,9,12,35,24,10,75,20,10,42,25,1,0,2,0,0,0,0,0,11,5,2,2,0,2,0,6,0,0,3,0,0,0,2,0,0,0,0,0,0,0,1,0,0,0,0,0,1,0,0,0,0,0,0,7,2,0,1,0,5,0,0,0,0,0,0,0,0,0,0,0,0,0,0,1,0,0,0,0,6,2,1,2,3,0,3,0,0,0,0,2,0,0,0
53 - Χανίων,142 E.T. Δήμου Πλατανιά,542,325,2,1,3,322,110,17,17,24,47,58,5,95,31,3,49,46,7,18,9,0,0,0,0,0,26,22,1,2,12,4,0,44,5,13,29,0,10,6,4,0,0,0,0,0,0,0,3,0,0,0,0,0,2,0,0,0,0,0,0,8,3,1,0,2,6,0,0,0,0,0,0,0,1,0,0,0,0,0,0,1,0,0,0,0,13,7,0,4,5,8,1,0,0,0,0,5,0,0,0
53 - Χανίων,143 E.T. Δήμου Πλατανιά,242,138,3,0,3,135,41,6,6,6,23,13,4,58,22,4,41,20,0,6,4,0,0,0,0,0,8,8,0,1,1,0,0,8,1,2,4,2,3,1,1,0,0,0,0,0,0,0,1,0,0,0,0,0,0,0,0,0,0,0,0,7,5,0,1,0,3,1,0,0,0,0,0,0,0,0,1,0,0,0,0,0,0,0,0,0,4,1,0,0,0,1,0,0,0,0,0,1,0,0,0
53 - Χανίων,144 E.T. Δήμου Πλατανιά,351,184,7,0,7,177,65,8,4,4,38,12,17,66,19,6,41,35,1,7,2,0,0,0,0,0,16,9,3,3,3,6,0,9,1,5,5,0,0,0,0,0,0,0,0,0,2,0,0,0,0,0,0,0,0,0,0,0,0,0,0,10,3,1,2,1,5,0,0,0,0,0,0,0,0,0,0,0,0,0,0,0,0,0,0,0,4,1,0,1,2,0,1,0,0,0,0,2,0,0,0
53 - Χανίων,145 E.T. Δήμου Πλατανιά,187,103,0,0,0,103,53,6,2,9,30,12,25,31,11,2,22,15,0,4,0,0,0,0,0,0,11,8,6,1,0,1,0,2,0,0,1,0,0,1,0,0,0,0,0,0,0,0,0,0,0,0,0,0,1,0,0,0,0,0,0,1,0,0,1,0,0,0,0,0,0,0,0,0,0,0,0,0,0,0,0,0,0,0,0,0,4,3,1,0,1,0,0,0,0,0,0,0,0,0,0
53 - Χανίων,146 E.T. Δήμου Πλατανιά,347,214,3,1,4,210,56,12,11,6,23,24,5,108,25,3,93,24,3,7,10,5,4,2,5,0,17,5,3,4,3,1,0,6,1,2,3,2,1,0,2,0,0,0,0,0,0,0,0,0,0,0,0,0,0,0,0,0,0,0,0,4,1,0,0,1,2,0,0,0,0,0,0,0,0,0,0,0,0,0,0,1,0,0,0,0,2,0,0,0,0,0,1,0,0,0,0,3,0,0,0
53 - Χανίων,147 E.T. Δήμου Πλατανιά,419,253,4,0,4,249,69,10,10,5,37,20,8,127,42,3,113,25,3,6,14,2,0,0,0,0,8,6,2,1,0,1,0,4,2,1,2,0,2,0,1,0,0,0,0,0,0,0,0,0,0,0,0,0,1,0,0,0,0,0,0,8,1,0,3,0,4,2,0,0,0,0,0,0,0,0,0,0,0,0,0,0,0,0,0,0,11,1,1,4,1,3,0,0,0,0,0,4,0,0,0
53 - Χανίων,148 E.T. Δήμου Πλατανιά,391,237,2,3,5,232,71,11,17,11,37,24,8,94,36,19,56,49,3,8,2,0,0,0,0,0,34,28,4,2,10,1,1,3,0,0,1,0,0,1,3,0,0,0,0,0,0,0,0,0,0,0,0,0,0,0,0,0,0,0,0,4,2,1,2,0,0,0,0,0,0,0,0,0,0,0,0,0,0,0,0,3,0,0,0,0,15,7,0,4,2,4,1,0,0,0,0,2,0,0,0
53 - Χανίων,149 E.T. Δήμου Πλατανιά,307,214,0,0,0,214,49,10,11,6,24,18,3,94,28,17,50,54,3,7,5,0,0,0,0,0,26,24,3,2,0,3,0,15,1,2,5,1,1,1,0,0,0,0,0,0,0,0,4,0,0,0,0,0,1,0,0,0,0,0,0,1,0,0,0,0,1,0,0,0,0,0,0,0,0,0,1,0,0,0,0,2,0,0,0,0,11,4,1,3,3,0,3,0,0,0,0,2,0,0,0
53 - Χανίων,150 E.T. Δήμου Πλατανιά,225,145,3,2,5,140,52,7,9,22,21,19,3,59,10,7,45,26,1,11,1,0,0,0,0,0,2,1,0,0,0,2,0,4,0,1,3,0,2,0,0,0,0,0,0,0,0,0,0,0,0,0,0,0,0,0,0,0,0,0,0,4,1,0,3,0,2,0,0,0,0,0,0,0,0,0,6,0,0,0,0,0,0,0,0,0,9,6,0,0,1,0,0,0,0,0,0,3,0,0,0
53 - Χανίων,151 E.T. Δήμου Πλατανιά,411,318,8,6,14,304,70,16,14,12,43,26,5,110,36,21,33,64,7,26,26,0,0,0,0,0,11,0,0,0,0,0,0,28,7,4,21,1,13,1,6,0,0,0,0,0,0,0,1,0,0,0,0,0,1,0,0,0,0,0,0,14,1,2,2,1,6,1,0,0,0,0,0,0,0,0,3,0,0,0,0,2,0,0,0,0,25,7,3,7,4,7,4,0,0,0,0,2,0,0,0
53 - Χανίων,152 E.T. Δήμου Πλατανιά,491,314,1,2,3,311,101,22,16,13,52,29,10,74,32,19,20,43,3,18,6,0,0,0,0,0,21,17,3,6,5,3,3,33,1,7,22,4,16,0,2,0,0,0,0,0,1,0,1,0,0,0,0,0,5,0,0,0,0,0,0,20,3,0,4,3,11,3,0,0,0,0,0,0,0,0,3,0,0,0,0,2,0,0,0,0,29,7,1,10,6,10,1,0,0,0,0,9,0,0,0
53 - Χανίων,153 E.T. Δήμου Πλατανιά,191,133,2,0,2,131,58,11,14,2,26,14,7,26,7,7,5,14,1,9,7,0,0,0,0,0,10,4,5,2,2,2,0,6,0,2,3,0,3,2,6,0,0,0,0,0,0,0,0,0,0,0,0,0,0,0,0,0,0,0,0,8,4,1,1,0,3,0,0,0,0,0,0,0,0,0,1,0,0,0,0,1,0,0,0,0,5,1,1,0,2,1,0,0,0,0,0,3,0,0,0
53 - Χανίων,154 E.T. Δήμου Πλατανιά,484,289,4,1,5,284,111,11,19,19,61,51,13,79,19,14,46,42,1,11,30,0,0,0,0,0,12,6,1,0,7,1,0,13,0,6,5,0,4,0,2,0,0,0,0,0,0,0,0,0,0,0,0,0,5,0,0,0,0,0,0,9,3,2,2,1,5,0,0,0,0,0,0,0,0,0,0,0,0,0,0,0,0,0,0,0,14,4,1,2,2,0,4,0,0,0,0,5,0,0,0
53 - Χανίων,155 E.T. Δήμου Πλατανιά,288,182,1,2,3,179,72,19,13,5,45,22,8,45,21,15,7,33,1,3,5,0,0,0,0,0,11,5,2,2,2,3,1,22,3,8,1,2,13,5,1,0,0,0,0,0,0,0,0,0,0,0,0,0,0,0,0,0,0,0,0,4,1,0,0,0,1,1,0,0,0,0,0,0,0,0,2,0,0,0,0,0,0,0,0,0,13,7,1,3,2,2,1,0,0,0,0,2,0,0,0
53 - Χανίων,156 E.T. Δήμου Πλατανιά,226,153,1,3,4,149,55,9,13,12,26,27,10,56,16,24,8,34,3,8,1,0,0,0,0,0,6,3,1,1,3,0,0,15,2,5,5,0,1,2,0,0,0,0,0,0,0,0,2,0,0,0,0,0,0,0,0,0,0,0,0,4,3,0,1,0,1,2,0,0,0,0,0,0,0,0,0,0,0,0,0,2,0,0,0,0,4,1,0,1,0,0,0,0,0,0,0,2,0,0,0
53 - Χανίων,157 E.T. Δήμου Πλατανιά,332,170,4,0,4,166,64,11,8,5,23,33,4,50,18,10,10,31,2,9,4,0,0,0,0,0,16,11,2,4,3,1,1,7,1,4,0,2,0,1,0,0,0,0,0,0,0,0,0,0,0,0,0,0,0,0,0,0,0,0,0,3,0,0,2,1,1,2,0,0,0,0,0,0,0,0,0,0,0,0,0,0,0,0,0,0,9,0,1,1,1,1,2,0,0,0,0,9,0,0,0
53 - Χανίων,158 E.T. Δήμου Πλατανιά,253,164,0,0,0,164,73,12,8,7,48,29,4,30,10,7,4,21,0,5,2,0,0,0,0,0,10,7,1,2,0,0,0,3,0,1,2,1,0,2,2,0,0,0,0,0,0,0,0,0,0,0,0,0,18,0,0,0,0,0,0,7,1,0,2,0,5,1,0,0,0,0,0,0,0,0,3,0,0,0,0,5,0,0,0,0,8,5,2,0,2,2,0,0,0,0,0,2,0,0,0
53 - Χανίων,159 E.T. Δήμου Πλατανιά,529,352,8,1,9,343,125,17,15,26,72,62,8,123,26,22,16,76,9,41,9,0,0,0,0,0,18,9,4,1,9,5,1,18,3,4,5,2,3,0,2,0,0,0,0,0,0,0,1,0,0,0,0,0,0,0,0,0,0,0,0,10,3,1,0,0,8,2,0,0,0,0,0,0,0,0,1,0,0,0,0,0,0,0,0,0,9,6,2,2,1,1,5,0,0,0,0,20,0,0,0
53 - Χανίων,160 E.T. Δήμου Πλατανιά,392,239,0,0,0,239,93,23,13,20,39,38,15,96,39,15,48,56,3,14,2,0,0,0,0,0,15,10,2,1,3,2,0,5,0,1,4,1,3,0,1,0,0,0,0,0,0,0,2,0,0,0,0,0,0,0,0,0,0,0,0,7,2,0,0,0,4,0,0,0,0,0,0,0,0,0,4,0,0,0,0,2,0,0,0,0,6,2,2,3,0,0,1,0,0,0,0,5,0,0,0
53 - Χανίων,161 E.T. Δήμου Πλατανιά,324,225,3,1,4,221,93,18,16,15,34,37,18,51,14,16,6,26,3,17,9,0,0,0,0,0,19,9,2,3,10,2,0,9,0,3,2,1,1,3,5,0,0,0,0,0,0,0,0,0,0,0,0,0,2,0,0,0,0,0,0,7,1,1,2,1,1,1,0,0,0,0,0,0,0,0,0,0,0,0,0,1,0,0,0,0,18,7,1,4,2,8,1,0,0,0,0,5,0,0,0
53 - Χανίων,162 E.T. Δήμου Πλατανιά,263,166,1,3,4,162,35,10,5,8,17,12,2,85,28,30,22,48,1,18,0,0,0,0,0,0,13,11,1,6,4,0,0,4,1,1,1,1,0,2,0,0,0,0,0,0,0,0,0,0,0,0,0,0,1,0,0,0,0,0,0,10,1,0,2,1,3,0,0,0,0,0,0,0,0,0,1,0,0,0,0,0,0,0,0,0,9,3,0,1,3,3,1,0,0,0,0,3,0,0,0
53 - Χανίων,163 E.T. Δήμου Πλατανιά,273,163,5,1,6,157,51,7,9,6,26,24,5,64,31,16,23,29,1,12,1,0,0,0,0,0,20,13,4,9,4,4,1,0,0,0,0,0,0,0,2,0,0,0,0,0,0,0,0,0,0,0,0,0,0,0,0,0,0,0,0,3,1,0,1,0,1,0,0,0,0,0,0,0,0,0,1,0,0,0,0,0,0,0,0,0,12,4,0,2,8,7,1,0,0,0,0,2,0,0,0
53 - Χανίων,164 E.T. Δήμου Πλατανιά,493,350,5,3,8,342,81,26,13,17,14,32,7,174,46,20,23,67,0,135,8,0,0,0,0,0,12,5,0,4,4,3,2,26,4,11,8,5,9,3,1,0,0,0,0,0,0,0,2,0,0,0,0,0,1,0,0,0,0,0,0,7,2,2,2,4,4,0,0,0,0,0,0,0,0,0,2,0,0,0,0,0,0,0,0,0,22,8,0,8,1,6,3,0,0,0,0,3,0,0,0
53 - Χανίων,165 E.T. Δήμου Πλατανιά,422,303,3,2,5,298,70,12,16,9,34,28,7,139,19,12,17,64,0,122,8,0,0,0,0,0,8,2,2,4,1,0,0,33,4,5,18,2,15,1,5,0,0,0,0,0,0,0,2,0,0,0,0,0,1,0,0,0,0,0,0,3,1,0,2,0,1,0,0,0,0,0,0,0,1,0,5,0,0,0,0,0,0,0,0,0,16,4,0,7,5,4,4,0,0,0,0,3,0,0,0
53 - Χανίων,166 E.T. Δήμου Πλατανιά,319,204,0,2,2,202,62,15,4,6,38,22,8,79,33,30,9,48,1,7,6,0,0,0,0,0,12,9,1,3,1,2,0,7,1,2,0,0,2,0,6,0,0,0,0,0,0,0,0,0,0,0,0,0,0,0,0,0,0,0,0,9,5,1,2,0,4,0,0,0,0,0,0,0,0,0,7,0,0,0,0,0,0,0,0,0,8,2,0,1,1,0,1,0,0,0,0,5,0,0,0
53 - Χανίων,167 E.T. Δήμου Σφακίων,132,90,0,1,1,89,47,3,2,2,41,2,7,21,19,1,1,13,0,1,1,0,0,0,0,0,4,1,0,2,1,2,0,7,1,3,3,0,0,0,1,0,0,0,0,0,0,0,1,0,0,0,0,0,0,0,0,0,0,0,0,1,1,0,0,0,1,1,0,0,0,0,0,0,0,0,0,0,0,0,0,0,0,0,0,0,5,1,0,2,0,0,0,0,0,0,0,0,0,0,0
53 - Χανίων,168 E.T. Δήμου Σφακίων,130,56,0,0,0,56,27,1,3,1,25,8,1,18,15,0,1,9,1,0,1,0,0,0,0,0,1,1,0,0,1,0,0,1,1,0,0,1,0,0,1,0,0,0,0,0,2,0,0,0,0,0,0,0,0,0,0,0,0,0,0,0,0,0,0,0,0,0,0,0,0,0,0,0,0,0,1,0,0,0,0,0,0,0,0,0,3,1,0,0,1,0,1,0,0,0,0,0,0,0,0
53 - Χανίων,169 E.T. Δήμου Σφακίων,354,189,2,0,2,187,108,8,5,3,99,10,17,55,43,1,3,28,2,10,2,0,0,0,0,0,5,3,1,0,3,2,0,7,3,3,3,0,0,1,0,0,0,0,0,0,0,0,2,0,0,0,0,0,0,0,0,0,0,0,0,1,0,0,0,0,1,0,0,0,0,0,0,0,0,0,0,0,0,0,0,0,0,0,0,0,2,1,1,2,0,0,1,0,0,0,0,4,0,0,0
53 - Χανίων,170 E.T. Δήμου Σφακίων,278,136,2,1,3,133,55,3,2,4,52,3,5,60,46,9,2,20,2,6,3,0,0,0,0,0,4,1,0,0,1,0,0,3,1,1,0,0,0,0,0,0,0,0,0,0,0,0,1,0,0,0,0,0,0,0,0,0,0,0,0,1,0,0,0,0,0,0,0,0,0,0,0,0,0,0,0,0,0,0,0,0,0,0,0,0,2,0,0,0,0,0,0,0,0,0,0,4,0,0,0
53 - Χανίων,171 E.T. Δήμου Σφακίων,351,219,1,0,1,218,81,5,8,1,68,12,6,78,58,17,1,37,2,13,19,0,0,0,0,0,16,7,0,1,10,3,0,4,2,1,0,1,2,0,0,0,0,0,0,0,0,0,3,0,0,0,0,0,0,0,0,0,0,0,0,5,2,0,4,0,1,0,0,0,0,0,0,0,0,0,0,0,0,0,0,1,0,0,0,0,6,4,0,1,1,0,0,0,0,0,0,5,0,0,0
53 - Χανίων,172 E.T. Δήμου Σφακίων,433,262,0,1,1,261,98,10,8,10,78,16,9,111,83,18,12,50,2,11,8,0,0,0,0,0,3,0,0,0,2,0,0,19,10,1,12,2,2,2,0,0,0,0,0,0,0,0,1,0,0,0,0,0,0,0,0,0,0,0,0,3,0,0,2,0,1,2,0,0,0,0,0,0,0,0,1,0,0,0,0,1,0,0,0,0,12,8,1,4,1,1,0,0,0,0,0,2,0,0,0
53 - Χανίων,173 E.T. Δήμου Σφακίων,332,226,2,0,2,224,129,4,2,0,125,10,12,65,60,10,0,27,9,6,1,0,0,0,0,0,8,1,0,0,5,0,0,8,4,2,1,0,3,1,0,0,0,0,0,0,0,0,0,0,0,0,0,0,0,0,0,0,0,0,0,3,1,0,1,1,1,0,0,0,0,0,0,0,0,0,2,0,0,0,0,2,0,0,1,0,2,0,0,0,0,0,1,0,0,0,0,3,0,0,0
53 - Χανίων,174 E.T. Δήμου Σφακίων,192,110,1,0,1,109,31,4,4,6,25,5,3,56,48,12,0,19,6,4,5,0,0,0,0,0,2,2,0,1,1,0,0,3,1,1,2,1,0,1,1,0,0,0,0,0,0,0,0,0,0,0,0,0,0,0,0,0,0,0,0,3,2,0,1,1,1,1,0,0,0,0,0,0,0,0,1,0,0,0,0,0,0,0,0,0,4,4,0,0,1,1,0,0,0,0,0,2,0,0,0
53 - Χανίων,175 E.T. Δήμου Σφακίων,444,241,1,0,1,240,139,6,6,5,132,9,25,82,65,17,15,33,1,5,4,0,0,0,0,0,3,1,0,0,2,1,0,1,1,0,0,1,0,0,0,0,0,0,0,0,0,0,1,0,0,0,0,0,0,0,0,0,0,0,0,0,0,0,0,0,0,0,0,0,0,0,0,0,0,0,0,0,0,0,0,0,0,0,0,0,2,1,0,1,0,0,2,0,0,0,0,6,0,0,0
53 - Χανίων,176 E.T. Δήμου Σφακίων,220,166,0,1,1,165,101,3,5,1,19,2,16,46,42,8,8,11,1,14,0,0,0,0,0,0,9,1,2,2,4,0,0,5,3,1,0,0,2,0,0,0,0,0,0,0,0,0,0,0,0,0,0,0,0,0,0,0,0,0,0,3,0,0,0,0,0,0,0,0,0,0,0,0,0,0,1,0,0,0,0,0,0,0,0,0,0,0,0,0,0,0,0,0,0,0,0,0,0,0,0
53 - Χανίων,177 E.T. Δήμου Σφακίων,356,231,3,1,4,227,77,4,4,0,74,4,2,119,84,32,2,65,6,12,8,0,0,0,0,0,4,0,0,1,1,1,2,4,0,4,0,0,0,0,0,0,0,0,0,0,0,0,0,0,0,0,0,0,0,0,0,0,0,0,0,6,2,1,1,1,5,0,0,0,0,0,0,0,0,0,3,0,0,0,0,0,0,0,0,0,4,1,0,1,2,1,0,0,0,0,0,2,0,0,0
53 - Χανίων,178 E.T. Δήμου Χανίων,396,335,4,4,8,327,127,25,16,12,63,42,9,97,39,22,4,56,4,18,9,0,0,0,0,0,16,6,1,6,3,1,2,10,3,4,3,2,1,2,9,0,0,0,0,0,0,0,2,0,0,0,0,0,0,0,0,0,0,0,0,13,3,0,2,2,4,1,0,0,0,0,0,0,0,0,3,0,0,0,0,1,0,0,0,0,19,9,5,5,3,3,3,0,0,0,0,17,0,0,0
53 - Χανίων,179 E.T. Δήμου Χανίων,460,357,0,6,6,351,127,22,21,8,78,58,13,117,61,23,6,78,10,15,9,0,0,0,0,0,14,5,1,6,6,0,1,24,0,8,6,2,9,8,2,0,0,0,0,0,0,0,2,0,0,0,0,0,1,0,0,0,0,0,0,15,7,4,10,1,4,4,0,0,0,0,0,0,0,0,2,0,0,0,0,2,0,0,0,0,14,4,0,2,1,5,4,0,0,0,0,14,0,0,0
53 - Χανίων,180 E.T. Δήμου Χανίων,443,344,6,6,12,332,115,22,20,12,48,46,12,107,46,25,4,73,11,14,15,0,0,0,0,0,14,5,2,1,5,2,1,4,0,1,0,0,0,1,8,0,0,0,0,0,0,0,3,0,0,0,0,0,3,0,0,0,0,0,0,15,8,1,6,3,3,4,0,0,0,0,0,0,0,0,8,0,0,0,0,1,0,0,0,0,19,8,1,2,2,5,6,0,0,0,0,10,0,0,0
53 - Χανίων,181 E.T. Δήμου Χανίων,432,390,8,1,9,381,116,20,9,15,47,39,10,143,50,43,6,92,11,19,7,1,2,0,2,2,17,6,4,4,3,1,1,19,2,3,2,3,3,5,5,1,0,0,0,0,0,0,1,0,0,0,0,0,2,1,0,1,0,0,0,11,4,2,1,0,3,5,0,1,0,2,2,1,0,0,2,0,0,0,0,3,0,1,0,1,31,6,3,6,5,11,8,2,3,1,1,11,7,4,2
53 - Χανίων,182 E.T. Δήμου Χανίων,516,316,7,4,11,305,125,32,23,18,60,46,5,85,30,24,3,48,12,11,5,0,0,0,0,0,17,10,2,4,4,1,2,18,2,6,3,2,2,10,9,0,0,0,0,0,0,0,1,0,0,0,0,0,3,0,0,0,0,0,0,3,1,0,1,0,2,0,0,0,0,0,0,0,0,0,2,0,0,0,0,3,0,0,0,0,23,3,0,6,6,5,2,0,0,0,0,9,0,0,0
53 - Χανίων,183 E.T. Δήμου Χανίων,518,355,4,4,8,347,135,28,24,11,65,45,13,107,40,37,3,53,6,17,9,3,3,0,1,1,12,7,3,3,3,2,2,20,5,9,5,1,4,6,4,3,2,0,0,0,0,0,1,0,0,0,0,0,1,0,0,0,1,1,0,8,1,2,1,2,2,4,0,1,0,0,1,1,0,0,1,0,1,0,0,1,0,0,0,0,29,9,3,9,6,4,6,1,2,1,4,9,3,0,2
53 - Χανίων,184 E.T. Δήμου Χανίων,518,335,8,1,9,326,141,24,33,14,66,42,9,86,31,29,2,45,7,28,5,0,0,0,0,0,19,15,1,3,8,5,2,13,1,4,1,0,4,4,3,0,0,0,0,0,0,0,0,0,0,0,0,0,0,0,0,0,0,0,0,11,7,3,4,3,2,3,0,0,0,0,0,0,0,0,1,0,0,0,0,3,0,0,0,0,30,13,2,4,5,17,1,0,0,0,0,10,0,0,0
53 - Χανίων,185 E.T. Δήμου Χανίων,522,355,10,3,13,342,120,17,22,21,58,49,15,131,70,36,5,71,5,24,10,5,4,0,3,2,16,7,1,2,7,2,0,17,2,4,4,1,3,7,3,1,0,2,0,1,0,0,1,0,0,0,0,0,3,3,0,0,1,0,1,4,2,0,1,2,0,6,0,5,0,0,0,4,0,0,4,3,2,0,1,0,0,0,0,0,16,3,1,5,2,4,4,1,0,1,0,7,0,3,1
53 - Χανίων,186 E.T. Δήμου Χανίων,515,356,3,3,6,350,136,25,23,20,46,66,19,125,58,30,11,70,8,16,6,0,0,0,0,0,13,9,5,2,1,2,1,16,0,4,0,0,7,8,7,0,0,0,0,0,0,0,1,0,0,0,0,0,1,0,0,0,0,0,0,11,6,2,3,1,2,2,0,0,0,0,0,0,0,0,2,0,0,0,0,1,0,0,0,0,21,7,1,3,7,5,1,0,0,0,0,7,0,0,0
53 - Χανίων,187 E.T. Δήμου Χανίων,518,337,4,1,5,332,143,20,19,28,69,50,17,107,48,26,6,54,8,20,8,3,1,2,3,1,4,2,1,1,0,2,0,11,1,5,4,2,2,4,6,2,3,0,1,0,0,0,1,1,0,1,0,0,0,0,0,0,0,0,0,10,3,0,1,2,7,5,0,3,1,1,0,3,0,0,9,4,3,2,2,0,0,0,0,0,15,2,3,4,3,7,7,1,0,0,1,6,2,0,1
53 - Χανίων,188 E.T. Δήμου Χανίων,518,344,6,5,11,333,116,23,23,14,59,36,7,129,48,39,8,67,8,22,15,0,0,0,0,0,8,2,1,1,0,2,0,12,4,3,2,2,1,3,7,0,0,0,0,0,0,0,4,0,0,0,0,0,0,0,0,0,0,0,0,6,2,1,2,1,2,2,0,0,0,0,0,0,0,0,2,0,0,0,0,0,0,0,0,0,22,7,1,6,2,8,3,0,0,0,0,7,0,0,0
53 - Χανίων,189 E.T. Δήμου Χανίων,524,363,3,1,4,359,155,24,29,14,87,49,10,115,48,29,5,65,9,26,5,4,0,1,2,0,30,22,2,8,8,6,1,14,2,2,3,1,5,4,3,1,0,0,0,0,0,0,2,1,0,0,1,0,1,0,0,0,0,0,0,11,2,3,3,1,6,1,0,0,0,0,0,0,0,0,3,1,0,1,0,1,0,1,0,1,13,5,1,4,1,3,2,1,1,0,1,3,2,1,1
53 - Χανίων,190 E.T. Δήμου Χανίων,545,368,0,2,2,366,111,17,19,11,50,46,14,164,78,21,17,87,8,24,12,9,2,0,1,1,15,6,2,2,2,5,0,5,0,2,0,0,1,3,7,1,0,1,1,1,0,0,3,3,1,1,0,1,4,2,0,1,1,2,0,10,2,1,4,0,4,0,0,0,0,0,0,0,0,0,3,1,1,0,0,2,1,1,0,0,12,3,2,1,0,4,2,0,0,0,0,16,7,7,2
53 - Χανίων,191 E.T. Δήμου Χανίων,498,346,15,7,22,324,111,22,15,9,63,57,21,109,52,34,4,50,7,18,13,5,4,0,3,3,16,8,0,8,6,1,2,12,1,7,5,0,3,2,6,4,0,1,0,1,0,0,0,0,0,0,0,0,3,1,0,0,0,0,0,18,4,1,11,2,9,2,0,0,0,1,0,1,0,0,2,1,2,1,0,3,2,0,2,1,18,6,2,3,3,3,1,0,0,0,0,10,2,3,4
53 - Χανίων,192 E.T. Δήμου Χανίων,551,349,1,2,3,346,140,26,25,20,56,61,17,116,50,31,3,78,3,30,10,0,0,0,0,0,20,12,2,4,6,1,0,10,1,4,3,0,4,5,4,0,0,0,0,0,0,0,0,0,0,0,0,0,1,0,0,0,0,0,0,14,2,2,5,1,7,3,0,0,0,0,0,0,0,0,1,0,0,0,0,2,0,0,0,0,16,6,2,2,3,6,2,0,0,0,0,7,0,0,0
53 - Χανίων,193 E.T. Δήμου Χανίων,276,178,2,3,5,173,57,12,7,2,37,17,3,53,27,7,5,25,3,11,4,3,2,0,0,0,15,10,2,2,4,2,0,5,1,2,1,0,0,2,4,3,2,0,0,1,0,0,0,0,0,0,0,0,0,0,0,0,0,0,0,14,2,2,11,1,7,0,0,0,0,0,0,0,0,0,0,0,0,0,0,1,0,0,0,0,16,6,0,4,8,7,0,0,0,0,0,4,2,2,2
53 - Χανίων,194 E.T. Δήμου Χανίων,290,177,5,5,10,167,61,13,6,6,40,30,5,67,41,15,0,37,5,10,5,1,0,2,0,0,7,5,0,0,0,1,0,7,2,3,0,0,0,0,0,0,0,0,0,0,0,0,1,1,0,0,0,1,1,1,0,0,0,0,0,4,1,0,1,0,2,0,0,0,0,0,0,0,0,0,5,1,1,3,1,1,0,0,0,0,4,2,1,0,0,2,1,0,0,0,0,3,1,1,2
53 - Χανίων,195 E.T. Δήμου Χανίων,534,335,4,0,4,331,141,29,21,13,42,50,18,96,36,17,3,56,3,27,13,6,5,1,4,3,29,13,2,0,4,20,1,7,2,5,2,1,0,1,6,4,2,0,0,1,0,0,0,0,0,0,0,0,1,0,0,0,0,0,0,6,1,4,1,1,3,4,1,0,2,1,0,0,0,0,1,1,0,0,0,3,2,0,0,1,16,3,0,3,0,2,2,0,0,0,0,6,4,3,2
53 - Χανίων,196 E.T. Δήμου Χανίων,508,344,3,4,7,337,125,24,27,17,67,50,18,120,58,19,14,78,5,28,7,3,2,2,3,1,20,9,3,1,3,7,3,16,3,9,6,5,3,1,2,1,0,1,0,0,0,0,6,0,4,0,0,4,2,1,1,0,1,1,0,9,5,0,3,1,2,6,1,1,4,2,0,4,0,0,1,0,1,1,0,1,0,0,0,0,10,9,3,3,0,1,2,0,0,0,0,10,7,5,4
53 - Χανίων,197 E.T. Δήμου Χανίων,506,320,3,3,6,314,119,21,8,12,63,54,8,106,39,22,11,64,12,25,9,4,3,0,4,1,20,5,2,0,3,15,0,16,1,9,5,1,3,1,5,2,0,0,3,2,0,0,1,0,0,0,0,0,1,1,0,0,1,0,0,10,4,0,4,1,4,0,0,0,0,0,0,0,0,0,3,1,2,0,0,1,1,0,1,0,13,6,0,4,1,1,1,0,0,0,0,9,2,3,1
53 - Χανίων,198 E.T. Δήμου Χανίων,516,337,3,6,9,328,137,44,22,15,63,44,30,106,44,30,12,64,3,19,6,4,1,0,1,2,34,14,1,5,4,31,0,7,1,1,3,1,2,3,1,1,1,0,0,0,0,0,1,0,1,0,0,1,1,0,0,0,0,0,0,7,2,1,1,1,2,0,0,0,0,0,0,0,0,0,1,1,1,0,0,0,0,0,0,0,8,6,0,2,4,0,4,1,1,0,0,15,6,6,5
53 - Χανίων,199 E.T. Δήμου Χανίων,509,320,7,1,8,312,133,30,23,12,70,47,18,92,28,18,5,60,6,23,8,1,6,1,2,1,32,11,1,0,7,19,1,8,2,2,2,1,0,0,1,0,0,0,0,0,0,0,2,1,0,0,0,1,1,1,1,0,0,0,0,9,1,1,2,2,1,1,0,0,0,0,0,0,0,0,1,0,0,0,0,2,1,0,0,1,11,2,1,1,2,2,3,0,1,1,1,8,5,4,1
53 - Χανίων,200 E.T. Δήμου Χανίων,508,336,4,1,5,331,131,23,16,12,74,46,23,78,37,9,7,45,3,23,9,0,0,0,0,0,41,13,4,2,9,31,0,11,1,2,2,1,1,1,4,0,0,0,0,0,1,0,2,0,0,0,0,0,0,0,0,0,0,0,0,17,6,2,5,3,3,1,0,0,0,0,0,0,0,0,0,0,0,0,0,0,0,0,0,0,22,6,2,8,2,5,3,0,0,0,0,11,0,0,0
53 - Χανίων,201 E.T. Δήμου Χανίων,546,316,4,2,6,310,122,22,19,9,67,50,15,83,36,25,5,44,10,15,5,2,1,0,0,0,31,11,6,3,5,20,1,13,1,7,2,0,2,4,3,1,1,0,0,0,0,0,4,1,1,1,0,0,1,1,1,0,0,0,0,14,3,0,1,0,4,2,0,0,0,0,0,0,0,0,3,1,2,2,1,1,0,1,0,0,18,4,1,3,4,1,2,0,1,1,0,8,4,2,4
53 - Χανίων,202 E.T. Δήμου Χανίων,528,341,1,3,4,337,145,22,20,13,74,56,18,96,47,20,9,49,2,21,6,0,0,0,0,0,35,7,2,2,8,28,1,12,2,1,4,0,4,1,5,0,0,0,0,0,0,0,2,0,0,0,0,0,1,0,0,0,0,0,0,5,2,1,1,0,1,3,0,0,0,0,0,0,0,0,0,0,0,0,0,2,0,0,0,0,17,2,4,3,4,1,2,0,0,0,0,6,0,0,0
53 - Χανίων,203 E.T. Δήμου Χανίων,519,302,8,3,11,291,135,22,13,12,69,57,20,77,36,14,6,44,4,11,8,2,4,0,1,1,18,7,1,1,1,13,0,11,3,4,2,2,3,0,4,0,0,0,1,0,0,0,0,0,0,0,0,0,4,0,1,0,1,1,3,9,5,1,1,0,2,0,0,0,0,0,0,0,0,0,1,0,0,1,1,1,0,0,0,1,12,7,1,1,1,2,2,1,0,1,0,9,3,4,1
53 - Χανίων,204 E.T. Δήμου Χανίων,527,337,1,4,5,332,159,31,21,21,85,67,17,102,58,20,8,71,10,23,6,2,3,0,0,0,19,6,0,4,1,12,3,10,1,5,5,0,2,3,1,0,0,0,0,0,0,0,1,1,0,0,0,0,1,1,0,0,1,0,0,8,1,1,3,1,4,1,1,0,0,1,0,0,1,0,1,1,0,0,1,0,0,0,0,0,12,6,2,3,3,2,1,0,0,1,1,9,4,1,3
53 - Χανίων,205 E.T. Δήμου Χανίων,505,319,6,2,8,311,123,21,22,13,54,55,10,100,47,20,4,63,6,18,15,4,9,3,1,1,13,3,1,1,5,7,1,13,2,5,4,3,1,0,3,0,0,0,0,0,0,0,4,3,0,0,2,0,0,0,0,0,0,0,0,12,3,1,2,3,3,4,0,1,1,0,0,1,0,0,3,1,1,1,0,0,0,0,0,0,8,2,0,2,3,1,3,1,2,0,1,10,5,7,4
53 - Χανίων,206 E.T. Δήμου Χανίων,501,327,7,3,10,317,134,27,25,19,71,46,11,99,33,13,14,52,5,20,8,0,0,0,0,0,24,9,2,2,3,15,1,8,1,5,2,1,0,3,5,0,0,0,0,0,0,0,0,0,0,0,0,0,3,0,0,0,0,0,0,10,1,1,3,1,3,0,0,0,0,0,0,0,0,0,4,0,0,0,0,1,0,0,0,0,12,6,0,0,0,3,1,0,0,0,0,8,0,0,0
53 - Χανίων,207 E.T. Δήμου Χανίων,507,313,3,1,4,309,131,28,31,11,58,48,12,76,40,15,3,28,1,22,12,3,4,2,4,4,19,11,1,2,6,7,1,15,5,4,4,3,0,2,6,3,2,0,0,0,1,1,2,1,0,0,0,0,2,2,1,1,0,0,0,21,8,3,4,1,10,0,0,0,0,0,0,0,0,0,2,1,1,0,0,1,0,0,0,0,11,2,2,4,4,2,1,1,0,0,1,9,5,3,1
53 - Χανίων,208 E.T. Δήμου Χανίων,501,338,2,2,4,334,164,37,36,19,79,61,19,86,41,19,7,49,4,20,16,5,11,5,3,1,18,8,2,3,4,10,0,4,0,1,1,0,1,1,8,5,1,2,1,1,0,0,1,0,0,0,1,0,1,0,0,1,1,0,0,9,3,1,2,1,4,2,0,0,1,0,0,1,0,0,2,1,1,0,0,4,1,2,0,1,12,4,1,4,1,2,1,0,0,1,1,6,4,2,1
53 - Χανίων,209 E.T. Δήμου Χανίων,507,342,8,3,11,331,151,30,32,17,65,59,25,91,43,21,6,40,4,41,8,4,3,3,0,0,14,11,2,0,5,6,0,13,3,4,6,0,4,1,4,1,1,0,1,1,0,0,3,1,0,0,1,0,3,1,1,0,2,0,2,17,10,4,5,3,5,0,0,0,0,0,0,0,0,0,3,0,0,1,1,0,0,0,0,0,13,3,2,3,1,5,0,0,0,0,0,11,5,6,1
53 - Χανίων,210 E.T. Δήμου Χανίων,500,373,7,3,10,363,155,35,25,15,92,56,23,98,40,17,16,56,9,23,15,0,0,0,0,0,18,7,3,4,2,11,6,10,5,4,1,3,1,0,3,0,0,0,0,0,0,0,1,0,0,0,0,0,2,0,0,0,0,0,0,13,1,2,5,5,3,4,0,0,0,0,0,0,0,0,1,0,0,0,0,1,0,0,0,0,27,12,1,6,8,10,4,0,0,0,0,11,0,0,0
53 - Χανίων,211 E.T. Δήμου Χανίων,502,349,10,4,14,335,125,23,13,18,60,56,9,105,54,22,11,48,2,29,13,5,5,3,2,1,17,6,0,5,6,5,1,9,2,4,4,2,1,1,4,4,0,2,0,2,0,0,0,0,0,0,0,0,2,0,2,0,0,0,1,18,6,2,8,2,6,2,0,1,0,0,0,0,0,0,2,0,1,1,1,2,0,1,1,0,19,4,4,5,7,5,6,2,3,2,2,11,4,9,1
53 - Χανίων,212 E.T. Δήμου Χανίων,280,177,3,1,4,173,53,8,10,13,24,21,10,59,15,14,30,28,0,4,5,0,0,0,0,0,15,11,2,4,6,1,1,6,3,1,3,1,0,1,0,0,0,0,0,0,0,0,4,0,0,0,0,0,0,0,0,0,0,0,0,19,16,2,3,2,4,0,0,0,0,0,0,0,0,0,2,0,0,0,0,0,0,0,0,0,8,1,0,1,0,2,0,0,0,0,0,2,0,0,0
53 - Χανίων,213 E.T. Δήμου Χανίων,314,203,1,2,3,200,76,12,9,9,35,27,10,68,13,20,40,19,2,10,6,2,1,1,1,0,11,10,1,0,3,1,1,10,1,1,3,2,1,2,0,0,0,0,0,0,0,0,2,0,1,1,0,0,1,1,0,0,0,0,0,12,10,1,2,0,4,0,0,0,0,0,0,0,0,0,1,0,0,0,0,0,0,0,0,0,9,1,0,2,1,1,2,0,0,2,1,2,1,1,0
53 - Χανίων,214 E.T. Δήμου Χανίων,450,291,0,4,4,287,101,23,16,12,48,43,13,85,32,18,24,48,5,11,15,7,2,4,6,2,10,5,0,1,6,3,1,12,3,1,6,2,1,2,9,5,2,1,2,0,0,0,3,0,1,0,1,0,2,2,2,0,0,0,0,13,7,2,5,1,5,2,0,0,1,0,2,0,0,0,1,0,1,0,0,2,1,0,1,1,20,7,2,5,2,4,0,0,0,0,0,12,5,4,0
53 - Χανίων,215 E.T. Δήμου Χανίων,453,305,4,3,7,298,118,24,17,13,59,50,25,83,29,16,21,49,4,16,15,9,4,1,4,1,18,11,4,4,2,6,0,13,1,4,6,1,6,1,4,4,4,0,0,0,0,0,0,0,0,0,0,0,0,0,0,0,0,0,0,21,10,3,8,3,10,1,0,1,0,0,1,0,0,0,3,2,1,1,0,0,0,0,0,0,15,8,4,2,5,2,2,2,1,0,0,5,4,0,2
53 - Χανίων,216 E.T. Δήμου Χανίων,452,320,3,0,3,317,101,25,19,13,45,39,13,121,43,36,25,54,2,41,14,0,0,0,0,0,14,1,2,4,0,1,1,13,2,5,6,2,2,1,4,0,0,0,0,0,0,0,2,0,0,0,0,0,0,0,0,0,0,0,0,13,3,2,3,1,5,0,0,0,0,0,0,0,0,0,2,0,0,0,0,0,0,0,0,0,26,10,1,9,3,6,0,0,0,0,0,7,0,0,0
53 - Χανίων,217 E.T. Δήμου Χανίων,347,241,1,1,2,239,83,16,7,10,53,39,13,73,32,12,25,28,3,9,5,3,2,0,2,1,32,17,2,9,18,2,0,8,2,4,3,1,1,2,3,2,1,0,1,0,0,0,2,1,0,0,0,0,1,0,0,0,0,0,0,7,3,0,3,1,2,1,0,0,0,0,0,0,0,0,1,0,1,0,0,0,0,0,0,0,9,1,0,1,0,2,4,2,0,2,1,10,4,5,3
53 - Χανίων,218 E.T. Δήμου Χανίων,424,291,3,4,7,284,99,24,20,11,53,25,11,90,27,11,39,36,2,15,6,2,0,0,0,0,47,22,3,3,29,5,1,9,4,3,3,2,1,1,3,2,0,0,0,0,0,0,3,0,0,0,0,0,1,0,0,0,0,0,0,6,2,0,0,1,0,0,0,0,0,0,0,0,1,0,1,0,0,0,0,0,0,0,0,0,14,3,0,2,4,3,1,0,0,0,0,3,0,0,0
53 - Χανίων,219 E.T. Δήμου Χανίων,367,252,3,3,6,246,79,14,8,8,40,35,7,83,35,12,18,39,4,15,2,2,0,0,0,0,18,12,1,2,6,1,1,16,6,8,4,2,2,1,1,0,0,0,0,0,0,0,11,0,0,0,0,0,0,0,0,0,0,0,0,7,2,2,3,3,3,1,0,0,0,0,0,0,0,0,0,0,0,0,0,0,0,0,0,0,20,10,2,2,5,1,0,0,0,0,0,8,0,0,0
53 - Χανίων,220 E.T. Δήμου Χανίων,230,150,2,1,3,147,63,5,6,4,34,16,28,41,30,23,6,6,0,8,1,0,0,0,0,0,6,2,0,2,2,2,0,15,1,4,7,3,2,3,4,0,0,0,0,0,1,0,0,0,0,0,0,0,1,0,0,0,0,0,0,8,4,1,1,2,4,0,0,0,0,0,0,0,0,0,0,0,0,0,0,1,0,0,0,0,5,2,2,1,1,2,0,0,0,0,0,1,0,0,0
53 - Χανίων,221 E.T. Δήμου Χανίων,499,301,3,0,3,298,132,29,21,14,69,60,15,81,46,18,9,45,5,22,12,8,6,1,3,1,16,15,0,0,3,5,0,20,4,6,4,6,7,3,3,2,2,0,0,0,0,0,3,1,3,0,0,2,2,0,1,0,2,0,0,6,2,0,1,1,1,0,0,0,0,0,0,0,1,0,2,2,0,0,2,3,3,2,1,0,13,7,0,3,1,3,1,1,1,0,0,3,2,3,1
53 - Χανίων,222 E.T. Δήμου Χανίων,500,314,5,4,9,305,118,27,27,20,62,54,15,89,39,26,11,48,11,14,9,5,3,0,2,0,21,7,4,5,11,3,2,8,3,3,4,1,1,1,4,0,0,0,0,0,0,0,4,2,1,0,1,2,5,2,1,2,0,2,1,13,5,1,6,2,4,3,1,2,0,0,0,1,0,0,1,1,0,0,0,0,0,0,0,0,14,9,3,3,2,2,3,1,1,1,1,13,9,10,4
53 - Χανίων,223 E.T. Δήμου Χανίων,501,315,5,5,10,305,136,29,23,12,60,57,13,86,41,25,3,51,4,17,17,8,4,0,5,0,15,8,1,3,5,3,1,17,1,7,3,0,3,3,1,0,0,0,0,0,0,0,7,2,1,0,2,3,0,0,0,0,0,0,0,8,2,1,0,0,4,2,0,0,0,0,0,0,0,0,0,0,0,0,0,0,0,0,0,0,14,5,1,3,3,3,0,0,0,0,0,2,1,1,0
53 - Χανίων,224 E.T. Δήμου Χανίων,508,304,6,4,10,294,119,20,23,13,50,38,18,83,35,16,6,44,4,18,8,5,8,0,1,0,18,14,1,1,7,4,0,24,4,4,10,4,8,5,3,2,1,1,0,1,0,0,1,0,0,0,0,0,0,0,0,0,0,0,0,9,0,3,1,4,0,0,0,0,0,0,0,0,0,0,0,0,0,0,0,0,0,0,0,0,17,10,4,3,5,1,2,0,0,0,0,10,5,4,5
53 - Χανίων,225 E.T. Δήμου Χανίων,494,305,3,5,8,297,115,20,16,16,60,49,17,91,30,25,7,59,4,22,8,3,2,0,2,0,19,11,2,3,3,3,0,14,2,4,4,3,5,1,4,1,0,0,1,1,0,0,5,0,1,1,0,2,0,0,0,0,0,0,0,13,5,0,6,2,6,1,0,1,0,0,0,1,0,0,1,1,0,0,1,0,0,0,0,0,18,7,0,7,3,4,4,1,1,2,2,4,0,2,1
53 - Χανίων,226 E.T. Δήμου Χανίων,281,192,0,2,2,190,73,6,7,5,26,27,14,47,16,11,5,28,0,14,9,0,0,0,0,0,25,10,4,5,7,8,0,11,1,5,3,0,6,0,0,0,0,0,0,0,0,0,4,0,0,0,0,0,0,0,0,0,0,0,0,6,1,0,2,0,4,0,0,0,0,0,0,0,0,0,2,0,0,0,0,0,0,0,0,0,9,5,0,5,0,3,0,0,0,0,0,4,0,0,0
53 - Χανίων,227 E.T. Δήμου Χανίων,367,195,3,1,4,191,78,20,2,6,46,28,23,42,2,6,3,27,3,2,11,2,10,3,1,1,19,4,1,2,6,6,1,20,3,5,7,1,2,6,1,1,0,0,0,0,0,0,0,0,0,0,0,0,0,0,0,0,0,0,0,7,0,0,2,0,1,3,0,0,0,0,0,0,0,0,1,0,0,1,0,2,0,0,0,0,4,2,1,1,1,0,0,0,0,0,0,3,2,0,3
53 - Χανίων,228 E.T. Δήμου Χανίων,561,349,4,3,7,342,122,17,15,14,58,48,8,116,58,35,9,76,2,25,5,0,0,0,0,0,40,29,3,7,6,5,0,8,1,3,5,2,0,1,4,0,0,0,0,0,0,0,1,0,0,0,0,0,4,0,0,0,0,0,0,15,5,0,4,1,5,0,0,0,0,0,0,0,0,0,2,0,0,0,0,3,0,0,0,0,18,6,2,5,1,4,1,0,0,0,0,3,0,0,0
53 - Χανίων,229 E.T. Δήμου Χανίων,237,127,3,0,3,124,47,7,11,2,32,15,15,56,29,2,13,42,2,13,6,0,6,0,0,1,2,1,0,0,0,2,0,0,0,0,0,0,0,0,1,0,0,0,0,0,0,0,0,0,0,0,0,0,0,0,0,0,0,0,0,6,3,3,2,1,1,0,0,0,0,0,0,0,0,0,1,0,0,0,0,1,0,0,1,1,3,2,0,1,2,1,0,0,0,0,0,1,0,0,1
53 - Χανίων,230 E.T. Δήμου Χανίων,246,150,1,2,3,147,38,1,0,1,12,17,8,80,39,22,5,49,0,19,4,0,0,0,0,0,2,1,1,0,0,0,0,2,0,1,1,0,0,0,4,0,0,0,0,0,0,0,7,0,0,0,0,0,0,0,0,0,0,0,0,1,1,0,0,0,0,0,0,0,0,0,0,0,0,0,0,0,0,0,0,0,0,0,0,0,4,1,0,1,2,1,0,0,0,0,0,5,0,0,0
53 - Χανίων,231 E.T. Δήμου Χανίων,356,229,1,0,1,228,100,14,25,14,62,37,16,65,45,4,5,43,8,5,2,0,1,0,1,0,12,6,3,0,6,5,0,21,3,4,11,2,2,4,4,3,2,0,0,0,0,0,1,1,0,1,0,0,2,0,0,0,0,0,0,3,0,0,1,1,3,5,0,1,5,1,0,0,0,0,2,1,1,0,0,2,1,1,1,1,5,5,0,1,1,0,0,0,0,0,0,4,3,1,2
53 - Χανίων,232 E.T. Δήμου Χανίων,242,122,3,0,3,119,48,8,0,2,29,13,14,44,23,8,2,16,4,10,2,0,0,0,0,0,7,4,1,0,6,0,0,7,0,0,1,0,6,2,0,0,0,0,0,0,1,0,0,0,0,0,0,0,0,0,0,0,0,0,0,5,0,0,3,0,3,0,0,0,0,0,0,0,0,0,0,0,0,0,0,0,0,0,0,0,3,2,1,0,0,0,0,0,0,0,0,2,0,0,0
53 - Χανίων,233 E.T. Δήμου Χανίων,529,331,7,2,9,322,106,24,22,27,42,44,10,146,45,51,28,75,16,22,4,1,1,0,3,0,15,8,2,5,2,3,0,21,6,3,3,4,3,3,1,0,0,0,0,0,0,0,1,0,1,0,1,0,0,0,0,0,0,0,0,5,3,1,1,2,0,0,0,0,0,0,0,0,0,0,3,2,1,2,1,1,1,1,0,0,11,5,2,4,4,1,2,0,1,1,1,6,1,4,3
53 - Χανίων,234 E.T. Δήμου Χανίων,518,312,3,3,6,306,122,19,21,29,51,49,13,101,41,29,13,60,10,11,6,3,0,1,2,0,19,9,3,7,3,4,0,16,7,3,4,1,4,2,3,2,0,0,0,0,0,0,1,1,0,0,0,1,1,1,0,0,1,0,0,9,4,2,1,0,3,1,0,1,0,0,0,0,0,0,2,1,0,0,0,2,1,0,1,0,18,5,2,7,2,3,3,0,1,0,1,2,1,2,1
53 - Χανίων,235 E.T. Δήμου Χανίων,520,327,1,3,4,323,144,26,27,17,82,60,10,84,26,39,13,45,8,14,10,0,0,0,0,0,15,4,4,0,5,2,2,24,6,7,8,7,8,2,3,0,0,0,0,0,0,0,1,0,0,0,0,0,1,0,0,0,0,0,0,8,3,0,3,0,5,4,1,0,0,0,0,0,0,0,1,0,0,0,0,0,0,0,0,0,18,7,2,8,7,6,3,0,0,0,0,7,0,0,0
53 - Χανίων,236 E.T. Δήμου Χανίων,527,327,1,5,6,321,123,20,15,22,57,58,13,102,42,32,5,61,9,22,3,0,0,0,0,0,25,14,1,7,2,2,0,14,1,6,2,0,3,1,2,0,0,0,0,0,0,0,4,0,0,0,0,0,3,0,0,0,0,0,0,12,9,2,2,2,1,0,0,0,0,0,0,0,0,0,2,0,0,0,0,0,0,0,0,0,17,7,1,6,4,2,5,0,0,0,0,9,0,0,0
53 - Χανίων,239 E.T. Δήμου Χανίων,400,237,3,0,3,234,90,24,8,9,51,44,12,76,31,17,9,44,3,20,3,2,1,1,1,1,25,21,2,6,9,0,1,12,6,5,2,0,1,0,1,0,0,0,0,0,0,0,1,0,0,0,0,0,5,0,2,1,1,0,4,4,1,1,1,1,2,1,0,0,0,0,1,1,0,0,0,0,0,0,0,0,0,0,0,0,9,8,2,3,0,5,0,0,0,0,0,7,3,3,3
53 - Χανίων,240 E.T. Δήμου Χανίων,400,245,5,5,10,235,79,14,12,9,39,40,6,92,30,7,11,47,3,30,5,3,1,1,1,0,10,5,1,2,1,1,0,5,0,0,2,0,0,0,5,2,1,0,1,1,0,0,2,0,0,0,0,1,8,7,5,1,0,0,1,8,2,0,2,0,0,0,0,0,0,0,0,0,1,0,0,0,0,0,0,2,0,0,1,0,12,4,2,4,0,1,6,0,1,0,2,0,0,0,0
53 - Χανίων,241 E.T. Δήμου Χανίων,413,262,5,7,12,250,83,14,10,11,38,30,7,83,45,10,8,44,8,22,9,4,1,2,5,1,17,8,2,5,7,2,1,9,1,1,3,1,3,0,4,1,0,0,0,0,0,0,2,1,0,0,0,2,3,0,1,0,2,0,3,20,3,3,3,5,7,1,0,0,0,0,0,0,0,0,0,0,0,0,0,1,0,0,0,0,11,3,2,4,4,5,3,1,2,0,1,4,0,2,0
53 - Χανίων,242 E.T. Δήμου Χανίων,541,367,5,3,8,359,143,31,19,40,61,62,20,115,31,39,20,65,8,13,11,0,0,0,0,0,21,11,4,6,2,7,1,11,2,4,1,3,1,0,5,0,0,0,0,0,0,0,1,0,0,0,0,0,0,0,0,0,0,0,0,4,1,0,0,0,0,1,0,0,0,0,0,0,0,0,5,0,0,0,0,1,0,0,0,0,25,9,3,6,3,3,3,0,0,0,0,13,0,0,0
53 - Χανίων,243 E.T. Δήμου Χανίων,519,366,8,0,8,358,164,28,21,35,70,79,10,106,40,36,8,51,8,18,7,1,0,2,2,2,15,6,4,5,2,2,3,14,4,8,3,1,1,3,2,1,1,0,0,1,0,0,3,0,2,0,2,1,2,0,2,0,0,0,1,9,1,1,3,2,3,0,0,0,0,0,0,0,0,0,1,1,1,0,0,0,0,0,0,0,20,4,3,6,6,2,3,2,0,1,0,12,7,3,6
53 - Χανίων,244 E.T. Δήμου Χανίων,523,345,1,1,2,343,140,25,29,22,49,50,3,102,41,31,11,55,9,12,4,0,0,0,0,0,16,6,1,6,2,1,0,16,2,5,1,1,1,1,5,0,0,0,0,0,0,0,0,0,0,0,0,0,3,0,0,0,0,0,0,17,3,1,7,2,7,0,0,0,0,0,0,0,0,0,2,0,0,0,0,3,0,0,0,0,30,7,2,10,4,5,1,0,0,0,0,4,0,0,0
53 - Χανίων,245 E.T. Δήμου Χανίων,520,357,1,0,1,356,154,37,19,33,65,72,17,99,39,29,8,49,15,23,7,4,2,0,6,2,14,7,0,5,5,3,0,16,2,5,5,3,1,3,5,1,1,0,1,1,0,0,0,0,0,0,0,0,3,0,0,0,0,1,1,19,5,2,6,3,13,2,1,0,1,0,0,0,0,0,1,1,1,0,0,0,0,0,0,0,20,7,1,9,3,3,5,1,3,1,0,11,3,4,1
53 - Χανίων,246 E.T. Δήμου Χανίων,523,358,8,2,10,348,123,27,22,24,48,45,12,131,43,42,16,93,9,20,9,5,1,1,4,2,18,11,3,7,6,1,1,8,0,3,1,0,1,0,6,3,0,0,0,2,0,0,2,0,0,0,1,1,1,0,0,0,0,0,0,9,3,0,5,0,2,0,0,0,0,0,0,0,0,0,5,3,1,0,0,0,0,0,0,0,14,5,0,1,3,2,9,1,3,2,1,13,3,6,2
53 - Χανίων,247 E.T. Δήμου Χανίων,327,214,4,1,5,209,74,20,12,9,42,27,5,69,18,36,5,39,3,13,6,3,2,1,0,1,17,8,3,4,2,1,3,12,3,5,1,4,4,1,0,0,0,0,0,0,0,0,1,0,0,0,1,1,0,0,0,0,0,0,0,6,1,0,0,2,4,3,0,0,0,0,0,0,0,0,0,0,0,0,0,0,0,0,0,0,17,7,0,3,2,7,1,1,1,0,0,3,1,2,1
53 - Χανίων,248 E.T. Δήμου Χανίων,325,209,2,1,3,206,68,14,16,10,30,28,4,83,21,25,14,44,6,20,3,0,0,0,0,0,8,2,0,4,4,2,0,14,6,4,5,2,3,2,3,0,0,0,0,0,0,0,2,0,0,0,0,0,0,0,0,0,0,0,0,5,2,1,0,1,2,0,0,0,0,0,0,0,0,0,1,0,0,0,0,1,0,0,0,0,11,4,1,3,1,3,2,0,0,0,0,5,0,0,0
53 - Χανίων,249 E.T. Δήμου Χανίων,541,362,5,4,9,353,157,44,28,23,79,71,13,117,60,26,7,79,5,17,8,3,2,2,4,2,15,7,1,7,5,3,0,8,4,3,2,0,0,0,4,2,1,0,1,0,0,0,3,1,2,0,2,0,0,0,0,0,0,0,0,9,2,1,1,0,4,0,0,0,0,0,0,0,0,0,0,0,0,0,0,1,0,1,0,0,14,8,1,2,3,2,2,0,1,1,1,15,7,6,3
53 - Χανίων,250 E.T. Δήμου Χανίων,532,365,10,5,15,350,130,30,23,11,69,50,10,115,63,28,6,71,7,21,13,0,0,0,0,0,30,13,3,9,4,5,2,15,7,7,2,1,3,1,2,0,0,0,0,0,1,0,2,0,0,0,0,0,0,0,0,0,0,0,0,8,1,2,3,1,2,1,0,0,0,0,0,0,0,0,3,0,0,0,0,1,0,0,0,0,12,3,3,4,5,1,6,0,0,0,0,11,0,0,0
53 - Χανίων,251 E.T. Δήμου Χανίων,532,328,2,0,2,326,142,26,25,21,66,49,14,111,40,31,11,63,2,23,4,3,3,1,1,0,19,8,0,4,5,3,0,11,4,1,1,1,1,0,5,2,2,0,2,1,0,0,2,1,0,0,0,1,0,0,0,0,0,0,0,7,3,1,4,3,0,0,0,0,0,0,0,0,0,0,0,0,0,0,0,1,0,1,1,0,15,8,1,2,2,2,2,1,1,1,1,7,3,2,1
53 - Χανίων,252 E.T. Δήμου Χανίων,531,334,4,2,6,328,122,32,21,11,54,44,20,101,43,19,12,59,8,15,4,0,0,0,0,0,36,15,3,8,9,7,0,17,3,7,3,0,1,3,5,0,0,0,0,0,0,0,1,0,0,0,0,0,0,0,0,0,0,0,0,14,6,2,2,1,6,1,0,0,0,0,0,0,0,0,0,0,0,0,0,2,0,0,0,0,9,2,1,2,2,0,3,0,0,0,0,13,0,0,0
53 - Χανίων,253 E.T. Δήμου Χανίων,531,340,3,1,4,336,131,29,23,14,58,53,17,100,40,24,3,63,8,17,9,4,3,1,2,2,22,12,2,5,7,5,0,15,3,5,2,5,4,0,9,5,2,0,1,2,0,0,1,0,0,0,0,0,0,0,0,0,0,0,0,18,5,4,4,5,7,0,0,0,0,0,0,0,0,0,1,0,0,0,0,0,0,0,0,0,20,6,2,4,2,2,1,0,0,0,1,9,1,8,0
53 - Χανίων,254 E.T. Δήμου Χανίων,544,363,9,1,10,353,148,28,30,11,75,71,11,108,43,19,5,66,9,24,13,6,0,0,0,0,22,9,2,4,6,2,3,14,3,4,4,2,2,3,10,0,0,0,0,0,0,0,2,0,0,0,0,0,0,0,0,0,0,0,0,10,4,1,4,3,0,1,0,0,0,0,0,0,0,0,0,0,0,0,0,0,0,0,0,0,16,4,0,3,1,2,2,0,0,0,0,7,0,0,0
53 - Χανίων,255 E.T. Δήμου Χανίων,561,349,3,2,5,344,141,28,27,5,63,54,12,98,51,21,6,57,10,15,11,4,4,2,3,2,34,16,4,6,7,3,1,15,2,3,6,2,3,4,5,3,1,0,3,2,0,0,3,2,0,0,0,0,3,0,0,2,2,1,1,10,3,1,5,0,1,0,0,0,0,0,0,0,0,0,1,0,0,0,0,0,0,0,0,0,18,8,0,4,3,2,3,1,1,1,0,2,2,2,0
53 - Χανίων,256 E.T. Δήμου Χανίων,536,340,6,2,8,332,148,35,25,19,74,66,14,87,43,18,8,53,2,23,10,0,0,0,0,0,22,9,4,8,8,6,0,9,2,3,2,1,3,2,2,0,0,0,0,0,0,0,2,0,0,0,0,0,1,0,0,0,0,0,0,15,9,0,4,3,5,4,0,0,0,0,0,0,0,0,2,0,0,0,0,2,0,0,0,0,18,9,0,4,6,3,1,0,0,0,0,9,0,0,0
53 - Χανίων,257 E.T. Δήμου Χανίων,518,392,2,3,5,387,161,31,34,20,84,69,17,115,45,19,5,80,6,33,14,6,6,4,5,2,25,15,5,8,4,5,1,12,8,0,6,1,2,2,8,3,0,0,2,1,0,0,2,1,1,0,0,1,2,1,1,0,0,1,1,16,6,5,2,4,6,4,2,2,2,0,0,0,1,1,2,1,0,2,1,0,0,0,0,0,18,8,0,5,1,6,1,0,0,0,0,6,4,3,3
53 - Χανίων,258 E.T. Δήμου Χανίων,490,328,6,3,9,319,86,28,12,9,42,36,3,142,61,39,10,95,5,18,10,0,0,0,0,0,20,12,3,6,4,5,1,7,2,4,1,1,0,0,7,0,0,0,0,0,0,0,2,0,0,0,0,0,2,0,0,0,0,0,0,9,5,2,1,0,6,0,0,0,0,0,0,0,0,0,3,0,0,0,0,2,0,0,0,0,14,8,2,2,2,5,2,0,0,0,0,13,0,0,0
53 - Χανίων,259 E.T. Δήμου Χανίων,549,349,6,8,14,335,122,28,20,18,46,52,14,127,57,44,10,63,7,18,6,3,2,2,0,0,25,12,2,2,8,2,2,15,5,4,6,1,2,0,4,2,1,1,1,1,0,0,2,1,0,0,0,1,0,0,0,0,0,0,0,6,3,1,2,1,1,2,1,0,0,2,0,0,5,0,0,2,2,0,0,0,0,0,0,0,15,7,1,3,1,5,1,0,0,0,0,5,3,1,1
53 - Χανίων,260 E.T. Δήμου Χανίων,564,384,6,2,8,376,140,30,23,20,59,64,10,145,61,56,10,18,16,12,5,0,0,0,0,0,18,9,2,7,4,1,1,19,5,7,6,4,3,0,5,0,0,0,0,0,0,0,2,0,0,0,0,0,1,0,0,0,0,0,0,4,1,1,1,0,2,0,0,0,0,0,0,0,0,0,2,0,0,0,0,1,0,0,0,0,22,9,0,3,3,9,5,0,0,0,0,7,0,0,0
53 - Χανίων,261 E.T. Δήμου Χανίων,564,367,3,5,8,359,126,23,29,13,63,36,10,139,97,43,16,78,9,25,6,3,2,1,3,0,16,6,3,6,7,2,0,21,5,6,5,3,3,1,5,3,1,0,2,1,0,0,4,2,2,1,1,0,0,0,0,0,0,0,0,6,2,2,1,1,0,2,0,0,0,1,0,0,1,0,2,0,1,1,0,1,0,0,0,0,20,5,1,4,1,10,2,0,0,0,1,8,3,4,2
53 - Χανίων,262 E.T. Δήμου Χανίων,566,368,10,4,14,354,120,15,15,26,41,43,13,130,57,25,7,71,16,23,8,0,0,0,0,0,26,14,2,3,9,3,0,17,1,10,2,1,2,2,1,0,0,0,0,0,0,0,4,0,0,0,0,0,3,0,0,0,0,0,0,13,2,1,3,2,4,0,0,0,0,0,0,0,1,0,1,0,0,0,0,2,0,0,0,0,23,8,0,6,3,3,2,0,0,0,0,3,0,0,0
53 - Χανίων,263 E.T. Δήμου Χανίων,566,341,4,1,5,336,123,17,21,24,49,44,5,128,60,44,20,64,6,21,5,0,2,0,0,0,12,5,3,5,1,0,1,18,2,12,2,1,1,1,0,0,0,0,0,0,0,0,1,0,0,0,0,0,1,0,0,1,0,0,1,13,7,4,4,3,4,0,0,0,0,0,0,0,0,0,3,1,1,0,0,1,0,0,0,0,19,9,2,5,2,9,2,1,1,1,1,10,1,2,2
53 - Χανίων,264 E.T. Δήμου Χανίων,563,205,4,1,5,200,70,19,12,9,31,28,7,68,33,31,9,42,2,3,8,3,3,1,3,0,10,3,0,2,5,1,0,14,4,7,4,1,1,0,3,1,1,0,1,1,0,0,3,0,0,0,0,1,0,0,0,0,0,0,0,2,0,0,1,1,0,1,0,0,0,1,0,0,0,0,0,0,0,0,0,1,0,0,0,1,14,5,0,4,2,3,2,1,0,0,0,4,1,4,1
53 - Χανίων,265 E.T. Δήμου Χανίων,566,238,5,1,6,232,92,19,19,13,34,42,5,84,33,37,7,47,2,11,4,1,0,1,1,0,6,2,0,3,1,1,3,6,2,1,3,0,1,1,6,1,0,0,0,0,0,0,1,0,0,0,1,0,3,2,0,1,1,0,0,7,1,1,1,0,3,1,0,0,1,1,0,0,0,0,2,1,1,0,0,0,0,0,0,0,15,6,3,5,1,9,2,1,0,1,1,3,3,3,0
53 - Χανίων,266 E.T. Δήμου Χανίων,558,250,3,3,6,244,86,17,15,13,37,43,4,95,39,33,10,63,2,13,6,0,0,0,0,0,7,2,1,2,1,2,0,7,1,4,4,1,2,0,1,0,0,0,0,0,0,0,2,0,0,0,0,0,0,0,0,0,0,0,0,15,5,1,6,1,5,0,0,0,0,0,0,0,0,0,1,0,0,0,0,0,0,0,0,0,20,7,0,5,1,10,2,0,0,0,0,2,0,0,0
53 - Χανίων,267 E.T. Δήμου Χανίων,558,246,3,4,7,239,96,15,18,10,46,32,8,71,27,27,4,48,3,15,9,0,0,0,0,0,11,4,0,3,3,4,0,16,0,10,6,1,1,3,1,0,0,0,0,0,0,0,0,0,0,0,0,0,3,0,0,0,0,0,0,3,0,1,2,0,1,0,0,0,0,0,0,0,0,0,3,0,0,0,0,2,0,0,0,0,19,7,0,5,2,6,0,0,0,0,0,5,0,0,0
53 - Χανίων,268 E.T. Δήμου Χανίων,561,226,7,2,9,217,77,14,10,14,44,35,4,86,34,23,6,49,5,14,5,0,0,0,0,0,10,6,0,2,5,3,1,7,2,2,2,1,0,0,2,0,0,0,0,0,0,0,1,0,0,0,0,0,0,0,0,0,0,0,0,14,5,2,3,0,5,0,0,0,0,0,0,0,0,0,1,0,0,0,0,1,0,0,0,0,8,3,0,2,0,5,0,0,0,0,0,5,0,0,0
53 - Χανίων,269 E.T. Δήμου Χανίων,557,237,3,2,5,232,85,24,13,5,42,47,8,81,36,22,5,48,8,11,5,0,0,0,0,0,18,9,1,5,10,3,0,10,2,4,4,4,1,0,1,0,0,0,0,0,0,0,4,0,0,0,0,0,1,0,0,0,0,0,0,7,2,1,1,1,3,2,0,0,0,0,0,0,0,0,1,0,0,0,0,0,0,0,0,0,10,4,0,2,1,5,5,0,0,0,0,2,0,0,0
53 - Χανίων,270 E.T. Δήμου Χανίων,559,243,1,3,4,239,87,18,8,19,41,35,8,81,40,35,5,33,6,18,4,2,1,1,0,0,10,3,1,2,2,2,1,18,2,9,4,2,0,2,3,1,0,1,0,0,0,0,2,1,0,1,1,1,0,0,0,0,0,0,0,6,0,0,2,2,5,2,0,2,1,0,0,1,0,0,2,1,0,1,0,1,0,1,0,1,12,3,0,4,0,6,3,1,1,0,1,8,6,4,3
53 - Χανίων,271 E.T. Δήμου Χανίων,550,255,8,1,9,246,95,13,12,14,49,35,9,64,25,26,7,37,0,17,9,5,6,1,1,2,15,3,1,6,5,5,0,16,4,7,4,3,2,2,4,3,1,0,0,1,0,0,0,0,0,0,0,0,2,2,1,1,0,0,0,5,3,0,2,0,4,5,1,0,0,4,1,0,0,0,2,0,1,0,2,2,0,1,0,0,17,4,3,9,1,7,2,0,2,2,0,8,4,1,3
53 - Χανίων,272 E.T. Δήμου Χανίων,543,231,0,2,2,229,81,21,20,6,29,33,11,89,43,26,2,48,7,18,5,0,0,0,0,0,9,4,0,2,4,2,0,9,1,4,2,1,2,0,1,0,0,0,0,0,0,0,0,0,0,0,0,0,12,0,0,0,0,0,0,0,0,0,0,0,0,1,0,0,0,0,0,0,0,0,0,0,0,0,0,0,0,0,0,0,18,9,1,1,1,7,1,0,0,0,0,3,0,0,0
53 - Χανίων,273 E.T. Δήμου Χανίων,526,217,4,3,7,210,92,20,15,23,41,44,8,66,24,22,10,40,5,11,2,0,1,0,2,0,11,6,2,4,1,4,0,13,4,6,3,2,2,1,2,2,2,0,0,0,0,0,0,0,0,0,0,0,0,0,0,0,0,0,0,5,1,0,0,0,1,1,0,0,0,0,0,0,0,0,1,0,0,0,0,0,0,0,0,0,10,2,1,3,2,2,1,0,0,0,0,6,2,3,1
53 - Χανίων,274 E.T. Δήμου Χανίων,540,268,1,0,1,267,117,21,19,18,66,46,6,81,30,23,6,46,5,12,8,5,3,0,3,4,11,7,1,5,2,2,1,14,2,5,2,1,0,1,2,0,0,0,0,0,0,0,1,0,0,0,0,0,2,2,1,1,0,0,0,10,3,3,2,3,2,4,1,1,1,0,0,1,0,0,0,0,0,0,0,0,0,0,0,0,11,4,0,3,1,5,1,0,0,0,1,5,3,2,3
53 - Χανίων,275 E.T. Δήμου Χανίων,563,248,6,4,10,238,88,21,16,6,44,42,8,84,49,23,8,43,5,19,6,2,0,2,2,2,18,9,6,4,6,4,0,10,1,4,1,3,0,1,2,0,0,0,0,0,0,0,1,0,0,0,0,0,0,0,0,0,0,0,0,3,1,1,1,0,2,0,0,0,0,0,0,0,2,1,1,0,0,1,0,2,0,0,1,1,14,4,1,3,1,4,1,0,1,0,1,6,1,2,0
53 - Χανίων,276 E.T. Δήμου Χανίων,566,240,4,2,6,234,71,18,8,6,32,28,3,86,44,28,6,49,4,10,5,1,1,0,3,3,16,6,1,5,2,1,0,12,2,6,5,1,0,0,4,3,0,0,1,0,0,0,4,0,0,1,0,1,0,0,0,0,0,0,0,8,1,2,2,1,2,3,0,1,0,0,1,0,0,0,1,0,0,0,0,1,0,1,0,1,19,5,1,3,5,10,1,0,0,0,0,3,2,1,2
53 - Χανίων,277 E.T. Δήμου Χανίων,564,238,4,0,4,234,89,18,23,14,46,39,9,68,24,15,7,37,3,16,4,1,0,2,1,1,10,4,0,4,3,3,1,14,1,6,3,3,0,2,6,2,1,1,1,1,0,0,1,0,0,0,0,0,2,0,0,0,0,0,1,4,1,0,0,2,0,3,0,3,0,0,0,1,0,0,3,2,2,0,0,0,0,0,0,0,20,7,2,3,3,8,4,0,1,1,1,6,4,1,1
53 - Χανίων,278 E.T. Δήμου Χανίων,560,230,2,3,5,225,105,20,17,25,49,50,10,66,30,17,11,37,4,13,5,0,0,0,0,0,4,3,0,2,0,0,0,4,1,1,1,1,0,1,2,0,0,0,0,0,0,0,0,0,0,0,0,0,2,0,0,0,0,0,0,16,9,3,4,3,4,0,0,0,0,0,0,0,0,0,1,0,0,0,0,1,0,0,0,0,15,6,3,2,2,5,1,0,0,0,0,3,0,0,0
53 - Χανίων,279 E.T. Δήμου Χανίων,533,348,3,3,6,342,115,29,27,19,53,59,9,145,58,50,16,63,9,19,10,6,5,1,2,1,20,11,1,2,4,6,0,12,3,5,5,5,0,1,4,0,0,0,1,0,0,0,2,0,0,0,1,0,0,0,0,0,0,0,0,3,3,0,1,0,1,1,0,0,0,0,0,0,1,0,3,1,2,0,1,1,0,1,0,0,16,5,0,4,5,3,2,0,1,0,0,7,2,3,2
53 - Χανίων,280 E.T. Δήμου Χανίων,526,338,4,3,7,331,115,24,21,16,43,44,8,128,54,43,10,73,8,20,6,4,1,0,3,2,17,13,1,7,2,2,1,14,4,2,1,3,1,1,4,2,2,0,0,0,0,0,6,4,0,0,1,2,1,0,0,1,0,0,0,6,3,0,2,1,1,0,0,0,0,0,0,0,0,0,3,0,0,1,1,0,0,0,0,0,20,5,2,6,6,5,3,0,1,0,1,8,2,1,2
53 - Χανίων,281 E.T. Δήμου Χανίων,543,329,4,2,6,323,130,35,28,17,51,47,12,111,48,34,7,59,5,22,5,0,2,2,4,2,19,12,1,7,4,0,0,10,2,4,4,1,0,2,2,0,0,0,0,0,0,0,2,0,0,1,1,0,3,1,1,1,1,1,0,7,5,0,2,2,3,1,0,0,1,0,0,0,0,0,1,1,0,1,0,2,1,1,0,1,19,7,2,2,3,9,2,1,1,1,1,9,4,5,1
53 - Χανίων,282 E.T. Δήμου Χανίων,553,366,5,2,7,359,125,29,22,11,64,55,6,141,72,45,12,78,6,23,6,0,0,0,0,0,22,9,1,3,4,4,0,8,2,2,3,2,1,1,6,0,0,0,0,0,0,0,2,0,0,0,0,0,0,0,0,0,0,0,0,12,5,1,3,2,7,1,0,0,0,0,0,0,0,0,5,0,0,0,0,3,0,0,0,0,16,8,0,3,2,5,5,0,0,0,0,7,0,0,0
53 - Χανίων,283 E.T. Δήμου Χανίων,528,336,5,2,7,329,121,37,27,18,47,52,13,105,46,28,13,60,4,19,10,6,1,0,4,1,14,3,0,6,2,4,2,15,4,8,2,1,1,1,3,1,0,0,1,2,1,1,5,2,2,1,0,1,1,1,0,0,0,0,1,8,4,1,5,1,4,3,1,1,0,0,0,1,0,0,3,3,2,0,1,2,0,0,0,1,27,8,4,4,3,5,7,0,3,2,1,4,3,4,0
53 - Χανίων,284 E.T. Δήμου Χανίων,553,326,8,7,15,311,98,20,13,11,43,47,10,141,64,38,13,77,8,28,8,2,3,0,4,3,14,4,1,3,2,2,0,11,3,8,2,0,1,1,3,1,1,0,0,0,0,0,4,3,1,0,2,0,1,1,0,0,0,0,0,9,3,2,1,2,2,0,0,0,0,0,0,0,0,0,2,0,1,1,0,0,0,0,0,0,15,5,1,3,2,3,1,1,1,0,0,4,1,1,0
53 - Χανίων,285 E.T. Δήμου Χανίων,534,359,3,6,9,350,131,34,21,18,64,57,17,121,54,40,7,68,13,19,7,4,3,2,0,2,24,15,2,5,8,2,1,17,5,8,3,2,0,2,6,1,1,1,1,1,1,1,6,0,2,0,2,3,1,0,0,0,0,0,0,6,4,1,2,0,3,0,0,0,0,0,0,0,0,0,1,0,1,0,0,1,0,1,0,0,19,9,2,6,1,5,4,2,0,0,3,5,2,1,2
53 - Χανίων,286 E.T. Δήμου Χανίων,533,355,5,4,9,346,120,23,17,19,45,42,16,116,52,29,11,64,7,20,3,0,0,0,0,0,24,7,4,10,7,2,2,20,4,9,3,1,1,2,5,0,0,0,0,0,3,0,4,0,0,0,0,0,1,0,0,0,0,0,0,10,4,2,2,3,2,2,0,0,0,0,0,0,0,0,1,0,0,0,0,0,0,0,0,0,18,2,1,3,2,6,1,0,0,0,0,18,0,0,0
53 - Χανίων,287 E.T. Δήμου Χανίων,525,324,7,2,9,315,107,25,23,13,52,46,5,123,57,38,13,69,11,21,7,2,3,2,4,0,20,10,2,6,5,3,2,11,3,1,4,0,1,2,4,3,0,1,1,0,0,0,1,0,0,0,0,1,3,2,0,2,0,1,1,10,3,0,2,1,3,1,0,0,0,0,0,0,0,0,0,0,0,0,0,1,1,0,0,1,17,6,0,2,2,3,1,0,0,0,0,9,3,3,2
53 - Χανίων,288 E.T. Δήμου Χανίων,531,337,0,2,2,335,143,30,22,21,66,61,14,109,45,32,7,48,6,30,5,1,0,2,0,0,11,8,0,5,2,2,1,19,1,4,4,5,2,5,4,0,0,0,0,0,0,0,5,0,1,0,1,2,0,0,0,0,0,0,0,9,1,1,1,1,6,1,1,1,0,0,0,0,0,0,1,0,1,1,0,1,0,0,0,0,16,5,0,4,3,5,7,1,1,0,1,4,3,3,0
53 - Χανίων,289 E.T. Δήμου Χανίων,530,323,6,1,7,316,130,25,17,18,52,40,10,111,54,35,10,50,16,19,6,4,0,1,2,2,17,9,3,5,4,0,0,11,2,1,2,5,1,3,3,1,1,0,0,1,0,0,1,0,1,0,0,1,0,0,0,0,0,0,0,11,5,1,1,1,3,2,1,1,1,0,0,0,0,0,1,0,0,1,0,0,0,0,0,0,11,5,1,1,3,1,5,1,0,2,0,7,2,2,2
53 - Χανίων,290 E.T. Δήμου Χανίων,533,351,4,4,8,343,124,37,21,15,52,49,11,113,58,33,3,70,3,21,7,4,3,0,3,0,19,11,3,4,5,4,1,16,2,4,7,6,1,4,8,4,2,0,1,1,0,0,4,3,0,0,2,1,0,0,0,0,0,0,0,10,1,1,2,1,2,1,0,0,0,0,0,0,1,1,1,1,0,1,0,0,0,0,0,0,20,5,3,2,2,6,6,3,2,2,0,13,9,6,5
53 - Χανίων,291 E.T. Δήμου Χανίων,526,322,11,5,16,306,123,23,22,19,55,39,12,100,40,38,6,55,9,22,7,3,2,1,2,0,22,10,2,9,3,2,2,15,4,5,6,3,4,2,3,1,0,1,0,0,0,0,5,2,0,1,2,3,0,0,0,0,0,0,0,11,3,2,6,0,7,0,0,0,0,0,0,0,0,0,1,0,1,0,1,1,0,0,0,0,11,3,0,4,2,5,0,0,0,0,0,7,1,4,4
53 - Χανίων,292 E.T. Δήμου Χανίων,552,348,10,6,16,332,135,28,31,17,67,60,16,116,62,31,5,73,6,16,5,0,0,0,0,0,25,10,4,5,6,6,3,14,3,3,5,4,0,2,2,0,0,0,0,0,0,0,3,0,0,0,0,0,1,0,0,0,0,0,0,2,2,0,0,0,1,0,0,0,0,0,0,0,0,0,1,0,0,0,0,0,0,0,0,0,17,6,1,3,6,6,5,0,0,0,0,6,0,0,0
53 - Χανίων,293 E.T. Δήμου Χανίων,530,334,0,6,6,328,153,34,28,21,67,71,11,83,39,27,10,46,4,16,4,0,0,0,0,0,16,12,1,2,5,4,1,21,6,10,2,1,5,3,9,0,0,0,0,0,0,0,1,0,0,0,0,0,3,0,0,0,0,0,0,2,1,0,2,1,0,5,0,0,0,0,0,0,0,0,2,0,0,0,0,0,0,0,0,0,14,5,0,7,3,2,5,0,0,0,0,10,0,0,0
53 - Χανίων,294 E.T. Δήμου Χανίων,526,350,10,2,12,338,130,26,22,13,63,64,11,121,66,36,13,71,6,16,3,0,0,0,0,0,18,7,2,4,6,2,1,12,5,4,1,1,3,0,1,0,0,0,0,0,1,0,4,0,0,0,0,0,1,0,0,0,0,0,0,10,3,2,3,1,3,1,0,0,0,0,0,0,0,0,2,0,0,0,0,3,0,0,0,0,14,6,0,3,3,7,5,0,0,0,0,12,0,0,0
53 - Χανίων,295 E.T. Δήμου Χανίων,540,333,3,2,5,328,123,25,35,20,50,57,11,129,57,48,11,65,13,21,3,0,0,0,0,0,13,8,3,2,5,1,0,12,1,5,1,6,2,0,2,0,0,0,0,0,1,0,0,0,0,0,0,0,0,0,0,0,0,0,0,11,6,2,3,1,7,1,0,0,0,0,0,0,0,0,1,0,0,0,0,4,0,0,0,0,16,6,3,2,3,4,2,0,0,0,0,10,0,0,0
53 - Χανίων,296 E.T. Δήμου Χανίων,527,326,9,4,13,313,127,31,22,21,57,52,11,93,35,30,11,55,8,13,4,0,0,0,0,0,17,11,2,3,2,0,0,20,4,4,4,3,7,2,3,0,0,0,0,0,0,0,3,0,0,0,0,0,0,0,0,0,0,0,0,7,3,0,2,1,3,1,0,0,0,0,0,0,0,0,2,0,0,0,0,2,0,0,0,0,25,10,2,2,4,5,4,0,0,0,0,5,0,0,0
53 - Χανίων,297 E.T. Δήμου Χανίων,532,332,4,3,7,325,130,21,24,23,61,63,13,123,58,39,12,81,5,22,4,0,0,0,0,0,13,5,0,5,5,2,1,12,2,4,6,2,4,1,4,0,0,0,0,0,0,0,5,0,0,0,0,0,0,0,0,0,0,0,0,9,6,2,4,0,1,3,0,0,0,0,0,0,0,0,0,0,0,0,0,0,0,0,0,0,12,4,1,7,0,5,1,0,0,0,0,9,0,0,0
53 - Χανίων,298 E.T. Δήμου Χανίων,529,323,10,4,14,309,114,21,13,18,54,57,18,106,50,28,7,61,5,18,7,3,3,1,4,1,15,6,3,1,10,5,1,22,5,9,9,3,2,1,5,1,1,0,1,0,0,0,2,0,0,0,0,0,1,1,0,0,0,0,1,9,4,3,3,1,2,1,0,1,0,0,0,0,0,0,4,1,3,1,1,0,0,0,0,0,17,8,5,3,6,1,3,2,1,1,0,3,1,1,1
53 - Χανίων,299 E.T. Δήμου Χανίων,526,348,4,0,4,344,132,37,30,21,56,54,18,116,55,36,9,61,9,16,6,3,2,1,1,1,21,15,2,5,7,4,2,18,5,5,12,3,4,4,4,3,1,1,1,0,0,0,4,3,2,1,0,1,0,0,0,0,0,0,0,10,3,3,3,3,5,0,0,0,0,0,0,0,0,0,0,0,0,0,0,0,0,0,0,0,26,8,1,4,4,10,0,0,0,0,0,7,4,1,4
53 - Χανίων,300 E.T. Δήμου Χανίων,529,311,4,4,8,303,125,14,22,35,51,52,11,108,44,28,6,64,6,17,8,0,0,0,0,0,13,6,2,5,0,2,0,11,2,2,4,1,3,1,1,0,0,0,0,0,0,0,1,0,0,0,0,0,1,0,0,0,0,0,0,6,2,1,3,0,3,3,0,0,0,0,0,0,0,0,2,0,0,0,0,1,0,0,0,0,16,11,1,2,3,6,2,0,0,0,0,5,0,0,0
53 - Χανίων,301 E.T. Δήμου Χανίων,529,330,2,6,8,322,120,26,20,14,58,41,12,100,37,28,5,49,8,27,10,2,4,3,1,1,15,4,1,6,9,2,0,14,3,4,3,1,3,2,7,3,1,1,0,1,0,0,4,2,0,0,1,3,4,3,0,1,2,0,0,10,3,2,2,2,3,6,1,1,3,0,2,0,0,0,5,2,0,1,0,0,0,0,0,0,19,6,0,5,3,11,3,0,1,1,0,5,3,3,2
53 - Χανίων,302 E.T. Δήμου Χανίων,527,344,5,5,10,334,119,26,29,23,49,54,16,119,49,37,16,67,7,22,6,0,0,0,0,0,14,8,1,5,2,1,1,18,7,5,6,1,3,3,5,0,0,0,0,0,0,0,5,0,0,0,0,0,0,0,0,0,0,0,0,11,5,1,1,2,5,1,0,0,0,0,0,0,0,0,2,0,0,0,0,0,0,0,0,0,25,6,3,3,1,9,5,0,0,0,0,4,0,0,0
53 - Χανίων,303 E.T. Δήμου Χανίων,529,334,2,3,5,329,123,28,22,15,48,38,15,121,53,42,9,64,16,19,3,1,1,0,0,1,10,7,2,3,2,2,0,15,1,5,5,3,1,3,2,0,0,0,0,0,0,0,4,1,1,1,2,0,1,0,0,1,0,0,1,17,4,0,5,2,7,3,0,0,0,1,2,0,0,0,0,0,0,0,0,0,0,0,0,0,20,10,1,2,2,5,2,0,0,0,0,8,3,3,1
53 - Χανίων,304 E.T. Δήμου Χανίων,547,325,0,0,0,325,137,19,30,15,57,67,17,105,43,23,11,63,9,20,6,2,2,0,1,0,16,10,1,5,8,1,1,7,0,2,0,0,0,1,2,1,0,0,0,0,0,0,2,1,1,0,0,0,1,1,0,0,0,0,0,15,8,2,4,0,3,2,0,0,0,0,0,0,0,0,2,0,1,1,0,3,1,3,1,0,14,7,0,5,1,2,4,0,0,0,3,9,4,2,1
53 - Χανίων,305 E.T. Δήμου Χανίων,525,331,6,1,7,324,144,29,32,30,63,67,25,104,36,39,13,60,3,30,3,1,1,0,0,0,14,8,0,5,3,1,0,16,2,6,2,1,5,0,4,0,1,1,0,0,0,0,2,0,0,0,1,1,2,0,0,0,1,1,0,7,2,0,3,0,2,2,1,1,0,0,0,0,0,0,1,0,0,0,0,1,1,0,0,1,19,5,0,6,3,7,2,1,0,0,1,3,0,2,1
53 - Χανίων,306 E.T. Δήμου Χανίων,546,363,2,4,6,357,133,19,21,22,58,61,11,125,52,31,11,87,10,20,8,0,0,0,0,0,22,12,4,3,12,5,0,15,2,6,6,2,2,3,4,0,0,0,0,0,0,0,2,0,0,0,0,0,2,0,0,0,0,0,0,5,2,2,0,0,1,4,0,0,0,0,0,0,0,0,5,0,0,0,0,4,0,0,0,0,21,3,1,2,3,4,2,0,0,0,0,5,0,0,0
53 - Χανίων,307 E.T. Δήμου Χανίων,528,319,2,4,6,313,134,33,25,13,44,64,21,84,29,22,10,43,9,18,7,5,1,1,3,2,16,5,3,1,4,4,0,15,4,7,5,0,2,0,2,1,0,0,0,0,0,0,1,0,0,0,0,0,0,0,0,0,0,0,0,10,3,2,1,3,1,0,0,0,0,0,0,0,1,0,4,4,1,2,1,1,1,0,0,1,30,11,1,15,6,12,0,0,0,0,0,8,5,5,2
53 - Χανίων,308 E.T. Δήμου Χανίων,550,339,6,5,11,328,127,23,28,19,55,54,14,107,45,39,9,67,3,12,4,0,0,0,0,0,12,4,1,5,5,1,1,17,2,6,5,6,0,6,4,0,0,0,0,0,0,0,1,0,0,0,0,0,0,0,0,0,0,0,0,8,1,1,3,0,1,1,0,0,0,0,0,0,0,0,1,0,0,0,0,0,0,0,0,0,29,14,4,6,8,5,1,0,0,0,0,16,0,0,0
53 - Χανίων,309 E.T. Δήμου Χανίων,562,380,4,1,5,375,132,28,20,18,57,74,12,123,49,43,15,72,5,28,13,5,4,0,4,3,21,9,2,4,4,2,1,27,8,6,9,4,1,11,5,1,0,1,1,2,0,0,0,0,0,0,0,0,1,0,0,1,1,0,0,8,3,0,3,1,3,0,0,0,0,0,0,0,1,1,4,1,1,0,0,4,2,0,1,1,24,9,0,7,2,4,1,0,0,0,0,11,8,6,5
53 - Χανίων,310 E.T. Δήμου Χανίων,567,362,5,5,10,352,136,31,28,22,57,53,13,113,53,37,10,70,8,18,5,1,0,2,2,1,18,8,1,7,4,2,2,23,8,7,8,6,4,1,7,1,2,1,2,1,0,0,1,0,0,0,0,0,1,0,0,0,0,0,0,12,2,1,3,1,7,1,0,0,0,0,0,0,0,0,3,2,1,0,0,0,0,0,0,0,21,6,4,9,4,7,4,0,1,1,1,7,0,4,2
53 - Χανίων,311 E.T. Δήμου Χανίων,546,339,4,1,5,334,145,31,37,17,62,58,16,108,43,24,17,59,4,27,7,4,2,1,1,1,10,6,1,1,4,3,0,25,6,9,4,1,4,3,0,0,0,0,0,0,0,0,4,2,3,0,0,3,1,1,0,0,0,0,0,7,3,0,2,0,1,4,0,0,0,0,0,0,0,0,1,0,0,0,0,0,0,0,0,0,13,9,1,3,5,3,2,0,1,0,1,7,5,3,2
53 - Χανίων,312 E.T. Δήμου Χανίων,569,331,2,2,4,327,118,33,15,15,40,38,16,109,49,31,13,57,3,19,6,1,3,1,1,1,23,11,2,6,10,6,2,18,4,5,2,7,2,5,6,2,0,1,2,0,0,0,2,0,1,0,0,1,0,0,0,0,0,0,0,10,4,3,4,1,6,0,0,0,0,0,0,0,0,0,1,1,1,0,0,1,0,0,0,0,19,11,0,5,2,2,1,0,0,0,0,13,9,4,7
53 - Χανίων,313 E.T. Δήμου Χανίων,558,390,4,6,10,380,133,25,24,26,50,54,9,114,42,33,12,82,7,14,8,5,3,1,1,0,25,12,2,10,10,1,1,26,5,6,8,2,7,6,3,2,1,0,1,1,0,0,0,0,0,0,0,0,7,1,3,5,0,1,4,4,2,0,2,1,1,1,1,0,0,0,0,0,0,0,5,2,1,0,1,0,0,0,0,0,36,17,3,9,9,8,6,4,1,3,0,12,4,4,6
53 - Χανίων,314 E.T. Δήμου Χανίων,565,352,5,3,8,344,146,29,24,21,63,59,12,107,38,17,18,73,6,14,10,0,0,0,0,0,16,11,3,5,6,1,0,15,6,3,2,1,3,1,4,0,0,0,0,0,0,0,4,0,0,0,0,0,3,0,0,0,0,0,0,11,3,1,5,0,6,0,0,0,0,0,0,0,0,0,2,0,0,0,0,1,0,0,0,0,10,2,0,2,0,1,3,0,0,0,0,12,0,0,0
53 - Χανίων,315 E.T. Δήμου Χανίων,550,316,10,4,14,302,123,20,21,16,56,41,10,81,27,24,9,46,8,8,11,5,4,0,2,2,17,10,3,2,8,3,0,11,3,3,4,3,1,2,2,0,0,0,0,0,0,0,1,1,0,0,1,0,6,5,0,0,1,0,1,16,3,1,2,3,9,0,0,0,0,0,0,0,1,0,1,0,0,0,0,1,0,0,0,0,16,6,0,3,0,2,4,2,1,0,2,11,2,7,0
53 - Χανίων,316 E.T. Δήμου Χανίων,567,348,0,5,5,343,131,23,22,13,69,55,17,120,53,31,17,69,5,23,13,0,0,0,0,0,15,0,0,0,0,0,0,18,3,9,8,1,4,2,5,0,0,0,0,0,0,0,0,0,0,0,0,0,3,0,0,0,0,0,0,8,6,0,0,1,3,0,0,0,0,0,0,0,0,0,1,0,0,0,0,0,0,0,0,0,23,12,3,2,5,3,2,0,0,0,0,4,0,0,0
53 - Χανίων,317 E.T. Δήμου Χανίων,564,342,2,3,5,337,130,21,20,15,66,50,15,101,45,25,18,59,7,17,8,3,1,2,2,0,16,10,0,8,0,6,1,17,0,4,4,1,2,0,5,3,1,0,2,0,0,0,3,2,1,0,1,2,1,0,0,0,1,0,0,19,9,2,8,5,3,2,1,1,1,1,0,0,0,0,2,2,2,0,0,0,0,0,0,0,25,8,2,6,8,4,2,1,0,1,2,6,1,3,0
53 - Χανίων,318 E.T. Δήμου Χανίων,564,348,2,2,4,344,147,27,35,15,67,55,12,101,47,29,17,51,7,17,7,0,0,0,0,0,29,14,6,10,9,3,2,18,2,5,6,5,0,1,6,0,0,0,0,0,0,0,0,0,0,0,0,0,0,0,0,0,0,0,0,10,3,0,4,0,3,0,0,0,0,0,0,0,0,0,1,0,0,0,0,4,0,0,0,0,14,4,2,1,6,0,0,0,0,0,0,7,0,0,0
53 - Χανίων,319 E.T. Δήμου Χανίων,567,362,8,3,11,351,158,35,19,25,66,57,17,105,56,25,7,60,5,16,5,1,1,1,2,1,18,9,2,3,2,1,0,15,3,4,5,1,0,2,5,2,0,0,0,0,0,0,2,0,0,0,0,0,1,0,0,1,0,1,0,8,2,0,4,1,1,2,0,1,1,1,0,1,0,0,3,0,0,0,0,1,1,0,0,1,14,5,1,2,1,4,3,1,0,0,1,11,3,5,3
53 - Χανίων,320 E.T. Δήμου Χανίων,531,241,3,0,3,238,84,18,15,9,28,41,4,87,36,19,13,52,1,9,8,0,0,0,0,0,11,6,1,5,5,0,0,10,2,7,4,1,0,3,5,0,0,0,0,0,0,0,1,0,0,0,0,0,0,0,0,0,0,0,0,8,3,3,1,1,1,3,0,0,0,0,0,0,0,0,4,0,0,0,0,1,0,0,0,0,9,4,0,3,1,2,1,0,0,0,0,6,0,0,0
53 - Χανίων,321 E.T. Δήμου Χανίων,542,234,3,4,7,227,84,15,21,8,39,35,13,80,32,22,11,43,6,11,2,0,1,1,0,0,14,8,0,3,9,1,1,9,0,5,7,0,1,3,5,5,0,0,0,0,0,0,0,0,0,0,0,0,2,0,0,2,0,0,2,10,3,1,3,2,7,2,0,0,0,1,0,0,0,0,4,0,1,0,1,0,0,0,0,0,11,5,1,3,3,3,0,0,0,0,0,4,2,0,2
53 - Χανίων,322 E.T. Δήμου Χανίων,525,227,2,1,3,224,103,26,17,19,35,46,10,78,25,18,21,41,6,8,4,0,0,0,0,0,6,1,0,3,2,1,0,9,3,2,2,2,4,0,2,0,0,0,0,0,0,0,0,0,0,0,0,0,0,0,0,0,0,0,0,4,2,0,2,0,1,0,0,0,0,0,0,0,0,0,0,0,0,0,0,1,0,0,0,0,9,5,0,2,2,2,1,0,0,0,0,7,0,0,0
53 - Χανίων,323 E.T. Δήμου Χανίων,540,206,2,0,2,204,79,19,18,10,41,37,7,63,31,20,8,37,0,10,9,3,5,2,0,2,8,2,0,3,6,1,0,12,1,3,2,2,4,1,2,1,1,0,0,0,0,0,2,0,0,0,0,0,0,0,0,0,0,0,0,6,0,2,0,2,2,1,0,1,1,0,0,0,0,0,1,0,0,0,0,1,0,1,0,0,15,5,1,5,0,7,2,0,0,0,0,3,0,2,0
53 - Χανίων,324 E.T. Δήμου Χανίων,554,286,8,2,10,276,114,25,19,20,45,46,11,84,41,27,9,50,6,12,9,0,0,0,0,0,16,3,3,5,6,3,1,10,2,4,2,0,2,1,2,0,0,0,0,0,0,0,3,0,0,0,0,0,2,0,0,0,0,0,0,6,1,0,1,0,1,0,0,0,0,0,0,0,0,0,2,0,0,0,0,0,0,0,0,0,16,9,4,3,3,3,3,0,0,0,0,9,0,0,0
53 - Χανίων,325 E.T. Δήμου Χανίων,560,232,14,4,18,214,72,15,14,10,39,27,7,72,26,24,6,50,8,7,8,2,4,0,4,1,13,12,3,1,5,0,0,13,0,5,6,0,2,0,4,2,1,1,0,0,0,0,2,0,0,1,0,0,0,0,0,0,0,0,0,7,1,3,0,0,2,5,4,1,1,0,0,2,1,1,2,0,2,0,1,0,0,0,0,0,5,1,0,0,1,2,3,1,2,1,1,7,2,3,0
53 - Χανίων,326 E.T. Δήμου Χανίων,544,221,2,1,3,218,84,14,10,18,25,31,5,79,34,25,5,46,4,14,3,0,1,0,1,0,14,7,1,4,4,2,1,5,0,2,2,1,1,1,2,0,0,0,0,0,1,0,1,0,0,0,0,0,0,0,0,0,0,0,0,4,1,0,1,1,2,4,1,1,0,0,0,1,0,0,2,1,1,0,0,2,1,2,0,0,12,3,1,1,1,4,0,0,0,0,0,5,1,2,0
53 - Χανίων,327 E.T. Δήμου Χανίων,541,234,2,1,3,231,84,28,6,13,47,35,8,77,32,30,15,40,6,8,3,2,0,1,2,1,14,6,3,4,9,1,1,17,3,4,5,2,5,3,3,2,2,0,0,0,0,0,2,2,0,1,1,0,0,0,0,0,0,0,0,5,1,0,1,1,4,2,1,1,0,1,0,0,0,0,0,0,0,0,0,1,0,0,0,0,12,5,4,0,0,3,1,0,0,0,0,10,5,6,2
53 - Χανίων,328 E.T. Δήμου Χανίων,566,234,2,4,6,228,82,21,18,15,32,40,6,79,39,14,3,53,4,12,5,2,2,1,0,1,9,5,1,6,2,1,0,17,1,7,0,1,2,2,4,3,2,1,0,0,0,0,3,2,0,0,0,1,0,0,0,0,0,0,0,6,1,1,2,2,2,7,1,3,0,0,0,3,0,0,0,0,0,0,0,0,0,0,0,0,13,5,0,5,1,6,1,1,0,1,0,2,0,1,0
53 - Χανίων,329 E.T. Δήμου Χανίων,565,241,2,0,2,239,73,11,12,8,38,32,5,103,39,41,10,58,7,21,6,4,3,0,1,2,13,10,2,5,4,4,0,13,1,3,5,6,1,1,2,2,0,0,0,2,0,0,1,1,0,0,1,0,0,0,0,0,0,0,0,4,3,0,2,0,2,1,0,0,0,0,0,0,0,0,1,1,0,1,0,0,0,0,0,0,9,3,1,2,1,2,4,3,1,2,0,9,6,3,4
53 - Χανίων,330 E.T. Δήμου Χανίων,554,243,1,1,2,241,86,21,9,16,40,28,7,84,38,19,7,49,6,15,2,1,1,1,0,1,20,10,2,2,6,3,1,15,2,4,5,2,4,0,3,0,0,0,0,0,0,0,1,1,0,0,0,0,0,0,0,0,0,0,0,8,2,1,4,1,3,0,0,0,0,0,0,0,0,0,0,0,0,0,0,0,0,0,0,0,17,8,1,3,4,2,0,0,0,0,0,5,1,3,3
53 - Χανίων,331 E.T. Δήμου Χανίων,558,330,7,3,10,320,124,30,28,22,51,40,10,113,57,33,9,66,6,26,7,4,4,1,1,1,19,7,2,8,3,2,2,11,0,3,0,2,0,1,1,0,0,0,0,0,0,0,1,0,0,0,0,0,2,2,0,0,0,1,1,10,5,4,1,4,2,2,0,0,0,1,0,0,0,0,1,1,0,0,0,0,0,0,0,0,21,9,0,3,3,2,1,0,0,0,0,7,2,4,1
53 - Χανίων,332 E.T. Δήμου Χανίων,557,293,4,2,6,287,107,19,19,19,48,38,11,104,34,43,11,52,2,24,6,2,1,3,2,0,14,6,1,2,1,4,3,12,4,8,2,1,3,2,5,2,0,0,2,1,0,0,3,0,0,0,0,0,4,4,0,0,0,1,1,11,4,1,3,1,3,0,0,0,0,0,0,0,0,0,2,0,1,1,0,2,0,1,0,1,6,3,0,3,0,3,4,1,2,2,1,7,3,1,3
53 - Χανίων,333 E.T. Δήμου Χανίων,560,299,7,3,10,289,96,17,20,18,50,41,15,102,35,33,13,50,10,25,8,3,5,3,3,0,9,6,3,2,4,1,0,16,1,6,3,2,4,0,3,2,0,1,0,0,0,0,0,0,0,0,0,0,1,1,0,0,0,0,0,11,5,1,4,0,3,5,0,2,1,0,1,0,0,0,1,0,0,0,0,1,0,1,0,0,20,9,3,6,1,7,3,2,1,2,0,13,7,5,3
53 - Χανίων,334 E.T. Δήμου Χανίων,567,323,3,2,5,318,120,22,15,26,46,44,10,116,43,50,7,61,7,23,6,3,3,3,2,0,14,4,1,2,5,2,0,25,3,13,7,1,4,0,3,0,0,0,0,0,0,0,1,0,0,0,0,0,1,0,0,0,0,0,0,5,2,1,2,1,2,0,0,0,0,0,0,0,1,0,1,0,0,0,0,2,0,0,0,0,16,6,2,4,2,3,1,0,0,0,0,6,0,0,0
53 - Χανίων,335 E.T. Δήμου Χανίων,564,302,6,4,10,292,127,28,19,20,59,68,18,93,33,25,11,51,7,19,6,3,3,1,1,0,12,5,0,5,2,2,0,9,3,5,0,1,2,3,3,2,0,2,0,0,0,0,1,0,0,0,1,0,0,0,0,0,0,0,0,8,1,0,2,0,4,0,0,0,0,0,0,0,0,0,4,1,3,1,1,0,0,0,0,0,16,6,1,4,4,5,6,3,2,1,3,7,4,4,2
53 - Χανίων,336 E.T. Δήμου Χανίων,560,325,3,2,5,320,119,26,22,26,49,41,12,122,53,29,6,81,8,15,6,0,0,0,0,0,13,8,0,3,3,1,5,20,5,7,9,3,4,0,1,0,0,0,0,0,0,0,1,0,0,0,0,0,1,0,0,0,0,0,0,7,3,1,3,1,1,1,0,0,0,0,0,0,0,0,0,0,0,0,0,1,0,0,0,0,19,5,0,8,0,7,4,0,0,0,0,5,0,0,0
53 - Χανίων,337 E.T. Δήμου Χανίων,566,298,4,1,5,293,120,24,13,16,52,49,11,86,41,23,4,58,3,16,3,2,1,0,2,0,18,3,2,7,6,2,2,14,1,5,2,2,8,4,7,4,2,0,0,2,0,0,2,0,0,0,0,0,1,0,0,1,0,0,1,5,0,0,1,2,1,3,1,1,1,0,1,0,1,0,3,1,0,3,0,4,1,1,1,1,16,10,2,2,3,3,4,1,3,2,0,6,3,2,2
53 - Χανίων,338 E.T. Δήμου Χανίων,563,320,2,1,3,317,109,35,16,21,44,43,8,129,57,32,17,72,4,26,6,0,0,0,0,0,16,9,3,5,8,1,0,9,1,4,4,1,3,1,4,0,0,0,0,0,1,0,1,0,0,0,0,0,2,0,0,0,0,0,0,6,1,1,2,1,1,1,0,0,0,0,0,0,1,0,1,0,0,0,0,0,0,0,0,0,14,5,0,5,3,4,2,0,0,0,0,15,0,0,0
53 - Χανίων,Ετερ. Χανίων (από 34ο Ε.Τ. Νομ. Θεσσαλονίκης),76,46,0,0,0,46,12,1,0,0,9,6,1,21,14,7,1,16,0,2,2,0,0,0,0,0,2,2,1,1,0,0,0,2,0,0,0,0,0,0,0,0,0,0,0,0,0,0,0,0,0,0,0,0,0,0,0,0,0,0,0,0,0,0,0,0,0,0,0,0,0,0,0,0,0,0,0,0,0,0,0,0,0,0,0,0,6,2,0,2,4,0,0,0,0,0,0,1,0,0,0
53 - Χανίων,Ετερ. Χανίων (από Εφετείο Θεσσαλονίκης),62,36,0,0,0,36,9,1,0,0,5,4,2,14,2,4,0,11,1,0,0,0,0,0,0,0,4,0,0,2,0,1,0,2,1,0,1,1,0,0,1,0,0,0,0,0,0,0,0,0,0,0,0,0,0,0,0,0,0,0,0,0,0,0,0,0,0,0,0,0,0,0,0,0,0,0,1,0,0,0,0,0,0,0,0,0,5,2,1,0,1,0,0,0,0,0,0,0,0,0,0
53 - Χανίων,Ετερ. Χανίων (από 145ο Ε.Τ. Νομ. Αττικής-Αθηνών),566,365,4,3,7,358,105,28,18,12,54,46,11,174,72,31,14,126,18,16,4,0,0,0,0,0,20,6,2,6,1,4,3,23,5,4,5,2,5,0,2,0,0,0,0,0,0,0,1,0,0,0,0,0,0,0,0,0,0,0,0,7,2,3,2,1,2,0,0,0,0,0,0,0,0,0,1,0,0,0,0,1,0,0,0,0,14,4,3,3,6,4,1,0,0,0,0,5,0,0,0
53 - Χανίων,Ετερ. Χανίων (από 146ο Ε.Τ. Νομ. Αττικής-Αθηνών),579,335,2,1,3,332,110,20,10,8,59,52,14,146,60,36,16,104,19,18,2,0,0,0,0,0,21,18,7,7,1,1,4,21,5,6,3,5,5,2,2,0,0,0,0,0,1,0,1,0,0,0,0,0,0,0,0,0,0,0,0,1,1,0,1,0,0,0,0,0,0,0,0,0,0,0,4,0,0,0,0,1,0,0,0,0,14,7,1,3,3,0,3,0,0,0,0,5,0,0,0
53 - Χανίων,Ετερ. Χανίων (από 147ο Ε.Τ. Νομ. Αττικής-Αθηνών),553,350,1,3,4,346,96,19,18,8,53,43,14,157,55,28,16,106,20,27,7,0,0,0,0,0,25,20,4,7,6,2,3,25,2,10,7,3,8,2,5,0,0,0,0,0,0,0,2,0,0,0,0,0,0,0,0,0,0,0,0,9,1,2,9,1,3,0,0,0,0,0,0,0,0,0,1,0,0,0,0,1,0,0,0,0,16,6,3,4,6,1,0,0,0,0,0,2,0,0,0
53 - Χανίων,Ετερ. Χανίων (από 28ο Ε.Τ. Νομ. Αττικής-Πειραιώς),202,138,0,1,1,137,45,12,7,3,25,19,8,54,25,12,4,49,1,5,0,0,0,0,0,0,21,13,3,8,3,3,1,3,1,1,0,2,0,0,1,0,0,0,0,0,0,0,1,0,0,0,0,0,0,0,0,0,0,0,0,4,2,1,1,0,2,0,0,0,0,0,0,0,0,0,2,0,0,0,0,1,0,0,0,0,3,0,0,0,1,1,1,0,0,0,0,1,0,0,0
53 - Χανίων,ΕΙΔΙΚΟ ΕΚΛΟΓΙΚΟ ΤΜΗΜΑ ΑΓΡΟΤΙΚΟΥ ΚΑΤΑΣΤΗΜΑΤΟΣ ΚΡΑΤΗΣΗΣ ΑΓΙΑΣ,53,42,0,0,0,42,15,4,1,1,8,3,1,17,4,6,4,8,0,3,1,0,0,0,0,0,5,4,0,0,1,1,1,0,0,0,0,0,0,0,0,0,0,0,0,0,0,0,0,0,0,0,0,0,0,0,0,0,0,0,0,3,1,0,0,0,1,0,0,0,0,0,0,0,0,0,0,0,0,0,0,0,0,0,0,0,1,1,0,0,0,1,0,0,0,0,0,0,0,0,0
53 - Χανίων,ΕΙΔΙΚΟ ΕΚΛΟΓΙΚΟ ΤΜΗΜΑ ΚΑΤΑΣΤΗΜΑΤΟΣ ΚΡΑΤΗΣΗΣ ΧΑΝΙΩΝ,105,93,3,1,4,89,51,12,7,3,29,16,7,26,9,7,3,15,2,1,5,0,0,0,0,0,1,0,0,0,0,0,0,0,0,0,0,0,0,0,0,0,0,0,0,0,0,0,0,0,0,0,0,0,0,0,0,0,0,0,0,1,0,0,0,1,1,0,0,0,0,0,0,0,0,0,1,0,0,0,0,0,0,0,0,0,1,0,1,0,1,0,0,0,0,0,0,3,0,0,0
Σύνολο,,143410,86553,1153,686,1839,84714,31644,6248,4832,3795,15309,11649,5146,28842,12818,7029,3772,16355,1601,5085,2075,347,283,117,212,100,5543,2794,637,1314,1544,980,266,4251,997,1369,1320,536,771,524,932,171,67,29,49,48,25,3,436,64,40,16,40,56,379,66,30,34,26,18,38,2643,815,300,720,327,1065,383,26,54,33,25,18,37,36,5,520,71,65,41,26,264,26,29,16,23,4110,1533,354,935,816,983,583,64,67,56,58,2048,316,311,194
