ΠΕΡΙΦΕΡΕΙΑ,ΕΚΛΟΓΙΚΟ ΤΜΗΜΑ,ΕΓΓΕΓΡΑΜΜΕΝΟΙ,ΨΗΦΙΣΑΝΤΕΣ,ΑΚΥΡΑ,ΛΕΥΚΑ,ΑΚΥΡΑ & ΛΕΥΚΑ,ΕΓΚΥΡΑ,ΣΥΡΙΖΑ,ΚΑΡΥΔΑΚΗ-ΓΡΙΜΑΝΗ ΚΙΚΗ του Θεοδώρου,ΚΟΝΤΟΝΗΣ ΧΑΡΑΛΑΜΠΟΣ-ΣΤΑΥΡΟΣ του Νικολάου,ΜΑΡΚΟΥΤΣΑΣ ΧΑΡΙΛΑΟΣ (ΧΑΡΗΣ) του Διονυσίου,Νέα Δημοκρατία,ΑΚΤΥΠΗΣ ΔΙΟΝΥΣΙΟΣ του Δημητρίου,ΚΑΛΟΦΩΝΟΣ ΑΝΑΣΤΑΣΙΟΣ του Παναγιώτη,ΤΕΤΡΑΔΗ ΧΡΙΣΤΙΝΑ του Σπυρίδωνος,Λαϊκός Σύνδεσμος - Χρυσή Αυγή,ΚΟΡΦΙΑΤΗΣ ΦΙΛΙΠΠΟΣ- ΔΙΟΝΥΣΙΟΣ του Ιωάννη,Κίνημα Αλλαγής,ΚΑΡΤΣΑΚΑΣ ΑΠΟΣΤΟΛΟΣ του Σωτηρίου,ΛΑΖΕΝΗ ΒΑΡΒΑΡΑ-ΒΕΡΑ του Βασιλείου,ΜΠΟΤΩΝΗΣ ΔΙΟΝΥΣΙΟΣ του Αθανασίου,Κ.Κ.Ε.,ΒΡΥΩΝΗΣ ΑΝΤΩΝΙΟΣ του Διονυσίου,ΚΑΛΟΓΕΡΙΑ ΜΑΡΙΑ του Σπυρίδωνος,ΚΩΝΣΤΑΝΤΙΝΟΥ ΓΕΩΡΓΙΟΣ του Ευαγγέλου,Ένωση Κεντρώων,ΜΠΑΚΑΣ ΑΘΑΝΑΣΙΟΣ του Φωτίου,ΠΑΠΑΓΙΑΝΝΟΥ - ΠΑΝΑΓΙΩΤΟΥ ΛΕΜΟΝΙΑ του Στέργιου,Ο.Κ.Δ.Ε.,ΚΟΤΟΥΔΗ ΚΥΡΙΑΚΗ του Γεωργίου,ΑΝΤ.ΑΡ.ΣΥ.Α.,ΚΛΑΔΗΣ ΔΙΟΝΥΣΙΟΣ του Παναγιώτη,ΛΑΧΑΝΙΩΤΗ ΑΝΤΩΝΙΑ (ΤΟΝΙΑ) του Δημητρίου,Ελλήνων Συνέλευσις,ΠΑΡΑΣΧΗΣ ΝΙΚΟΛΑΟΣ του Γερασίμου,Ελληνική Λύση - Κ. Βελόπουλος,ΜΗΛΕΣΗ- ΚΑΚΟΥΛΗ ΑΘΗΝΑ του Αντωνίου,ΤΣΙΡΟΠΟΥΛΟΣ ΚΩΝΣΤΑΝΤΙΝΟΣ- ΔΙΟΝΥΣΙΟΣ του Φωτίου,Κ.Κ.Ε. (μ-λ),ΡΟΥΚΑΝΑ ΑΝΑΣΤΑΣΙΑ του Ιωάννη,Μ-Λ Κ.Κ.Ε.,ΤΣΟΥΚΑΛΑΣ ΧΡΗΣΤΟΣ του Ιωάννη,Ε.ΠΑ.Μ - Α.Κ.Κ.ΕΛ,ΜΑΡΟΥΔΑΣ ΠΑΝΑΓΙΩΤΗΣ- ΣΙΓΟΥΡΟΣ του Παύλου,Λαϊκή Ενότητα,ΠΕΤΤΑΣ ΔΗΜΗΤΡΙΟΣ του Δημητρίου,ΜέΡΑ25,ΚΑΡΔΑΡΗΣ ΔΙΟΝΥΣΙΟΣ του Γεωργίου,Δημιουργία ξανά - Θ. Τζήμερος,ΠΑΠΑΔΑΤΟΣ ΗΛΙΑΣ του Αντωνίου,Πλεύση Ελευθερίας - Ζωή Κωνστ.,ΝΤΟΖΗΣ ΙΩΑΝΝΗΣ του Διονυσίου
29 - Ζακύνθου,1 E.T. Δήμου Ζακύνθου,314,152,0,0,0,152,53,2,33,6,49,23,9,15,2,0,8,1,1,6,31,8,4,3,0,0,0,0,0,0,0,0,0,0,3,0,0,1,1,0,0,1,0,2,0,1,0,0,0,1,1
29 - Ζακύνθου,2 E.T. Δήμου Ζακύνθου,400,233,1,1,2,231,65,4,35,8,77,40,23,11,10,6,10,3,1,2,52,20,5,10,0,0,0,0,0,0,0,0,0,0,3,0,3,4,0,0,0,0,0,3,3,5,0,1,0,1,0
29 - Ζακύνθου,3 E.T. Δήμου Ζακύνθου,338,177,5,3,8,169,38,2,22,1,60,28,5,18,23,5,19,3,1,11,8,1,1,1,1,1,0,0,0,1,1,0,1,0,6,1,1,1,0,0,0,5,0,0,0,4,2,2,0,0,0
29 - Ζακύνθου,4 E.T. Δήμου Ζακύνθου,322,171,2,0,2,169,51,6,30,2,61,32,7,17,3,1,7,1,0,4,19,10,0,2,3,0,1,1,0,0,0,0,12,10,1,0,1,0,0,0,0,4,0,1,0,3,2,0,0,3,0
29 - Ζακύνθου,5 E.T. Δήμου Ζακύνθου,424,253,4,1,5,248,59,4,33,6,121,72,7,39,13,7,11,2,2,3,30,16,4,2,1,0,0,0,0,0,0,0,2,1,0,0,0,0,0,0,0,2,0,1,0,4,3,0,0,4,3
29 - Ζακύνθου,6 E.T. Δήμου Ζακύνθου,288,187,2,1,3,184,59,5,30,10,92,68,4,17,1,1,7,1,2,2,14,5,2,5,0,0,0,0,0,0,0,0,0,0,2,1,1,0,0,0,0,0,0,0,0,7,1,0,0,2,0
29 - Ζακύνθου,7 E.T. Δήμου Ζακύνθου,461,209,1,1,2,207,57,5,34,1,99,56,15,25,1,1,19,4,3,4,10,1,4,0,1,1,0,0,0,0,0,0,0,0,3,1,0,0,0,0,0,0,0,2,1,12,0,2,1,1,0
29 - Ζακύνθου,8 E.T. Δήμου Ζακύνθου,422,203,2,0,2,201,64,6,33,5,78,39,11,26,9,4,13,0,2,5,5,0,1,2,1,1,0,0,0,1,0,0,0,0,11,4,2,0,0,0,0,1,0,2,1,9,5,1,0,6,1
29 - Ζακύνθου,9 E.T. Δήμου Ζακύνθου,421,185,0,1,1,184,68,7,34,8,56,24,10,19,4,2,21,3,4,5,11,5,0,3,3,0,0,4,1,0,0,0,1,1,7,3,3,0,0,0,0,0,0,1,1,5,5,2,1,1,1
29 - Ζακύνθου,10 E.T. Δήμου Ζακύνθου,437,191,1,1,2,189,50,2,34,6,86,53,6,24,6,0,16,4,2,6,12,6,1,4,0,0,0,1,0,1,0,0,0,0,9,3,3,0,0,0,0,1,1,0,0,7,3,0,0,0,0
29 - Ζακύνθου,11 E.T. Δήμου Ζακύνθου,373,222,1,1,2,220,76,4,34,16,68,31,9,25,4,4,4,4,0,0,41,20,7,3,1,1,0,0,0,0,0,0,18,14,3,1,1,0,0,1,0,0,0,0,0,1,1,1,1,2,0
29 - Ζακύνθου,12 E.T. Δήμου Ζακύνθου,407,267,4,3,7,260,90,13,46,5,92,45,8,32,8,2,16,5,3,4,31,15,3,2,4,2,0,0,0,1,0,0,0,0,4,2,1,1,0,1,0,2,1,0,0,6,0,2,0,2,0
29 - Ζακύνθου,13 E.T. Δήμου Ζακύνθου,305,128,1,2,3,125,23,3,5,6,69,28,13,22,8,4,8,3,0,2,7,2,1,0,0,0,0,1,1,1,0,0,0,0,3,0,1,0,0,0,0,0,0,0,0,5,2,0,0,0,0
29 - Ζακύνθου,14 E.T. Δήμου Ζακύνθου,279,105,0,0,0,105,30,2,17,2,47,26,4,14,0,0,16,6,2,5,3,0,1,2,0,0,0,0,0,0,0,0,0,0,0,0,0,2,1,1,1,0,0,0,0,4,4,0,0,2,0
29 - Ζακύνθου,15 E.T. Δήμου Ζακύνθου,330,168,5,3,8,160,67,3,48,13,35,28,2,4,2,1,13,4,2,5,23,12,1,1,0,0,0,0,0,0,0,0,1,0,5,1,0,1,0,0,0,0,0,0,0,10,5,2,1,1,1
29 - Ζακύνθου,16 E.T. Δήμου Ζακύνθου,385,206,1,0,1,205,68,7,42,2,94,60,8,23,2,1,7,0,5,0,13,5,2,0,1,0,0,0,0,0,0,0,0,0,9,5,2,3,1,0,0,1,1,0,0,6,5,0,0,1,0
29 - Ζακύνθου,17 E.T. Δήμου Ζακύνθου,414,233,2,0,2,231,61,5,39,5,71,34,12,21,4,2,14,3,1,3,67,58,0,3,1,0,0,0,0,0,0,0,3,0,1,1,0,1,0,0,0,5,1,0,0,3,2,0,0,0,0
29 - Ζακύνθου,18 E.T. Δήμου Ζακύνθου,494,280,2,1,3,277,84,10,48,6,115,69,9,32,6,1,6,0,0,3,42,30,0,2,0,0,0,1,1,0,0,0,0,0,3,2,0,0,0,0,0,2,2,3,2,7,2,1,0,7,1
29 - Ζακύνθου,19 E.T. Δήμου Ζακύνθου,459,256,3,3,6,250,90,3,70,2,102,56,26,17,6,2,9,4,0,1,25,10,5,2,3,1,1,0,0,1,1,0,0,0,1,0,1,0,0,0,0,0,0,1,0,7,1,1,0,4,0
29 - Ζακύνθου,20 E.T. Δήμου Ζακύνθου,435,256,1,1,2,254,74,7,44,4,114,76,13,20,5,3,9,2,0,2,28,10,5,7,1,0,0,0,0,0,0,0,1,1,6,1,3,0,0,1,0,3,1,1,0,8,1,0,0,3,1
29 - Ζακύνθου,21 E.T. Δήμου Ζακύνθου,392,226,2,1,3,223,42,5,29,3,126,69,19,32,6,1,15,3,2,5,10,2,3,0,4,1,0,0,0,2,0,0,0,0,7,0,5,0,0,0,0,1,1,1,1,4,2,1,0,4,3
29 - Ζακύνθου,22 E.T. Δήμου Ζακύνθου,471,263,2,0,2,261,71,6,49,2,123,84,17,18,7,2,6,0,2,0,30,10,5,4,3,0,1,0,0,2,0,0,1,0,8,1,5,0,0,0,0,0,0,0,0,3,1,0,0,7,5
29 - Ζακύνθου,23 E.T. Δήμου Ζακύνθου,345,213,2,3,5,208,51,4,21,6,102,49,15,37,4,2,11,3,1,1,22,1,14,3,3,3,0,0,0,1,0,1,1,0,5,1,3,0,0,0,0,0,0,0,0,5,2,1,1,2,0
29 - Ζακύνθου,24 E.T. Δήμου Ζακύνθου,332,176,1,0,1,175,47,3,26,3,68,33,5,27,6,4,14,4,1,5,27,0,17,4,0,0,0,0,0,2,0,0,1,0,4,4,0,1,0,0,0,2,0,0,0,2,1,1,0,0,0
29 - Ζακύνθου,25 E.T. Δήμου Ζακύνθου,347,209,2,3,5,204,63,7,43,3,97,26,23,48,1,1,15,0,2,7,11,1,1,2,1,0,0,0,0,0,0,0,1,0,2,1,1,1,1,0,0,1,1,0,0,7,2,0,0,4,1
29 - Ζακύνθου,26 E.T. Δήμου Ζακύνθου,447,274,7,4,11,263,79,8,61,5,136,51,48,31,5,2,13,2,0,8,5,1,2,0,2,0,0,0,0,0,0,0,0,0,8,0,4,0,0,0,0,0,0,0,0,13,3,1,0,1,0
29 - Ζακύνθου,27 E.T. Δήμου Ζακύνθου,516,263,3,3,6,257,89,6,54,5,78,40,11,20,2,1,18,6,1,4,37,16,3,4,3,1,1,0,0,2,0,0,0,0,1,0,1,0,0,0,0,1,0,4,2,15,1,1,0,6,1
29 - Ζακύνθου,28 E.T. Δήμου Ζακύνθου,560,303,1,4,5,298,84,5,45,5,135,70,21,35,8,4,19,4,1,6,20,3,4,4,0,0,0,1,0,2,0,2,1,0,7,3,1,1,1,1,0,1,1,1,0,10,5,1,1,6,1
29 - Ζακύνθου,29 E.T. Δήμου Ζακύνθου,191,116,1,1,2,114,37,6,23,0,29,13,3,12,6,4,5,2,1,2,15,4,4,2,0,0,0,0,0,0,0,0,1,1,7,2,5,0,0,0,0,0,0,9,0,0,3,0,0,5,4
29 - Ζακύνθου,30 E.T. Δήμου Ζακύνθου,559,318,1,2,3,315,82,4,50,5,124,66,10,41,6,3,25,6,6,5,64,3,22,13,2,1,0,1,0,0,0,0,0,0,0,0,0,0,0,0,0,0,0,0,0,10,4,0,0,1,1
29 - Ζακύνθου,31 E.T. Δήμου Ζακύνθου,319,201,5,1,6,195,69,5,45,9,58,41,5,12,2,0,25,3,5,10,31,3,13,3,2,1,1,0,0,0,0,0,0,0,3,0,1,0,0,0,0,0,0,0,0,2,2,0,0,3,1
29 - Ζακύνθου,32 E.T. Δήμου Ζακύνθου,477,226,3,4,7,219,82,1,49,10,64,39,18,6,1,0,15,4,1,2,40,3,25,5,2,1,0,0,0,0,0,0,0,0,5,0,4,0,0,0,0,0,0,0,0,7,4,1,0,2,0
29 - Ζακύνθου,33 E.T. Δήμου Ζακύνθου,308,168,1,4,5,163,39,1,20,11,79,42,17,17,6,2,7,1,1,3,18,2,5,5,1,0,0,0,0,0,0,0,0,0,3,2,0,1,1,0,0,0,0,0,0,5,2,2,1,2,1
29 - Ζακύνθου,34 E.T. Δήμου Ζακύνθου,85,36,2,0,2,34,16,1,5,4,6,5,0,1,0,0,0,0,0,0,10,0,0,6,0,0,0,0,0,0,0,0,0,0,0,0,0,0,0,0,0,0,0,0,0,1,0,0,0,1,0
29 - Ζακύνθου,35 E.T. Δήμου Ζακύνθου,307,178,1,0,1,177,49,3,34,1,78,57,4,13,5,3,5,0,1,2,24,0,9,2,0,0,0,0,0,2,0,0,0,0,1,0,1,0,0,0,0,4,2,2,1,3,0,0,0,4,0
29 - Ζακύνθου,36 E.T. Δήμου Ζακύνθου,324,194,3,2,5,189,63,3,37,7,63,30,8,20,3,0,5,1,1,1,38,0,22,2,4,0,1,0,0,1,0,0,0,0,0,0,0,1,1,0,0,4,0,0,0,3,0,1,0,3,0
29 - Ζακύνθου,37 E.T. Δήμου Ζακύνθου,518,271,5,3,8,263,90,8,44,14,88,41,7,40,5,1,36,11,7,6,18,0,9,2,1,0,0,0,0,1,0,0,0,0,2,1,0,0,0,0,0,1,1,0,0,18,1,2,0,1,0
29 - Ζακύνθου,38 E.T. Δήμου Ζακύνθου,477,284,0,1,1,283,93,8,48,14,100,68,7,17,9,4,10,0,0,7,48,5,25,6,2,1,0,0,0,1,1,0,0,0,5,4,1,2,0,1,0,1,1,0,0,11,4,0,0,0,0
29 - Ζακύνθου,39 E.T. Δήμου Ζακύνθου,115,40,1,0,1,39,11,0,10,1,18,11,1,5,1,0,2,0,0,1,4,0,0,2,1,0,0,0,0,0,0,0,0,0,1,0,0,0,0,0,0,1,0,0,0,0,0,0,0,0,0
29 - Ζακύνθου,40 E.T. Δήμου Ζακύνθου,306,150,0,1,1,149,45,5,20,9,78,47,15,15,1,0,2,1,1,0,11,2,5,2,1,0,0,0,0,0,0,0,0,0,6,3,2,0,0,0,0,1,1,0,0,1,0,1,1,2,0
29 - Ζακύνθου,41 E.T. Δήμου Ζακύνθου,333,129,2,0,2,127,29,1,19,4,60,44,5,9,1,0,3,2,0,0,16,4,6,3,0,0,0,1,0,1,0,0,0,0,2,0,0,0,0,0,0,0,0,1,1,10,7,1,0,2,1
29 - Ζακύνθου,42 E.T. Δήμου Ζακύνθου,301,159,1,1,2,157,46,1,25,6,68,42,5,17,2,1,11,5,1,0,12,0,7,2,1,0,1,0,0,0,0,0,0,0,4,1,2,1,0,1,0,5,1,1,0,3,1,1,0,1,0
29 - Ζακύνθου,43 E.T. Δήμου Ζακύνθου,480,193,7,0,7,186,60,6,37,6,77,53,8,14,3,2,14,4,3,3,20,3,11,2,1,0,0,0,0,1,0,1,0,0,1,0,0,1,0,1,0,0,0,0,0,6,2,1,0,0,0
29 - Ζακύνθου,44 E.T. Δήμου Ζακύνθου,486,267,1,4,5,262,67,5,41,5,115,60,15,33,11,4,10,5,2,2,28,1,18,2,4,1,1,0,0,2,0,0,1,1,7,3,2,0,0,0,0,1,0,6,5,7,1,0,0,3,1
29 - Ζακύνθου,45 E.T. Δήμου Ζακύνθου,244,140,0,2,2,138,52,5,28,11,49,28,7,13,2,1,6,2,0,2,22,1,14,2,2,1,0,0,0,0,0,0,0,0,1,0,1,1,1,0,0,0,0,2,1,1,1,0,0,0,0
29 - Ζακύνθου,46 E.T. Δήμου Ζακύνθου,498,256,4,2,6,250,79,9,51,4,68,36,6,23,1,1,16,1,1,9,58,4,2,37,1,1,0,0,0,1,1,0,0,0,3,0,1,1,1,1,1,3,1,0,0,16,9,1,0,1,0
29 - Ζακύνθου,47 E.T. Δήμου Ζακύνθου,423,236,3,2,5,231,46,4,31,1,96,39,10,41,5,3,7,0,1,5,52,6,6,31,1,0,0,0,0,0,0,0,0,0,6,4,1,0,0,0,0,0,0,0,0,14,9,0,0,4,2
29 - Ζακύνθου,48 E.T. Δήμου Ζακύνθου,326,146,0,3,3,143,29,4,12,2,74,22,6,40,4,3,6,1,0,3,23,1,3,8,0,0,0,0,0,0,0,0,0,0,1,0,1,1,0,0,0,0,0,0,0,4,1,0,0,1,0
29 - Ζακύνθου,49 E.T. Δήμου Ζακύνθου,297,154,1,2,3,151,44,4,20,2,72,22,4,32,4,2,2,0,0,1,11,0,1,2,1,1,0,0,0,0,0,0,1,1,2,1,0,0,0,0,0,0,0,0,0,9,0,2,0,3,0
29 - Ζακύνθου,50 E.T. Δήμου Ζακύνθου,301,129,0,0,0,129,69,12,27,8,35,21,2,7,4,1,4,0,0,3,7,0,0,1,0,0,0,0,0,0,0,0,0,0,2,1,1,1,0,0,0,0,0,1,0,3,3,0,0,3,1
29 - Ζακύνθου,51 E.T. Δήμου Ζακύνθου,273,136,2,0,2,134,21,2,10,2,92,37,1,52,3,2,3,0,0,2,6,1,1,2,2,0,0,0,0,0,0,0,0,0,1,1,0,0,0,0,0,0,0,0,0,4,0,1,0,1,0
29 - Ζακύνθου,52 E.T. Δήμου Ζακύνθου,483,247,4,4,8,239,78,11,41,5,94,48,7,35,12,5,9,2,0,0,12,1,2,2,1,0,0,0,0,0,0,0,0,0,19,1,15,1,0,4,3,1,1,0,0,5,3,2,1,1,0
29 - Ζακύνθου,53 E.T. Δήμου Ζακύνθου,335,161,1,4,5,156,54,6,27,3,65,33,16,14,1,0,10,0,0,3,8,1,0,1,0,0,0,1,0,0,0,0,0,0,3,1,1,0,0,7,3,2,1,0,0,4,0,0,0,1,0
29 - Ζακύνθου,54 E.T. Δήμου Ζακύνθου,517,276,1,2,3,273,100,12,63,8,99,35,28,30,2,0,17,4,1,4,26,3,4,10,3,1,1,0,0,1,0,1,1,1,4,1,1,0,0,0,0,0,0,1,0,9,5,4,2,6,2
29 - Ζακύνθου,55 E.T. Δήμου Ζακύνθου,563,300,4,4,8,292,105,16,62,7,113,42,28,38,5,0,22,11,0,6,13,1,4,6,1,0,0,0,0,0,0,0,1,0,13,5,4,1,0,0,0,2,1,1,0,12,2,0,0,3,1
29 - Ζακύνθου,56 E.T. Δήμου Ζακύνθου,565,263,3,6,9,254,95,9,58,5,90,34,24,29,1,0,19,4,4,4,16,2,3,5,3,0,0,0,0,0,0,0,3,1,9,2,3,0,0,0,0,1,0,0,0,14,4,2,2,1,0
29 - Ζακύνθου,57 E.T. Δήμου Ζακύνθου,522,267,2,0,2,265,105,11,76,5,110,47,25,33,7,1,10,4,0,5,16,4,1,4,0,0,0,0,0,0,0,0,3,2,0,0,0,0,0,0,0,1,1,1,0,9,5,3,3,0,0
29 - Ζακύνθου,58 E.T. Δήμου Ζακύνθου,518,278,3,6,9,269,85,11,50,4,129,61,24,34,8,5,6,3,1,2,12,2,2,4,1,0,1,0,0,0,0,0,1,1,6,2,3,0,0,0,0,1,1,2,2,10,2,2,1,6,1
29 - Ζακύνθου,59 E.T. Δήμου Ζακύνθου,513,260,6,1,7,253,105,7,72,7,96,47,14,28,7,2,7,2,3,1,20,1,5,12,1,1,0,0,0,0,0,0,1,0,3,0,0,0,0,0,0,5,3,0,0,6,0,1,0,1,0
29 - Ζακύνθου,60 E.T. Δήμου Ζακύνθου,523,280,3,1,4,276,99,13,68,6,108,39,24,40,5,4,17,6,0,5,18,2,2,11,1,0,0,0,0,1,0,0,0,0,8,2,2,0,0,0,0,2,1,1,1,12,4,2,0,2,1
29 - Ζακύνθου,61 E.T. Δήμου Ζακύνθου,521,288,7,0,7,281,86,3,58,8,127,66,24,33,8,2,10,3,2,4,18,2,5,5,4,0,0,0,0,0,0,0,1,1,4,1,2,0,0,0,0,3,3,0,0,14,1,1,1,5,0
29 - Ζακύνθου,62 E.T. Δήμου Ζακύνθου,511,268,0,3,3,265,94,10,68,6,100,41,34,16,4,3,15,4,1,4,17,1,2,8,3,0,1,0,0,2,0,1,3,3,6,0,4,0,0,0,0,1,0,1,1,9,3,3,2,7,2
29 - Ζακύνθου,63 E.T. Δήμου Ζακύνθου,522,276,6,4,10,266,91,12,51,8,102,34,32,31,5,2,14,7,1,2,16,1,2,10,3,1,0,0,0,3,0,2,1,1,8,2,6,0,0,1,0,2,0,0,0,15,2,0,0,5,0
29 - Ζακύνθου,64 E.T. Δήμου Ζακύνθου,527,293,2,4,6,287,101,6,66,8,108,36,19,46,8,4,18,3,4,5,24,2,4,13,3,0,0,0,0,3,0,0,3,1,5,3,1,0,0,0,0,4,0,1,1,7,4,0,0,2,1
29 - Ζακύνθου,65 E.T. Δήμου Ζακύνθου,548,238,2,0,2,236,68,6,42,5,114,54,31,19,4,1,10,1,1,4,15,2,0,9,2,0,0,0,0,3,0,0,0,0,3,0,0,1,0,0,0,1,0,1,0,4,1,1,1,9,1
29 - Ζακύνθου,66 E.T. Δήμου Ζακύνθου,518,267,2,3,5,262,95,1,67,9,108,54,21,28,9,6,15,3,4,4,13,1,1,5,2,0,2,0,0,0,0,0,0,0,5,1,0,0,0,0,0,1,1,2,2,9,7,1,0,2,1
29 - Ζακύνθου,67 E.T. Δήμου Ζακύνθου,561,259,1,2,3,256,103,10,70,12,104,37,22,39,5,1,12,5,3,2,15,3,3,8,1,0,0,0,0,0,0,0,0,0,4,2,1,0,0,0,0,1,0,0,0,5,2,1,1,5,3
29 - Ζακύνθου,68 E.T. Δήμου Ζακύνθου,535,248,5,3,8,240,90,11,60,4,88,38,23,24,5,3,12,3,4,2,21,3,5,11,3,2,0,0,0,0,0,0,0,0,2,0,1,0,0,0,0,0,0,3,0,7,2,2,0,7,2
29 - Ζακύνθου,69 E.T. Δήμου Ζακύνθου,545,268,7,2,9,259,86,8,44,11,102,45,27,24,8,2,13,6,1,6,15,4,0,9,3,1,0,0,0,1,0,0,0,0,10,3,4,0,0,1,1,1,0,1,1,13,3,1,0,4,1
29 - Ζακύνθου,70 E.T. Δήμου Ζακύνθου,517,257,2,1,3,254,81,5,46,7,91,43,18,26,2,0,17,3,1,9,23,1,5,7,3,0,0,0,0,3,2,0,0,0,11,1,3,0,0,0,0,0,0,4,2,16,4,2,1,1,0
29 - Ζακύνθου,71 E.T. Δήμου Ζακύνθου,558,269,0,3,3,266,91,10,57,7,115,46,21,40,3,3,12,2,2,3,16,3,4,4,0,0,0,2,2,1,1,0,2,2,9,3,4,2,2,2,1,0,0,2,1,7,1,0,0,2,2
29 - Ζακύνθου,72 E.T. Δήμου Ζακύνθου,524,249,4,3,7,242,77,2,49,7,120,59,30,27,1,0,3,1,0,1,11,0,4,2,2,0,1,1,0,1,0,1,1,1,9,1,3,0,0,1,0,3,1,1,1,9,2,0,0,2,1
29 - Ζακύνθου,73 E.T. Δήμου Ζακύνθου,530,264,1,4,5,259,111,7,72,6,87,35,14,30,4,0,7,0,0,2,25,2,2,12,1,0,0,1,0,2,0,0,1,1,3,0,1,0,0,1,1,1,0,1,1,10,4,0,0,4,3
29 - Ζακύνθου,74 E.T. Δήμου Ζακύνθου,469,292,2,1,3,289,75,5,49,11,158,126,5,21,2,1,7,2,2,3,20,2,2,10,3,2,0,0,0,0,0,0,6,6,8,2,4,0,0,1,1,0,0,3,0,4,3,0,0,2,1
29 - Ζακύνθου,75 E.T. Δήμου Ζακύνθου,379,253,1,2,3,250,68,3,45,7,128,93,11,16,2,0,4,2,1,0,26,0,2,18,1,0,1,0,0,2,0,0,3,3,5,2,3,1,1,2,0,0,0,0,0,6,5,0,0,2,1
29 - Ζακύνθου,76 E.T. Δήμου Ζακύνθου,409,218,0,4,4,214,55,4,35,7,122,86,8,25,4,3,6,4,0,1,12,8,0,0,1,0,0,0,0,0,0,0,0,0,7,2,3,0,0,0,0,0,0,0,0,6,2,0,0,1,0
29 - Ζακύνθου,77 E.T. Δήμου Ζακύνθου,437,270,0,1,1,269,62,4,42,1,147,66,16,58,7,0,13,4,2,5,8,0,1,7,1,0,0,0,0,0,0,0,2,2,12,1,7,0,0,0,0,1,0,1,0,4,1,5,0,6,1
29 - Ζακύνθου,78 E.T. Δήμου Ζακύνθου,435,282,5,3,8,274,80,6,43,11,143,71,11,59,7,4,10,1,2,3,7,0,0,4,1,0,0,0,0,2,1,0,1,1,5,2,1,1,1,0,0,3,2,1,0,11,3,0,0,2,0
29 - Ζακύνθου,79 E.T. Δήμου Ζακύνθου,341,206,0,4,4,202,51,9,23,3,104,67,11,21,9,6,15,2,2,8,2,0,0,1,0,0,0,0,0,1,1,0,0,0,4,0,2,0,0,0,0,1,0,0,0,10,2,0,0,5,3
29 - Ζακύνθου,80 E.T. Δήμου Ζακύνθου,434,297,6,0,6,291,88,6,61,0,130,74,23,28,11,7,24,1,4,16,10,0,3,1,3,0,0,0,0,0,0,0,0,0,6,1,3,1,0,0,0,6,4,0,0,5,2,2,0,5,1
29 - Ζακύνθου,81 E.T. Δήμου Ζακύνθου,502,292,8,2,10,282,86,14,53,4,129,61,13,46,7,3,14,5,1,7,25,5,1,18,3,0,1,0,0,0,0,0,0,0,7,1,3,0,0,0,0,1,0,0,0,9,4,0,0,1,1
29 - Ζακύνθου,82 E.T. Δήμου Ζακύνθου,474,258,8,1,9,249,71,2,52,4,123,70,11,37,6,1,14,9,0,1,21,1,2,0,0,0,0,0,0,1,0,1,1,0,3,1,1,0,0,0,0,1,1,0,0,7,4,1,1,0,0
29 - Ζακύνθου,83 E.T. Δήμου Ζακύνθου,307,180,4,4,8,172,52,5,34,0,75,38,22,10,5,1,11,3,2,4,13,0,1,6,0,0,0,0,0,2,2,0,0,0,4,1,0,0,0,0,0,0,0,0,0,5,1,2,0,3,3
29 - Ζακύνθου,84 E.T. Δήμου Ζακύνθου,398,237,1,1,2,235,89,11,50,8,94,52,21,16,4,1,7,1,1,2,13,1,4,3,1,0,0,0,0,0,0,0,1,1,3,0,3,0,0,4,1,0,0,0,0,6,4,6,1,7,2
29 - Ζακύνθου,85 E.T. Δήμου Ζακύνθου,366,193,2,2,4,189,62,3,26,24,81,18,8,49,1,0,20,5,1,9,13,2,2,2,1,0,1,0,0,0,0,0,1,1,4,0,3,0,0,0,0,0,0,1,0,5,0,0,0,0,0
29 - Ζακύνθου,86 E.T. Δήμου Ζακύνθου,414,215,3,1,4,211,77,3,54,8,91,23,12,52,6,4,16,8,2,3,3,0,1,2,4,2,1,0,0,0,0,0,0,0,3,1,2,0,0,0,0,0,0,1,1,5,2,2,0,3,0
29 - Ζακύνθου,87 E.T. Δήμου Ζακύνθου,365,205,6,1,7,198,62,4,32,15,97,39,12,37,1,0,11,0,0,5,11,0,7,2,1,1,0,0,0,0,0,0,0,0,0,0,0,0,0,0,0,0,0,0,0,6,4,3,2,6,2
29 - Ζακύνθου,88 E.T. Δήμου Ζακύνθου,412,217,4,1,5,212,59,5,36,11,116,17,15,80,2,2,7,5,1,1,8,0,4,3,1,0,0,0,0,0,0,0,1,1,8,3,2,0,0,0,0,2,2,2,2,5,3,1,0,0,0
29 - Ζακύνθου,89 E.T. Δήμου Ζακύνθου,483,296,2,1,3,293,76,11,32,6,116,75,3,36,12,3,26,17,0,1,24,4,8,8,5,3,0,0,0,1,1,0,1,1,4,2,2,0,0,0,0,6,5,1,0,17,4,1,0,3,1
29 - Ζακύνθου,90 E.T. Δήμου Ζακύνθου,408,236,4,1,5,231,63,5,37,8,124,59,15,43,3,1,8,2,1,3,9,0,4,2,0,0,0,0,0,0,0,0,0,0,14,3,6,0,0,0,0,0,0,1,1,6,1,0,0,3,2
29 - Ζακύνθου,91 E.T. Δήμου Ζακύνθου,397,221,4,0,4,217,83,9,43,6,84,47,6,29,9,3,10,2,4,2,6,0,3,3,2,0,1,0,0,0,0,0,1,0,6,2,0,0,0,1,0,0,0,2,2,8,1,2,0,3,1
29 - Ζακύνθου,92 E.T. Δήμου Ζακύνθου,415,231,3,5,8,223,56,2,36,3,109,52,10,43,12,4,18,7,2,6,11,1,5,1,1,0,0,0,0,0,0,0,1,0,6,4,2,1,0,0,0,0,0,0,0,7,2,0,0,1,0
29 - Ζακύνθου,93 E.T. Δήμου Ζακύνθου,377,241,1,1,2,239,82,12,41,12,108,52,10,40,8,3,20,2,4,6,9,1,3,2,0,0,0,1,0,2,0,1,0,0,4,0,3,0,0,1,0,0,0,0,0,2,0,1,1,1,0
29 - Ζακύνθου,94 E.T. Δήμου Ζακύνθου,415,206,1,5,6,200,57,1,34,9,83,38,8,34,7,2,8,1,3,0,19,0,12,2,0,0,0,0,0,0,0,0,0,0,8,0,1,0,0,1,0,2,2,0,0,11,3,1,1,3,2
29 - Ζακύνθου,95 E.T. Δήμου Ζακύνθου,350,165,3,1,4,161,36,3,18,5,68,20,9,37,12,7,17,3,7,0,15,1,8,2,0,0,0,0,0,0,0,0,0,0,7,2,3,0,0,0,0,1,0,0,0,2,0,1,0,2,2
29 - Ζακύνθου,96 E.T. Δήμου Ζακύνθου,371,204,3,0,3,201,70,7,44,11,82,36,4,39,4,1,10,0,1,2,25,2,15,5,1,0,1,0,0,1,1,0,0,0,0,0,0,0,0,0,0,0,0,0,0,4,2,1,0,3,0
29 - Ζακύνθου,97 E.T. Δήμου Ζακύνθου,488,247,13,0,13,234,106,9,65,22,78,30,8,40,5,3,3,0,2,0,21,1,12,2,1,0,1,0,0,1,0,0,0,0,7,1,1,1,1,0,0,1,1,0,0,10,6,0,0,0,0
29 - Ζακύνθου,98 E.T. Δήμου Ζακύνθου,477,239,5,0,5,234,92,7,47,10,71,29,14,26,2,1,15,5,1,5,17,0,8,5,2,1,0,1,0,0,0,0,7,5,6,3,3,0,0,0,0,2,0,1,1,13,4,1,0,4,1
29 - Ζακύνθου,99 E.T. Δήμου Ζακύνθου,480,247,1,0,1,246,85,8,54,9,93,49,7,33,8,5,12,1,2,5,26,5,12,8,3,0,0,0,0,2,1,0,0,0,6,2,2,0,0,0,0,0,0,0,0,5,2,3,1,3,2
29 - Ζακύνθου,Ετερ. Ζακύνθου (από 44ο Ε.Τ. Νομ. Αττικής-Αθηνών),621,370,1,2,3,367,100,11,50,4,151,54,22,55,7,2,18,0,0,11,35,7,7,10,4,1,1,1,0,5,2,0,0,0,8,3,1,0,0,0,0,3,1,1,0,22,9,5,2,7,3
Σύνολο,,41946,22430,259,180,439,21991,6914,598,4128,649,9217,4590,1345,2823,518,213,1182,293,154,365,1989,394,491,502,147,36,22,19,5,68,16,11,95,66,484,129,186,37,14,36,13,117,49,83,39,718,250,101,32,266,83
